id,code,name
115540,D46.700x002,难治性中性粒细胞减少症
115541,D46.700x003,难治性血小板减少症
115542,D46.700x006,不能分型的骨髓异常增生综合征
115543,D46.700x007,儿童骨髓异常增生综合征
115544,D46.700x008,儿童难治性血细胞减少
115545,D46.900,骨髓增生异常综合征
115546,D46.900x002,骨髓增生异常性贫血
115547,D46.900x004,骨髓发育不良综合征
115548,D46.900x006,治疗相关性AML和MDS
115549,D46.901,白血病前期综合征
115550,D47.000,动态未定和动态未知的组织细胞和肥大细胞瘤
115551,D47.001,懒性系统性肥大细胞增多症
115552,D47.002,肥大细胞肿瘤，未特指
115553,D47.003,肥大细胞瘤，未特指
115554,D47.004,非肥大细胞系的造血系统增生疾病
115555,D47.100,慢性骨髓增生性疾病
115556,D47.100x004,慢性骨髓增殖性肿瘤
115557,D47.100x007,慢性骨髓增殖性疾病（不能分型）
115558,D47.100x008,骨髓增生异常性/骨髓增殖性肿瘤（不能分型）
115559,D47.100x009,唐氏综合征相关的骨髓增殖性疾病
115560,D47.100x017,慢性骨髓增殖性疾病伴缓解（不能分型）
115561,D47.100x018,骨髓增生异常性/骨髓增殖性肿瘤伴缓解（不能分型）
115563,D47.101,慢性中性粒细胞白血病
115564,D47.200,意义未明的单克隆丙种球蛋白病
115565,D47.200x003,单克隆免疫球蛋白沉积病
115566,D47.200x004+G63.1*,副蛋白血症相关神经病
115569,D47.400,骨髓纤维瘤
115570,D47.401,慢性原发性（特发性）骨髓纤维化
116332,D83.000,常见变异型免疫缺陷伴有显著的B细胞数量和功能异常
116334,D83.200,常见变异型免疫缺陷伴有对B或T细胞的自身抗体
116335,D83.800,常见变异型免疫缺陷，其他的
126349,K92.208,上消化道出血
126350,K92.209,下消化道出血
126351,K92.210,消化道出血
126352,K92.800,消化系统其他特指的疾病
126353,K92.800x001,食管癌伴出血
126355,K92.800x003,残胃溃疡癌变伴出血
126356,K92.800x004,小肠淋巴瘤伴出血
126357,K92.800x005,结肠癌伴出血
126358,K92.800x006,肝癌伴出血
126360,K92.800x009,胆囊癌伴出血
126361,K92.800x010,胆管癌伴出血
125423,K55.100,肠慢性血管疾患
125424,K55.100x001,肠道慢性缺血性综合征
126222,K86.901,胰腺肿物
126223,K90.000,乳糜泻(腹腔病)
126224,K90.000x001,非热带性口炎性腹泻
126225,K90.001,谷胶肠病
126226,K90.002,特发性脂肪痢
126228,K90.100x001,热带性口炎性腹泻
126229,K90.100x002,口炎性腹泻
126230,K90.100x003,热带性脂肪痢
126231,K90.200,盲袢综合征
126232,K90.200x001,非手术性盲袢综合征
126233,K90.300,胰性脂肪痢
126234,K90.300x001,胰源性腹泻
126235,K90.400,不耐受引起的吸收不良
126236,K90.400x003,肠原性脂肪代谢障碍
126000,K80.300x002,胆管结石伴胆管炎
126001,K80.300x005,胆总管结石伴急性化脓性梗阻性胆管炎
126002,K80.301,胆总管结石伴急性化脓性胆管炎
126003,K80.302,胆总管结石伴胆管炎
126004,K80.303,肝胆管结石伴胆管炎
126005,K80.304,胆总管结石伴急性胆管炎
126006,K80.305,肝内胆管结石伴胆管炎
126007,K80.306,肝外胆管结石伴胆管炎
126008,K80.400,胆管结石伴有胆囊炎
126009,K80.400x004,肝内胆管结石伴慢性胆囊炎
126010,K80.401,胆管结石伴急性胆囊炎
126011,K80.402,胆总管结石伴急性胆囊炎
125078,K28.401,空肠溃疡伴出血
125079,K28.500,慢性胃空肠溃疡伴有穿孔
125080,K28.500x001,吻合口溃疡伴穿孔
125081,K28.600,慢性胃空肠溃疡伴有出血和穿孔
125082,K28.600x001,空肠溃疡伴出血和穿孔
125084,K28.900,急性或慢性胃空肠溃疡不伴有出血或穿孔
125085,K28.900x001,吻合口溃疡
125086,K28.900x002,吻合口溃疡伴梗阻
125087,K28.901,空肠溃疡
125088,K29.000,急性出血性胃炎
125090,K29.100,急性胃炎，其他的
125091,K29.100x001,急性胃炎
125092,K29.101,急性糜烂性胃炎
125093,K29.200,酒精性胃炎
125094,K29.300,慢性浅表性胃炎
125096,K29.500,慢性胃炎
125097,K29.501,慢性胃窦炎
125098,K29.600,胃炎，其他的
125099,K29.600x006,反流性胃炎
125100,K29.600x007,应激性胃炎
125103,K29.603,糜烂性胃炎
125104,K29.604,梅内特里耶病
125105,K29.605,肉芽肿性胃炎
125107,K29.608,药物性胃炎
125108,K29.700,胃炎
125109,K29.700x002,胃炎性假瘤
125110,K29.701,残胃炎
125111,K29.800,十二指肠炎
115375,D40.700x002,精囊交界性肿瘤
115376,D40.700x003,阴茎纤维瘤病
115377,D40.701,阴茎动态未定肿瘤
115378,D40.702,阴茎肿瘤
115379,D40.703,男性生殖器官皮肤动态未定肿瘤
115380,D40.704,男性生殖器官皮肤肿瘤
115381,D40.900,男性生殖器官的动态未定或动态未知的肿瘤
115382,D40.900x001,男性生殖器官交界性肿瘤
115383,D40.901,男性生殖器官肿瘤
115384,D41.000,肾动态未定或动态未知的肿瘤
115385,D41.000x001,肾交界性肿瘤
115386,D41.001,肾肿瘤
115387,D41.100,肾盂动态未定或动态未知的肿瘤
115388,D41.100x001,肾盂交界性肿瘤
115389,D41.101,肾盂肿瘤
115390,D41.200,输尿管动态未定或动态未知的肿瘤
115391,D41.200x001,输尿管交界性肿瘤
115392,D41.201,输尿管肿瘤
115393,D41.300,尿道动态未定或动态未知的肿瘤
115394,D41.300x001,尿道交界性肿瘤
115395,D41.301,尿道肿瘤
115396,D41.400,膀胱动态未定或动态未知的肿瘤
115397,D41.400x001,膀胱交界性肿瘤
115398,D41.400x004,膀胱息肉
115399,D41.401,膀胱肿瘤
115400,D41.700,泌尿器官动态未定或动态未知的肿瘤，其他的
115401,D41.900,泌尿器官的动态未定或动态未知的肿瘤
115402,D41.900x001,泌尿生殖系统交界性肿瘤
115403,D41.901,泌尿系统肿瘤
115405,D42.000x001,脑膜交界性肿瘤
115406,D42.000x002,硬脑膜下交界性肿瘤
115407,D42.001,脑膜肿瘤
115408,D42.002,硬脑膜下动态未定肿瘤
115409,D42.003,硬脑膜下肿瘤
115411,D42.100x001,脊膜交界性肿瘤
115412,D42.100x002,硬脊膜下交界性肿瘤
115413,D42.101,脊膜肿瘤
115414,D42.900,脑脊膜的动态未定或动态未知的肿瘤
115415,D42.900x001,脑脊膜交界性肿瘤
115416,D42.900x002,硬膜下交界性肿瘤
115418,D43.000,脑幕上动态未定或动态未知的肿瘤
115419,D43.000x001,枕叶交界性肿瘤
115421,D43.000x003,额叶交界性肿瘤
115422,D43.000x004,顶叶交界性肿瘤
115423,D43.000x005,颞叶交界性肿瘤
116177,D70.x00x011,TAFRO综合征
116178,D70.x01,急性粒细胞缺乏症
116181,D70.x04,白细胞减少
116182,D70.x05,中性粒细胞减少症
116183,D70.x06,中性粒细胞减少性脾肿大
125426,K55.100x006,慢性缺血性结肠炎
125427,K55.100x008,慢性缺血性结肠小肠炎
125428,K55.101,肠系膜动脉狭窄
125429,K55.102,肠系膜上动脉狭窄
125430,K55.103,肠系膜动脉硬化
125431,K55.104,肠系膜动脉供血不足
125432,K55.105,肠系膜上动脉压迫综合征
125433,K55.106,慢性缺血性小肠炎
125434,K55.200,结肠血管发育不良
125435,K55.200x013,肠血管增生
125436,K55.201,结肠血管扩张症
125437,K55.202,肠血管发育不良
125438,K55.300,小肠血管发育不良
125439,K55.300x001,小肠毛细血管扩张
125440,K55.800,肠血管疾患，其他的
125441,K55.800x003,十二指肠动脉破裂
125442,K55.800x004,十二指肠动脉压迫综合征
125443,K55.801,肠系膜动脉炎
125444,K55.900,肠血管疾患
125445,K55.900x004,缺血性肠病伴出血
125446,K55.901,缺血性小肠炎
125447,K55.902,缺血性肠病
125448,K56.000,麻痹性肠梗阻
125449,K56.001,神经源性肠梗阻
125450,K56.100,肠套叠
125452,K56.102,直肠套叠
125453,K56.200,肠扭转
125454,K56.200x003,肠系膜扭转
125455,K56.200x011,空肠扭转
125456,K56.201,绞窄性肠梗阻
125457,K56.202,肠绞窄
125458,K56.203,结肠扭转
125459,K56.300,胆石性肠梗阻
125460,K56.400,肠的其他嵌塞
125461,K56.400x001,粪便嵌塞
125463,K56.401,肠结石
125464,K56.500,肠粘连(带)伴有梗阻
125465,K56.500x003,粘连性肠梗阻
125466,K56.501,腹膜粘连伴肠梗阻
125468,K56.600,肠梗阻，其他和未特指的
125469,K56.600x001,肠绞窄坏死
125470,K56.600x005,痉挛性肠梗阻
125471,K56.600x008,结肠梗阻
125473,K56.602,乙状结肠狭窄
125474,K56.603,肠梗阻伴坏死
125475,K56.604,机械性肠梗阻
125478,K56.701,不完全性肠梗阻
125479,K57.000,小肠憩室病伴有穿孔和脓肿
114526,D17.500x001,肠系膜脂肪瘤
114527,D17.500x003,肠脂肪瘤
114529,D17.500x005,盆腔脂肪瘤
114530,D17.500x007,回盲部脂肪瘤
114531,D17.500x008,胃脂肪瘤
114532,D17.500x009,十二指肠球部脂肪瘤
114534,D17.500x011,腹壁脂肪瘤
114535,D17.600,精索良性脂肪瘤样肿瘤
115609,D48.017,骶骨肿瘤
115610,D48.018,上肢骨动态未定肿瘤
115611,D48.019,上肢骨肿瘤
115612,D48.020,下肢骨动态未定肿瘤
115613,D48.021,下肢骨肿瘤
115614,D48.022,关节动态未定肿瘤
115615,D48.023,关节肿瘤
115616,D48.100,结缔组织和其他软组织动态未定或动态未知的肿瘤
115617,D48.100x003,骶前结缔组织交界性肿瘤
115618,D48.100x006,滑膜交界性肿瘤
115619,D48.100x007,结缔组织交界性肿瘤
115620,D48.100x008,颈静脉交界性肿瘤
115621,D48.100x009,软组织交界性肿瘤
116380,D89.200,高丙球蛋白血症
116381,D89.300,免疫重建综合征
116382,D89.301,免疫重建炎性综合症
116383,D89.800,涉及免疫机制其他特指的疾患，不可归类在他处者
116384,D89.800x002,γ-球蛋白增高
116385,D89.800x003,克罗-深濑综合征
116386,D89.801,POEMS综合征
116387,D89.900,涉及免疫机制的疾患
116388,E00.000,先天性碘缺乏综合征，神经病型
116389,E00.000x002,神经病型地方性呆小病
116390,E00.100,先天性碘缺乏综合征，黏液水肿型
116391,E00.100x002,粘液水肿型地方性呆小病
116392,E00.100x003,甲状腺功能减退型地方性呆小病
116393,E00.200,先天性碘缺乏综合征，混合型
116394,E00.200x002,混合型地方性呆小病
116395,E00.900,先天性碘缺乏综合征
116396,E00.900x002,先天性碘缺乏性甲状腺功能减退症
116397,E00.900x004,地方性克汀病
116398,E00.900x005,散发性克汀病
116400,E01.000,碘缺乏相关性弥漫性（地方性）甲状腺肿
116402,E01.000x003,碘缺乏相关性弥漫性胸骨后甲状腺肿
116404,E01.100x002,碘缺乏相关性多结节性胸骨后甲状腺肿
116405,E01.100x003,碘缺乏相关性结节性甲状腺肿
116407,E01.200x001,幼年期缺碘性甲状腺肿
116408,E01.201,地方性甲状腺肿
116409,E01.800,碘缺乏相关性甲状腺疾患和有关情况，其他的
116410,E01.800x002,后天性碘缺乏性甲状腺功能减退症
116412,E01.802+F02.8*,后天性甲状腺机能减退性痴呆
116413,E02.x00,临床症状不明显［亚临床］的碘缺乏性甲状腺功能减退症
116415,E03.000x002,先天性非毒性甲状腺肿
116416,E03.000x004,先天性实质的甲状腺肿
116417,E03.001,先天性甲状腺肿
114536,D17.600x001,精索脂肪瘤
114537,D17.700,良性脂肪瘤样肿瘤，其他部位的
114538,D17.700x001,鞍区脂肪瘤
114539,D17.700x003,喉脂肪瘤
114540,D17.700x004,脊髓圆锥脂肪瘤
114541,D17.700x005,结膜脂肪瘤
114542,D17.700x006,梨状窝脂肪瘤
114543,D17.700x007,颅骨脂肪瘤
114544,D17.700x008,神经系统脂肪瘤
114545,D17.700x009,颅内脂肪瘤
114546,D17.700x010,硬膜内脂肪瘤
114547,D17.700x011,硬膜外脂肪瘤
114548,D17.700x012,脑桥脂肪瘤
114549,D17.700x013,小脑角脂肪瘤
114550,D17.700x015,肝脂肪瘤
114551,D17.700x016,肾脂肪瘤
114552,D17.700x017,贲门脂肪瘤
114553,D17.700x019,气管脂肪瘤
114554,D17.700x020,腮腺脂肪瘤
114555,D17.700x021,舌脂肪瘤
114556,D17.700x022,食管脂肪瘤
114557,D17.700x023,支气管脂肪瘤
114558,D17.700x024,子宫体脂肪瘤
114559,D17.700x025,脊髓脂肪瘤
114560,D17.700x026,椎管内脂肪瘤
114561,D17.700x027,肛旁脂肪瘤
114562,D17.700x028,骨脂肪瘤
114563,D17.700x029,肾上腺脂肪瘤
114564,D17.700x030,蛛网膜下腔脂肪瘤
114565,D17.700x031,骨髓脂肪瘤
114566,D17.700x032,下颌下腺脂肪瘤
114567,D17.700x033,阴茎脂肪瘤
114568,D17.700x034,阴囊脂肪瘤
114570,D17.702,腹膜后脂肪瘤
114571,D17.900,良性脂肪瘤样肿瘤
114572,D17.900x001,多发性脂肪瘤
115321,D38.504,鼻旁窦肿瘤
115322,D38.505,鼻软骨动态未定肿瘤
115323,D38.506,鼻软骨肿瘤
115324,D38.507,中耳动态未定肿瘤
115325,D38.508,中耳肿瘤
115327,D38.600,呼吸器官的动态未定或动态未知的肿瘤
115328,D38.600x001,呼吸系统交界性肿瘤
115329,D38.601,呼吸器官肿瘤
115331,D39.000x001,子宫交界性肿瘤
115332,D39.000x002,子宫内膜交界性肿瘤
115333,D39.001,子宫肿瘤
115334,D39.002,子宫体动态未定肿瘤
115335,D39.003,子宫体肿瘤
115336,D39.004,子宫颈动态未定肿瘤
115338,D39.100,卵巢动态未定或动态未知的肿瘤
114816,D23.100x001,眼睑良性肿瘤
114817,D23.100x002,内眦良性肿瘤
114819,D23.101,眦皮肤良性肿瘤
116418,E03.100,先天性甲状腺功能减退症不伴有甲状腺肿
116419,E03.100x001,先天性甲状腺萎缩
116420,E03.100x002,甲状腺发育不全伴粘液性水肿
116421,E03.100x004,先天性甲状腺功能不全
116422,E03.101,甲状腺发育不良
125783,K66.900,腹膜的疾患
125784,K66.901,腹膜后肿物
125785,K70.000,酒精性脂肪肝
125786,K70.001,齐夫综合征
125787,K70.100,酒精性肝炎
125788,K70.200,酒精性肝纤维化和肝硬化
125789,K70.201,酒精性肝纤维化
125790,K70.300,酒精性肝硬化
125791,K70.301+I98.2*,酒精性肝硬化伴食管静脉曲张
125792,K70.302+I98.3*,酒精性肝硬化伴食管静脉曲张破裂出血
125793,K70.303+I98.2*,酒精性肝硬化伴胃底静脉曲张
125794,K70.304+I98.2*,酒精性肝硬化伴食管胃底静脉曲张
125795,K70.305+I98.3*,酒精性肝硬化伴胃底静脉曲张破裂出血
125796,K70.306+I98.3*,酒精性肝硬化伴食管胃底静脉曲张破裂出血
125797,K70.400,酒精性肝衰竭
125799,K70.401,急性酒精性肝衰竭
125800,K70.402,慢性酒精性肝衰竭
125801,K70.403,酒精性肝衰竭伴肝昏迷
125802,K70.900,酒精性肝病
125803,K70.901,酒精性肝损害
125804,K71.000,中毒性肝病伴有胆汁淤积
125805,K71.000x002,中毒性肝病伴胆汁淤积
125806,K71.001,药物性肝炎伴胆汁淤积
125808,K71.100,中毒性肝病伴有肝坏死
125809,K71.100x003,药物性慢性肝衰竭
125810,K71.100x005,中毒性肝病伴肝衰竭（慢性轻度）
125812,K71.100x007,中毒性肝病伴肝衰竭（慢性重度）
125813,K71.100x008,中毒性肝病伴肝衰竭（慢性重型）
125814,K71.101,药物性肝炎伴肝衰竭
125815,K71.102,急性药物性肝衰竭
125816,K71.103,中毒性肝衰竭
125817,K71.104,亚急性药物性肝衰竭
125819,K71.200x001,中毒性肝病伴急性肝炎
125820,K71.300,中毒性肝病伴有慢性迁延性肝炎
125821,K71.300x001,中毒性肝病伴慢性迁延性肝炎
125823,K71.400x001,中毒性肝病伴慢性小叶性肝炎
125824,K71.500,中毒性肝病伴有慢性活动性肝炎
125825,K71.500x001,中毒性肝病伴慢性活动性肝炎
125827,K71.600,中毒性肝病伴有肝炎
125828,K71.600x002,中毒性肝炎
125829,K71.601,药物性肝炎
125830,K71.700,中毒性肝病伴有肝纤维化和肝硬化
114820,D23.200,耳和外耳道皮肤良性肿瘤
114821,D23.200x002,耳廓良性肿瘤
114822,D23.200x003,耳皮肤良性肿瘤
114823,D23.200x008,耳后皮肤良性肿瘤
114824,D23.201,外耳道良性肿瘤
114825,D23.300,面部其他和未特指部位皮肤的良性肿瘤
114826,D23.300x003,鼻唇沟良性肿瘤
114827,D23.300x004,颊部皮肤良性肿瘤
114828,D23.301,面部皮肤良性肿瘤
114829,D23.302,眉部良性肿瘤
114830,D23.303,鼻部皮肤良性肿瘤
114831,D23.400,头皮和颈部皮肤良性肿瘤
114832,D23.400x003,头皮良性肿瘤
114833,D23.401,颈部皮肤良性肿瘤
114834,D23.500,躯干皮肤良性肿瘤
114835,D23.500x003,肛门皮肤良性肿瘤
114836,D23.500x006,胸部皮肤良性肿瘤
114837,D23.500x010,会阴皮肤良性肿瘤
114838,D23.501,背部皮肤良性肿瘤
115572,D47.403,（巨核细胞性）骨髓硬化伴有髓样化生的
115573,D47.404,继发性骨髓纤维化骨髓增殖性疾病
115574,D47.500,慢性嗜酸性粒细胞白血病
115575,D47.700,淋巴、造血和有关组织其他特指的动态未定或动态未知的肿瘤
115576,D47.700x005,B淋巴细胞克隆性疾病
115577,D47.700x006,原发性系统性淀粉样变性
115578,D47.700x007,Castleman病
115579,D47.700x008,儿童Castleman病
115580,D47.700x009,局限性Castleman病
115582,D47.700x011,血管滤泡性淋巴细胞增生病
115583,D47.701,血管中心性免疫增生性损害
115584,D47.702,血管免疫母细胞淋巴结病
115585,D47.703,T-γ淋巴组织增生性疾病
115587,D47.900x001,淋巴细胞增殖性疾病
115588,D47.900x002,移植后淋巴增殖性疾病
115589,D48.000,骨和关节软骨动态未定或动态未知的肿瘤
115590,D48.000x001,骨交界性肿瘤
115591,D48.000x004,上颌骨交界性肿瘤
115593,D48.001,骨肿瘤
115594,D48.002,颅骨动态未定肿瘤
115595,D48.003,颅骨肿瘤
115596,D48.004,面骨动态未定肿瘤
115597,D48.005,面骨肿瘤
115598,D48.006,锁骨动态未定肿瘤
115600,D48.008,胸骨动态未定肿瘤
115601,D48.009,胸骨肿瘤
115602,D48.010,肋骨动态未定肿瘤
115603,D48.011,肋骨肿瘤
115605,D48.013,脊柱肿瘤
115606,D48.014,盆骨动态未定肿瘤
115607,D48.015,盆骨肿瘤
116775,E11.400x021+G63.2*,2型糖尿病性多发性神经病
116776,E11.400x022+G63.2*,2型糖尿病性胰岛素相关性神经炎
116777,E11.400x024+G63.2*,2型糖尿病性远端对称性周围神经病
116778,E11.400x025+G63.2*,2型糖尿病性小神经纤维周围神经病
116779,E11.400x026+G63.2*,2型糖尿病性感觉运动性周围神经病
116780,E11.400x110+G59.0*,2型糖尿病性单神经病
116781,E11.400x111+G59.0*,2型糖尿病性胸神经根病
125831,K71.701,药物性肝硬化
125832,K71.702,中毒性肝硬化
125833,K71.800,中毒性肝病伴有肝的其他疾患
125834,K71.900,中毒性肝病
125835,K71.900x003,化学毒物肝损害
125836,K71.901,药物性肝损害
125837,K71.902+I98.2*,中毒性肝病伴食管静脉曲张
125838,K71.903+I98.3*,中毒性肝病伴食管静脉曲张破裂出血
125839,K72.000,急性和亚急性肝衰竭
125840,K72.000x004,慢加急性肝衰竭
125841,K72.000x005,慢加亚急性肝衰竭
116185,D71.x00,多形核中性粒细胞的功能紊乱
116186,D71.x00x002,细胞膜受体复合体缺陷
116187,D71.x00x003,儿童期慢性肉芽肿病
116188,D71.x00x004,先天性吞噬细胞功能不良
116189,D71.x00x005,进行性脓毒性肉芽肿病
116190,D71.x01,慢性肉芽肿病
116191,D72.000,白细胞遗传性异常
116192,D72.001,佩尔格-许特综合征
116193,D72.100,嗜酸性粒细胞增多
116195,D72.102,特发性嗜酸性粒细胞增多症
116196,D72.104,遗传性嗜酸性粒细胞增多症
116197,D72.105,继发性嗜酸性粒细胞增多
116198,D72.800,白细胞的其他特指疾患
116199,D72.800x003,症状性单核细胞增多
116200,D72.801,浆细胞增多症
116202,D72.803,淋巴细胞减少症
116203,D72.804,淋巴细胞增多症
116204,D72.805,淋巴细胞性白血病样反应
116205,D72.806,类白血病反应
116206,D72.807,单核细胞增多症
116207,D72.808,症状性淋巴细胞增多
116209,D72.900,白细胞疾患
116210,D73.000,脾功能减退症
116211,D73.001,脾萎缩
116212,D73.002,后天性脾缺失
116213,D73.100,脾功能亢进
116214,D73.200,慢性充血性脾大
116216,D73.400,脾囊肿
116217,D73.500,脾梗死
116218,D73.501,非创伤性脾破裂
116219,D73.502,脾出血
116220,D73.503,脾坏死
116222,D73.505,脾扭转
116223,D73.800,脾的其他疾病
116224,D73.800x002,脾血肿机化
116225,D73.800x007,脾感染
116226,D73.800x010,脾钙化
116228,D73.801,脾浆细胞性肉芽肿
116229,D73.802,脾假性囊肿
116230,D73.803,脾周围炎
116231,D73.804,游走脾
116232,D73.805,脾炎性假瘤
116234,D73.808,脾疝
116235,D73.900,脾疾病
115608,D48.016,骶骨动态未定肿瘤
125480,K57.001,小肠憩室伴脓肿
125481,K57.002,小肠憩室病伴腹膜炎
125482,K57.003,十二指肠憩室伴穿孔
125483,K57.100,小肠憩室病不伴有穿孔或脓肿
125484,K57.100x005,小肠憩室
125485,K57.101,十二指肠憩室梗阻性黄疸综合征
125486,K57.102,回盲部憩室
125487,K57.103,空肠憩室
125488,K57.104,十二指肠憩室
125489,K57.105,回肠憩室
125490,K57.106,小肠憩室炎
125491,K57.107,空肠憩室炎
125492,K57.108,十二指肠憩室炎
125493,K57.200,大肠憩室病伴有穿孔和脓肿
125494,K57.200x001,大肠憩室伴穿孔
125496,K57.202,结肠憩室伴腹膜炎
125497,K57.300,大肠憩室病不伴有穿孔或脓肿
125498,K57.300x006,大肠憩室
125499,K57.301,盲肠憩室
125500,K57.302,直肠憩室
125501,K57.303,结肠憩室
125502,K57.304,结肠憩室炎
125503,K57.305,盲肠憩室炎
125504,K57.400,小肠和大肠憩室病伴有穿孔和脓肿
125505,K57.401,小肠和大肠憩室病伴腹膜炎
125506,K57.500,小肠和大肠憩室病不伴有穿孔或脓肿
125507,K57.800,肠憩室病，伴有穿孔和脓肿
125508,K57.800x001,肠憩室病伴有穿孔和脓肿
125509,K57.801,肠憩室病伴腹膜炎
125510,K57.900,肠憩室病，不伴有穿孔或脓肿
125512,K58.100,腹泻型肠易激综合征(IBS-D)
125513,K58.200,便秘型肠易激综合征(IBS-C)
125514,K58.300,混合型肠易激综合征(IBS-M)
125516,K58.801,肠易激综合征
125517,K59.000,便秘
125518,K59.002,粪便潴留
125519,K59.003,慢传输型便秘
125520,K59.100,功能性腹泻
125521,K59.101,肠道菌群失调
125522,K59.200,神经源性肠
125523,K59.200x002,神经源性直肠
125525,K59.300,巨结肠
125526,K59.301,结肠扩张
125527,K59.302,后天性巨结肠
125528,K59.303,中毒性巨结肠
125529,K59.400,肛门痉挛
125530,K59.400x002,痉挛性肛部痛
125532,K59.800,功能性肠疾患，其他特指的
125533,K59.800x002,肠扩张
125534,K59.800x005,结肠松弛
125535,K59.801,脾曲综合征
125536,K59.900,功能性肠疾患
125538,K59.900x002,结肠功能紊乱
125539,K60.000,急性肛裂
125540,K60.100,慢性肛裂
125541,K60.200,肛裂
116782,E11.400x112+G59.0*,2型糖尿病性躯干神经根病
116783,E11.400x121+G73.0*,2型糖尿病性肌无力综合征
116784,E11.400x130+G59.0*,2型糖尿病性脑神经麻痹
116785,E11.400x140+G59.0*,2型糖尿病性动眼神经麻痹
116786,E11.400x150+G59.0*,2型糖尿病性外展神经麻痹
116787,E11.400x160+G59.0*,2型糖尿病性股神经病
116788,E11.400x170+G59.0*,2型糖尿病性多发性单神经病
116789,E11.400x180+G59.0*,2型糖尿病性眼肌麻痹
116790,E11.400x190+G59.0*,2型糖尿病性神经根病
116791,E11.400x191+G59.0*,2型糖尿病腰骶神经根神经丛病
116792,E11.400x310+G99.0*,2型糖尿病性出汗异常
116793,E11.400x311+G99.0*,2型糖尿病性体位性低血压
116794,E11.400x330+G99.0*,2型糖尿病性腹泻
116795,E11.400x340+G99.0*,2型糖尿病性肛门直肠功能障碍
116796,E11.400x350+G99.0*,2型糖尿病性食管功能障碍
116797,E11.400x360+G99.0*,2型糖尿病性性无能
116798,E11.400x380+G99.0*,2型糖尿病性膀胱张力减弱
116799,E11.400x381+N33.8*,2型糖尿病神经源性膀胱炎
114463,D16.402,蝶骨良性肿瘤
114464,D16.403,筛骨良性肿瘤
114465,D16.404,颞骨良性肿瘤
114467,D16.406,额骨良性肿瘤
114468,D16.407,枕骨良性肿瘤
114469,D16.408,眶骨良性肿瘤
114470,D16.409,鼻骨良性肿瘤
114471,D16.410,颧骨良性肿瘤
114473,D16.500,下颌骨良性肿瘤
114474,D16.500x002,髁突良性肿瘤
114475,D16.600,脊柱良性肿瘤
114476,D16.600x002,颈椎良性肿瘤
114478,D16.600x004,腰椎良性肿瘤
114479,D16.600x005,椎骨良性肿瘤
114480,D16.700,肋骨、胸骨和锁骨良性肿瘤
114481,D16.700x003,锁骨良性肿瘤
114483,D16.702,肋骨良性肿瘤
114484,D16.800,骨盆骨、骶骨和尾骨良性肿瘤
114485,D16.800x001,耻骨良性肿瘤
114486,D16.800x002,髂骨良性肿瘤
114488,D16.801,盆骨良性肿瘤
114489,D16.802,骶骨良性肿瘤
114490,D16.803,坐骨良性肿瘤
114491,D16.804,尾骨良性肿瘤
114492,D16.900,骨和关节软骨良性肿瘤
115495,D44.200x001,甲状旁腺交界性肿瘤
115496,D44.201,甲状旁腺肿瘤
116883,E13.400x223+G63.2*,继发性糖尿病性周围神经病变
116884,E13.500,糖尿病伴有周围循环并发症，其他特指的
116885,E13.500x241+I79.2*,继发性糖尿病大血管病变
116886,E13.500x541+I79.2*,青少年发病的成人型糖尿病大血管病变
116887,E13.600,糖尿病伴有其他特指的并发症，其他特指的
116888,E13.700,"糖尿病伴有多个并发症,其他特指的"
116889,E13.800,糖尿病伴并发症，其他特指的
116890,E13.900,糖尿病不伴有并发症，其他特指的
116891,E13.900x003,正确用药所致类固醇性糖尿病
116893,E13.901,肝性糖尿病
116894,E13.902,线粒体糖尿病
116895,E13.903,类固醇性糖尿病
116896,E13.904,脂肪萎缩性糖尿病
126073,K82.900,胆囊的疾病
126074,K82.900x001,胆囊病变
126075,K82.900x002,胆囊肿物
126076,K83.000,胆管炎
126077,K83.000x007,急性化脓性胆管炎
126078,K83.000x012,IgG4相关性胆管炎
126079,K83.001,急性胆管炎
126080,K83.004,胆总管炎
126081,K83.005,急性梗阻性胆管炎
126082,K83.006,慢性胆管炎
126083,K83.007,复发性胆管炎
126084,K83.008,梗阻性胆管炎
126085,K83.009,淤积性胆管炎
126086,K83.010,反流性胆管炎
126088,K83.012,硬化性胆管炎
126089,K83.013,原发性胆管炎
126090,K83.014,胆管周围炎
126091,K83.015,继发性胆管炎
126093,K83.017,狭窄性胆管炎
126094,K83.018,缺血性胆管炎
126095,K83.019,胆道感染
126096,K83.100,胆管梗阻
126097,K83.100x001,肝管狭窄
126098,K83.100x008,肝内胆管狭窄
126100,K83.102,胆汁淤积症
126101,K83.103,肝管梗阻
126102,K83.104,肝胆管狭窄
126103,K83.105,胆管狭窄
126104,K83.106,胆管闭塞
126105,K83.107,胆总管狭窄
126107,K83.109,梗阻性黄疸
126108,K83.200,胆管穿孔
126109,K83.200x001,胆管破裂
126110,K83.300,胆管瘘
126112,K83.302,胆管十二指肠瘘
126113,K83.303,胆总管胃瘘
126114,K83.304,手术后胆总管肠瘘
126115,K83.305,手术后胆总管小肠瘘
126116,K83.306,手术后肝总管肠瘘
126118,K83.400,奥迪括约肌痉挛
126119,K83.400x001,奥狄括约肌痉挛
126121,K83.500,胆囊肿
125542,K60.300,肛瘘
125543,K60.301,高位肛瘘
125544,K60.302,低位肛瘘
125545,K60.303,复杂性肛瘘
125546,K60.400,直肠瘘
125547,K60.400x003,肛门会阴瘘
125548,K60.401,直肠会阴瘘
115339,D39.100x001,卵巢多房囊肿
115340,D39.100x003,卵巢交界性肿瘤
115341,D39.101,卵巢肿瘤
115342,D39.200,胎盘动态未定或动态未知的肿瘤
115343,D39.200x001,侵蚀性葡萄胎
115344,D39.200x002,胎盘交界性肿瘤
115345,D39.201,胎盘肿瘤
115346,D39.202,恶性葡萄胎
115347,D39.203,侵袭性葡萄胎
115348,D39.204,破坏性绒毛膜腺瘤
115349,D39.700,女性生殖器官动态未定或动态未知的肿瘤，其他的
115350,D39.700x001,输卵管交界性肿瘤
115351,D39.700x002,阴道交界性肿瘤
115352,D39.701,外阴动态未定肿瘤
115353,D39.702,外阴肿瘤
115354,D39.703,子宫韧带动态未定肿瘤
115355,D39.704,子宫韧带肿瘤
115356,D39.705,输卵管动态未定肿瘤
115357,D39.706,输卵管肿瘤
115358,D39.707,阴道动态未定肿瘤
115359,D39.708,阴道肿瘤
115360,D39.709,女性生殖器官皮肤动态未定肿瘤
115361,D39.710,女性生殖器官皮肤肿瘤
115362,D39.900,女性生殖器官的动态未定或动态未知的肿瘤
115363,D39.900x001,女性生殖器官交界性肿瘤
115364,D39.901,女性生殖器官肿瘤
115365,D39.902,尿道阴道隔动态未定肿瘤
115366,D39.903,尿道阴道隔肿瘤
115368,D40.000x001,前列腺交界性肿瘤
115369,D40.001,前列腺肿瘤
115370,D40.100,睾丸动态未定或动态未知的肿瘤
115371,D40.100x002,睾丸交界性肿瘤
115372,D40.101,睾丸肿瘤
116125,D69.008,变应性血管炎
116126,D69.009,腹型过敏性紫癜
116127,D69.010,亨诺克紫癜
116130,D69.100x002,出血性血小板功能不全
116131,D69.100x003,贝尔纳德-苏利耶综合征(Bernard-Soulier综合征)
116132,D69.100x004,格兰茨曼病
116134,D69.102,巨大血小板综合征
116135,D69.103,灰色血小板综合征
116136,D69.200,非血小板减少性紫癜、其他的
116138,D69.200x005,湿疹样紫癜
116139,D69.200x006,糖皮质激素紫癜
116140,D69.200x007,血小板增多性紫癜
116141,D69.200x008,淤积性紫癜
115499,D44.301,垂体肿瘤
115500,D44.400,颅咽管动态未定或动态未知的肿瘤
115501,D44.400x001,颅咽管交界性肿瘤
115502,D44.401,颅咽管肿瘤
115503,D44.500,松果体动态未定或动态未知的肿瘤
115504,D44.500x001,松果体交界性肿瘤
115505,D44.500x003,松果体区交界性肿瘤
115506,D44.501,松果体肿瘤
115507,D44.600,颈动脉体动态未定或动态未知的肿瘤
115508,D44.600x002,颈动脉体交界性肿瘤
115509,D44.601,颈动脉体肿瘤
115510,D44.700,主动脉体和其他节旁体动态未定或动态未知的肿瘤
115511,D44.700x002,主动脉体交界性肿瘤
115512,D44.700x003,颈静脉体交界性肿瘤
115513,D44.700x004,颈静脉球交界性肿瘤
115514,D44.701,主动脉体肿瘤
115515,D44.702,颈静脉球动态未定肿瘤
115516,D44.703,颈静脉球肿瘤
115517,D44.800,累及多个腺体动态未定或动态未知的肿瘤
115518,D44.800x002,多内分泌腺瘤病
115519,D44.801,累及多个腺体肿瘤
115520,D44.802,多发性内分泌腺瘤病
115521,D44.900,内分泌腺的动态未定或动态未知的肿瘤
115522,D44.900x001,内分泌腺交界性肿瘤
115523,D44.901,内分泌腺肿瘤
115525,D46.000,难治性贫血不伴有环形铁粒幼细胞，如此述及的
115526,D46.000x002,骨髓再生不良性贫血
116286,D80.001,常染色体隐性无丙种球蛋白血症
116287,D80.002,X-连锁无丙球蛋白血症
116288,D80.100,非家族性低丙球蛋白血症
116290,D80.101,低丙种球蛋白血症
116291,D80.102,普通易变型无丙球蛋白血症
116292,D80.200,免疫球蛋白A［IgA］的选择性缺乏
116293,D80.200x001,lgA缺乏
116294,D80.300,免疫球蛋白G［IgG］亚类的选择性缺乏
116295,D80.400,免疫球蛋白M［IgM］的选择性缺乏
116297,D80.600,伴有接近正常的免疫球蛋白或伴有高免疫球蛋白血症的抗体缺陷
116299,D80.700,婴儿期短暂性低丙球蛋白血症
116300,D80.800,抗体缺陷为主的其他免疫缺陷
116302,D80.900,抗体缺陷为主的免疫缺陷
116303,D80.900x002,体液免疫缺陷
116304,D80.901,免疫球蛋白缺乏
116306,D81.000x002,网状组织发育不全
116307,D81.100,重症联合免疫缺陷［SCID］伴有低数量的T和B细胞
125319,K46.100x001,腹内疝伴坏疽
126122,K83.501,胆管囊肿
126123,K83.502,胆总管囊肿
126124,K83.800,胆道其他特指的疾病
126125,K83.800x009,胆管息肉
126126,K83.800x012,胆汁反流
126127,K83.800x022,肝内胆管积气
126128,K83.800x023,胆管积气
126129,K83.802,奥迪括约肌狭窄
126130,K83.803,法特壶腹部不典型增生
126131,K83.804,缩窄性十二指肠乳头炎
126132,K83.805,肝胆管扩张
126133,K83.807,胆管扩张
126134,K83.808,胆管溃疡
126135,K83.809,胆管出血
125139,K31.606,手术后胃瘘
125140,K31.607,手术后胃小肠瘘
125141,K31.608,手术后胃大肠瘘
125142,K31.609,手术后十二指肠瘘
125143,K31.700,胃和十二指肠息肉
125144,K31.701,十二指肠息肉
125145,K31.702,十二指肠球部息肉
125146,K31.703,胃息肉
125147,K31.800,胃和十二指肠其他特指的疾病
125148,K31.800x801,低张力胃
125149,K31.800x802,十二指肠白点征
125842,K72.000x013,重症肝炎
125843,K72.001,亚急性肝衰竭
125844,K72.002,急性黄色肝萎缩
125845,K72.003,急性肝衰竭
125846,K72.004,急性非病毒性肝炎
125847,K72.005,晚发性肝衰竭
125848,K72.100,慢性肝衰竭
125849,K72.900,肝衰竭
125850,K72.900x001,肝功能衰竭
125851,K72.900x003+G94.3*,肝性脑病
125853,K72.904,肝坏死
125855,K73.000x001,慢性迁延性肝炎
125856,K73.100,慢性小叶性肝炎，不可归类在他处者
125857,K73.200,慢性活动性肝炎，不可归类在他处者
125858,K73.200x002,慢性活动性肝炎
125859,K73.800,慢性肝炎，其他的不可归类在他处者
125861,K73.801,慢性间质性肝炎
125863,K73.901,慢性重型肝炎
125864,K74.000,肝纤维化
125865,K74.100,肝硬化
125867,K74.300,原发性胆汁型肝硬化
125868,K74.300x005+I98.2*,原发性胆汁型肝硬化伴胃底静脉曲张
125870,K74.300x007+I98.2*,原发性胆汁型肝硬化伴食管胃底静脉曲张
125871,K74.300x008+I98.3*,原发性胆汁型肝硬化伴食管胃底静脉曲张破裂出血
125872,K74.301+I98.2*,原发性胆汁性肝硬化伴食管静脉曲张
125873,K74.302+I98.3*,原发性胆汁性肝硬化伴食管静脉曲张破裂出血
125874,K74.400,继发性胆汁型肝硬化
116142,D69.201,单纯性紫癜
116143,D69.202,老年性紫癜
116144,D69.203,紫癜
116145,D69.300,特发性血小板减少性紫癜
116146,D69.301,出血性紫癜
116147,D69.302,埃文斯综合征
116148,D69.400,血小板减少，其他原发性的
116149,D69.400x001,巨核细胞再生不良
116150,D69.400x002,免疫性血小板减少
116151,D69.400x003,无巨核细胞性血小板减少
116152,D69.400x006,先天性巨核细胞增生不良
116153,D69.401,先天性血小板减少症
116336,D83.900,常见变异型免疫缺陷
116337,D84.000,淋巴细胞功能抗原-1［LFA-1］缺陷
116338,D84.100,补体系统中的缺陷
116339,D84.100x002,遗传性血管神经性水肿
116340,D84.100x005,补体缺陷综合征
116341,D84.101,补体成分缺乏
116343,D84.103,遗传性血管水肿
116344,D84.800,免疫缺陷，其他特指的
116345,D84.800x001,细胞免疫缺陷
116346,D84.900,免疫缺陷
116347,D84.900x002,原发性免疫缺陷
116348,D84.900x003,重症免疫缺陷
116349,D86.000,肺结节病
116350,D86.100,淋巴结结节病
116351,D86.101,良性淋巴肉芽肿
116352,D86.200,肺结节病伴有淋巴结结节病
116353,D86.300,皮肤结节病
116355,D86.800,结节病，其他和联合部位的
116356,D86.800x002+G53.2*,结节病性多发性脑神经麻痹
116357,D86.800x003+H22.1*,结节病性虹膜睫状体炎
116358,D86.800x005+I41.8*,结节病性心肌炎
116360,D86.800x007,BLAU综合征
116361,D86.801,眼眶结节病
116362,D86.802,眼色素层腮腺炎
116363,D86.803+M63.3*,结节病性肌炎
116364,D86.900,结节病
116365,D86.901,伯克结节病
116366,D89.000,多克隆高丙球蛋白血症
116368,D89.000x004,多克隆丙球蛋白病
116369,D89.001,高球蛋白血症性紫癜
116370,D89.002,多克隆免疫球蛋白增多症
116371,D89.100,冷球蛋白血症
116372,D89.100x001,冷球蛋白血症性血管炎
116374,D89.100x003,冷球蛋白血症性紫癜
116375,D89.100x004,原发性冷球蛋白血症
116376,D89.100x005,混合性冷球蛋白血症
116377,D89.100x006,特发性冷球蛋白血症
116379,D89.101+N08.2*,冷球蛋白血症性肾小球肾炎
113952,C91.002,急性淋巴细胞性白血病，L2型
125320,K46.101,坏疽性小肠疝
125321,K46.900,腹疝，不伴有梗阻或坏疽
125322,K46.900x002,腹内疝
125323,K46.900x003,输入袢内疝
125324,K46.900x004,网膜裂孔疝
125325,K46.900x012,大肠疝
125326,K46.901,肠系膜裂孔疝
125327,K46.902,肠系膜内疝
125328,K46.903,阑尾疝
125329,K46.905,小肠疝
125330,K50.000,小肠克罗恩病
125331,K50.000x001,末端性回肠炎
125332,K50.000x005,十二指肠克罗恩病
125333,K50.001,空肠克罗恩病
125334,K50.002,回肠克罗恩病
125335,K50.100,大肠克罗恩病
125336,K50.101,肉芽肿性结肠炎
125337,K50.102,结肠克罗恩病
125338,K50.103,直肠克罗恩病
125339,K50.104,肉芽肿性盲肠炎
125340,K50.800,克罗恩病，其他的
125341,K50.800x001,大肠和小肠克罗恩病
125342,K50.801,食管克罗恩病
125343,K50.900,克罗恩病
125344,K50.902+M07.4*,克罗恩病性关节病
125345,K51.000,溃疡性（慢性）全结肠炎
125346,K51.001,溃疡性全结肠炎，轻度
125347,K51.002,溃疡性全结肠炎，中度
125349,K51.200,慢性溃疡性直肠炎
125350,K51.200x001,溃疡性直肠炎
125351,K51.201,溃疡性直肠炎，轻度
125352,K51.202,溃疡性直肠炎，中度
125353,K51.203,溃疡性直肠炎，重度
125354,K51.300,慢性溃疡性直肠乙状结肠炎
125356,K51.302,溃疡性直肠乙状结肠炎，中度
125357,K51.303,溃疡性直肠乙状结肠炎，重度
125358,K51.400,炎性息肉
125359,K51.401,结肠炎性息肉
125360,K51.500,左侧结肠炎
125362,K51.800x001,溃疡性结肠炎伴出血
126302,K91.809,食管胃吻合口狭窄
126362,K92.800x011,十二指肠癌伴出血
126364,K92.801,门脉高压性胃肠病
126365,K92.900,消化系统的疾病
126366,K92.901,胃肠功能紊乱
126367,L00.x00,葡萄球菌性烫伤样皮肤综合征
126369,L01.000,脓疱病(任何器官)(任何部位)
126370,L01.000x011,急性泛发性发疹型脓疱病
126371,L01.000x012,急性发热性发疹样脓疱病
126373,L01.001,伯克哈特脓疱病
126374,L01.002,大疱性脓疱病
126375,L01.003,单纯性脓疱病
126376,L01.004,溃疡性脓疱病
126378,L01.006,新生儿大疱性脓疱疮
125876,K74.600,肝硬变
125877,K74.600x002,丙型肝炎肝硬化
125878,K74.600x003,乙型肝炎肝硬化
125879,K74.600x010,拉埃奈克肝硬化(Laennec肝硬化)
125880,K74.600x021,乙肝后肝硬化合并甲肝感染
125881,K74.600x025,乙肝后肝硬化合并戊肝感染
125882,K74.600x027,丙肝后肝硬化合并戊肝感染
125883,K74.600x029,乙丙肝炎后肝硬化合并甲肝感染
125884,K74.600x030,乙丁肝炎后肝硬化合并甲肝感染
125885,K74.600x031,乙肝后肝硬化甲戊肝感染
125886,K74.600x034,乙丙肝炎后肝硬化合并戊肝感染
125887,K74.600x036,乙丁肝炎后肝硬化戊肝感染
125888,K74.600x041,乙肝后肝硬化合并丙肝感染
125889,K74.600x042,丙肝后肝硬化合并乙肝感染
125890,K74.601,特指肝硬化
125891,K74.602,乙型肝炎后肝硬化失代偿期
125892,K74.603,丙型肝炎后肝硬化失代偿期
125893,K74.604,自身免疫性肝炎后肝硬化失代偿期
125894,K74.605,肝炎后肝硬化失代偿期
125895,K74.606,混合型肝硬化失代偿期
125896,K74.607,肝硬化失代偿期
125897,K74.608,肝炎后肝硬化
125898,K74.610,结节性肝硬化
125899,K74.611,门脉性肝硬化
125900,K74.612,混合型肝硬化
125901,K74.613,隐源性肝硬化
116897,E13.905,医源性糖尿病
116898,E13.906,应激性高血糖状态
116899,E13.907,继发性糖尿病
116900,E14.000,糖尿病伴有昏迷
116901,E14.000x001,糖尿病性高渗性高血糖状态昏迷
116903,E14.000x003,糖尿病性低血糖昏迷
116904,E14.000x004,糖尿病性酮症酸中毒并昏迷
116905,E14.000x005,糖尿病性乳酸性酸中毒并昏迷
116906,E14.000x006,糖尿病性酮症酸中毒和乳酸性酸中毒并昏迷
116908,E14.100x012,糖尿病性酮症
116909,E14.100x031,糖尿病性乳酸性酸中毒
116910,E14.100x051,糖尿病性酮症酸中毒和乳酸性酸中毒
116912,E14.200x011+N08.3*,糖尿病性前期肾病
116913,E14.200x012+N08.3*,糖尿病性前期肾小球肾病
116914,E14.200x013+N08.3*,糖尿病性前期基膜肥厚性肾小球肾病
116916,E14.200x015+N08.3*,糖尿病性前期可逆的肾病
116917,E14.200x016+N08.3*,糖尿病性前期微白蛋白尿
116918,E14.200x017+N08.3*,糖尿病性前期持续性微白蛋白尿
116919,E14.200x021+N08.3*,糖尿病性肾病
113953,C91.003,急性淋巴细胞性白血病，L3型
113954,C91.004,慢性粒细胞性白血病，急淋变
113955,C91.006,急性淋巴细胞白血病，完全缓解
113957,C91.008,成人Ph-急性淋巴细胞白血病（ALL）
113958,C91.100,B细胞型慢性淋巴细胞白血病
113959,C91.100x011,慢性淋巴细胞白血病伴缓解
113960,C91.100x012,慢性淋巴细胞性白血病，急性变
113961,C91.101,淋巴浆细胞性白血病
113962,C91.102,Richter综合征
113963,C91.300,幼淋巴细胞白血病，B细胞型
113964,C91.400,多毛细胞白血病
113965,C91.400x004,毛细胞白血病（变异型）
113966,C91.400x013,毛细胞白血病伴缓解
125550,K60.403,直肠阴囊皮肤瘘
125551,K60.500,肛门直肠瘘
125552,K61.000,肛门脓肿
125553,K61.001,肛周脓肿
125554,K61.002,肛门蜂窝织炎
125555,K61.100,直肠脓肿
125556,K61.101,直肠周围脓肿
125557,K61.200,肛门直肠脓肿
125558,K61.300,坐骨直肠窝脓肿
125559,K61.400,括约肌内脓肿
125560,K62.000,肛门息肉
125561,K62.001,肛管息肉
125562,K62.100,直肠息肉
125563,K62.100x002,直肠息肉伴出血
125564,K62.200,脱肛
125565,K62.200x001,肛门脱垂
125566,K62.201,肛管脱垂
125567,K62.202,肛门括约肌脱垂
125568,K62.300,直肠脱垂
125569,K62.300x003,直肠黏膜松弛
125570,K62.301,直肠黏膜脱垂
125572,K62.400x002,直肠狭窄
125573,K62.400x003,肛门括约肌失缓症
125574,K62.400x004,肛门闭锁
125575,K62.401,肛门狭窄
125577,K62.500,肛门和直肠出血
125578,K62.500x001,直肠出血
125579,K62.501,肛门出血
125580,K62.600,肛门和直肠溃疡
125582,K62.601,肛管溃疡
125583,K62.602,肛门周围溃疡
125584,K62.700,放射性直肠炎
125585,K62.800,肛门和直肠其他特指的疾病
125587,K62.800x005,肛周感染
125588,K62.800x009,慢性直肠炎
125589,K62.800x010,直肠穿孔
125590,K62.800x012,直肠前突
125591,K62.800x017,耻骨直肠肌肥厚症
125593,K62.801,肛窦炎
125594,K62.802,肛管炎
125595,K62.803,巨直肠
125596,K62.804,直肠吻合口瘢痕
125597,K62.805,直肠不典型增生
125598,K62.806,直肠纤维钙化
126379,L01.008,寻常性脓疱病
126380,L01.100,皮肤病的脓疱化，其他的
114494,D16.900x002,关节软骨良性肿瘤
114495,D16.900x003,软骨良性肿瘤
114496,D17.000,头、面和颈部皮肤和皮下组织良性脂肪瘤样肿瘤
114497,D17.000x003,头部脂肪瘤
114498,D17.000x004,肩部脂肪瘤
114499,D17.001,面部脂肪瘤
114500,D17.002,颈部脂肪瘤
114501,D17.100,躯干皮肤和皮下组织良性脂肪瘤样肿瘤
114502,D17.100x001,躯干脂肪瘤
114503,D17.100x002,乳房脂肪瘤
114504,D17.100x003,胸壁脂肪瘤
114505,D17.101,会阴脂肪瘤
114506,D17.200,四肢皮肤和皮下组织良性脂肪瘤样肿瘤
114507,D17.200x001,肢体脂肪瘤
114508,D17.200x002,上肢脂肪瘤
114509,D17.200x003,手脂肪瘤
114510,D17.200x004,下肢脂肪瘤
114511,D17.200x005,足脂肪瘤
114512,D17.300,皮肤和皮下组织良性脂肪瘤样肿瘤，其他部位的
114513,D17.300x001,大阴唇脂肪瘤
114514,D17.300x002,外阴脂肪瘤
114515,D17.300x003,阴道脂肪瘤
114516,D17.300x004,皮肤脂肪瘤
114517,D17.300x005,皮下脂肪瘤
114518,D17.301,皮肤和皮下组织良性脂肪瘤样肿瘤
115266,D37.606,壶腹部动态未定肿瘤
115267,D37.607,壶腹部肿瘤
115269,D37.700x001,肠交界性肿瘤
115270,D37.700x002,食管交界性肿瘤
115271,D37.700x003,胰腺交界性肿瘤
115272,D37.700x005,脾交界性肿瘤
115273,D37.700x007,肛管交界性肿瘤
115274,D37.701,食管动态未定肿瘤
115275,D37.702,食管肿瘤
115277,D37.704,脾肿瘤
115278,D37.705,胰腺动态未定肿瘤
115279,D37.706,胰腺肿瘤
115280,D37.707,肠动态未定肿瘤
115281,D37.708,肠肿瘤
115283,D37.710,肛门肿瘤
115284,D37.900,消化器官动态未定或动态未知的肿瘤
115285,D37.900x001,消化器官交界性肿瘤
115286,D37.901,消化器官肿瘤
115288,D38.000x001,会厌交界性肿瘤
115289,D38.000x002,喉交界性肿瘤
115291,D38.002,会厌动态未定肿瘤
115292,D38.003,会厌肿瘤
115294,D38.100x001,肺交界性肿瘤
115295,D38.100x002,气管交界性肿瘤
116921,E14.200x024+N08.3*,糖尿病性弥漫性肾小球硬化症
116922,E14.200x025+N08.3*,糖尿病性结节性肾小球硬化症
116923,E14.200x026+N08.3*,糖尿病性难愈性肾小球硬化症
116924,E14.200x027+N08.3*,糖尿病性大量白蛋白尿
114630,D18.000x836,胸壁血管瘤
114631,D18.000x837,肺动脉瓣下血管瘤
114632,D18.000x838,上消化道血管瘤
114633,D18.000x839,甲状腺血管瘤
114634,D18.000x840,心包血管瘤
114635,D18.000x841,心室血管瘤
114636,D18.000x844,腭部血管瘤
114638,D18.000x846,锁骨血管瘤
114639,D18.000x847,臀血管瘤
114640,D18.000x848,腰部血管瘤
114641,D18.000x849,腋下血管瘤
114642,D18.000x850,背血管瘤
114643,D18.000x851,肘部血管瘤
114644,D18.000x852,腕部血管瘤
114645,D18.000x853,卵巢血管瘤
114646,D18.000x854,附件血管瘤
114647,D18.000x855,包皮血管瘤
114648,D18.000x856,宫颈血管瘤
114649,D18.000x857,胸锁乳突肌血管瘤
114650,D18.000x858,嚼肌血管瘤
114651,D18.000x859,腹股沟血管瘤
114652,D18.000x860,膝关节血管瘤
114653,D18.000x861,踝关节血管瘤
114654,D18.001,头部血管瘤
114655,D18.002,脑血管瘤
114656,D18.003,面部血管瘤
114657,D18.004,颈部血管瘤
114659,D18.006,肢体血管瘤
114660,D18.007,皮肤血管瘤
125150,K31.800x806,十二指肠穿孔
125151,K31.800x808,胃假性淋巴瘤
125152,K31.801,胃黏膜肠上皮化生
125154,K31.803,沙漏状胃痉挛
125155,K31.804,胃酸过多
125156,K31.805,胃酸缺乏
125157,K31.806,胃狭窄
125158,K31.807,胃痉挛
125160,K31.809,胃麻痹
125161,K31.810,胃囊肿
125162,K31.811,胃下垂
125163,K31.812,胃扭转
125164,K31.813,胃破裂
125166,K31.815,胃黄色斑
125167,K31.816,胃黏膜脱垂
125168,K31.818,十二指肠球变形
125169,K31.819,胃潴留
125171,K31.821,胃粘膜不典型增生
125172,K31.900,胃和十二指肠疾病
125173,K31.901,胃排空障碍
125174,K31.902,胃肿物
125176,K31.904,急性胃黏膜病变
125177,K31.905,胃黏膜病变
125599,K62.807,直肠吻合口炎
125600,K62.808,直肠肉芽肿
125601,K62.809,直肠瘢痕
125602,K62.810,直肠囊肿
125603,K62.811,直肠炎
125604,K62.812,直肠痛
125605,K62.813,肛门括约肌松弛
125606,K62.814,肛管炎性肿物
125607,K62.815,肛周炎
125608,K62.816,肛乳头肥大
125609,K62.817,肛门白斑
125610,K62.818,肛管囊肿
125611,K62.819,肛门囊肿
125612,K62.820,肛门痛
125613,K62.821,肛门炎
125614,K62.822,慢性肛管直肠炎
125615,K62.900,肛门和直肠的疾病
125616,K62.901,肛旁肿物
125617,K62.902,肛管肿物
125618,K62.903,直肠肿物
125619,K63.000,肠脓肿
125620,K63.001,小肠脓肿
125621,K63.100,肠穿孔（非创伤性）
125622,K63.100x001,非创伤性肠穿孔
125623,K63.101,空肠穿孔
125624,K63.102,回肠穿孔
125625,K63.103,结肠穿孔
125626,K63.104,回盲部溃疡伴穿孔
116154,D69.403,原发性血小板减少症
116155,D69.405,无巨核细胞性血小板减少性紫癜
116156,D69.406,血小板减少性紫癜
116157,D69.407,MYH9相关综合征
116158,D69.500,继发性血小板减少
116159,D69.500x003,症状性血小板减少性紫癜
116160,D69.501,继发性血小板减少性紫癜
116162,D69.503,药物性血小板减少性紫癜
116163,D69.504,获得性巨细胞性血小板减少症
116164,D69.600,血小板减少
116166,D69.800x002,血管性假血友病
116167,D69.801,卡-梅综合征
116168,D69.802,毛细血管脆弱
116169,D69.900,出血性情况
116170,D70.x00,粒细胞缺乏
116172,D70.x00x003,药物性中性粒细胞减少症
116173,D70.x00x004,脾性中性粒细胞减少症
116174,D70.x00x005,婴儿遗传性粒细胞缺乏
116175,D70.x00x008,粒细胞缺乏性咽峡炎
116176,D70.x00x010,先天性中性粒细胞减少症
116844,E11.600x970,2型糖尿病性乳腺纤维化病变
116845,E11.601+M14.2*,2型糖尿病性关节病
116846,E11.602+M14.6*,2型糖尿病神经病性关节病
116848,E11.700,2型糖尿病伴有多个并发症
116849,E11.700x011,2型糖尿病性多发性微血管并发症
116850,E11.700x021,2型糖尿病性胰岛素抵抗
116851,E11.700x022,2型糖尿病性高血压
115296,D38.100x003,支气管交界性肿瘤
115297,D38.101,肺肿瘤
115298,D38.102,气管动态未定肿瘤
115299,D38.103,气管肿瘤
115300,D38.104,支气管动态未定肿瘤
115301,D38.105,支气管肿瘤
115302,D38.200,胸膜动态未定或动态未知的肿瘤
115303,D38.200x001,胸膜交界性肿瘤
115304,D38.201,胸膜肿瘤
115305,D38.300,纵隔动态未定或动态未知的肿瘤
116309,D81.300,腺苷脱氨酶［ADA］缺乏
116310,D81.400,奈泽洛夫综合征
116311,D81.500,嘌呤核苷磷酸化酶［PNP］缺乏
116312,D81.600,主要组织相容性复合体一级缺乏
116313,D81.601,淋巴细胞稀少综合征
116314,D81.700,主要组织相容性复合体二级缺乏
116315,D81.800,联合免疫缺陷，其他的
116316,D81.801,生物素依赖羧化酶缺乏
116317,D81.802,全羧化酶合成酶缺乏症
116318,D81.803,生物素酶缺乏症
116319,D81.900,联合免疫缺陷
116320,D81.900x001,重症联合型免疫缺陷病
116321,D81.901,获得性联合免疫缺陷
116322,D82.000,威斯科特-奥尔德里奇综合征
116323,D82.100,迪格奥尔格综合征
116324,D82.200,免疫缺陷伴有短肢身材
116326,D82.300x002,EB病毒阳性T细胞淋巴增殖性疾病
116327,D82.301,X-连锁淋巴增生性疾病
116328,D82.400,高免疫球蛋白E［IgE］综合征
116329,D82.800,与其他特指的严重缺陷有关的免疫缺陷
116330,D82.800x001,Omenn综合征
113907,C90.000x027,多发性骨髓瘤（IgAλ型）
113908,C90.000x028,多发性骨髓瘤（IgAк型）
113909,C90.000x029,多发性骨髓瘤（IgDк型）
113911,C90.000x031,多发性骨髓瘤（DS分期II期B组）
113912,C90.000x032,多发性骨髓瘤（DS分期II期）
113913,C90.000x033,多发性骨髓瘤（DS分期III期B组）
113914,C90.000x034,多发性骨髓瘤（DS分期III期）
113916,C90.000x036,多发性骨髓瘤（ISS分期III期）
113917,C90.000x037,多发性骨髓瘤（ISS分期III期B组）
113918,C90.000x038,多发性骨髓瘤（ISS分期II期）
113920,C90.000x040,多发性骨髓瘤（ISS分期I期）
113921,C90.000x041,多发性骨髓瘤（ISS分期I期B组）
113922,C90.001,骨髓瘤病
113923,C90.002,浆细胞性骨髓瘤
113924,C90.004+N16.1*,多发性骨髓瘤伴肾小管间质病
125179,K35.201,急性阑尾炎破裂或穿孔后伴有弥漫性腹膜炎
125180,K35.300,急性阑尾炎伴局限性腹膜炎
125182,K35.800,急性阑尾炎，其他未特指
125184,K36.x00,阑尾炎，其他的
125185,K36.x00x003,亚急性阑尾炎
125186,K36.x00x004,阑尾残端炎
125187,K36.x01,复发性阑尾炎
125188,K36.x02,慢性阑尾炎
125189,K37.x00,阑尾炎
125190,K37.x00x002,阑尾周围炎
125191,K38.000,阑尾增生
125192,K38.000x002,阑尾包块
125193,K38.100,阑尾结石
125194,K38.200,阑尾憩室
125195,K38.300,阑尾瘘
125196,K38.800,阑尾其他特指的疾病
125197,K38.800x001,闭锁性阑尾
125199,K38.800x004,阑尾炎性假瘤
125200,K38.801,阑尾黏液囊肿
126136,K83.810,胆管肥大
126137,K83.811,胆管粘连
126138,K83.813,胆管萎缩
126139,K83.814,胆管瘢痕
126140,K83.815,胆管消失综合征
126141,K83.816,胆总管痉挛
126142,K83.817,胆总管扩张
126143,K83.818,胆总管不典型增生
126144,K83.819,肝内胆管缺失综合征
126145,K83.820,胆-心综合征
126146,K83.900,胆道的疾病
126147,K83.901,胆管肿物
126148,K83.902,胆总管肿物
126149,K85.000,特发性急性胰腺炎
126151,K85.002,急性特发性胰腺炎，重症
126152,K85.100,胆汁型急性胰腺炎
126153,K85.101,急性胆源型胰腺炎，轻症
126154,K85.102,急性胆源型胰腺炎，重症
126156,K85.201,急性酒精性胰腺炎，轻症
126157,K85.202,急性酒精性胰腺炎，重症
125902,K74.614,自身免疫性肝硬化
125904,K74.616+I98.2*,肝硬化伴食管静脉曲张
125905,K74.617+I98.3*,肝硬化伴食管胃底静脉曲张破裂出血
125906,K74.618+I98.3*,肝硬化伴胃底静脉曲张破裂出血
125907,K74.619+I98.2*,肝硬化伴食管胃底静脉曲张
125909,K75.000,肝脓肿
125910,K75.000x002,胆管炎性肝脓肿
125911,K75.000x003,门静脉炎性肝脓肿
125912,K75.001,胆源性肝脓肿
125913,K75.002,血源性肝脓肿
125914,K75.003,细菌性肝脓肿
125915,K75.100,门静脉炎
125917,K75.300,肉芽肿性肝炎
125918,K75.300x001,肝肉芽肿
125919,K75.400,自身免疫性肝炎
116853,E11.700x024,2型糖尿病性内脏脂肪沉积增加
116854,E11.700x025,2型糖尿病性黑棘皮症或血脂障碍或高胰岛素血症或肥胖症
116855,E11.700x031,2型糖尿病性足溃疡和周围血管病
116856,E11.700x032,2型糖尿病性足溃疡和周围神经病
116857,E11.700x033,2型糖尿病伴多个并发症
116858,E11.800,2型糖尿病伴有并发症
116859,E11.900,2型糖尿病
116860,E12.000,营养不良相关性糖尿病伴有昏迷
116861,E12.100,营养不良相关性糖尿病伴有酮症酸中毒
116862,E12.200,营养不良相关性糖尿病伴有肾的并发症
116863,E12.300,营养不良相关性糖尿病伴有眼的并发症
116864,E12.400,营养不良相关性糖尿病伴有神经的并发症
116865,E12.400x001+G99.0*,营养不良相关性糖尿病伴自主神经病变
116866,E12.400x002+N33.8*,营养不良相关性糖尿病伴神经源性膀胱炎
116867,E12.500,营养不良相关性糖尿病伴有周围循环并发症
116868,E12.600,营养不良相关性糖尿病伴有其他特指的并发症
116869,E12.700,营养不良相关性糖尿病伴有多个并发症
116870,E12.800,营养不良相关性糖尿病伴有并发症
116871,E12.900,营养不良相关性糖尿病不伴有并发症
116423,E03.200,药物和其他外源性物质引起的甲状腺功能减退症
113995,C92.008,急性髓细胞白血病（没有FAB分类），未特指
113996,C92.009,转化过程中难治性贫血伴原始细胞增多
113998,C92.100x001,慢性粒细胞性白血病
113999,C92.100x002,慢性粒细胞性白血病（急性变）
114000,C92.100x004,慢性髓单核细胞性白血病
114001,C92.100x011,慢性粒细胞性白血病伴缓解
114003,C92.100x014,慢性髓单核细胞性白血病伴缓解
114004,C92.100x016,慢性髓系白血病伴缓解
114005,C92.100x017,慢性髓系白血病，急性发作
114006,C92.100x018,慢性中幼粒细胞性白血病
114007,C92.100x019,慢性髓系白血病，BCR/ABL阳性
114009,C92.102,慢性粒细胞白血病t（9:22）（q34；q11）
114010,C92.103,慢性粒细胞白血病原始细胞危象
114011,C92.200,非典型性慢性髓系白血病，BCR/ABL阴性
114012,C92.200x001,慢性粒细胞白血病（加速期）
114014,C92.201,亚急性粒细胞性白血病
114015,C92.300,髓样肉瘤
114016,C92.300x001,绿色瘤
114017,C92.300x003,粒细胞肉瘤
114018,C92.300x011,绿色瘤伴缓解
113925,C90.005+N08.1*,骨髓瘤伴肾小球病变
113926,C90.100,浆细胞白血病
113927,C90.100x002,继发性浆细胞白血病
113928,C90.100x011,浆细胞白血病伴缓解
113929,C90.200,髓外浆细胞瘤
113930,C90.200x008,软组织浆细胞瘤
113931,C90.200x009,原发皮肤浆细胞瘤
113932,C90.200x013,髓外的浆细胞瘤伴缓解
113933,C90.300,孤立性浆细胞瘤
113934,C90.300x001,浆细胞瘤伴缓解
113935,C90.300x002,浆细胞肉瘤伴缓解
113936,C90.300x003,浆细胞肉瘤
113937,C90.300x004,孤立性骨髓瘤伴缓解
126383,L02.200,躯干皮肤脓肿、疖和痈
126384,L02.200x004,会阴部炎性疖
126385,L02.200x009,背部痈
126386,L02.200x010,胸壁脓肿
126387,L02.201,背部脓肿
126388,L02.202,腹壁脓肿
126389,L02.203,腹股沟脓肿
126390,L02.205,髂窝脓肿
126391,L02.206,会阴脓肿
126393,L02.400,肢体皮肤脓肿、疖和痈
126394,L02.401,腘窝脓肿
126395,L02.402,下肢皮肤脓肿、疖和痈
126397,L02.800,皮肤脓肿、疖和痈，其他部位的
126398,L02.801,头皮脓肿
126399,L02.802,帽状腱膜下脓肿
126400,L02.803,头部疖
126401,L02.804,头部痈
126402,L02.900,皮肤脓肿、疖和痈
126403,L02.900x001,多发性疖肿
126405,L02.900x006,新生儿疖肿
126407,L02.902,皮肤脓肿
126408,L02.903,皮肤痈
126409,L03.000,指和趾的蜂窝织炎
126410,L03.000x015,指甲沟脓肿
126412,L03.002,甲周炎
126414,L03.004,甲床炎
126415,L03.100,肢体其他部位的蜂窝织炎
126417,L03.102,急性下肢淋巴管炎
126418,L03.103,上肢蜂窝织炎
125364,K51.901,溃疡性结肠炎，轻度
125365,K51.902,溃疡性结肠炎，中度
125367,K51.904+M07.5*,溃疡性结肠炎性关节病
125368,K52.000,放射性胃肠炎和结肠炎
125369,K52.000x001,放射性肠炎
125370,K52.001,放射性结肠炎
125372,K52.101,中毒性胃肠炎
125373,K52.102,中毒性肠炎
125374,K52.103,中毒性腹泻
125375,K52.104,药物性胃肠炎和结肠炎
125376,K52.200,变应性及饮食性胃肠炎和结肠炎
125920,K75.401,狼疮性肝炎
125921,K75.800,炎性肝脏疾病，其他特指的
125922,K75.800x001,胆小管炎性肝炎
125923,K75.800x006,肝炎性肿物
125924,K75.801,肝旁炎性肿物
125925,K75.803,营养性肝炎
125926,K75.804,胆汁淤积性肝炎
125928,K75.806,非酒精性脂肪性肝炎
125929,K75.810,肝炎性假瘤
125930,K75.900,炎性肝脏疾病
125931,K75.901,肝炎
125932,K76.000,脂肪肝
125933,K76.001,非酒精性脂肪性肝病
125934,K76.100,肝慢性阻性充血
125935,K76.101,心源性肝硬化
125936,K76.102,慢性淤血性肝损害
125937,K76.200,肝中心性出血性坏死
125938,K76.300,肝梗死
125939,K76.400,紫癜样肝病
125940,K76.401,肝血管瘤病
125941,K76.500,肝静脉梗阻症
125942,K76.500x001,肝门静脉闭塞
125943,K76.500x002,肝小静脉闭塞
125944,K76.600,门静脉高压
125945,K76.600x002,门脉高压
125946,K76.600x006,门静脉瘤栓
125947,K76.600x007,非肝硬化性门脉高压
125948,K76.601,胰源性门脉高压
125949,K76.602,特发性门脉高压
125950,K76.603,班蒂综合征
125951,K76.700,肝肾综合征
125952,K76.700x001,肝肾功能衰竭
125953,K76.700x003,肝性肾病
125954,K76.800,肝病，其他特指的
113906,C90.000x026,多发性骨髓瘤（IgDλ型）
125044,K27.000,急性消化性溃疡伴有出血
125045,K27.100,急性消化性溃疡伴有穿孔
125046,K27.100x001,消化性溃疡伴急性穿孔
125048,K27.300,急性消化性溃疡不伴有出血和穿孔
125049,K27.400,慢性消化性溃疡伴有出血
125050,K27.400x001,多发性溃疡伴出血
125051,K27.400x002,复合性溃疡伴出血
125053,K27.401,应激性溃疡伴出血
125054,K27.500,慢性消化性溃疡伴有穿孔
114661,D18.008,生殖器官血管瘤
114662,D18.009,肌内血管瘤
114664,D18.011,胸腔血管瘤
114665,D18.012,腹腔血管瘤
114666,D18.013,肝血管瘤
114667,D18.014,骨血管瘤
114668,D18.100,淋巴管瘤，任何部位
114670,D18.100x002,腹膜后淋巴管瘤
114671,D18.100x003,海绵状淋巴管瘤
114672,D18.100x004,口腔内淋巴管瘤
114673,D18.100x006,淋巴管瘤
114019,C92.300x013,粒细胞肉瘤伴缓解
114020,C92.400,急性早幼粒细胞白血病
114021,C92.400x011,急性早幼粒细胞白血病伴缓解（M3型）
114022,C92.401,急性早幼粒细胞性白血病，完全缓解
114023,C92.402,急性髓细胞白血病，M3型
114024,C92.403,急性髓细胞白血病，M3伴（15；17）伴多样型
114025,C92.500,急性粒-单核细胞白血病
114026,C92.500x011,急性粒单核细胞白血病伴缓解（M4型）
114027,C92.501,急性髓细胞白血病，M4型
114028,C92.502,急性髓细胞白血病，M4伴t（16；16）伴多样型
114029,C92.600,急性髓系白血病伴11q23异常
114030,C92.601,急性髓系白血病伴MLL基因变异
114031,C92.700,"髓样白血病,其他的"
114032,C92.700x006,唐氏综合征相关的髓系白血病
114033,C92.700x012,嗜碱细胞性白血病伴缓解
114034,C92.700x013,嗜酸细胞性白血病伴缓解
114035,C92.701,非白血性髓系白血病
114036,C92.703,嗜碱细胞白血病
114037,C92.706,嗜酸细胞白血病
114839,D23.502,乳房皮肤良性肿瘤
114840,D23.503,肛周皮肤良性肿瘤
114841,D23.504,腹壁良性肿瘤
114842,D23.505,腋皮肤良性肿瘤
114843,D23.506,臀部皮肤良性肿瘤
114844,D23.600,上肢（包括肩）皮肤良性肿瘤
114845,D23.600x001,上肢皮肤良性肿瘤
114846,D23.600x002,上肢端皮肤良性肿瘤
114847,D23.601,肩皮肤良性肿瘤
125627,K63.105,乙状结肠穿孔
125629,K63.108,小肠穿孔
125630,K63.200,肠瘘
125631,K63.200x003,盲管瘘
125633,K63.201,腹壁肠瘘
125634,K63.202,腹壁盲肠瘘
125635,K63.203,腹壁窦道
125636,K63.204,结肠瘘
125637,K63.205,手术后结肠瘘
125638,K63.206,手术后盲肠瘘
125640,K63.208,手术后回肠瘘
125641,K63.209,手术后肠腹壁瘘
125642,K63.210,手术后肠吻合口瘘
125643,K63.211,手术后小肠结肠瘘
125645,K63.213,手术后肠瘘
125646,K63.214,腹壁瘘
125647,K63.215,手术后大肠瘘
125648,K63.216,手术后小肠瘘
125649,K63.300,肠溃疡
125650,K63.301,回肠溃疡
125652,K63.303,小肠黏膜糜烂
125653,K63.304,原发性小肠溃疡
125654,K63.305,结肠溃疡
125655,K63.306,盲肠溃疡
125657,K63.308,肠糜烂
125658,K63.400,肠下垂
125378,K52.201,过敏性腹泻
125379,K52.202,过敏性结肠炎
125380,K52.203,过敏性肠炎
125381,K52.204,饮食性腹泻
125382,K52.300,未定型结肠炎
125383,K52.800,非感染性胃肠炎和结肠炎，其他特指的
125384,K52.800x003,嗜酸细胞性小肠炎
125385,K52.801,胶原性结肠炎
125386,K52.802,淋巴细胞性结肠炎
125387,K52.803,嗜酸性细胞性胃炎
125388,K52.804,嗜酸细胞性胃肠炎
125389,K52.900,非感染性胃肠炎和结肠炎
125390,K52.901,非感染性胃肠炎
125391,K52.902,非感染性腹泻
125392,K52.903,非感染性回盲部炎症
125393,K52.904,非感染性急性肠炎
125394,K52.907,慢性肠炎
125395,K52.908,慢性腹泻
125396,K52.909,慢性胃肠炎
125397,K52.910,慢性结肠炎
125398,K52.911,盲肠炎
115306,D38.300x001,纵隔交界性肿瘤
115307,D38.300x002,前纵隔交界性肿瘤
115308,D38.300x003,后纵隔交界性肿瘤
115309,D38.301,纵隔肿瘤
115310,D38.400,胸腺动态未定或动态未知的肿瘤
115311,D38.400x001,胸腺交界性肿瘤
115312,D38.401,胸腺肿瘤
115313,D38.500,呼吸器官动态未定或动态未知的肿瘤，其他的
115314,D38.500x001,鼻腔交界性肿瘤
115315,D38.500x003,鼻窦交界性肿瘤
115316,D38.500x004,鼻软骨交界性肿瘤
115317,D38.500x005,中耳交界性肿瘤
115319,D38.502,鼻腔肿瘤
116069,D68.200x010,先天性异常纤维蛋白原血症
116070,D68.201,纤维蛋白原缺乏血症
116073,D68.204,凝血因子Ⅴ缺乏症
116074,D68.205,凝血因子Ⅶ缺乏症
116075,D68.206,凝血因子Ⅹ缺乏症
116076,D68.207,凝血因子Ⅻ缺乏症
116078,D68.300,循环抗凝物引起的出血性疾患
116079,D68.300x001,因子Ⅷ抗体形成
116080,D68.300x003,血循环中抗凝物质存在
116082,D68.301,高肝素血症
116083,D68.302,抗凝血酶增多导致的出血症
116084,D68.303,长期使用抗凝剂引起的出血
116085,D68.400,后天性凝血因子缺乏
116087,D68.400x003,由于肝病引起的凝血因子缺乏
116088,D68.401,维生素K依赖因子缺乏症
116089,D68.402,自身免疫性凝血酶原减少
116090,D68.500,原发性血栓形成倾向
116091,D68.501,抗活化蛋白C症
116093,D68.503,遗传性蛋白C缺陷症
114675,D18.100x008,硬脑膜下淋巴管瘤
114676,D18.100x010,腮腺淋巴管瘤
114677,D18.100x011,舌淋巴管瘤
114678,D18.100x013,头部淋巴管瘤
114679,D18.100x015,纵隔淋巴管瘤
114680,D18.100x017,阴囊淋巴管瘤
114681,D18.100x018,会阴淋巴管瘤
114682,D18.100x019,腹股沟淋巴管瘤
114683,D18.100x021,下颌下腺淋巴管瘤
114684,D18.100x023,脾淋巴管瘤
114685,D18.100x024,下肢淋巴管瘤
114686,D18.100x025,胸淋巴管瘤
115424,D43.000x006,大脑交界性肿瘤
115425,D43.001,脑幕上肿瘤
115426,D43.002,脑室动态未定肿瘤
115427,D43.003,脑室肿瘤
115428,D43.004,大脑动态未定肿瘤
115429,D43.005,大脑肿瘤
115430,D43.006,额叶动态未定肿瘤
115431,D43.007,额叶肿瘤
115432,D43.008,枕叶动态未定肿瘤
115433,D43.009,枕叶肿瘤
115434,D43.010,顶叶动态未定肿瘤
115435,D43.011,顶叶肿瘤
115436,D43.012,颞叶动态未定肿瘤
115437,D43.013,颞叶肿瘤
115439,D43.100x001,脑干交界性肿瘤
115440,D43.100x002,小脑交界性肿瘤
115441,D43.100x003,延髓交界性肿瘤
115442,D43.100x004,第四脑室交界性肿瘤
115443,D43.101,脑幕下肿瘤
115444,D43.102,脑干动态未定肿瘤
115445,D43.103,脑干肿瘤
115446,D43.104,小脑动态未定肿瘤
115447,D43.105,小脑肿瘤
115449,D43.107,延髓肿瘤
115450,D43.200,脑的动态未定或动态未知的肿瘤
115451,D43.200x001,颅内交界性肿瘤
115452,D43.200x002,脑交界性肿瘤
115454,D43.200x004,颅底交界性肿瘤
115455,D43.200x005,斜坡交界性肿瘤
115456,D43.201,脑肿瘤
115457,D43.202,颅底交通性肿瘤
115458,D43.300,脑神经动态未定或动态未知的肿瘤
115460,D43.300x002,嗅神经交界性肿瘤
115461,D43.300x003,视神经交界性肿瘤
115462,D43.300x004,动眼神经交界性肿瘤
115463,D43.300x005,滑车神经交界性肿瘤
126158,K85.300,药物性急性胰腺炎
126159,K85.301,急性药物性胰腺炎，轻症
126160,K85.302,急性药物性胰腺炎，重症
126161,K85.800,急性胰腺炎，其他的
126163,K85.800x002,急性出血坏死性胰腺炎
126164,K85.800x003,胰腺脓肿
125659,K63.401,结肠下垂
125660,K63.402,回肠黏膜脱垂
125661,K63.403,内脏下垂
125662,K63.500,结肠息肉
125663,K63.500x002,色素沉着性结肠息肉
125664,K63.500x084,横结肠息肉
125665,K63.501,升结肠息肉
125666,K63.502,降结肠息肉
125667,K63.503,乙状结肠息肉
125668,K63.504,多发性结肠息肉
125669,K63.800,肠其他特指的疾病
125670,K63.801,肠脂肪垂
125671,K63.802,小肠囊肿
125672,K63.803,小肠息肉
125673,K63.804,小肠肿物
125674,K63.805,小肠肉芽肿
125675,K63.806,小肠不典型增生
125676,K63.807,十二指肠囊肿
125677,K63.809,结肠积气
125678,K63.810,结肠囊肿
125679,K63.812,结肠黑变病
125680,K63.813,回盲部息肉
125681,K63.814,回盲部肉芽肿
125682,K63.815,回盲部黏液性囊肿
125683,K63.816,盲肠息肉
125684,K63.817,直肠乙状结肠炎
125685,K63.818,大肠不典型增生
125686,K63.819,肠肉芽肿
125687,K63.900,肠的疾病
125688,K63.900x001,结肠肿物
125689,K63.900x002,肠上皮化生
125690,K63.900x003,肠系膜肿物
125691,K63.900x005,盲肠瘀滞症
125692,K63.901,回盲部肿物
125693,K63.902,功能性肠病
125694,K64.000,I度痔
125696,K64.200,Ⅲ度痔
125697,K64.300,Ⅳ度痔
125698,K64.400,残留痔皮赘
125699,K64.401,肛门皮赘
125700,K64.402,直肠皮赘
125701,K64.500,肛周静脉血栓形成
125702,K64.501,肛周血肿
125703,K64.800,特指痔
125704,K64.801,血栓性内痔
116875,E13.102,继发性糖尿病性酮症
116876,E13.200,糖尿病伴有肾的并发症，其他特指的
116877,E13.200x521+N08.3*,青少年发病的成人型糖尿病性肾病
116879,E13.300,糖尿病伴有眼的并发症，其他特指的
116880,E13.300x271+H36.0*,继发性糖尿病性视网膜病变
116881,E13.300x571+H36.0*,青少年发病的成人型糖尿病性视网膜病变
114574,D18.000,血管瘤，任何部位
114575,D18.000x001,血管瘤
114576,D18.000x002,结膜血管瘤
114577,D18.000x003,节段性血管瘤病
114578,D18.000x004,蓝色橡皮大疱性痣综合征
114579,D18.000x005,溃疡残毁性血管瘤病
114580,D18.000x010,腹壁血管瘤
116094,D68.504,遗传性蛋白S缺陷症
116095,D68.505,凝血酶原基因突变
116096,D68.600,血栓形成倾向，其他的
116097,D68.600x003,高凝状态
116098,D68.601,抗心磷脂抗体综合征
116099,D68.602,易栓症
116100,D68.603,抗磷脂综合征
116101,D68.604,狼疮抗凝物质出现
116102,D68.605,抗磷脂抗体综合征
116103,D68.800,凝血缺陷，其他特指的
116104,D68.801,凝血因子缺乏
116105,D68.900,凝血缺陷
116106,D68.900x003,凝血功能异常
116107,D68.900x005,高纤维蛋白原血症
116108,D68.900x006,低纤维蛋白原血症
116109,D68.901,出血倾向
116110,D68.902,凝血障碍
116111,D68.903,凝血时间延长
116112,D69.000,变应性［过敏性］紫癜
116113,D69.000x007,恶性紫癜
116114,D69.000x008,感染性紫癜
116115,D69.000x010,神经性紫癜
116116,D69.000x011,细菌性紫癜
116117,D69.000x013,中毒性紫癜
116118,D69.001,皮肤型过敏性紫癜
113938,C90.301,局限性恶性浆细胞瘤
113940,C90.303,孤立性骨髓瘤
113941,C91.000,急性淋巴细胞白血病
113942,C91.000x006,前B细胞急性淋巴细胞白血病
113943,C91.000x007,前T细胞急性淋巴细胞白血病
113944,C91.000x009,B淋巴母细胞性白血病/淋巴瘤
113945,C91.000x012,急性淋巴细胞白血病L1伴缓解
113947,C91.000x014,急性淋巴细胞白血病L3伴缓解
113948,C91.000x015,慢性粒细胞性白血病伴缓解（急淋变）
113949,C91.000x016,T淋巴母细胞白血病/淋巴瘤
113950,C91.000x017,前T细胞急性淋巴细胞白血病伴缓解
114737,D21.301,腋结缔组织良性肿瘤
114738,D21.302,膈结缔组织良性肿瘤
114739,D21.303,肩胛区结缔组织良性肿瘤
114740,D21.400,腹部结缔组织和其他软组织良性肿瘤
114742,D21.400x002,髂窝结缔组织良性肿瘤
114743,D21.400x003,髂腰肌结缔组织良性肿瘤
114744,D21.400x004,下腔静脉良性肿瘤
114745,D21.401,腰部结缔组织良性肿瘤
114746,D21.402,腹壁结缔组织良性肿瘤
114748,D21.500,盆腔结缔组织和其他软组织良性肿瘤
114749,D21.500x001,骶部结缔组织良性肿瘤
114750,D21.500x002,骶前结缔组织良性肿瘤
114752,D21.501,臀部结缔组织良性肿瘤
114753,D21.502,腹股沟结缔组织良性肿瘤
126165,K85.801,急性操作后胰腺炎，轻症
126166,K85.802,急性创伤性胰腺炎，轻症
126167,K85.803,急性复发性胰腺炎，轻症
126168,K85.807,急性水肿性胰腺炎，轻症
126169,K85.808,急性手术后胰腺炎，轻症
126170,K85.809,急性自身免疫性胰腺炎，轻症
126171,K85.813,急性操作后胰腺炎，重症
126172,K85.814,急性出血性胰腺炎，重症
126173,K85.815,急性创伤性胰腺炎，重症
126174,K85.816,急性复发性胰腺炎，重症
126176,K85.818,急性坏死性胰腺炎，重症
126177,K85.821,急性手术后胰腺炎，重症
126178,K85.822,急性自身免疫性胰腺炎，重症
126179,K85.900,急性胰腺炎
126180,K85.900x002,急性轻症胰腺炎
126181,K85.900x003,慢性胰腺炎急性发作
126182,K85.901,亚急性胰腺炎
126183,K85.902,急性重症胰腺炎
126184,K86.000,酒精性慢性胰腺炎
126185,K86.100,慢性胰腺炎，其他的
126186,K86.100x001,复发性胰腺炎
126187,K86.100x002,慢性胰腺炎
126188,K86.100x004,高脂血症性胰腺炎
126189,K86.101,慢性复发性胰腺炎
125201,K38.802,阑尾囊肿
125202,K38.900,阑尾疾病
125203,K40.000,双侧腹股沟疝，伴有梗阻，不伴有坏疽
125204,K40.000x001,双侧腹股沟疝伴梗阻
125206,K40.002,双侧腹股沟直疝伴梗阻
125207,K40.100,双侧腹股沟疝，伴有坏疽
125208,K40.100x001,双侧腹股沟疝伴坏疽
125209,K40.101,双侧腹股沟斜疝伴坏死
125211,K40.200,双侧腹股沟疝，不伴有梗阻或坏疽
125212,K40.200x001,双侧腹股沟疝
125213,K40.201,双侧腹股沟斜疝
125214,K40.202,双侧腹股沟直疝
125216,K40.204,双侧腹股沟疝（一侧直疝、一侧斜疝）
125217,K40.300,单侧或未特指的腹股沟疝，伴有梗阻，不伴有坏疽
125218,K40.301,单侧绞窄性腹股沟斜疝
125220,K40.303,单侧难复性腹股沟直疝
125221,K40.304,单侧难复性腹股沟斜疝
125222,K40.305,单侧嵌顿性腹股沟直疝
125223,K40.306,单侧嵌顿性腹股沟斜疝
125225,K40.308,单侧滑动性腹股沟疝伴梗阻
125226,K40.309,腹股沟嵌顿性滑疝
125227,K40.310,绞窄性腹股沟疝
125228,K40.311,难复性腹股沟疝
125230,K40.313,嵌顿性腹股沟疝伴梗阻
125056,K27.500x002,复合性溃疡伴穿孔
125057,K27.500x005,上消化道溃疡伴穿孔
114582,D18.000x021,颅骨血管瘤
114583,D18.000x023,硬膜外血管瘤
114584,D18.000x024,椎管内血管瘤
114585,D18.000x025,脊柱血管瘤
114586,D18.000x026,脑干血管瘤
114587,D18.000x027,蝶鞍旁血管瘤
114588,D18.000x028,颅内血管瘤
114589,D18.000x031,胰腺血管瘤
114590,D18.000x040,贲门血管瘤
114591,D18.000x041,肠系膜血管瘤
114592,D18.000x042,肠血管瘤
114593,D18.000x043,结肠血管瘤
114594,D18.000x044,脾血管瘤
114595,D18.000x045,食道血管瘤
114596,D18.000x046,小肠血管瘤
114597,D18.000x501,鼻窦血管瘤
114598,D18.000x503,鼻部血管瘤
114599,D18.000x504,鼻咽血管瘤
114600,D18.000x505,唇部血管瘤
114601,D18.000x506,外耳道血管瘤
114602,D18.000x507,喉部血管瘤
114603,D18.000x508,口腔血管瘤
114604,D18.000x510,咽部血管瘤
114605,D18.000x511,梨状窝血管瘤
114606,D18.000x800,肺血管瘤
114607,D18.000x801,腹膜后血管瘤
114608,D18.000x804,眶内血管瘤
114609,D18.000x805,脉络膜血管瘤
114610,D18.000x806,尿道口血管瘤
114611,D18.000x807,腮腺血管瘤
114612,D18.000x808,唾液腺血管瘤
114614,D18.000x810,肾上腺血管瘤
114615,D18.000x811,肾血管瘤
114616,D18.000x812,外阴血管瘤
114617,D18.000x814,纵隔血管瘤
114619,D18.000x816,乳房血管瘤
114620,D18.000x817,女性生殖器血管瘤
114621,D18.000x818,男性生殖器血管瘤
114622,D18.000x819,膀胱血管瘤
114624,D18.000x822,盆腔血管瘤
114625,D18.000x823,上颌骨血管瘤
114626,D18.000x824,小阴唇血管瘤
114627,D18.000x825,肛门血管瘤
113968,C91.500,成人T-细胞淋巴瘤/白血病(HTLV-1-相关性)
113969,C91.500x011,成人T细胞白血病伴缓解
113970,C91.600,T细胞型早幼粒细胞白血病
113971,C91.700,淋巴样白血病，其他的
113973,C91.704,T-细胞大颗粒淋巴细胞白血病
113974,C91.800,伯基特型成熟B细胞白血病
113975,C91.900,淋巴样白血病
113976,C91.901,淋巴细胞白血病
113977,C92.000,急性髓细胞白血病
113979,C92.000x006,急性嗜碱性粒细胞白血病
114754,D21.503,骶尾结缔组织良性肿瘤
114755,D21.504,坐骨直肠窝结缔组织良性肿瘤
114756,D21.505,尿道旁结缔组织良性肿瘤
114757,D21.506,膀胱直肠结缔组织良性肿瘤
114758,D21.507,阴道旁结缔组织良性肿瘤
114759,D21.508,直肠阴道壁结缔组织良性肿瘤
114760,D21.509,直肠旁结缔组织良性肿瘤
114761,D21.600,躯干结缔组织和其他软组织的良性肿瘤
114762,D21.600x002,躯干结缔组织良性肿瘤
114763,D21.601,背部结缔组织良性肿瘤
114764,D21.602,胁腹结缔组织良性肿瘤
114765,D21.900,结缔组织和其他软组织良性肿瘤
114766,D21.900x001,肌肉良性肿瘤
114767,D21.900x002,结缔组织良性肿瘤
114768,D21.900x003,结缔组织及软组织良性肿瘤
114769,D21.900x005,粘液囊良性肿瘤
114770,D21.900x007,筋膜良性肿瘤
114771,D21.900x008,脂肪良性肿瘤
114772,D21.900x009,韧带良性肿瘤
114773,D21.900x012,滑膜良性肿瘤
114774,D21.900x013,腱鞘良性肿瘤
114775,D21.900x014,肢体多处结缔组织良性肿瘤
114776,D21.900x015,木村病
114777,D22.000,唇黑素细胞痣
114778,D22.100,眼睑（包括眦）黑素细胞痣
114779,D22.100x004,眼皮黑色素痣
125399,K52.912,非感染性乙状结肠炎
125400,K52.913+M07.6*,肠病性关节炎
125401,K52.914,肠炎性包块
125403,K52.918,非感染性婴儿肠炎
125404,K52.919,非感染性幼儿腹泻
125405,K55.000,肠急性血管疾患
125408,K55.000x011,肠缺血梗死
125409,K55.000x015,肠系膜静脉瘤栓
125410,K55.001,急性肠血管梗死
125411,K55.002,急性缺血性肠坏死
125412,K55.003,出血性肠梗死
125413,K55.004,肠坏死
125415,K55.006,肠系膜动脉栓塞
125416,K55.007,肠系膜静脉血栓形成伴肠坏死
125417,K55.008,肠系膜动脉血栓形成
125419,K55.010,肠系膜静脉血栓形成
125420,K55.011,肠系膜静脉栓塞
125421,K55.012,肠系膜梗死
125422,K55.013,大网膜坏死
126303,K91.810,食管胃吻合口瘘
126304,K91.811,食管胃吻合口炎
126306,K91.813,食管空肠吻合口瘘
126307,K91.814,食管空肠吻合口炎
126308,K91.815,食管吻合口瘘
126309,K91.816,食管十二指肠吻合口瘘
126311,K91.818,手术后胃肠功能紊乱
125058,K27.501,消化性溃疡伴穿孔
125059,K27.502,应激性溃疡伴穿孔
125060,K27.503,上消化道穿孔
125061,K27.600,慢性消化性溃疡伴有出血和穿孔
125062,K27.600x001,复合性溃疡伴出血和穿孔
125063,K27.700,慢性消化性溃疡不伴有出血或穿孔
125064,K27.700x001,慢性消化性溃疡
125065,K27.900,消化性溃疡不伴有出血
125066,K27.900x001,多发性复合性溃疡
125067,K27.900x002,复合性溃疡
125068,K27.900x005,NSAIDs相关溃疡
125069,K27.901,消化性溃疡
125070,K27.902,应激性溃疡
125071,K28.000,急性胃空肠溃疡伴有出血
125072,K28.100,急性胃空肠溃疡伴有穿孔
125073,K28.200,急性胃空肠溃疡伴有出血和穿孔
125074,K28.300,急性胃空肠溃疡不伴有出血和穿孔
125075,K28.300x001,急性胃空肠溃疡
125076,K28.400,慢性胃空肠溃疡伴有出血
125077,K28.400x002,吻合口溃疡伴出血
125955,K76.800x003,肝多发性再生肥大结节
125957,K76.800x007,肝管出血
125958,K76.800x009,甲亢性肝损害
125959,K76.800x015,肝炎后黄疸
125960,K76.800x021,肝内型窦后阻塞
125961,K76.800x022,肝粘连
125962,K76.800x023,肝溃疡
125963,K76.800x026,急性淤血性肝损害
125964,K76.800x027,代谢性肝病
125965,K76.801,自发性肝破裂出血
125967,K76.804,肝结节
125968,K76.805,肝肺综合征
125969,K76.806,多发性肝囊肿
125970,K76.807,肝囊肿
125972,K76.809,肝下垂
125973,K76.810,缺血性肝病
125974,K76.811,肝血肿
125976,K76.814,肝癌破裂出血
125977,K76.815,肝管息肉
125978,K76.816,肝细胞性黄疸
125980,K76.818,单纯性肝囊肿
125981,K76.819,先天性胆汁酸合成障碍
125982,K76.900,肝病
125983,K76.900x002,肝损害
125984,K76.901,肝肿物
125986,K80.000x002,胆囊结石伴急性胆囊炎
125987,K80.000x004,胆囊结石伴慢性胆囊炎急性发作
125988,K80.001,胆囊结石伴坏疽性胆囊炎
125990,K80.100,胆囊结石伴有其他胆囊炎
125991,K80.100x001,胆囊结石伴胆囊炎
125992,K80.101,胆囊结石伴慢性胆囊炎
125993,K80.200,胆囊结石不伴有胆囊炎
125994,K80.200x001,残余胆囊结石
113980,C92.000x011,急性粒细胞性白血病未分化型伴缓解（M1型）
113981,C92.000x012,急性粒细胞性白血病部分分化型伴缓解（M2型）
113982,C92.000x013,急性粒细胞性白血病伴缓解
113983,C92.000x014,急性髓系白血病，伴有异常的骨髓嗜酸性粒细胞
113984,C92.000x015,急性髓系白血病，最低分化
113985,C92.000x016,急性髓系白血病，伴有成熟
113986,C92.000x017,急性髓系白血病，完全缓解
113987,C92.000x018,急性髓系白血病，t（6;9）（p23;q34）;DEK-NUP214
113988,C92.001,急性髓细胞白血病，微分化型
113989,C92.002,急性髓细胞白血病，不伴有成熟
113990,C92.003,急性髓细胞白血病，1/ETO型
113992,C92.005,急性髓细胞白血病，M1型
113993,C92.006,急性髓细胞白血病，M2型
113994,C92.007,急性髓细胞白血病，t（8;21）
114785,D22.302,鼻黑素细胞痣
114786,D22.400,头皮和颈部黑素细胞痣
114787,D22.400x002,头皮黑色素痣
114788,D22.401,颈黑素细胞痣
114789,D22.500,躯干黑素细胞痣
114790,D22.500x008,骶部黑色素痣
114791,D22.501,胸壁黑素细胞痣
114792,D22.502,背黑素细胞痣
114793,D22.503,乳房黑素细胞痣
114794,D22.504,耻骨黑素细胞痣
114795,D22.505,会阴黑素细胞痣
114797,D22.507,肛门皮肤黑素细胞痣
114798,D22.508,肛周黑素细胞痣
114799,D22.509,肩胛间区黑素细胞痣
114800,D22.510,腹股沟黑素细胞痣
114802,D22.600,上肢（包括肩）黑素细胞痣
114803,D22.601,肩黑素细胞痣
114804,D22.602,手黑素细胞痣
114806,D22.701,足黑素细胞痣
114807,D22.702,髋黑素细胞痣
114808,D22.900,黑素细胞痣
114809,D22.900x002,痣
114810,D22.900x003,甲下痣
114811,D22.900x017,大汗腺黑色素痣
114812,D22.900x021,假性黑色素瘤
114814,D23.000,唇皮肤良性肿瘤
114815,D23.100,眼睑（包括眦）皮肤良性肿瘤
125705,K64.802,出血性内痔
125706,K64.803,脱垂性内痔
125708,K64.805,内痔
125709,K64.806,血栓性外痔
125710,K64.807,出血性外痔
125711,K64.808,溃疡性外痔
125716,K64.901,出血性痔
125717,K65.000,急性腹膜炎
126312,K91.819,手术后胃肠吻合口狭窄
126313,K91.820,手术后肠粘连
126314,K91.821,手术后肠吻合口炎
126315,K91.822,手术后胆管狭窄
126316,K91.823,手术后胆管十二指肠吻合口狭窄
126317,K91.824,手术后肛门括约肌失禁
126318,K91.825,手术后肝衰竭
126319,K91.826,手术后肝总管狭窄
126320,K91.827,手术后肝管-空肠吻合口狭窄
126321,K91.828,手术后胃排空障碍
126322,K91.829,手术后胃肠吻合口炎
126323,K91.830,手术后胃瘫综合征
126324,K91.831,手术后幽门梗阻
126325,K91.832,胃肠吻合口功能障碍
126326,K91.833,胃肠吻合口水肿
126328,K91.835,胃肠道手术后腹泻
126329,K91.836,输入袢综合征
126330,K91.837,手术后腹膜炎
126331,K91.839,肠吻合口狭窄
126332,K91.840,手术后胆管闭锁
126333,K91.841,手术后肝管狭窄
126334,K91.842,胃肠吻合术后输出袢梗阻
126335,K91.900,消化系统的操作后疾患
126336,K92.000,呕血
126337,K92.100,黑粪
126338,K92.100x001,黑便
126339,K92.200,胃肠出血
126340,K92.200x001,便血
126341,K92.200x005,胃肠道出血
126342,K92.201,胃出血
126343,K92.202,残胃出血
126344,K92.203,十二指肠出血
126345,K92.204,肠出血
126346,K92.205,盲肠出血
126347,K92.206,结肠出血
116119,D69.002,关节型过敏性紫癜
116120,D69.003,风湿性紫癜
116121,D69.004,过敏性紫癜
116122,D69.005+N08.2*,肾型过敏性紫癜
116800,E11.400x390+G99.0*,2型糖尿病性神经性水肿
116801,E11.400x901+G99.0*,2型糖尿病性脊髓病
116802,E11.401+G63.2*,2型糖尿病性周围神经病
116804,E11.403+G63.2*,2型糖尿病性神经炎
116805,E11.404+G99.0*,2型糖尿病性神经源性膀胱
116806,E11.405+G73.0*,2型糖尿病性肌萎缩
116807,E11.406+G99.0*,2型糖尿病性胃轻瘫
116809,E11.500x021+I79.2*,2型糖尿病性周围血管病及坏疽
116810,E11.500x043,2型糖尿病性下肢溃疡
116811,E11.500x044,2型糖尿病性足坏疽
116812,E11.500x045,2型糖尿病性急性皮肤坏疽
116814,E11.500x047,2型糖尿病性溶血性坏疽
116815,E11.500x048,2型糖尿病性富尼埃坏疽
116816,E11.500x049,2型糖尿病性曼莱尼坏疽
125996,K80.201,胆囊管结石
125997,K80.202,胆囊绞痛
125998,K80.203,胆囊结石嵌顿
125999,K80.300,胆管结石伴有胆管炎
115465,D43.300x007,外展神经交界性肿瘤
115466,D43.300x008,面神经交界性肿瘤
115467,D43.300x009,听神经交界性肿瘤
115468,D43.300x010,舌咽神经交界性肿瘤
115469,D43.300x011,迷走神经交界性肿瘤
115470,D43.300x012,副神经交界性肿瘤
115471,D43.300x013,舌下神经交界性肿瘤
115472,D43.301,脑神经肿瘤
115473,D43.400,脊髓动态未定或动态未知的肿瘤
115474,D43.400x001,脊髓交界性肿瘤
115475,D43.400x002,马尾交界性肿瘤
115476,D43.401,脊髓肿瘤
115477,D43.402,马尾动态未定肿瘤
115478,D43.403,马尾肿瘤
116236,D73.901,脾肿物
116237,D74.000,先天性高铁血红蛋白血症
116238,D74.000x002,先天性NADH高铁血红蛋白还原酶缺乏
116239,D74.000x003,血红蛋白-M病
116240,D74.000x004,遗传性高铁血红蛋白血症
116241,D74.800,高铁血红蛋白血症，其他的
116242,D74.800x001,后天性高铁血红蛋白血症伴硫化血红蛋白血症
116243,D74.800x003,硫化血红蛋白血症
116244,D74.801,中毒性高铁血红蛋白血症
116245,D74.900,高铁血红蛋白血症
116246,D75.000,家族性红细胞增多症
116247,D75.000x002,良性红细胞增多症
116248,D75.100,继发性红细胞增多症
116249,D75.101,一过性红细胞增多症
116251,D75.103,高原性红细胞增多症
116252,D75.104,应激性红细胞增多症
116254,D75.106,红细胞增多症，未特指
116256,D75.108,血浆容量降低性红细胞增多症
116257,D75.109,情绪性红细胞增多症
116258,D75.110,血氧过低性红细胞增多症
116259,D75.111,肾源性红细胞增多症
116261,D75.800x003,感染后骨髓抑制
116262,D75.801,骨髓硬化
116263,D75.802,骨髓坏死
116264,D75.803,继发性骨髓纤维化
116265,D75.804,骨髓增生
116266,D75.805,继发性血小板增多症
116267,D75.806,嗜碱粒细胞增多症
116269,D75.809,急性造血功能抑制
116270,D75.900,血液和造血器官的疾病
116271,D75.901,造血功能停滞
116272,D75.902,骨髓增生减低
116274,D76.100x003,除朗格汉斯细胞外的单核吞噬细胞的组织细胞增多症
125718,K65.000x014,盲肠脓肿
125719,K65.001,急性化脓性弥漫性腹膜炎
125720,K65.002,急性化脓性腹膜炎
125721,K65.003,急性弥漫性腹膜炎
125722,K65.004,腹膜脓肿
125723,K65.005,腹腔脓肿
125724,K65.006,腹膜后脓肿
125725,K65.007,肝下脓肿
125726,K65.008,肝周脓肿
125727,K65.009,膈下脓肿
125729,K65.011,盲肠后脓肿
125730,K65.012,肠系膜脓肿
125731,K65.013,男性盆腔脓肿
125732,K65.014,男性盆腔炎
125733,K65.015,男性盆腔炎性包块
125734,K65.016,细菌性腹膜炎
125735,K65.017,继发性腹膜炎
125736,K65.800,腹膜炎，其他的
125737,K65.800x001,肠系膜炎
125738,K65.800x002,出血性腹膜炎
125739,K65.801,肠系膜脂肪坏死
125740,K65.802,慢性腹膜炎
125741,K65.803,胆汁性腹膜炎
125742,K65.804,硬化性腹膜炎
125743,K65.805,多浆膜炎
125744,K65.806,多浆膜腔积液
125745,K65.807,嗜酸性粒细胞性腹膜炎
125746,K65.900,腹膜炎
125747,K65.901,局限性腹膜炎
125748,K65.902,自发性腹膜炎
125749,K65.903,腹腔感染
125750,K65.904,腹膜后感染
125751,K65.905,大网膜炎
125752,K65.906,原发性腹膜炎
125753,K66.000,腹膜粘连
125754,K66.000x007,腹壁粘连
125755,K66.001,回盲部粘连
125756,K66.002,肠粘连
125757,K66.003,胃粘连
125758,K66.004,肠系膜粘连
125760,K66.006,大网膜粘连
125761,K66.007,腹腔粘连
125762,K66.008,十二指肠粘连
125764,K66.101,腹膜出血
125766,K66.103,肠系膜出血
125767,K66.200,腹膜后纤维化
125768,K66.201,奥蒙德病
125769,K66.800,腹膜其他特指的疾患
125771,K66.800x009,腹膜憩室
125772,K66.801,网膜囊肿
125773,K66.802,肠系膜囊肿
125774,K66.803,肠系膜钙化
125775,K66.805,腹膜后囊肿
125776,K66.806,腹壁肉芽肿
125778,K66.808,腹膜囊肿
125779,K66.809,腹膜肉芽肿
125780,K66.810,腹膜后肉芽肿
125781,K66.811,膈下囊肿
125782,K66.812,骶前囊肿
114629,D18.000x835,心房血管瘤
115373,D40.700,男性生殖器官动态未定或动态未知的肿瘤，其他的
115374,D40.700x001,附睾交界性肿瘤
116817,E11.500x051,2型糖尿病性下肢感染
116818,E11.501+I79.2*,2型糖尿病性周围血管病变
116819,E11.502+I79.2*,2型糖尿病性心肌病
116820,E11.503,2型糖尿病足病
116821,E11.504,2型糖尿病性溃疡
116822,E11.505,2型糖尿病性坏疽
116823,E11.600,2型糖尿病伴有其他特指的并发症
116824,E11.600x011+M14.6*,2型糖尿病性夏科关节病
116825,E11.600x012+M14.2*,2型糖尿病性手关节综合征
116827,E11.600x015+M14.2*,2型糖尿病性肩关节周围炎
116828,E11.600x021,2型糖尿病性大疱症
116829,E11.600x023,2型糖尿病性红斑
116830,E11.600x024,2型糖尿病性潮红
116831,E11.600x025,2型糖尿病性皮肤硬化
116832,E11.600x026,2型糖尿病性皮肤增厚
116833,E11.600x027+L99.8*,2型糖尿病性糖尿病脂性渐进性坏死
116834,E11.600x028,2型糖尿病性甲周毛细血管扩张
116835,E11.600x031,2型糖尿病性急性牙周脓肿
116836,E11.600x032,2型糖尿病性牙周炎
116837,E11.600x042,2型糖尿病性低血糖性癫痫发作
116838,E11.600x043,2型糖尿病性低血糖症
116839,E11.600x051,2型糖尿病伴血糖控制不佳
116840,E11.600x910,2型糖尿病性肌坏死
116842,E11.600x920,2型糖尿病性无菌性肌坏死
114519,D17.400,胸腔内器官良性脂肪瘤样肿瘤
114520,D17.400x001,纵隔脂肪瘤
114521,D17.400x002,胸膜脂肪瘤
114522,D17.400x003,胸腔脂肪瘤
114524,D17.400x005,胸腺脂肪瘤
114525,D17.500,腹腔内器官良性脂肪瘤样肿瘤
114780,D22.200,耳和外耳道黑素细胞痣
114782,D22.201,外耳道黑素细胞痣
114783,D22.300,面部黑素细胞痣，其他和未特指部位的
114784,D22.301,面部黑素细胞痣
115528,D46.001,难治性贫血伴单系病态造血
115530,D46.100x002,伴环形铁粒幼红细胞的难治性贫血合并血小板显著增多
115531,D46.100x012,伴环形铁粒幼红细胞的难治性贫血合并血小板显著增多伴缓解
115533,D46.201x001,难治贫血伴有胚细胞过多-I型
115534,D46.203,难治性贫血伴有胚细胞过多-II型
115535,D46.400,难治性贫血
115536,D46.500,难治性贫血伴多系病态造血
115538,D46.700,骨髓增生异常综合征，其他的
115539,D46.700x001,难治性血细胞减少伴单一系列病态造血
116275,D76.100x004,家族性噬血细胞淋巴组织细胞增生症
116276,D76.100x005,噬血细胞淋巴组织细胞增生症
116277,D76.101,噬血细胞综合征
116278,D76.102,家族性噬红细胞性网状细胞增多
116279,D76.200,噬红细胞综合征，与感染有关的
116280,D76.300,组织细胞增多综合征，其他的
116281,D76.301,黄色肉芽肿
116282,D76.302,网状组织细胞瘤
125231,K40.314,嵌顿性腹股沟斜疝
125233,K40.400,单侧腹股沟疝，伴有坏疽
125234,K40.400x001,单侧腹股沟疝伴坏疽
125235,K40.401,单侧腹股沟斜疝伴坏疽
125236,K40.402,单侧腹股沟直疝伴坏疽
125237,K40.900,单侧或未特指的腹股沟疝，不伴有梗阻或坏疽
125238,K40.900x001,腹股沟环松弛
125239,K40.900x002,单侧腹股沟疝
125240,K40.900x003,单侧腹股沟斜疝
125241,K40.900x004,单侧腹股沟直疝
125242,K40.900x005,腹股沟斜疝合并直疝
125243,K40.900x006,先天性腹股沟斜疝
125244,K40.901,腹股沟斜疝
125245,K40.902,腹股沟直疝
125246,K40.903,腹股沟滑动疝
125247,K40.904,复发性腹股沟斜疝
125248,K40.905,复发性腹股沟直疝
125249,K40.906,复发性腹股沟疝
125250,K40.907,阴囊疝
125252,K41.100,双侧股疝，伴有坏疽
126190,K86.102,慢性创伤性胰腺炎
126191,K86.103,慢性自身免疫性胰腺炎
126192,K86.104,慢性胆石性胰腺炎
126193,K86.105,慢性间质性胰腺炎
126194,K86.106,慢性囊性胰腺炎
126196,K86.200,胰腺囊肿
126197,K86.300,胰腺假囊肿
126198,K86.800,胰腺其他特指的疾病
126199,K86.800x001,胰腺肿大
126200,K86.800x002,胰胆管扩张
126202,K86.800x015,胰腺功能不全并中性粒细胞减少综合征(Shwachman-Diamond综合征)
126203,K86.801,胰腺坏死
126204,K86.802,胰腺纤维化
126205,K86.803,胰岛组织硬化
126207,K86.805,胰腺组织增生
126208,K86.806,胰腺钙化
126209,K86.807,胰管痉挛
126210,K86.808,胰管扩张
126212,K86.810,胰瘘
126213,K86.811,胰管梗阻
126214,K86.812,胰腺脂肪浸润
126215,K86.813,胰腺肉芽肿
126218,K86.816,胰腺积液
126219,K86.817,胰腺萎缩
126220,K86.818,胰-心综合征
126221,K86.900,胰腺的疾病
61173,B67,包虫病
114961,D32.006,大脑镰旁脑膜瘤
114962,D32.007,矢状窦旁脑膜瘤
114963,D32.008,嗅沟脑膜瘤
114964,D32.009,中央区脑膜瘤
114965,D32.010,脑室内脑膜瘤
114966,D32.011,颞叶脑膜瘤
114967,D32.012,颅后窝脑膜瘤
114968,D32.013,颅前窝脑膜瘤
114969,D32.014,鞍区脑膜瘤
114970,D32.015,鞍结节脑膜瘤
114971,D32.016,鞍背脑膜瘤
114972,D32.017,枕部脑膜瘤
114973,D32.018,小脑幕脑膜瘤
114974,D32.019,小脑脑桥角脑膜瘤
114975,D32.020,斜坡脑膜瘤
114976,D32.021,颈静脉孔区脑膜瘤
114977,D32.022,枕骨大孔区脑膜瘤
114978,D32.023,颅内外沟通性脑膜瘤
114979,D32.100,脊（髓）膜良性肿瘤
114980,D32.100x001,脊膜瘤
114981,D32.101,颅颈交界区脊膜瘤
114982,D32.102,颈段脊膜瘤
114983,D32.103,胸段脊膜瘤
116708,E11.000x005,2型糖尿病性乳酸性酸中毒并昏迷
116709,E11.000x006,2型糖尿病性酮症酸中毒和乳酸性酸中毒并昏迷
116710,E11.001,2型糖尿病性高渗性昏迷
116711,E11.002,2型糖尿病性低血糖性昏迷
116712,E11.003,2型糖尿病性酮症酸中毒昏迷
116713,E11.100,2型糖尿病伴有酮症酸中毒
116714,E11.100x051,2型糖尿病性酮症酸中毒和乳酸性酸中毒
116715,E11.101,2型糖尿病性酮症酸中毒
116716,E11.102,2型糖尿病性乳酸酸中毒
116718,E11.200,2型糖尿病伴有肾的并发症
116720,E11.200x012+N08.3*,2型糖尿病性前期肾小球肾病
116721,E11.200x013+N08.3*,2型糖尿病性前期基膜肥厚性肾小球肾病
116722,E11.200x014+N08.3*,2型糖尿病性前期肾小球系膜增殖性肾病
116724,E11.200x016+N08.3*,2型糖尿病性前期微白蛋白尿
116725,E11.200x017+N08.3*,2型糖尿病性前期持续性微白蛋白尿
116726,E11.200x023+N08.3*,2型糖尿病性肾小球硬化症
114351,D12.000,盲肠良性肿瘤
114352,D12.000x002,回盲瓣良性肿瘤
114354,D12.100,阑尾良性肿瘤
114355,D12.200,升结肠良性肿瘤
114356,D12.300,横结肠良性肿瘤
114357,D12.301,结肠肝曲良性肿瘤
114359,D12.400,降结肠良性肿瘤
114360,D12.500,乙状结肠良性肿瘤
114361,D12.600,结肠良性肿瘤
114362,D12.601,家族性息肉病
114363,D12.602,结肠腺瘤样息肉病
132072,P01.600,胎儿和新生儿受母体死亡的影响
132966,Q21.101,中央型房间隔缺损（卵圆孔型）
132967,Q21.102,房间隔缺损（继发孔型）
132968,Q21.103,上腔型房间隔缺损（高位缺损或静脉窦缺损）
132969,Q21.104,混合型房间隔缺损
132970,Q21.105,下腔型房间隔缺损（低位缺损）
132971,Q21.106,鲁登巴赫综合征
132972,Q21.200,房室间隔缺损
132973,Q21.201,Ⅰ型房间隔缺损
132974,Q21.202,房室管型室间隔缺损
132975,Q21.203,部分性房室隔缺损
132976,Q21.204,过渡性房室隔缺损
132977,Q21.205,完全性房室隔缺损
132978,Q21.206,单心房
132979,Q21.300,法洛(法乐)四联症
132980,Q21.300x001,法洛四联症
132981,Q21.300x002,"法洛四联症,肺动脉瓣缺如"
132982,Q21.300x003,"法洛四联症,心内膜垫缺损"
132983,Q21.400,主动脉肺动脉间隔缺损
132984,Q21.400x001,主肺动脉窗
132985,Q21.800,心间隔的其他先天性畸形
132986,Q21.800x003,室间隔膜部瘤
132987,Q21.802,室间隔膨胀瘤
132988,Q21.804,法洛五联症
132989,Q21.805,法洛三联症
132990,Q21.900,心间隔先天性畸形
132991,Q22.000,肺动脉瓣闭锁
132992,Q22.100,先天性肺动脉瓣狭窄
132993,Q22.102,右室流出道狭窄
132994,Q22.200,先天性肺动脉瓣关闭不全
132995,Q22.300,肺动脉瓣的其他先天性畸形
132996,Q22.301,先天性肺动脉瓣畸形
132998,Q22.400,先天性三尖瓣狭窄
133000,Q22.500,埃布斯坦异常
133001,Q22.600,右心发育不全综合征
133003,Q22.800x004,先天性三尖瓣乳头肌起源异常
133004,Q22.800x005,先天性三尖瓣骑跨
133005,Q22.800x007,先天性三尖瓣裂
133006,Q22.801,先天性三尖瓣关闭不全
133008,Q22.900,三尖瓣先天性畸形
133009,Q23.000,先天性主动脉瓣狭窄
133010,Q23.001,左室流出道狭窄
133011,Q23.100,先天性主动脉瓣关闭不全
133013,Q23.200,先天性二尖瓣狭窄
133014,Q23.200x002,先天性二尖瓣闭锁
133015,Q23.200x003,"先天性二尖瓣狭窄,二尖瓣上环"
133016,Q23.200x004,"先天性二尖瓣狭窄,瓣下,降落伞型"
133018,Q23.300x002,先天性二尖瓣关闭不全并狭窄
118578,F44.804,癔症性情感暴发
118579,F44.805,分离型癔症
118580,F44.900,分离［转换］性障碍
131934,O99.618,妊娠合并硬化性胆管炎
131935,O99.619,妊娠合并急性胰腺炎
131936,O99.620,妊娠合并腹膜囊肿
131937,O99.621,妊娠合并腹膜炎
131938,O99.622,妊娠合并肛瘘
131939,O99.623,妊娠合并腹股沟疝
131940,O99.624,妊娠合并胃穿孔
131941,O99.700,皮肤和皮下组织的疾病并发于妊娠、分娩和产褥期
131942,O99.700x006,妊娠合并颈部脓肿
131944,O99.700x009,妊娠合并瘙痒性荨麻疹性丘疹
131945,O99.700x010,妊娠合并线状IgM皮病
131946,O99.700x011,妊娠合并丘疹性皮炎
131947,O99.700x012,妊娠合并瘙痒性荨麻疹性斑块
131948,O99.700x013,妊娠合并皮肤和皮下组织的疾病
131303,O48.x00,过期妊娠
132119,P04.900,胎儿和新生儿受母体内有害物质的影响
132120,P05.000,轻于胎龄
132121,P05.001,低体重儿
132122,P05.100,小于胎龄
132123,P05.102,足月小样低体重儿
132124,P05.200,胎儿营养不良
132125,P05.900,胎儿生长缓慢
132126,P05.900x001,胎儿宫内生长迟缓
132127,P07.000,极低出生体重（小于999克）
132128,P07.001,极低出生体重儿（500-999克）
132129,P07.002,极低出生体重儿（小于499克）
132130,P07.100,其他低出生体重（1000-2499克）
132131,P07.101,低出生体重儿（1500-2499克）
132133,P07.200,极度不成熟
132134,P07.200x011,未成熟儿（孕期小于24整周）
132135,P07.200x021,"未成熟儿（孕期等于或大于24整周以上,但小于28整周）"
132137,P07.300x001,早产儿
132138,P07.300x011,"早产儿（孕期等于或大于28整周,但小于32整周）"
132140,P08.000,特大婴儿
132141,P08.100,重于胎龄的婴儿，其他的
132142,P08.100x001,大于胎龄儿
132143,P08.100x002,巨大儿
132144,P08.200,过期产儿，不重于胎龄
132145,P08.200x002,过期产儿
132146,P10.000,产伤引起的硬膜下出血
132147,P10.100,产伤引起的大脑出血
132148,P10.200,产伤引起的脑室内出血
132150,P10.400,产伤引起的脑幕撕裂
132151,P10.800,产伤引起的其他颅内撕裂和出血
132152,P10.900,产伤引起的颅内撕裂和出血
132153,P10.901,产伤致新生儿颅内出血
132155,P11.100,产伤引起的其他特指的脑损害
132156,P11.101,产伤致新生儿脑白质损伤
132157,P11.200,产伤引起的脑损害
114365,D12.700,直肠乙状结肠连接处良性肿瘤
114366,D12.800,直肠良性肿瘤
114367,D12.900,肛门和肛管良性肿瘤
114368,D12.900x001,肛门良性肿瘤
114369,D12.901,肛管良性肿瘤
114370,D13.000,食管良性肿瘤
114371,D13.100,胃良性肿瘤
114372,D13.101,贲门良性肿瘤
114373,D13.200,十二指肠良性肿瘤
114374,D13.300,小肠良性肿瘤，其他和未特指部位的
114375,D13.301,小肠良性肿瘤
114376,D13.302,空肠良性肿瘤
114377,D13.303,回肠良性肿瘤
114378,D13.304,麦克尔憩室良性肿瘤
114379,D13.400,肝良性肿瘤
114381,D13.500,肝外胆管良性肿瘤
114382,D13.500x001,胆管良性肿瘤
114383,D13.500x003,法特壶腹良性肿瘤
114384,D13.501,胆囊良性肿瘤
114385,D13.600,胰良性肿瘤
114386,D13.700,胰腺内分泌的良性肿瘤
114387,D13.700x001,朗格汉斯胰岛
114388,D13.701,胰岛细胞瘤
114389,D13.900,消化系统内不明确部位的良性肿瘤
114390,D13.900x003,消化道多发息肉综合征
114391,D13.901,脾良性肿瘤
140558,U82.100,耐甲氧西林抗生素
140559,U82.100x001,耐甲氧西林金黄色葡萄球菌（MRSA）
140560,U82.101,耐氯唑西林抗生素
140561,U82.102,耐氟氯西林抗生素
140562,U82.103,耐苯唑西林抗生素
140563,U82.200,耐广谱β-内酰胺酶
140565,U82.200x002,产超广谱β-内酰胺酶大肠埃希菌（ESBLs）
140566,U82.800,耐其他β-内酰胺类抗生素
140567,U82.800x001,耐碳青霉烯类的鲍曼不动杆菌（CRAB）
140568,U82.800x002,耐碳青霉烯类的铜绿假单胞菌（CRPA）
140569,U82.800x003,耐碳青霉烯类的肠杆菌科菌（CRE）
141277,Y43.900,主要为全身性制剂的有害效应
141278,Y44.000,铁制剂和其他抗血红蛋白过少性贫血制剂的有害效应
141279,Y44.100,维生素B12、叶酸和其他抗巨幼细胞性贫血制剂的有害效应
141280,Y44.100x001,维生素B12药物反应
141281,Y44.200,抗凝剂的有害效应
141283,Y44.300x001,维生素K(维生素K1)药物反应
141284,Y44.400,抗血栓形成药(血小板聚集抑制剂)的有害效应
141285,Y44.500,血栓溶解药的有害效应
141286,Y44.600,天然血液和血液制品的有害效应
141288,Y44.700x001,右旋糖酐药物反应
141289,Y44.900,影响血液组成成分的其他和未特指制剂的有害效应
117913,E85.000,非神经病性家族遗传性淀粉样变
117914,E85.001,家族性地中海热
117916,E85.100,神经病性家族遗传性淀粉样变
117917,E85.100x002,淀粉样多发性神经病变
117918,E85.101+G63.3*,淀粉样变性周围神经病
117919,E85.200,家族遗传性淀粉样变
117920,E85.200x001,家族遗传性淀粉样变性
117921,E85.300,继发性全身性淀粉样变
117922,E85.300x002,继发性淀粉样变性
117923,E85.300x003,透析相关性淀粉样变病
117924,E85.400,限定于器官的淀粉样变
117925,E85.400x004,脾淀粉样变性
117926,E85.400x005,上呼吸道淀粉样变性
117927,E85.400x006,咽淀粉样变性
117928,E85.400x008+G99.0*,淀粉样变性性周围神经病
117929,E85.400x012,脑淀粉样变
117930,E85.400x014,局限性淀粉样变性
117931,E85.401,淀粉样变声带损害
117932,E85.402,淀粉样变鼻咽损害
117933,E85.403,淀粉样变膀胱损害
117934,E85.404,淀粉样变支气管损害
117935,E85.405,淀粉样变齿龈损害
117936,E85.406,淀粉样变甲状腺损害
117937,E85.407,淀粉样变气管损害
117938,E85.408,淀粉样变血管损害
117939,E85.409,淀粉样变喉损害
117940,E85.410,淀粉样变胸膜损害
117941,E85.411+N29.8*,淀粉样变肾损害
117942,E85.412+J99.8*,淀粉样变肺损害
118761,F71.800,中度精神发育迟缓，其他的行为缺陷
118762,F71.900,中度精神发育迟缓，未提及行为缺陷的
118763,F72.000,重度精神发育迟缓，无或轻微行为缺陷的
118764,F72.000x001,重度精神发育迟滞
118766,F72.800,重度精神发育迟缓，其他行为缺陷
118767,F72.900,重度精神发育迟缓，未提及行为缺陷的
118139,F06.800x048,糖尿病所致精神障碍
118140,F06.800x049,胶原性疾病所致精神障碍
118141,F06.800x050,Behcet氏病所致精神障碍
118143,F06.802,颅脑外伤性精神病
118144,F06.803,颅内感染所致精神障碍
118145,F06.804,病毒性脑炎所致精神障碍
118147,F06.806,肝豆核变性症所致精神障碍
118148,F06.807,多发性硬化症所致精神障碍
118149,F06.808,躯体疾病所致精神障碍
118150,F06.809,脑血管病所致精神障碍
118153,F06.900,脑损害和功能障碍及躯体疾病引起的精神障碍
118154,F07.000,器质性人格障碍
117020,E14.600x016+M14.2*,糖尿病性骨关节病
117021,E14.600x021,糖尿病性大疱症
117022,E14.600x022,糖尿病性皮肤病
117023,E14.600x023,糖尿病性红斑
117024,E14.600x024,糖尿病性潮红
117025,E14.600x025,糖尿病性皮肤硬化
117026,E14.600x026,糖尿病性皮肤增厚
117027,E14.600x027+L99.8*,糖尿病性糖尿病脂性渐进性坏死
117028,E14.600x028,糖尿病性甲周毛细血管扩张
117029,E14.600x031,糖尿病性急性牙周脓肿
117030,E14.600x032,糖尿病性牙周炎
117031,E14.600x042,糖尿病性低血糖性癫痫发作
117032,E14.600x043,糖尿病性低血糖症
117033,E14.600x051,糖尿病伴血糖控制不佳
117034,E14.600x910,糖尿病性肌坏死
117035,E14.600x911,糖尿病性坏死性筋膜炎
117036,E14.600x920,糖尿病性无菌性肌坏死
117037,E14.600x930,糖尿病性缺血性肌坏死
117038,E14.600x970,糖尿病性乳腺纤维化病变
117039,E14.700,糖尿病伴有多个并发症
117040,E14.700x011,糖尿病性多发性微血管并发症
117041,E14.700x021,糖尿病性胰岛素抵抗
117042,E14.700x022,糖尿病性高血压
117043,E14.700x023,糖尿病性肥胖症性高血压
117044,E14.700x024,糖尿病性内脏脂肪沉积增加
117046,E14.700x031,糖尿病性足溃疡和周围血管病
117048,E14.800,糖尿病伴有并发症
117049,E14.900,糖尿病不伴有并发症
117051,E15.x00,非糖尿病低血糖性昏迷
117052,E15.x00x001,低血糖性昏迷
117054,E15.x00x004,胰岛素分泌过多伴低血糖性昏迷
117055,E16.000,药物性低血糖不伴有昏迷
117056,E16.000x001,药物性低血糖
117057,E16.100,低血糖，其他的
117058,E16.100x001,反应性低血糖症(餐后低血糖症)
117060,E16.100x004,胰岛β细胞增生
117061,E16.100x005,功能性非高胰岛素性低血糖
117062,E16.100x006,功能性胰岛素分泌过多
117064,E16.100x013,婴儿持续性高胰岛素血症性低血糖
117065,E16.101,反应性低血糖症
117066,E16.102,自身免疫性低血糖症
117067,E16.103,功能性高胰岛素血症
118009,E88.800x009,琥珀酸-辅酶Q还原酶缺乏
118011,E88.801,霍法病
118012,E88.802,酮症
118013,E88.803,饥饿性酮症
118582,F44.902,转换型癔症
118583,F44.903,癔症
118584,F45.000,躯体化障碍
118585,F45.100,未分化的躯体形式障碍
118586,F45.200,疑病障碍
118587,F45.201,疑病症
118588,F45.202,癌病恐怖
118589,F45.300,躯体形式的自主神经功能紊乱
118590,F45.300x021,"躯体化的自主神经功能障碍,上消化道"
118591,F45.300x022,咽异感症
118592,F45.300x031,"躯体化的自主神经功能障碍,下消化道"
118593,F45.300x041,"躯体化的自主神经功能障碍,呼吸系统"
118594,F45.300x051,"躯体化的自主神经功能障碍,泌尿生殖系统"
118595,F45.300x091,"躯体化的自主神经功能障碍,多种器官系统"
118596,F45.301,心因性多尿症
118597,F45.302,换气过度综合征
118598,F45.303,功能性咳嗽
118599,F45.304,心血管性神经官能症
118600,F45.305,心因性吞气症
118602,F45.307,心因性呃逆
118603,F45.308,胃肠神经官能症
118604,F45.309,肠神经官能症
118605,F45.310,胃神经官能症
118606,F45.400,持久的躯体形式的疼痛障碍
118608,F45.402,情绪性头痛
118609,F45.403,功能性腹痛综合征
118610,F45.800,"躯体形式障碍,其他的"
118611,F45.800x002,磨牙症
118612,F45.801,心因性瘙痒症
118613,F45.802,精神源性风湿病
118614,F45.803,功能性吞咽困难
118616,F45.805,精神性多饮
118617,F45.806,婴儿阴部摩擦症
118618,F45.807,精神源性痛经
118619,F45.900,躯体形式障碍
118621,F48.000,神经衰弱
118622,F48.001,疲劳综合征
118623,F48.100,人格解体-现实解体综合征
118624,F48.100x002,解离状态
118626,F48.801,精神衰弱
118627,F48.802,混合型神经症
118628,F48.900,神经症性障碍
118629,F48.901,神经官能症
118630,F50.000,神经性厌食
118631,F50.100,非典型神经性厌食
118632,F50.200,神经性贪食
118634,F50.400,与其他心理紊乱有关的暴食
118635,F50.401,心因性暴食
119550,G51.802,半侧颜面萎缩症
119553,G52.000,嗅神经疾患
119554,G52.100,舌咽神经疾患
119555,G52.100x003,原发性舌咽神经痛
119556,G52.100x004,继发性舌咽神经痛
119558,G52.102,舌咽神经麻痹
141290,Y45.000,类阿片和相关镇痛药的有害效应
141291,Y45.000x001,阿片制剂药物反应
141292,Y45.100,水杨酸盐类的有害效应
141293,Y45.100x001,阿斯匹林药物反应
141294,Y45.200,丙酸衍生物的有害效应
141295,Y45.300,非类固醇性消炎药(NSAID)的有害效应，其他的
141296,Y45.300x001,保泰松药物反应
141297,Y45.300x002,消炎痛药物反应
141298,Y45.400,抗风湿药的有害效应
141299,Y45.400x001,抗风湿剂类(消炎剂类)药物反应
141300,Y45.500,4-氨基苯酚衍生物的有害效应
141301,Y45.500x001,扑热息痛药物反应
141302,Y45.800,镇痛药和解热药的有害效应，其他的
141303,Y45.800x001,感冒药物反应
141304,Y45.800x003,去痛药药物反应
141305,Y45.800x004,痛可宁药物反应
141306,Y45.800x005,吡唑衍生物类
141307,Y45.900,镇痛药、解热药和消炎药的有害效应
141308,Y45.900x001,解热镇痛剂药物反应
141309,Y46.000,琥珀酰亚胺的有害效应
141310,Y46.100,恶唑烷二酮的有害效应
141311,Y46.200,乙内酰脲衍生物的有害效应
141312,Y46.200x001,苯妥英纳药物反应
141313,Y46.300,去氧巴比妥盐类的有害效应
141315,Y46.400x001,卡马西平药物反应
141316,Y46.500,丙戊酸的有害效应
141317,Y46.600,镇癫痫药的有害效应，其他和未特指的
140720,V75.x00,公共汽车乘员在公共汽车与火车或铁路车辆碰撞中的损伤
140721,V76.x00,公共汽车乘员在公共汽车与其他非机动车辆碰撞中的损伤
140722,V77.x00,公共汽车乘员在公共汽车与固定或静止物体碰撞中的损伤
140724,V79.000,非交通事故中公共汽车与其他机动车辆碰撞造成公共汽车司机的损伤
140725,V79.100,非交通事故中公共汽车与其他机动车辆碰撞造成公共汽车乘客的损伤
140727,V79.300,公共汽车乘员在非交通事故中的损伤
141489,Y58.100,伤寒和副伤寒疫苗的有害效应
141490,Y58.200,霍乱疫苗的有害效应
141491,Y58.300,鼠疫疫苗的有害效应
141492,Y58.400,破伤风疫苗的有害效应
141493,Y58.500,白喉疫苗的有害效应
141494,Y58.600,百日咳疫苗的有害效应（包括含有百日咳成分的联合疫苗）
141496,Y58.900,细菌疫苗类的有害效应，其他和未特指的
141497,Y59.000,病毒疫苗类的有害效应
141498,Y59.000x001,天花疫苗反应
141499,Y59.000x003,脊髓灰质炎疫苗反应
118155,F07.001,额叶综合征
118156,F07.100,脑炎后综合征
118157,F07.200,脑震荡后综合征
118158,F07.201,脑外伤后综合征
118159,F07.800,脑部疾病、损害和功能障碍引起的其他器质性人格和行为障碍
118160,F07.800x001,一氧化碳中毒致人格和行为障碍
118161,F07.800x002,脑血管病所致的人格和行为障碍
118162,F07.800x003,脑外伤所致的人格和行为障碍
118163,F07.900,脑部疾病、损害和功能障碍引起的器质性人格和行为障碍
118164,F07.900x001,器质性精神综合征
118165,F07.901,癫痫性人格改变
118166,F09.x00,器质性或症状性精神障碍
118167,F09.x00x003,器质性精神病
118168,F09.x00x004,症状性精神病
118169,F09.x01,症状性精神障碍
118170,F09.x02,一氧化碳所致精神障碍
118171,F09.x03,器质性精神障碍
118172,F10.000,急性酒精中毒引起的精神和行为障碍
118173,F10.001,急性酒精中毒
118174,F10.002,病理性醉酒
118175,F10.003,复杂性醉酒
118176,F10.100,有害性使用酒精引起的精神和行为障碍
118177,F10.100x002,酒精非成瘾性滥用
118178,F10.200,使用酒精引起的依赖综合征
118179,F10.201,慢性酒精中毒
118180,F10.300,使用酒精引起的戒断状态
118181,F10.400,使用酒精引起的戒断状态伴有谵妄
118182,F10.401,酒精性谵妄
118183,F10.500,使用酒精引起的精神性障碍
118185,F10.502,慢性酒精中毒性妄想症
118187,F10.504,酒精中毒性抑郁状态
119019,G08.x00x010,侧窦栓塞
119021,G08.x00x013,耳源性颅内静脉窦血栓性静脉炎
119022,G08.x01,颅内静脉窦化脓性血栓形成
119023,G08.x02,耳源性乙状窦血栓性静脉炎
119024,G09.x00,中枢神经系统炎性疾病的后遗症
119026,G09.x00x002,脑炎后遗症
119027,G09.x00x003,脑膜炎后遗症
119028,G09.x00x004,脑脊髓炎后遗症
132944,Q20.100,右心室双出口
132945,Q20.101,陶-宾综合征
132947,Q20.200x002,先天性左心室瘘
132948,Q20.300,心室动脉连接不协调
132949,Q20.300x002,主动脉右转位
132951,Q20.302,完全性大动脉转位
132952,Q20.400,双入口心室
132953,Q20.500,房室连接不协调
132954,Q20.500x001,心室反位
132955,Q20.600,心耳异构
132957,Q20.601,先天性心耳畸形
118014,E88.804,良性对称性脂肪瘤病
118015,E88.806,线粒体DNA缺失
118016,E88.807,β-酮硫解酶缺乏症
118017,E88.900,代谢紊乱
118018,E88.900x010,先天性遗传代谢病(先天性代谢缺陷)
131887,O99.428,妊娠合并原发性肺动脉高压
131888,O99.429,妊娠合并颈动脉狭窄
131889,O99.430,妊娠合并脑出血
131890,O99.431,妊娠合并脑梗死
131891,O99.432,妊娠合并脑血管病
131892,O99.433,妊娠合并烟雾病
131893,O99.434,妊娠合并子宫动静脉瘘
131894,O99.500,呼吸系统疾病并发于妊娠、分娩和产褥期
131895,O99.500x008,产后并发急性肺水肿
131896,O99.500x011,妊娠合并呼吸系统疾病
131897,O99.500x021,分娩合并呼吸系统疾病
131898,O99.500x031,产褥期呼吸系统疾病
131899,O99.501,妊娠合并慢性气管炎
131900,O99.502,妊娠合并支气管扩张
131901,O99.503,妊娠合并支气管炎
131902,O99.504,妊娠期合并支气管哮喘
131903,O99.505,妊娠合并肺不张
131904,O99.506,妊娠合并肺部感染
131905,O99.507,妊娠合并肺水肿
131906,O99.508,妊娠合并过敏性哮喘
131907,O99.509,妊娠合并呼吸衰竭
131908,O99.510,妊娠合并上呼吸道感染
131910,O99.512,妊娠合并急性呼吸窘迫综合征
131912,O99.600x001,妊娠合并急性阑尾炎
131913,O99.600x011,妊娠合并消化系统疾病
131914,O99.600x012,妊娠合并胃痉挛
131915,O99.600x014,妊娠合并牙髓炎
131916,O99.600x016,产褥期肠梗阻
131917,O99.600x017,产褥期不完全性肠梗阻
131919,O99.600x021,分娩合并消化系统疾病
131920,O99.600x031,产褥期消化系统疾病
131921,O99.601,妊娠合并上消化道出血
131922,O99.602,妊娠合并牙周炎
131923,O99.603,妊娠合并急性胃炎
132758,Q07.800x904,神经胶质异位
132759,Q07.801,下颌瞬目综合征(MarcusGunn综合征)
132760,Q07.900,神经系统先天性畸形
132762,Q10.100,先天性睑外翻
132763,Q10.200,先天性睑内翻
132764,Q10.300,眼睑的其他先天性畸形
132765,Q10.300x008,先天性眼眦畸形
132767,Q10.300x012,先天性重睑不对称
132768,Q10.301,眼睑发育不全
132769,Q10.302,先天性睫毛倾斜度异常综合征
132770,Q10.303,先天性内眦赘皮
132772,Q10.306,先天性小睑裂综合征
119559,G52.200,迷走神经疾患
117953,E86.x00,血容量缺失
117954,E86.x00x001,低血容量
117955,E86.x00x003,细胞外液缺失
117956,E86.x00x004,血浆容量缺失
117957,E86.x01,脱水
117958,E87.000,高渗透性和高钠血症
117959,E87.001,高钠血症
117960,E87.100,低渗透性和低钠血症
117961,E87.101,脑耗盐综合征
117962,E87.102,低钠血症
117963,E87.200,酸中毒
117964,E87.200x002,高血氯性酸中毒
117965,E87.201,代谢性酸中毒
117966,E87.202,混合性酸中毒
117968,E87.204,乳酸性酸中毒
117969,E87.205,有机酸血症
117970,E87.206,先天性高乳酸血症
117971,E87.300,碱中毒
117972,E87.301,代谢性碱中毒
117973,E87.302,低钾性碱中毒
117974,E87.303,呼吸性碱中毒
117975,E87.400,混合性酸碱平衡失调
117976,E87.500,高钾血症
117977,E87.501,假性低醛固酮血症
117978,E87.600,低钾血症
117979,E87.600x002,低钾性抽搐
117980,E87.600x003,钾缺乏
117981,E87.600x004,低钾性肌病
117982,E87.700,体液过多
117983,E87.701,水中毒
117984,E87.800,电解质和液体平衡的其他紊乱，不可归类在他处者
117985,E87.800x004,低钾钠氯综合征
117987,E87.802,高氯血症
117988,E87.803,低氯血症
117990,E88.000x002,α1-抗胰蛋白酶缺乏症
117991,E88.000x003,双白蛋白血症
117992,E88.001,高蛋白血症
117993,E88.100,脂肪营养不良，不可归类在他处者
117994,E88.100x001,部分性脂肪营养不良
117995,E88.100x002,进行性脂肪营养不良
117997,E88.100x005,胰岛素性脂肪营养不良
117998,E88.100x006,蛋白酶抑制剂相关性脂肪营养不良
117999,E88.101,全身性脂肪营养不良
118001,E88.202,疼痛性脂肪过多症
118002,E88.203,脂肪堆积
118003,E88.300,肿瘤溶解综合征
118004,E88.800,代谢紊乱，其他特指的
118005,E88.800x004,三甲胺尿症
118006,E88.800x005,洛奴瓦-邦索德腺脂瘤病
118008,E88.800x008,还原辅酶Q-细胞色素水解酶还原酶缺乏
118818,F88.x01,发育性失认症
118819,F89.x00,心理发育障碍
118821,F90.000x001,注意缺陷与多动障碍
141500,Y59.000x004,麻疹疫苗反应
141501,Y59.100,立克次体疫苗类的有害效应
141502,Y59.101,斑疹伤寒疫苗反应
141503,Y59.200,原虫疫苗类的有害效应
141504,Y59.300,免疫球蛋白的有害效应
141505,Y59.300x001,抗破伤风类药物反应
141506,Y59.300x002,免疫球蛋白反应
141507,Y59.300x003,人免疫球蛋白狂犬病药物反应
141508,Y59.800,疫苗类和生物制品的有害效应，其他特指的
141509,Y59.800x001,黄热病疫苗反应
141510,Y59.900,疫苗类或生物制品的有害效应
141511,Y60.000,在手术中非故意的切割、针刺、穿孔或出血
141512,Y60.000x001,在手术中的意外损伤
141513,Y60.000x002,在手术和医疗中的意外切割
141514,Y60.000x003,在手术和医疗中的意外针刺
141515,Y60.000x004,在手术和医疗中的意外穿孔
141516,Y60.000x005,在手术和医疗中的意外出血
141517,Y60.100,在输液或输血中非故意的切割、针刺、穿孔或出血
141518,Y60.100x001,在输液或输血中意外损伤
141519,Y60.200,在肾透析或其他灌注中非故意的切割、针刺、穿孔或出血
141520,Y60.200x001,在肾透析或其他灌注中意外损伤
141521,Y60.300,在注射或人工免疫中非故意的切割、针刺、穿孔或出血
141523,Y60.400,在内镜检查中非故意的切割、针刺、穿孔或出血
141525,Y60.500,在心导管插入术中非故意的切割、针刺、穿孔或出血
141526,Y60.500x001,在心导管插入术中意外损伤
114984,D32.104,腰段脊膜瘤
114985,D32.105,骶段脊膜瘤
114986,D32.106,硬脊膜下良性肿瘤
114987,D32.900,脑脊膜良性肿瘤
114988,D32.900x001,皮肤脑膜瘤
114989,D32.900x002,脑膜瘤
114990,D32.900x003,脑脊膜瘤
114991,D33.000,脑幕上的良性肿瘤
114992,D33.000x003,脑室良性肿瘤
114993,D33.000x004,矢状窦良性肿瘤
114994,D33.000x005,小脑幕上良性肿瘤
114996,D33.002,第三脑室良性肿瘤
114997,D33.003,大脑良性肿瘤
114998,D33.004,额叶良性肿瘤
114999,D33.005,枕叶良性肿瘤
115000,D33.006,顶叶良性肿瘤
115002,D33.008,岛叶良性肿瘤
115003,D33.009,海马回良性肿瘤
115004,D33.010,丘脑良性肿瘤
115005,D33.011,脉络丛良性肿瘤
115007,D33.100,脑幕下的良性肿瘤
115710,D48.200x049,骶丛交界性肿瘤
132958,Q20.800,心腔和心连接其他的先天性畸形
132959,Q20.800x003,先天性小心室
132960,Q20.801,单房心脏
132961,Q20.802,双腔心
132962,Q20.900,心腔和心连接的先天性畸形
132963,Q21.000,室间隔缺损
132964,Q21.100,房间隔缺损
132965,Q21.100x001,共同心房
134035,Q72.000x001,先天性单侧下肢完全缺如
134036,Q72.100,大腿和小腿先天性缺如伴有足的存在
134037,Q72.200,小腿和足先天性缺如
134038,Q72.300,足和趾先天性缺如
134039,Q72.300x301,先天性趾缺如
134040,Q72.300x302,先天性单足缺如
134041,Q72.400,股骨纵向短小缺陷
134042,Q72.400x001,先天性股骨头缺如
134043,Q72.400x002,先天性股骨近端局灶性缺损
134044,Q72.401,先天性股骨缺如
134045,Q72.500,胫骨纵向短小缺陷
134046,Q72.501,先天性胫骨缺如
134047,Q72.600,腓骨纵向短小缺陷
134048,Q72.601,先天性腓骨缺如
134049,Q72.700,足裂
134050,Q72.800,下肢的其他短小缺陷
134051,Q72.800x002,先天性股骨发育不良
134052,Q72.800x003,股骨滑车发育不良
134053,Q72.900,下肢短小缺陷
134054,Q73.000,四肢先天性缺如
134055,Q73.100,四肢短肢(海豹肢畸形)
134056,Q73.800,四肢其他短小缺陷
134057,Q74.000,上肢（包括上肢带骨）的其他先天性畸形
134058,Q74.000x902,先天性肘内翻
134059,Q74.000x906,先天性上肢骨发育异常
134061,Q74.001,马德隆畸形
134062,Q74.002,锁骨颅骨发育不良
134063,Q74.003,肩胛骨发育异常
134064,Q74.004,先天性锁骨假关节
134065,Q74.005,先天性尺桡关节融合
134067,Q74.008,细长指
134068,Q74.009,先天性巨指
134069,Q74.010,先天性狭窄性腱鞘炎
134070,Q74.100,膝先天性畸形
134072,Q74.100x006,先天性二分髌骨
134073,Q74.101,先天性膝内翻
134074,Q74.102,先天性膝外翻
134075,Q74.103,先天性发育不全髌骨
134076,Q74.104,先天性高位髌骨
134078,Q74.106,先天性髌骨脱位
119494,G45.802,脑血管供血不足伴短暂性局灶性神经症状
119496,G45.901,脑动脉痉挛
119497,G47.000,初发性或维持性睡眠障碍［失眠症］
119498,G47.000x001,失眠
119499,G47.000x002,继发性失眠
132773,Q10.307,先天性眼睑缺如
132774,Q10.400,泪器缺如或发育不全
132775,Q10.401,先天性泪器发育不全
132776,Q10.402,先天性泪点缺失
132777,Q10.403,先天性泪小点闭锁
132778,Q10.404,先天性鼻泪管缺如
132779,Q10.500,先天性泪管狭窄
132780,Q10.500x003,先天性鼻泪管闭锁
132781,Q10.500x004,先天性泪道阻塞
132782,Q10.600,泪器其他的先天性畸形
132783,Q10.600x002,先天性副泪腺
132117,P04.800,胎儿和新生儿受母体内其他有害物质的影响
133029,Q23.900,主动脉瓣和二尖瓣先天性畸形
133030,Q23.900x001,先天性主动脉瓣畸形
133031,Q23.901,先天性二尖瓣畸形
133032,Q24.000,右位心
133033,Q24.000x002,镜面右位心
133034,Q24.000x003,单发右位心
133035,Q24.100,左位心
133036,Q24.200,三房心
133037,Q24.300,肺动脉漏斗部狭窄
133039,Q24.400,先天性主动脉下狭窄
133040,Q24.400x003,先天性主动脉瓣下隔膜
133041,Q24.500,冠状血管畸形
133042,Q24.501,冠状动脉肌桥
133043,Q24.502,冠状动脉起源异常
133044,Q24.503,冠状动脉-右心房瘘
133045,Q24.504,冠状动脉-右心室瘘
133046,Q24.505,先天性冠状动脉动脉瘤
133047,Q24.506,先天性冠状动脉发育不良
133048,Q24.507,先天性冠状动脉肺动脉瘘
133049,Q24.508,先天性冠状动脉畸形
133050,Q24.509,先天性冠状动静脉瘘
133052,Q24.511,冠状动脉-左心室瘘
133053,Q24.512,冠状动脉单冠畸形
133054,Q24.513,冠状动脉-左心房瘘
133055,Q24.600,先天性心脏传导阻滞
133057,Q24.601,先天性一度房室阻滞
133058,Q24.602,先天性二度房室阻滞
133059,Q24.603,先天性三度房室阻滞
133060,Q24.800,心脏其他特指的先天性畸形
133061,Q24.800x010,单组房室瓣
133063,Q24.800x012,先天性房室瓣关闭不全
133064,Q24.800x014,先天性右心室憩室
133065,Q24.800x017,先天性心脏憩室
133066,Q24.800x018,先天性心包憩室
133067,Q24.800x025,右旋心
133069,Q24.800x027,心脏转位不全
133070,Q24.800x028,心房畸形
133071,Q24.800x030,心室憩室
133072,Q24.803,假腱索
133073,Q24.804,十字交叉心
133075,Q24.806,心室肌致密化不全
133076,Q24.807,先天性心包囊肿
118822,F90.100,多动性品行障碍
118823,F90.800,多动性障碍，其他的
118824,F90.900,多动性障碍
118825,F91.000,局限于家庭的品行障碍
118826,F91.100,非社会化的品行障碍
118827,F91.100x002,孤独攻击性品行障碍
119080,G12.200x005,进行性肌萎缩
119081,G12.200x007,遗传性运动神经元病
119082,G12.200x008,进行性假性延髓麻痹
119083,G12.200x009,运动神经元变性病
119084,G12.200x010,连枷臂综合征
119085,G12.200x011,上运动神经元综合征
119086,G12.200x012,真性球麻痹
119087,G12.200x013,下运动神经元综合征
119088,G12.200x015,免疫介导性运动神经元病
119089,G12.200x016,假性延髓麻痹
119090,G12.201,肌萎缩侧索硬化症（ALS）
119091,G12.202,锥体束变性
119092,G12.203,球麻痹
119093,G12.204,进行性球麻痹
119094,G12.205,原发性侧索硬化症
119095,G12.206,进行性脊髓性肌萎缩
119096,G12.207,家族性运动神经元病
119097,G12.208,假性球麻痹
119098,G12.209,脊髓延髓肌萎缩症(肯尼迪病)
119099,G12.800,脊髓性肌萎缩和有关的综合征，其他的
119100,G12.800x001,发作性非运动源性运动障碍
119101,G12.803,克吕韦耶病
119102,G12.900,脊髓性肌萎缩
119103,G14.x00,脊髓灰质炎后综合征
119104,G20.x00,帕金森病
119106,G20.x01,帕金森叠加综合征
119107,G20.x02+F02.3*,帕金森病性痴呆
119108,G20.x03,帕金森综合征
119109,G20.x04,帕金森病3级
119110,G20.x05,帕金森病4级
119112,G20.x07,青年型帕金森病
119113,G20.x08,早发型帕金森病
119114,G21.000,恶性抗精神病药综合征
119115,G21.001,恶性综合征
119117,G21.101,中毒性帕金森综合征
119118,G21.102,药源性静坐不能
119119,G21.200,继发性帕金森综合征，其他外部因素引起的
119120,G21.201,外伤性帕金森综合征
119121,G21.300,脑炎后帕金森综合征
119123,G21.401,动脉硬化性帕金森综合征
119124,G21.800,继发性帕金森综合征，其他的
119125,G21.800x002,不典型帕金森综合征
119127,G21.900,继发性帕金森综合征
119128,G23.000,哈勒沃登-施帕茨病
119129,G23.000x002,进行性苍白球变性
119130,G23.000x003,苍白球黑质红核色素变性
115711,D48.200x051,背周围神经和自主神经交界性肿瘤
115712,D48.200x052,腰周围神经和自主神经交界性肿瘤
115713,D48.200x053,腰神经交界性肿瘤
115714,D48.201,周围神经肿瘤
115715,D48.202,自主神经肿瘤
115716,D48.203,头颈部周围神经动态未定肿瘤
115717,D48.204,头颈部周围神经肿瘤
115718,D48.205,头颈部自主神经动态未定肿瘤
115719,D48.206,头颈部自主神经肿瘤
115720,D48.207,躯干周围神经动态未定肿瘤
115721,D48.208,躯干周围神经肿瘤
115722,D48.209,躯干自主神经动态未定肿瘤
115723,D48.210,躯干自主神经肿瘤
115724,D48.211,上肢周围神经动态未定肿瘤
115725,D48.212,上肢周围神经肿瘤
115726,D48.213,上肢自主神经动态未定肿瘤
115727,D48.214,上肢自主神经肿瘤
115728,D48.215,下肢周围神经动态未定肿瘤
115729,D48.216,下肢周围神经肿瘤
115730,D48.217,下肢自主神经动态未定肿瘤
115731,D48.218,下肢自主神经肿瘤
115732,D48.300,腹膜后腔动态未定或动态未知的肿瘤
115733,D48.300x001,腹膜后交界性肿瘤
115734,D48.301,腹膜后肿瘤
115735,D48.400,腹膜动态未定或动态未知的肿瘤
115736,D48.400x002,腹膜交界性肿瘤
115737,D48.400x003,直肠子宫陷凹交界性肿瘤
115738,D48.401,腹膜肿瘤
115739,D48.402,肠系膜动态未定肿瘤
115740,D48.403,肠系膜肿瘤
115742,D48.500x002,鼻部皮肤交界性肿瘤
115743,D48.500x003,臀部皮肤交界性肿瘤
115744,D48.500x004,耳部皮肤交界性肿瘤
115745,D48.500x005,皮肤交界性肿瘤
115747,D48.500x007,眼睑交界性肿瘤
115748,D48.500x008,头皮交界性肿瘤
115749,D48.500x009,面部皮肤交界性肿瘤
114392,D13.902,肠良性肿瘤
114393,D14.000,中耳、鼻腔和鼻旁窦良性肿瘤
114395,D14.000x006,筛窦良性肿瘤
114396,D14.000x007,上颌窦良性肿瘤
114397,D14.000x009,蝶窦良性肿瘤
114398,D14.000x010,鼻腔良性肿瘤
114401,D14.003,鼻前庭良性肿瘤
114402,D14.004,鼻中隔良性肿瘤
114403,D14.005,鼻软骨良性肿瘤
114404,D14.006,鼻孔良性肿瘤
115212,D37.018,杓状会厌褶动态未定肿瘤
115213,D37.019,杓状会厌褶肿瘤
115214,D37.100,胃动态未定或动态未知的肿瘤
119501,G47.200,睡眠-觉醒节律障碍
119502,G47.200x002,延迟睡眠阶段综合征
119503,G47.200x003,日节律性睡眠障碍
119504,G47.300,睡眠呼吸暂停
119505,G47.300x001,睡眠呼吸暂停低通气综合征
119506,G47.300x031,睡眠低通气综合征
119507,G47.300x033,混合性睡眠呼吸暂停低通气综合征
119508,G47.300x034,原发性肺泡低通气综合征
119509,G47.300x035,中枢性低通气综合征
119510,G47.300x036,中枢性睡眠呼吸暂停低通气综合征
119511,G47.300x037,阻塞性睡眠呼吸暂停低通气综合征
119512,G47.301,阻塞性睡眠呼吸暂停综合征
119513,G47.302,中枢性睡眠呼吸暂停综合征
119514,G47.303,混合性睡眠呼吸暂停综合征
119515,G47.304,上气道阻力综合征
119516,G47.400,发作性睡病和猝倒症
119517,G47.400x002,发作性睡病
119518,G47.400x003,昏睡
119519,G47.401,猝倒发作
119520,G47.800,"睡眠障碍,其他的"
119521,G47.800x001,周期性瞌睡(Kleine-Levin综合征)
119522,G47.800x002,快动眼睡眠行为障碍
119523,G47.801,发作性嗜睡强食综合征
119524,G47.900,睡眠障碍
119525,G50.000,三叉神经痛
119526,G50.001,眶上神经痛
119527,G50.002,筛前神经痛
119528,G50.003,原发性三叉神经痛
119529,G50.004,继发性三叉神经痛
119530,G50.100,非典型性面部痛
119532,G50.801,味觉性出汗综合征
119533,G50.802,三叉神经麻痹
119534,G50.803,三叉神经炎
119535,G50.900,三叉神经疾患
119536,G51.000,贝尔面瘫
119538,G51.002,中枢性面神经麻痹
119539,G51.003,周围性面神经麻痹
119540,G51.100,膝状神经节炎
119541,G51.200,梅尔克松综合征
119542,G51.201,梅尔克松-罗森塔尔综合征
119544,G51.301,面肌痉挛
119545,G51.400,面肌纤维抽搐
119546,G51.800,面神经的其他疾患
119547,G51.800x003,颜面萎缩症
119549,G51.801,面肌萎缩
120562,H21.900,虹膜和睫状体疾患
120563,H21.901,虹膜肿物
120564,H25.000,老年性初期白内障
120567,H25.000x005,点状老年性白内障
120568,H25.000x006,后极白内障
120569,H25.000x007,皮质性白内障初发期
118768,F73.000,极重度精神发育迟缓，无或轻微行为缺陷的
133077,Q24.808,先天性心包缺损
133078,Q24.809,先天性心室肥厚
133079,Q24.810,先天性心脏肥大
133080,Q24.811,先天性右心房憩室
133081,Q24.812,左室憩室
133082,Q24.813,中位心
133083,Q24.814,心室异常肌束
133084,Q24.815,心脏缺如
133085,Q24.900,先天性心脏畸形
133086,Q24.901,小心脏
133087,Q25.000,动脉导管未闭
133088,Q25.100,主动脉缩窄
133089,Q25.200,主动脉闭锁
133090,Q25.300,主动脉狭窄
133091,Q25.301,先天性主动脉瓣上狭窄
133092,Q25.302,先天性降主动脉狭窄
133093,Q25.303,左室流出道梗阻
133094,Q25.400,主动脉的其他先天性畸形
133095,Q25.400x009,先天性主动脉憩室
118646,F51.200x002,睡眠时相后移综合征
118648,F51.300,睡行症［夜游症］
118649,F51.400,睡惊症［夜惊症］
118650,F51.500,梦魇
118651,F51.800,非器质性睡眠障碍，其他的
118652,F51.900,非器质性睡眠障碍
118653,F52.000,性欲减退或缺失
118654,F52.001,性欲缺失
118655,F52.100,性厌恶和性乐缺乏
118656,F52.100x002,性厌恶
118657,F52.100x011,性乐缺乏
118658,F52.200,生殖器反应丧失
118659,F52.200x002,女性性唤起障碍
118660,F52.201,心因性阳痿
118661,F52.202,男性勃起障碍
118662,F52.300,性高潮功能障碍
118663,F52.400,早泄
118664,F52.500,非器质性阴道痉挛
118665,F52.600,非器质性性交疼痛
118666,F52.700,性欲亢进
118668,F52.900,性功能障碍，非由器质性障碍或疾病引起的
118669,F53.000,与产褥期有关的轻度精神和行为障碍，不可归类在他处者
118670,F53.000x001,与产褥期有关的轻度精神和行为障碍
118671,F53.001,产褥期抑郁
118672,F53.002,产后抑郁症
118674,F53.100x001,与产褥期有关的重度精神和行为障碍
118675,F53.101,产褥期精神病
118676,F53.800,精神和行为障碍，其他与产褥期有关的不可归类在他处者
118677,F53.900,产褥期精神障碍
118679,F55.x00,非致依赖性物质滥用
118680,F55.x00x001,滥用抗抑郁剂
118681,F55.x00x101,滥用缓泻剂
118682,F55.x00x201,滥用止疼药
118683,F55.x00x301,滥用抑酸药
118684,F55.x00x401,滥用维生素
118685,F55.x00x501,滥用激素
120069,G95.104,脊髓坏死
120070,G95.105,脊髓动脉血栓形成
120072,G95.107,脊髓后动脉综合征
120073,G95.108,脊髓栓塞
120074,G95.109,脊髓前动脉闭塞综合征
120075,G95.200,脊髓受压
120076,G95.800,脊髓其他特指的疾病
120077,G95.800x003,脊髓神经根囊肿
120078,G95.800x004,脊髓内囊肿
120079,G95.800x005,脊髓前角病变
133019,Q23.400,左心发育不全综合征
133020,Q23.401,先天性升主动脉发育不良
133021,Q23.800,主动脉瓣和二尖瓣的其他先天性畸形
133022,Q23.800x004,先天性主动脉瓣穿孔
133023,Q23.800x008,先天性二尖瓣穿孔
133024,Q23.801,先天性主动脉瓣脱垂
133025,Q23.802,先天性二尖瓣脱垂
133026,Q23.803,先天性二尖瓣腱索过长
133027,Q23.804,先天性主动脉瓣瓣上隔膜
133028,Q23.805,先天性二尖瓣裂
134099,Q74.800x403,先天性下肢生长不对称
134100,Q74.800x501,拉森综合征(Larsen综合征)
134101,Q74.801,先天性偏侧肢体肥大
134102,Q74.900,四肢先天性畸形
134103,Q75.000,颅缝早闭
134104,Q75.001,先天性尖头
134105,Q75.002,先天性三角头
134106,Q75.100,颅面骨发育不全
134107,Q75.101,克鲁宗病
134108,Q75.200,器官距离过远
134109,Q75.200x001,眶距增宽症
134110,Q75.300,大头畸形
134111,Q75.400,下颌骨颜面发育不全
134113,Q75.500,眼下颌发育不全
134114,Q75.800,颅和面骨的其他特指先天性畸形
134115,Q75.800x101,颅面裂
134117,Q75.801,先天性面骨畸形
134118,Q75.802,扁平颅底
134119,Q75.803,颅底凹陷症
134120,Q75.804,颅裂畸形
134121,Q75.805,先天性额骨变形
134122,Q75.806,先天性前额畸形
134124,Q75.808,鸟嘴综合征
134125,Q75.809,先天性枕骨大孔区畸形
134126,Q75.900,颅和面骨先天性畸形
134127,Q75.900x001,先天性头颅凹陷
134129,Q75.900x005,先天性颌骨畸形
134130,Q76.000,隐性脊柱裂
134131,Q76.000x002,先天性颈椎峡部裂
134132,Q76.000x003,先天性腰椎峡部裂
134134,Q76.000x005,先天性腰骶椎隐裂
134135,Q76.001,隐性骶裂
134136,Q76.100,先天性短颈综合征
134137,Q76.100x004,先天性环枕融合
134138,Q76.200,先天性脊椎前移症
115216,D37.100x002,胃交界性肿瘤
115217,D37.100x003,胃角交界性肿瘤
115218,D37.101,胃肿瘤
115219,D37.102,贲门动态未定肿瘤
115220,D37.103,贲门肿瘤
115221,D37.200,小肠动态未定或动态未知的肿瘤
115222,D37.200x001,十二指肠交界性肿瘤
115223,D37.200x002,小肠交界性肿瘤
115224,D37.200x003,空肠交界性肿瘤
115225,D37.200x004,回肠交界性肿瘤
115226,D37.201,小肠肿瘤
115227,D37.202,十二指肠动态未定肿瘤
115228,D37.203,十二指肠肿瘤
115229,D37.204,空肠动态未定肿瘤
115230,D37.205,空肠肿瘤
115231,D37.206,回肠动态未定肿瘤
115232,D37.207,回肠肿瘤
115233,D37.300,阑尾动态未定或动态未知的肿瘤
115234,D37.300x001,阑尾交界性肿瘤
115235,D37.301,阑尾肿瘤
115236,D37.400,结肠动态未定或动态未知的肿瘤
115237,D37.400x001,结肠交界性肿瘤
115238,D37.400x002,乙状结肠交界性肿瘤
115239,D37.401,结肠肿瘤
115240,D37.402,升结肠动态未定肿瘤
115241,D37.403,升结肠肿瘤
115242,D37.404,横结肠动态未定肿瘤
115243,D37.405,横结肠肿瘤
115245,D37.407,降结肠肿瘤
115246,D37.408,乙状结肠动态未定肿瘤
115247,D37.409,乙状结肠肿瘤
115248,D37.410,盲肠动态未定肿瘤
115249,D37.411,盲肠肿瘤
115250,D37.500,直肠动态未定或动态未知的肿瘤
115251,D37.500x001,直肠交界性肿瘤
115253,D37.501,直肠肿瘤
115254,D37.502,直肠乙状结肠交界处动态未定肿瘤
115255,D37.503,直肠乙状结肠交界处肿瘤
115256,D37.600,肝、胆囊和胆管动态未定或动态未知的肿瘤
115257,D37.600x001,胆囊交界性肿瘤
115259,D37.600x003,肝交界性肿瘤
115260,D37.600x004,肝胆管交界性肿瘤
115261,D37.601,肝肿瘤
115262,D37.602,胆囊动态未定肿瘤
141318,Y46.600x001,恶唑烷衍生物类
141320,Y46.800,镇痉药的有害效应
141321,Y47.000,巴比妥盐类的有害效应，不可归类在他处者
141322,Y47.000x002,鲁米那药物反应
141323,Y47.100,苯二氮类的有害效应
141325,Y47.200,氯醛衍生物的有害效应
141326,Y47.200x001,水化氯醛类药物反应
141327,Y47.300,三聚乙醛的有害效应
141328,Y47.400,溴化合物的有害效应
118770,F73.100,极重度精神发育迟缓，需要加以关注或治疗的显著行为缺陷
118771,F73.800,极重度精神发育迟缓，其他行为缺陷
118772,F73.900,极重度精神发育迟缓，未提及行为缺陷的
118773,F78.000,其他的精神发育迟缓，无或轻微行为缺陷的
118774,F78.100,其他精神发育迟缓，需要加以关注或治疗的显著行为缺陷
118775,F78.800,其他精神发育迟缓，其他行为缺陷的
118777,F79.000,精神发育迟缓，无或轻微行为缺陷的
118778,F79.000x001,精神发育迟滞
118779,F79.100,精神发育迟缓，需要加以关注或治疗的显著行为缺陷
118780,F79.800,精神发育迟缓引起的，其他的
118781,F79.900,精神发育迟缓，未提及行为缺陷
118782,F79.901,智力低下
118783,F80.000,特定性言语构音障碍
118784,F80.100,表达性语言障碍
118785,F80.200,感受性语言障碍
118786,F80.201,感觉性失语
118787,F80.202,韦尼克失语
118788,F80.203,先天性听力无知觉
118789,F80.204,接受型言语障碍或失语症
118790,F80.205,辨语聋
118791,F80.300,伴有癫痫的后天性失语［兰道-克勒夫纳综合征］
118792,F80.800,言语和语言发育障碍，其他的
118793,F80.900,言语和语言发育障碍
118794,F81.000,特定性阅读障碍
118795,F81.100,特定性拼写障碍
118796,F81.200,特定性计算技能障碍
118798,F81.300,混合性学习技能障碍
118799,F81.800,发育障碍，其他学习技能
118800,F81.900,学习技能发育障碍
118802,F83.x00,混合性特定性发育障碍
118803,F84.000,童年孤独症
118804,F84.000x001,儿童孤独症
118805,F84.001,婴儿孤独症
118806,F84.002,儿童期精神症
118807,F84.100,不典型孤独症
118809,F84.300,童年瓦解性障碍，其他的
118810,F84.300x001,童年瓦解性障碍
118811,F84.301,婴儿痴呆
118813,F84.500,阿斯珀格综合征
118814,F84.800,弥漫性［综合性］发育障碍，其他的
118815,F84.900,弥漫性［综合性］发育障碍
118816,F84.900x001,广泛性发育障碍
118817,F88.x00,其他心理发育障碍
119744,G62.909,多灶性运动神经病
119746,G64.x00x001,肌颤搐多汗综合征
119747,G70.000,重症肌无力
119748,G70.000x002,重症肌无力危象
119749,G70.000x004,胆碱能危象
119750,G70.000x005,反拗性危象
118686,F55.x00x601,滥用草药或民间验方
118687,F55.x00x702,有机化合物所致精神障碍
118688,F55.x00x703,重金属所致精神障碍
118689,F55.x00x704,食物毒素所致精神障碍
118691,F59.x00x001,心因性生理功能障碍
118692,F60.000,偏执型人格障碍
118693,F60.100,分裂样人格障碍
118694,F60.200,社交紊乱型人格障碍
118695,F60.201,反社会型人格障碍
118696,F60.300,情绪不稳型人格障碍
118697,F60.301,冲动型人格障碍
119617,G56.100x004,旋前圆肌综合征
119618,G56.101,正中神经麻痹
119619,G56.200,尺神经损害
119620,G56.200x001,迟发性尺神经炎
119621,G56.201,尺神经麻痹
119622,G56.202,肘管综合征
119623,G56.203,尺神经炎
119624,G56.300,桡神经损害
119625,G56.301,桡神经麻痹
119626,G56.800,上肢其他单神经病
119627,G56.800x001,指间神经瘤
118019,E88.901,代谢障碍
118020,E88.902+M90.8*,代谢性骨病
118021,E88.903,遗传性代谢病
118022,E88.904+G99.2*,代谢性脊髓病
118023,E88.905+G99.0*,代谢性周围神经病
118024,E88.906+H28.1*,代谢性白内障
118025,E88.907+I43.1*,代谢性心肌病
118026,E88.908+G73.6*,代谢性肌病
118028,E89.001,手术后甲状腺功能减退
118029,E89.002,放射后甲状腺功能减退
118030,E89.100,操作后血内胰岛素不足
118031,E89.101,手术后低血糖昏迷
118032,E89.102,手术后低胰岛素血症
118034,E89.200x001,甲状旁腺缺失性手足搐搦
118035,E89.201,手术后甲状旁腺功能减退
118036,E89.300,操作后垂体功能减退症
118037,E89.300x002,医源性垂体功能减退症
118039,E89.301,手术后垂体功能减退
118040,E89.302,后天性垂体缺失
118041,E89.303,手术后尿崩症
118042,E89.400,操作后卵巢功能衰竭
118043,E89.400x001,放射后卵巢功能衰竭
118045,E89.401,医源性卵巢功能衰竭
118046,E89.500,操作后睾丸功能减退
118047,E89.501,手术后睾丸功能减退
118048,E89.600,操作后肾上腺皮质（髓质）功能减退
118050,E89.800,操作后内分泌和代谢紊乱，其他的
118051,E89.800x002,肝移植术后糖尿病
118052,E89.800x003,肝移植术后高脂血症
118053,E89.801,血透失衡综合征
134139,Q76.200x103,先天性腰椎体滑脱
134140,Q76.201,先天性脊柱脱位
134141,Q76.202,先天性脊椎滑脱
134142,Q76.203,先天性腰骶脊椎前移症
134143,Q76.300,骨先天性畸形引起的先天性脊柱侧弯
134144,Q76.300x011,先天性脊柱侧弯半椎体畸形
134145,Q76.400,脊柱其他先天性畸形，与脊柱侧弯无关
134146,Q76.400x101,先天性半椎体畸形
134147,Q76.400x102,先天性椎骨缺如
134148,Q76.400x201,先天性第一骶椎腰化
134149,Q76.400x203,先天性骶椎腰化
134150,Q76.400x301,先天性寰枢椎脱位
134151,Q76.400x302,先天性颈椎脱位
134152,Q76.400x303,颈椎横突过长
134153,Q76.400x304,环椎椎弓发育不全
119560,G52.201,喉返神经麻痹
119561,G52.202,喉返神经疾患
119562,G52.203,迷走神经麻痹
119563,G52.204,喉返神经炎
119564,G52.205,迷走神经功能亢进
119566,G52.301,舌下神经痛
119567,G52.302,舌下神经麻痹
119568,G52.700,多发脑神经疾患
119569,G52.700x005,维拉雷综合征
119570,G52.701,多发性脑神经麻痹
119571,G52.702,多发性脑神经炎
119572,G52.703,多发性脑神经损害
119573,G52.704,颈静脉孔综合征
119574,G52.705,眶尖综合征
119575,G52.800,脑神经疾患，其他特指的
119576,G52.800x004,枕神经痛
119577,G52.800x005,枕小神经痛
119578,G52.800x006,枕大神经炎
119579,G52.801,副神经疾患
119581,G52.900,脑神经疾患
119582,G52.901,脑神经炎
119583,G52.902,脑神经麻痹
119584,G54.000,臂丛疾患
119586,G54.000x004,颈肋综合征
119587,G54.000x006,过度外展综合征
119588,G54.001,肋锁综合征
119589,G54.002,胸廓出口综合征
119590,G54.003,臂丛神经麻痹
119592,G54.100,腰骶丛疾患
119593,G54.100x001,腰骶丛损害
119596,G54.200x001,颈神经根损害
119597,G54.201,颈神经根囊肿
119598,G54.300,胸神经根疾患，不可归类在他处者
119599,G54.300x001,胸神经根损害
119600,G54.400,腰骶神经根疾患，不可归类在他处者
119602,G54.500,神经痛性肌萎缩
119603,G54.600,幻肢综合征伴有疼痛
119604,G54.700,幻肢综合征不伴有疼痛
141329,Y47.500,混合的镇静剂和催眠药的有害效应，不可归类在他处者
142120,Z37.600,多胎产，某些为活产，其他的
142121,Z37.600x001,"多胎产,某些为活产"
142122,Z37.700,多胎产，均为死产，其他的
142123,Z37.700x001,多胎产死产
142124,Z37.900,分娩的结局
142125,Z37.900x003,珍贵儿
142126,Z38.000,单胎，在医院内出生
142127,Z38.000x001,在医院内出生的单胎活产婴儿
142128,Z38.100,单胎，在医院外出生
142129,Z38.100x001,在医院外出生的单胎活产婴儿
142130,Z38.200,单胎，未特指出生地点
142131,Z38.200x001,未知出生地点的单胎活产婴儿
142132,Z38.300,双胎，在医院内出生
142134,Z38.400,双胎，在医院外出生
142135,Z38.400x001,在医院外出生的双胎活产婴儿
142136,Z38.500,双胎，未特指出生地点
142137,Z38.500x001,未知出生地点的双胎活产婴儿
142138,Z38.600,多胎，在医院内出生，其他的
142139,Z38.600x001,在医院内出生的多胎活产婴儿
142140,Z38.700,多胎，在医院外出生，其他的
142141,Z38.700x001,在医院外出生的多胎活产婴儿
142142,Z38.800,多胎，其他的
142143,Z38.800x001,未知出生地点的多胎活产婴儿
142144,Z39.000,产后即刻医疗照顾和检查
142145,Z39.000x001,产后医疗照顾
142147,Z39.000x021,在医院外分娩有计划的产后医疗照顾
142148,Z39.000x031,在医院外分娩无计划的产后医疗照顾
142149,Z39.100,授乳母亲的医疗照顾和检查
142150,Z39.100x001,哺乳期的监督
142152,Z39.100x003,授乳母亲的医疗照顾
142153,Z39.200,常规产后随诊
142154,Z39.200x001,产后随诊
142156,Z40.000x001,为预防恶性肿瘤的手术医疗
142157,Z40.800,预防性手术，其他的
142158,Z40.900,预防性手术
142159,Z40.900x001,预防性手术医疗
142160,Z41.000,头发移植
142161,Z41.100,为体表不能接受的外貌而进行的其他整形外科手术
142163,Z41.100x003,眼皮整形
142164,Z41.100x004,颧骨突出整形
142165,Z41.100x005,颞部凹陷整形
141528,Y60.600x001,医疗插管中意外损伤
141530,Y60.700x001,进行灌肠中意外损伤
141531,Y60.800,在其他手术和医疗中非故意的切割、针刺、穿孔或出血
141532,Y60.900,在手术和医疗中非故意的切割、针刺、穿孔或出血
119751,G70.001,重症肌无力，肌萎缩型
119752,G70.002,重症肌无力，眼肌型
119029,G09.x01,感染中毒性脑病后遗症
119030,G10.x00,亨廷顿病
119031,G10.x00x004,良性非进行性家族性舞蹈病
119032,G10.x00x005,先天性舞蹈病
119033,G10.x01+F02.2*,亨廷顿病性痴呆
119034,G11.000,先天性非进行性共济失调
119035,G11.000x002,小脑性发育不良及发育不全
119036,G11.000x003,先天性小脑性共济失调
119037,G11.000x004,先天性小脑性共济失调双侧瘫痪
119038,G11.000x005,先天性小脑蚓部发育不全
119039,G11.000x006,先天性小脑颗粒细胞发育不全
119040,G11.000x007,"先天性共济失调,精神发育迟缓及部分无虹膜"
119041,G11.000x008,先天性平衡失调综合征
119042,G11.100,早期发病的小脑性共济失调
119043,G11.100x002,脊髓小脑性共济失调
119044,G11.100x003,早发型小脑性共济失调增加遗传性共济失调-侏儒-智力缺陷综合征(Marinesco-Sjogren综合征)
119045,G11.100x004,周期性共济失调(发作性共济失调)
119046,G11.100x005,肌阵挛小脑性共济失调(Ramsay-Hunt综合征)
119047,G11.100x006,反射保留型Friedreich共济失调
119049,G11.102,弗里德赖希共济失调
119050,G11.200,晚期发病的小脑性共济失调
119051,G11.200x002,进行性小脑共济失调(橄榄体脑桥小脑萎缩)
119052,G11.200x004,晚发型Friedreich共济失调
119054,G11.300,小脑共济失调伴有脱氧核糖核酸［DNA］修复缺陷
119055,G11.300x001,共济失调性毛细血管扩张症
119056,G11.300x002,"小脑性共济失调,伴有脱氧核糖核酸修复缺陷(Kearn-Sayre综合征)"
119058,G11.400,遗传性痉挛性截瘫
119059,G11.400x001,遗传性痉挛性截瘫(Strumpell-Lorrain病)
119060,G11.800,遗传性共济失调，其他的
119062,G11.900,遗传性共济失调
119063,G11.900x001,共济失调综合征
119064,G11.900x005,常染色体显性小脑共济失调
119067,G11.902,原发性小脑变性
119068,G12.000,婴儿脊髓性肌萎缩，Ⅰ型［韦德尼希-霍夫曼］
119070,G12.100x001,成人型脊髓性肌萎缩（IV型）
120001,G93.400x007,可逆性后部白质脑病综合征
120002,G93.400x008,自身免疫相关性脑病
120003,G93.401,低颅压综合征
120004,G93.402,脑白质病
118054,E89.802,后天性胸腺缺失
118055,E89.900,"内分泌和代谢紊乱,操作后的"
118056,F01.000,急性发作的血管性痴呆
118057,F01.100,多发脑梗死性痴呆
118058,F01.101,常染色体显性遗传性脑动脉病
118059,F01.102,遗传性多发脑梗死性痴呆
118060,F01.200,皮层下血管性痴呆
118061,F01.300,混合型皮层和皮层下血管性痴呆
118062,F01.800,血管性痴呆，其他的
118063,F01.800x001,出血性痴呆
118064,F01.900,血管性痴呆
118065,F01.901,动脉硬化性痴呆
118066,F01.902,脑动脉硬化性精神病
118067,F03.x00,痴呆
118068,F03.x01,老年性痴呆
118070,F04.x00x001,脑器质性创伤后遗忘
118883,G00.900x003,颅底化脓性脑膜炎
118884,G00.901,化脓性脑膜炎
118885,G00.902,新生儿化脓性脑膜炎
118886,G00.903,耳源性脑膜炎
118887,G00.904,手术后化脓性脑膜炎
118888,G03.000,非化脓性脑膜炎
118889,G03.001,无菌性脑膜炎
118890,G03.002,局限性脑膜炎
118891,G03.100,慢性脑膜炎
118892,G03.200,良性复发性脑膜炎［莫拉利特］
132784,Q10.601,先天性泪道畸形
132785,Q10.602,先天性泪小阜畸形
132786,Q10.700,眼眶先天性畸形
132787,Q10.701,先天性眶距增宽症
132788,Q11.000,囊状眼球
132789,Q11.100,无眼畸形，其他的
132790,Q11.200,小眼畸形
132792,Q11.201,眼发育不全
132793,Q11.202,隐眼
132794,Q11.203,真性小眼球
132795,Q11.300,巨眼畸形
132796,Q12.000,先天性白内障
132797,Q12.001,绕核性白内障
132799,Q12.100,先天性晶状体移位
132800,Q12.200,晶状体缺损
132801,Q12.300,先天性无晶状体
132802,Q12.400,球形晶状体
132804,Q12.801,先天性圆锥形晶状体
132805,Q12.900,先天性晶状体畸形
132806,Q13.000,虹膜缺损
132807,Q13.100,虹膜缺如
132808,Q13.101+H42.8*,无虹膜青光眼
132809,Q13.200,先天性虹膜畸形，其他的
132811,Q13.202,先天性瞳孔大小不等
132812,Q13.203,先天性瞳孔异位
132813,Q13.300,先天性角膜混浊
132814,Q13.301,先天性角膜白斑
132816,Q13.400x001,先天性扁平角膜
132817,Q13.400x004,先天性角膜异常
132818,Q13.400x006,先天性角膜巩膜化
119605,G54.800,"神经根和神经丛疾患,其他的"
119606,G54.800x003,手术后神经根粘连
119607,G54.800x004,脊神经嵌压综合征
119608,G54.801,骶神经根囊肿
119609,G54.900,神经根和神经丛疾患
119610,G54.900x001,周围神经卡压综合征
119611,G54.901,神经根压迫症
119612,G56.000,腕管综合征
119613,G56.100,正中神经的其他损害
119614,G56.100x001,正中神经损害
119615,G56.100x002,正中神经卡压综合征
119616,G56.100x003,骨间背侧神经卡压综合征
120628,H30.901,视神经视网膜炎
120629,H30.902,脉络膜炎
120630,H30.903,视网膜炎
120631,H31.000,脉络膜视网膜瘢痕
120632,H31.000x001,视网膜瘢痕
120633,H31.000x002,日光性视网膜病
120634,H31.000x004,炎症后黄斑瘢痕
120635,H31.000x005,外伤后黄斑瘢痕
120636,H31.100,脉络膜变性
120637,H31.101,脉络膜萎缩
118828,F91.200,社会化的品行障碍
118829,F91.300,对立违抗性障碍
118830,F91.800,品行障碍，其他的
118831,F91.900,品行障碍
118832,F92.000,抑郁性品行障碍
118833,F92.800,品行和情绪混合性障碍，其他的
118834,F92.900,品行和情绪混合性障碍
118835,F93.000,童年离别焦虑障碍
118836,F93.100,童年恐怖性焦虑障碍
118837,F93.200,童年社交性焦虑障碍
118839,F93.800,童年情绪障碍，其他特指的
118840,F93.900,童年情绪障碍
118841,F94.000,选择性缄默症
118843,F94.200,童年脱抑制性依恋障碍
118844,F94.800,童年其他社会功能障碍
118845,F94.900,童年社会功能障碍
118846,F95.000,一过性抽动障碍
118848,F95.101,慢性运动抽动障碍
118849,F95.200,发声和多种运动联合抽动障碍［德拉图雷特综合征］
118850,F95.201,抽动秽语综合征
118851,F95.800,抽动障碍，其他的
118852,F95.801,眨眼症
118854,F98.000,非器质性遗尿症
118855,F98.001,功能性遗尿
118856,F98.100,非器质性遗粪症
118857,F98.101,功能性遗粪症
118859,F98.300,婴幼儿和童年异食癖
118860,F98.400,刻板性运动障碍
118861,F98.500,口吃［结巴］
118862,F98.600,言语急促杂乱
118865,F98.801,吸吮拇指
118866,F98.802,咬指甲
141533,Y60.900x001,在手术和医疗中的意外损伤
141534,Y61.000,在手术中异物意外地遗留在体内
141535,Y61.100,在输液或输血中异物意外地遗留在体内
141536,Y61.200,在肾透析或其他灌注中异物意外地遗留在体内
141537,Y61.300,在注射或人工免疫中异物意外地遗留在体内
138895,T40.201,吗啡中毒
138896,T40.300,美散痛中毒
138897,T40.400,合成的麻醉品中毒，其他的
138898,T40.400x002,马兜铃（万丈龙）中毒
138899,T40.401,杜冷丁中毒
138900,T40.500,可卡因中毒
138901,T40.600,麻醉品中毒，其他的
138902,T40.601,麻醉品中毒
138903,T40.700,大麻类（衍生物）中毒
138904,T40.800,二乙麦角酰胺(LSD)中毒
138905,T40.900,致幻药(致幻剂)中毒，其他和未特指的
138906,T40.900x001,南美仙人掌毒碱中毒
138907,T40.900x002,二甲-4-羟色胺中毒
138908,T40.900x003,西洛西宾中毒
138909,T40.901,致幻药中毒
138910,T41.000,吸入性麻醉药中毒
138911,T41.100,静脉内麻醉药中毒
138912,T41.100x002,硫巴比妥盐类中毒
138913,T41.200,全身麻醉药中毒，其他和未特指的
138914,T41.200x002,氯胺酮中毒
138915,T41.201,全身麻醉药中毒
138916,T41.300,局部麻醉药中毒
138917,T41.400,麻醉药中毒
138918,T41.500,治疗性气体中毒
138919,T41.500x001,治疗性氧气中毒
138921,T42.000,乙内酰脲衍生物中毒
138922,T42.001,苯妥英钠中毒
138923,T42.100,亚氨基二苯乙烯类中毒
138924,T42.101,卡马西平中毒
138925,T42.200,琥珀酰亚胺和恶唑烷二酮类中毒
138927,T42.200x002,琥珀酰亚胺类中毒
138928,T42.300,巴比妥盐类中毒
138929,T42.301,苯巴比妥中毒
138930,T42.302,速可眠中毒
138931,T42.400,苯二氮类中毒
138933,T42.402,佳静安定中毒
138934,T42.403,舒乐安定中毒
138935,T42.404,利眠宁中毒
138936,T42.405,硝基安定中毒
138938,T42.500,混合型镇癫痫药中毒，不可归类在他处者
138939,T42.500x001,混合型抗癫痫药中毒
138941,T42.600x002,佐匹克隆中毒
138942,T42.600x004,丙戊酸钠中毒
138943,T42.600x005,丙戊酸中毒
138944,T42.600x006,苯乙哌啶酮类中毒
138945,T42.601,安眠酮中毒
115750,D48.500x010,手部皮肤交界性肿瘤
120006,G93.404,器质性脑病
120007,G93.405,可逆性后部白质脑病
120008,G93.500,脑受压
120009,G93.500x001,枕骨大孔疝(小脑扁桃体疝)
120010,G93.500x002,脑干受压
120011,G93.500x005,外侧型小脑幕裂孔疝(钩回疝)
134080,Q74.200x001,先天性股骨颈纤维结构不良
134081,Q74.200x003,先天性骶骨假关节
134082,Q74.200x004,先天性胫骨纤维结构不良
134083,Q74.200x005,先天性耻骨分离
134084,Q74.200x006,先天性腓骨结构不良
134085,Q74.201,先天性骶髂关节融合
134086,Q74.202,先天性胫腓骨纤维结构不良
134087,Q74.203,先天性下肢骨假关节
134088,Q74.204,先天性巨趾
134089,Q74.300,先天性多发性关节弯曲
134090,Q74.300x001,居林-施特恩综合征(Guerin-Stern综合征)
134091,Q74.800,四肢的其他特指先天性畸形
134092,Q74.800x001,先天性短指畸形
134093,Q74.800x201,先天性单侧下肢肥大症
134094,Q74.800x202,先天性单侧上肢肥大症
134095,Q74.800x203,偏侧肢体肥大
134096,Q74.800x301,先天性四肢生长缓慢
134097,Q74.800x401,先天性四肢生长不对称
134098,Q74.800x402,先天性上肢生长不对称
131117,O35.200,为胎儿（可疑）遗传性疾病给予的孕产妇医疗
131118,O35.200x002,胎儿基因异常
131119,O35.200x003,胎儿单基因病
131120,O35.200x004,胎儿遗传代谢病
131122,O35.202,胎儿β地中海贫血
131123,O35.203,胎儿亨廷顿舞蹈病
131124,O35.204,胎儿克拉伯病
131125,O35.205,胎儿血友病
131126,O35.206,胎儿遗传性疾病
131128,O35.300x002,为妊娠合并风疹病毒感染所致胎儿的（可疑）损害给予的孕产妇医疗
131129,O35.300x003,为妊娠合并巨细胞病毒感染所致胎儿的（可疑）损害给予的孕产妇医疗
131130,O35.400,为酒精所致胎儿的（可疑）损害给予的孕产妇医疗
131132,O35.600,为辐射所致胎儿的（可疑）损害给予的孕产妇医疗
131133,O35.600x001,放射后的孕产妇医疗
131134,O35.700,为其他医疗操作所致胎儿的（可疑）损害给予的孕产妇医疗
131135,O35.700x001,羊膜穿刺后的孕产妇医疗
131137,O35.700x003,侵入性胎儿手术后的孕产妇医疗
131138,O35.700x006,手术对胎儿损害的孕产妇医疗
131139,O35.701,胎儿损害由于子宫内避孕器妊娠
131141,O35.800x001,胎儿多发畸形
132819,Q13.401,先天性角膜畸形
132820,Q13.405,彼得异常
132821,Q13.500,蓝色巩膜
132822,Q13.500x002,巩膜色素斑
132823,Q13.800,眼前段其他的先天性畸形
132824,Q13.801,里格尔异常
132825,Q13.802,永存瞳孔膜
132826,Q13.803,阿克森费尔德-里格尔综合征
133897,Q66.000,马蹄内翻足
133898,Q66.100,仰趾内翻足
133899,Q66.200,内翻跖
133900,Q66.300,足的其他先天性内翻变形
133901,Q66.400,仰趾外翻足
133902,Q66.500,先天性平足
133903,Q66.600,足的其他先天性外翻变形
133904,Q66.601,先天性马蹄外翻足
133905,Q66.700,高弓足
133906,Q66.701,先天性第四跖骨短畸形
133907,Q66.702,先天性弓形足
133908,Q66.800,足的其他先天性变形
133909,Q66.800x006,先天性垂直距骨
133910,Q66.800x007,先天性足副舟骨
133911,Q66.800x008,先天性跟距骨桥
133912,Q66.800x009,先天性跗骨畸形
133913,Q66.800x010,先天性趾畸形
133914,Q66.800x012,先天性跖骨内收
133915,Q66.800x013,先天性跖骨短缩
133916,Q66.800x014,先天性跗骨联合
133917,Q66.800x015,小趾内翻
133919,Q66.801,先天性足畸形
133920,Q66.802,先天性锤状趾
133921,Q66.803,先天性马蹄足
133922,Q66.804,先天性外翻
133923,Q66.805,先天性仰趾足
133924,Q66.900,足先天性变形
133096,Q25.400x010,先天性主动脉骑跨
134164,Q76.401,先天性寰枕畸形
134166,Q76.403,先天性颈椎畸形
134167,Q76.404,先天性颈椎体融合
134168,Q76.405,先天性齿突发育不良
134169,Q76.406,先天性齿状突移位
134171,Q76.408,先天性脊柱融合
134172,Q76.409,先天性脊柱扁椎骨
134173,Q76.412,先天性脊柱后凸畸形
134174,Q76.413,先天性脊椎缺失
134175,Q76.414,先天性胸椎畸形
134177,Q76.416,先天性胸椎脱位
134178,Q76.417,先天性腰椎畸形
134179,Q76.418,先天性第五腰椎骶化
134180,Q76.419,先天性尾骨畸形
134181,Q76.500,颈肋
134183,Q76.600x101,先天性肋骨缺如
134184,Q76.600x301,副肋
134185,Q76.600x901,先天性肋骨外翻
134186,Q76.600x902,先天性叉状肋
134188,Q76.600x904,肋骨纤维性结构不良
134189,Q76.601,先天性分叉肋
118867,F98.803,挖鼻孔
118868,F98.900,通常在童年和青少年期发病的行为和情绪障碍
118869,F99.x00,精神障碍
118870,G00.000,嗜血杆菌脑膜炎
118871,G00.000x001,流感嗜血杆菌脑膜炎
118872,G00.100,肺炎球菌性脑膜炎
118873,G00.200,链球菌性脑膜炎
118874,G00.300,葡萄球菌性脑膜炎
118875,G00.800,细菌性脑膜炎，其他的
118876,G00.800x002,大肠埃希杆菌脑膜炎
118877,G00.800x003,弗里德伦德尔肺炎杆菌脑膜炎
118878,G00.800x005,鲍曼不动杆菌性脑膜炎
118879,G00.801,变形杆菌性脑膜炎
118880,G00.802,大肠杆菌性脑膜炎
118881,G00.803,克雷伯杆菌性脑膜炎
118882,G00.900,细菌性脑膜炎
119807,G72.200,毒性物质引起的肌病，其他的
119808,G72.200x001,中毒性肌病
119810,G72.301,低钾型周期性麻痹
119811,G72.302,高钾性周期性麻痹
119812,G72.304,正常钾型周期性麻痹
119813,G72.400,炎性肌病，不可归类在他处者
119814,G72.401,包涵体肌炎
119815,G72.402,遗传性包涵体肌病
119816,G72.403,散发性包涵体肌炎
117200,E23.608,拉特克囊肿
117201,E23.610,垂体钙化
117202,E23.611,垂体出血
117203,E23.612,垂体假腺瘤
117204,E23.613,淋巴细胞性垂体炎
117205,E23.614,垂体萎缩
117206,E23.615,肉芽肿性垂体炎
117208,E23.617,垂体危象
117209,E23.618,间脑综合征
117210,E23.619,自身免疫性垂体炎
117211,E23.700,垂体疾患
117212,E23.700x001,垂体瘢痕形成
117214,E24.000,垂体依赖性库欣病
117215,E24.000x001,垂体促肾上腺皮质激素分泌过多
117217,E24.100,纳尔逊综合征
117218,E24.200,药物性皮质醇增多症
117219,E24.200x001,正确用药所致药物性皮质醇增多症
117220,E24.201,医源性库欣综合征
117221,E24.202,类库欣综合征
117223,E24.400,醇诱发的假库欣综合征
117224,E24.800,库欣综合征，其他的
117225,E24.800x001,原发性色素性结节状肾上腺皮质病
117226,E24.801,糖皮质激素过度敏感综合征
117228,E24.901,亚临床库欣综合征
117229,E24.902,肾上腺皮质功能亢进症
117230,E25.000,先天性肾上腺性征疾患伴有酶缺乏
117232,E25.000x008,盐丢失性先天性肾上腺增生
117233,E25.001,11β-羟化酶缺陷症
115751,D48.500x011,肢体皮肤交界性肿瘤
115752,D48.500x012,毛囊漏斗部交界性肿瘤
115753,D48.500x014,耵聍腺交界性肿瘤
115754,D48.501,皮肤肿瘤
115755,D48.502,头颈部皮肤动态未定肿瘤
115756,D48.503,头颈部皮肤肿瘤
115757,D48.504,躯干皮肤动态未定肿瘤
115758,D48.505,躯干皮肤肿瘤
115759,D48.506,乳房皮肤动态未定肿瘤
115760,D48.507,乳房皮肤肿瘤
116522,E06.900,甲状腺炎
116523,E07.000,降钙素分泌过多
116524,E07.000x001,高降钙素血症
116525,E07.000x002,甲状腺降钙素分泌过多
116526,E07.001,甲状腺C细胞增生
116527,E07.100,激素生成障碍性甲状腺肿
116528,E07.100x002,彭德莱综合征(家族性呆小聋哑症)
116529,E07.100x003,家族性激素生成障碍性甲状腺肿
116530,E07.800,甲状腺疾患，其他特指的
116531,E07.800x001,甲状腺出血
116532,E07.800x003,甲状腺功能正常的病态综合征
116533,E07.800x004,甲状腺激素不敏感综合征(T4抵抗综合征)
116534,E07.800x007,甲状腺结合球蛋白异常
116535,E07.800x009,甲状腺梗死
116536,E07.800x011,甲状腺不典型增生
116537,E07.801,甲状腺激素抵抗综合征
116538,E07.802,甲状腺钙化
116539,E07.803,甲状腺囊肿出血
116540,E07.804,低T3综合征
116541,E07.805,手术后甲状腺瘘
116542,E07.806,甲状腺病态综合征
116543,E07.900,甲状腺疾患
116544,E07.901,甲状腺肿物
116545,E10.000,1型糖尿病伴有昏迷
116547,E10.000x002,1型糖尿病性高血糖状态昏迷
116548,E10.000x005,1型糖尿病性乳酸性酸中毒并昏迷
116549,E10.000x006,1型糖尿病性酮症酸中毒和乳酸性酸中毒并昏迷
116550,E10.001,1型糖尿病性高渗性昏迷
116552,E10.003,1型糖尿病性酮症酸中毒昏迷
116553,E10.100,1型糖尿病伴有酮症酸中毒
116554,E10.100x012,1型糖尿病性酮症
116556,E10.100x051,1型糖尿病性酮症酸中毒和乳酸性酸中毒
116557,E10.100x061,成人晚发自身免疫性糖尿病酮症
116558,E10.101,1型糖尿病性酮症酸中毒
116559,E10.102,1型糖尿病性乳酸酸中毒
116560,E10.103,1型糖尿病酮症
116562,E10.200x011+N08.3*,1型糖尿病性前期肾病
116563,E10.200x012+N08.3*,1型糖尿病性前期肾小球肾病
131142,O35.800x002,为妊娠合并李斯特菌所致胎儿的（可疑）损害给予的孕产妇医疗
131143,O35.800x003,胎儿畸形
131144,O35.800x005,寄生胎
131145,O35.800x006,胎儿结构畸形
131146,O35.800x007,胎儿食管闭锁
131147,O35.800x009,胎儿肾盂积水
131148,O35.800x010,胎儿轻度肾盂积水
131149,O35.800x011,胎儿腭裂
131151,O35.800x015,胎儿肛门闭锁
131152,O35.800x017,胎儿膀胱外翻
120570,H25.001,后囊下白内障
120571,H25.002,皮质性白内障成熟期
120572,H25.004,皮质性白内障膨胀期
120573,H25.100,老年核性白内障
120574,H25.200,老年性白内障，莫尔加尼型
120575,H25.800,老年性白内障，其他的
120576,H25.800x001,其他的老年性白内障
120577,H25.800x002,联合性老年性白内障
120578,H25.900,老年性白内障
120579,H26.000,婴儿、幼年和老年前期白内障
120580,H26.000x001,早老性白内障
120581,H26.000x002,青年期白内障
120582,H26.000x005,发育性白内障
120583,H26.001,婴儿期白内障
120584,H26.002,幼年性白内障
120585,H26.003,老年前期白内障
120586,H26.100,外伤性白内障
120587,H26.100x002,晶体后囊膜破裂
120588,H26.200,并发性白内障
120589,H26.200x005,慢性虹膜睫状体炎性白内障
120590,H26.201,虹膜异色性白内障
120591,H26.202,青光眼性白内障
120592,H26.300,药物性白内障
120594,H26.300x004,三硝基甲苯性白内障
120595,H26.301,中毒性白内障
120596,H26.400,后发性白内障
120597,H26.400x002,继发性白内障
120598,H26.400x003,膜性白内障
120600,H26.800,白内障，其他特指的
120601,H26.801,混合性白内障
120602,H26.802,放射性白内障
120603,H26.900,白内障
120605,H27.000,无晶状体
120606,H27.100,晶状体脱位
120607,H27.101,晶状体半脱位
120608,H27.102,晶状体全脱位
120610,H27.800x001,真性晶状体囊膜剥脱
120611,H27.900,晶状体疾患
120613,H30.000x002,渗出性脉络膜炎
120615,H30.000x005,局灶性视网膜炎
120616,H30.001,近乳头性脉络膜视网膜炎
120617,H30.100,播散性脉络膜视网膜炎
120618,H30.100x002,播散性视网膜炎
134190,Q76.602,先天性肋骨融合
134191,Q76.700,胸骨先天性畸形
134192,Q76.700x101,先天性胸骨缺如
134193,Q76.700x201,先天性胸骨裂
134194,Q76.700x902,剑突过长综合征
134195,Q76.800,胸廓的其他先天性畸形
134196,Q76.900,胸廓先天性畸形
134197,Q77.000,软骨成长不全
134198,Q77.100,致死性身材矮小症
134199,Q77.200,短肋综合征
134200,Q77.201,窒息性胸廓发育不良
134201,Q77.300,点状软骨发育不良
134202,Q77.301,先天性多发性骨骺发育不良
134203,Q77.400,软骨发育不全
134204,Q77.500,弯曲变形性发育不良（骨骼）
134205,Q77.600,软骨外胚层发育不良
134206,Q77.700,脊椎骨骺发育不良
134207,Q77.701,进行性假性类风湿发育不良症
134209,Q77.801,Leri-Weill综合征
134210,Q77.900,骨软骨发育不良伴有管状骨和脊柱发育缺陷
134211,Q78.000,成骨不全
134212,Q78.100,多骨纤维性结构不良
134213,Q78.100x001,先天性弥漫性纤维性骨炎
134214,Q78.100x002,多发性骨纤维发育不良伴性早熟综合征(Albright综合征)
134215,Q78.200,骨硬化症
134216,Q78.201,播散性骨硬化病
134217,Q78.300,进行性骨干发育异常
134218,Q78.400,内生软骨瘤病
134219,Q78.400x002,先天性膝关节滑膜骨软骨瘤病
134220,Q78.400x006,先天性多发性骨软骨瘤
134222,Q78.403,马富奇综合征
134223,Q78.404,先天性髋关节滑膜骨软骨瘤病
134224,Q78.405,先天性膝滑膜骨软骨瘤病
134226,Q78.500x001,派尔综合征(Pyle综合征)
134227,Q78.600,多发性先天性外生骨疣
119628,G56.900,上肢单神经病
119630,G57.000x003,坐骨神经粘连
119631,G57.001,梨状肌综合征
119632,G57.100,感觉异样性股痛
119633,G57.100x001,股外侧皮神经炎
119635,G57.200x003,髂腹股沟神经痛(髂腹股综合征)
119636,G57.201,股神经麻痹
119637,G57.300,外腘神经损害
119639,G57.300x005,腓总神经损害
119640,G57.301,腓神经麻痹
119641,G57.302,腓神经损害
119642,G57.303,腓总神经麻痹
119643,G57.304,腓浅神经卡压
119644,G57.400,中腘神经损害
119646,G57.401,胫神经麻痹
119647,G57.500,跗管综合征
119648,G57.500x001,胫后神经卡压综合征
117234,E25.002,17α-羟化酶缺陷症
117235,E25.003,21-羟化酶缺乏症
117236,E25.004,先天性肾上腺皮质增生症
117237,E25.005,先天性肾上腺发育不良
117238,E25.800,"肾上腺性征疾患,其他的"
117239,E25.801,假性性早熟
117240,E25.802,女性肾上腺性假两性畸形
117241,E25.900,肾上腺性征疾患
117242,E25.901,肾上腺增生伴女性男性化
117243,E25.902,肾上腺性征综合征
117244,E25.903,男性肾上腺增生性性早熟
117245,E26.000,原发性醛固酮过多症
117246,E26.000x003,康恩综合征(Conn综合征)
117247,E26.001,特发性醛固酮增多症
117248,E26.100,继发性醛固酮过多症
117249,E26.800,"醛固酮过多症,其他的"
117250,E26.800x002,高肾素性醛固酮增多症
117251,E26.801,家族性醛固酮增多症
117252,E26.802,巴特综合征
118188,F10.505,酒精中毒性躁狂状态
118189,F10.600,使用酒精引起的遗忘综合征
118190,F10.600x002,酒精中毒性科尔萨科夫综合征
118191,F10.601,慢性酒精性谵妄
118192,F10.700,使用酒精引起的残留性和迟发性精神病性障碍
118193,F10.700x091,慢性酒精性脑综合征
118194,F10.701,酒精中毒性痴呆
118196,F10.900,使用酒精引起的精神和行为障碍
134155,Q76.400x306,先天性齿状突发育不良
134156,Q76.400x307,先天性移行椎
134157,Q76.400x308,先天性胸椎腰化
134158,Q76.400x310,先天性椎管狭窄
134160,Q76.400x324,腰椎椎体后缘续连症
134161,Q76.400x903,先天性脊柱畸形
134162,Q76.400x905,先天性直背综合征
134163,Q76.400x906,先天性脊柱前凸
131175,O35.814,胎儿脐膨出
131176,O35.816,胎儿软骨畸形
131177,O35.817,胎儿肾畸形
131178,O35.818,胎儿消化道闭锁
131179,O35.819,胎儿心脏畸形
131181,O35.821,胎儿眼附器畸形
131182,O35.822,胎儿幽门梗阻
131183,O35.823,胎儿肢体畸形
131185,O36.000,为Rh因子同种免疫给予的孕产妇医疗
131186,O36.001,Rh血型不合
131187,O36.002,Rh阴性抗D抗体异常
131188,O36.100,为其他同种免疫给予的孕产妇医疗
131189,O36.100x002,同种免疫伴胎儿水肿
131190,O36.101,ABO血型不合
131191,O36.200,为胎儿水肿给予的孕产妇医疗
131193,O36.202,镜像综合征
116565,E10.200x014+N08.3*,1型糖尿病性前期肾小球系膜增殖性肾病
116566,E10.200x015+N08.3*,1型糖尿病性前期可逆的肾病
116567,E10.200x016+N08.3*,1型糖尿病性前期微白蛋白尿
115263,D37.603,胆囊肿瘤
115265,D37.605,胆管肿瘤
115966,D59.501,阵发性夜间性血红蛋白尿伴再生障碍性贫血
115967,D59.600,血红蛋白尿，其他外因性溶血症引起的
115968,D59.600x004,外因性溶血性血红蛋白尿
115969,D59.601,劳力性血红蛋白尿
115970,D59.602,行军性血红蛋白尿
115971,D59.603,阵发性冷性血红蛋白尿
115972,D59.604,血红蛋白尿伴溶血性贫血
115973,D59.800,后天性溶血性贫血，其他的
115974,D59.900,后天性溶血性贫血
115975,D59.901,急性溶血性贫血
115976,D59.902,溶血性黄疸
115977,D59.903,慢性特发性溶血性贫血
115978,D60.000,慢性后天性纯红细胞再生障碍
115979,D60.000x001,慢性后天性纯红细胞再生障碍性贫血
115980,D60.100,短暂后天性纯红细胞再生障碍
115981,D60.100x001,短暂后天性纯红细胞再生障碍性贫血
115982,D60.800,后天性纯红细胞再生障碍，其他的
115983,D60.900,后天性纯红细胞再生障碍
115984,D60.900x001,纯红细胞再生障碍性贫血
115986,D61.000x006,全血细胞减少症伴畸形
115987,D61.001,先天性纯红细胞再生障碍性贫血
115988,D61.002,婴儿纯红细胞再生障碍性贫血
115990,D61.004,布拉克凡-戴蒙德综合征
115991,D61.005,家族性再生不良性贫血
115992,D61.006,先天性再生障碍性贫血
115993,D61.007,范科尼贫血
115994,D61.100,药物性再生障碍性贫血
115996,D61.102,药物性骨髓抑制
115997,D61.200,再生障碍性贫血，其他外因引起的
115998,D61.200x002,外因性再生障碍性贫血
115999,D61.201,中毒性贫血
116001,D61.300,特发性再生障碍性贫血
116002,D61.800,再生障碍性贫血，其他特指的
116003,D61.800x002,肝炎相关重型再生障碍性贫血
116005,D61.802,继发性再生障碍性贫血
116006,D61.900,再生障碍性贫血
116007,D61.900x001,骨髓抑制
116008,D61.901,骨髓抑制性贫血
116010,D61.903,全血细胞减少
116011,D61.904,增生低下性贫血
116012,D61.905,重度再生障碍性贫血
116013,D61.906,急性骨髓造血功能抑制
116014,D61.907,全骨髓病
120619,H30.100x003,播散性脉络膜炎
120620,H30.200,后睫状体炎
120621,H30.201,睫状体平坦部炎
120622,H30.800,脉络膜视网膜炎，其他的
120623,H30.800x002,急性视网膜色素上皮炎
120624,H30.801,原田病
120625,H30.900,脉络膜视网膜炎
120626,H30.900x001,陈旧性脉络膜视网膜炎
120627,H30.900x002,结节性脉络膜炎
117696,E75.101,GM3神经节苷脂沉积症
117697,E75.200,"神经鞘脂贮积症,其他的"
117698,E75.200x006,克拉贝病
117699,E75.200x007,法伯综合征
117700,E75.200x009,中枢神经系统海绵样变性(卡纳万病)
117701,E75.200x010,海蓝组织细胞增生症
117702,E75.200x011,戈谢病II型
117703,E75.200x012,尼曼-匹克病A型
119753,G70.003,重症肌无力，轻度全身型
119754,G70.004,重症肌无力，中度全身型
119755,G70.005,重症肌无力，急性重症型
119756,G70.006,重症肌无力，迟发重症型
119757,G70.007,肌无力危象
119758,G70.008,儿童型重症肌无力
119759,G70.100,中毒性肌神经疾患
119761,G70.200x004,少年型重症肌无力
119762,G70.200x005,"儿童型重症肌无力,眼肌型"
119763,G70.201,先天性重症肌无力
119764,G70.202,先天性肌无力综合征
119765,G70.800,肌神经疾患，其他特指的
119767,G70.900,肌神经疾患
119768,G70.900x001,喉肌无力
119769,G70.900x003,面肌肌无力
119770,G70.901,肌无力综合征
119771,G70.902,肌无力
119772,G71.000,肌营养不良
119774,G71.000x006,Becker型肌营养不良症(贝氏肌营养不良症)
119775,G71.000x010,Emery-dreifuss型肌营养不良症
119776,G71.000x011,眼肌型肌营养不良症
119777,G71.001,进行性肌营养不良
119778,G71.002,眼咽型肌营养不良症
119779,G71.003,假肥大型肌营养不良症
119781,G71.005,迪谢纳型肌营养不良症
119782,G71.006,面肩肱型肌营养不良症
119783,G71.007,肢带型肌营养不良症
119784,G71.100,肌强直性疾患
119786,G71.102,萎缩性肌强直
119787,G71.103,营养不良性肌强直
119788,G71.104,先天性肌强直
119789,G71.105,先天性副肌强直
119791,G71.200,先天性肌病
119792,G71.200x002,先天性肌营养不良
119793,G71.200x003,多微小轴空病
119649,G57.600,跖神经损害
119650,G57.600x002,足底神经损害
119651,G57.600x003,莫顿跖痛症(Morton病)
119652,G57.601,跖趾神经炎
119653,G57.603,足底内侧神经卡压征
119654,G57.604,足底外侧神经卡压征
119655,G57.800,下肢其他单神经病
119657,G57.800x002,手术后下肢神经粘连
119658,G57.900,下肢单神经病
119659,G57.901,下肢单神经炎
119660,G58.000,肋间神经病
119661,G58.001,肋间神经痛
119662,G58.002,肋间神经炎
119663,G58.700,多发性单神经炎
119664,G58.800,单神经病，其他特指的
119665,G58.800x001,膈神经麻痹
119666,G58.800x004,手术后皮神经粘连
119667,G58.800x006,肩胛上卡压综合征
119668,G58.800x007,胸长神经麻痹
119669,G58.800x008,耳大神经痛
119670,G58.801,枕大神经痛
119671,G58.900,单神经病
119672,G58.900x002,神经功能障碍
119673,G58.900x003,神经麻痹
119674,G60.000,遗传性运动和感觉神经病
119675,G60.000x002,遗传性共济失调伴肌萎缩(鲁西-莱维综合征)
119676,G60.000x003,肥大性间质神经病(德热里纳-索塔病)
119677,G60.000x005,婴儿肥大性神经病
119678,G60.000x008,沙尔科-玛丽-图斯病
119679,G60.001,脱髓鞘型腓骨肌萎缩
119680,G60.002,轴索型腓骨肌萎缩
119681,G60.003,腓骨肌萎缩
119682,G60.100,植烷酸贮积症
120693,H33.503,创伤性视网膜脱离
120694,H33.504,复发性视网膜脱离
120695,H33.506,原发性视网膜脱离
120696,H34.000,短暂性视网膜动脉阻塞
120697,H34.100,视网膜中央动脉阻塞
120699,H34.200x002,视网膜血管痉挛
120700,H34.200x004,视网膜粥样栓塞(侯兰荷思特斑)
120701,H34.200x005,视网膜微栓塞
120702,H34.201,视网膜部分性动脉阻塞
118894,G03.800x003,肥厚性硬脑膜炎
118895,G03.800x004,肥厚性硬脊膜炎
118896,G03.800x005,肥厚性硬脑脊膜炎
118897,G03.801,化学性脑膜炎
118898,G03.802,反应性脑膜炎
118900,G03.900x008,脑脊膜炎
118901,G03.901,颅底蛛网膜炎
118902,G03.902,脊髓蛛网膜炎
118905,G03.905,原发性肥厚性硬脑膜炎
118906,G03.906,非特异性脑脊膜炎
118907,G03.907,急性脑膜炎
131194,O36.203,双胎镜像综合征
131196,O36.300x007,胎动频繁
131197,O36.300x008,胎动消失
131198,O36.300x009,胎动减少
131199,O36.301,慢性混合型胎儿宫内窘迫
131200,O36.302,慢性胎儿宫内窘迫
131201,O36.303,胎儿心律异常
131202,O36.304,慢性胎心型胎儿宫内窘迫
131203,O36.305,慢性羊水型胎儿宫内窘迫
131204,O36.400,为胎儿宫内死亡给予的孕产妇医疗
131205,O36.401,胎死宫内
131206,O36.500,为胎儿生长不良给予的孕产妇医疗
131207,O36.501,妊娠合并低体重儿
131208,O36.502,妊娠合并胎盘功能不全
131209,O36.503,胎儿生长发育迟缓
131210,O36.504,妊娠合并小样儿
131211,O36.600,为胎儿过度生长给予的孕产妇医疗
131212,O36.601,妊娠合并巨大儿
131213,O36.700,为腹腔妊娠中能活胎儿给予的孕产妇医疗
131214,O36.700x001,腹腔妊娠活胎
131215,O36.800,为其他特指的胎儿问题给予的孕产妇医疗
131216,O36.900,为胎儿问题给予的孕产妇医疗
131217,O40.x00,羊水过多
131218,O41.000,羊水过少
131219,O41.000x002,无羊水
131220,O41.100,羊膜囊和胎膜的感染
131221,O41.101,胎膜炎
131222,O41.102,胎盘炎
131223,O41.103,蜕膜炎
131224,O41.104,羊膜炎
131225,O41.800,羊水和胎膜其他特指的疾患
131226,O41.800x001,羊膜带综合征
131228,O41.801,羊膜囊肿
131229,O41.803,羊膜粘连
120638,H31.102,脉络膜硬化
120639,H31.200,遗传性脉络膜营养障碍
120640,H31.200x002,无脉络膜症
120642,H31.200x004,广泛性脉络膜营养不良
120643,H31.200x005,视乳头周围脉络膜营养不良
120644,H31.200x006,回旋状脉络膜萎缩
120645,H31.300,脉络膜出血和破裂
120646,H31.300x004,驱逐性脉络膜出血
120648,H31.302,脉络膜出血
120649,H31.400,脉络膜脱离
120650,H31.400x003,化脓性脉络膜脱离
120651,H31.401,出血性脉络膜脱离
120653,H31.403,创伤性脉络膜脱离
120654,H31.404,渗出性脉络膜脱离
120655,H31.800,脉络膜其他特指的疾患
120656,H31.800x001,脉络膜缺血
120658,H31.800x003,脉络膜水肿
120659,H31.800x004,特发性息肉样脉络膜血管病变
120660,H31.801,葡萄膜渗漏综合征
120661,H31.802,脉络膜新生血管
116015,D61.908,髓性再生不良
116727,E11.200x024+N08.3*,2型糖尿病性弥漫性肾小球硬化症
116728,E11.200x025+N08.3*,2型糖尿病性结节性肾小球硬化症
116729,E11.200x026+N08.3*,2型糖尿病性难愈性肾小球硬化症
116730,E11.200x027+N08.3*,2型糖尿病性大量白蛋白尿
116731,E11.200x028+N08.3*,2型糖尿病性递进性肾病
142166,Z41.100x006,低眉弓整形
142167,Z41.100x007,眉凹陷整形
142168,Z41.100x008,眉弓突出整形
142169,Z41.100x009,低额整形
142170,Z41.100x010,颊部凹陷整形
142171,Z41.100x011,臀部扁平整形
142172,Z41.100x012,腿部凹陷整形
142173,Z41.100x013,发际过高整形
142174,Z41.100x014,额部窄整形
142176,Z41.100x016,眶整形
142177,Z41.100x017,上唇整形
142178,Z41.100x018,下颌整形
142179,Z41.100x019,臀部整形
142180,Z41.100x020,耳垂整形
142181,Z41.100x021,颏部整形
139677,T81.036,手术后胰腺出血
139678,T81.100,在操作中发生或由于操作造成的休克，不可归类在他处者
139679,T81.101,操作中休克
139680,T81.102,手术后休克
139681,T81.200,在操作中意外的穿刺和撕裂，不可归类在他处者
139682,T81.200x001,操作中意外损伤
139683,T81.200x002,操作中膀胱损伤
139684,T81.200x005,操作中肠损伤
139685,T81.200x009,操作中肌腱损伤
139687,T81.200x012,操作中器官损伤
139688,T81.200x013,操作中食管损伤
139689,T81.200x014,操作中心脏损伤
139690,T81.200x015,操作中胃损伤
139691,T81.200x016,操作中子宫损伤
139693,T81.201,食管穿孔，操作中
139694,T81.202,心脏穿孔，操作中
139695,T81.203,胃穿孔，操作中
139696,T81.204,肠穿孔，操作中
139697,T81.205,子宫穿孔，操作中
139699,T81.207,膀胱撕裂，操作中
139700,T81.208,肌腱断裂，操作中
139701,T81.209,动脉破裂，操作中
139702,T81.210,血管破裂，操作中
139704,T81.212,胸导管损伤，操作中
139705,T81.213,胆管损伤，操作中
139706,T81.214,输尿管损伤，操作中
139707,T81.215,阴道损伤，操作中
139709,T81.217,神经损伤，操作中
139710,T81.218,气胸，操作中
139711,T81.219,尿道损伤，操作中
119794,G71.200x004,先天性肌纤维类型不均衡
119795,G71.200x005,中央轴空病
119796,G71.300,线粒体肌病，不可归类在他处者
119797,G71.300x001,线粒体脑肌病伴高乳酸血症和卒中样发作
119798,G71.300x003,线粒体肌病
119799,G71.301,线粒体脑肌病
119800,G71.800,肌肉的其他原发性疾患
119801,G71.800x002,肌-眼-脑病
119802,G71.801,肌萎缩
119803,G71.900,肌肉的原发性疾患
119804,G71.900x001,遗传性肌病
119805,G72.000,药物性肌病
119806,G72.100,酒精性肌病
116962,E14.300x053+H36.0*,糖尿病性牵拉性视网膜脱离
116963,E14.300x054+H22.1*,糖尿病性虹膜炎
116964,E14.300x061+H28.0*,糖尿病性白内障
116965,E14.300x071+H36.0*,糖尿病性视网膜病变
116966,E14.300x091+H28.0*,糖尿病性早发的年龄相关性白内障
116967,E14.400,糖尿病伴有神经的并发症
116968,E14.400x021+G63.2*,糖尿病性多发性神经病
120012,G93.500x006,中央型小脑幕裂孔疝(中心疝/中线疝)
120014,G93.500x008,小脑幕孔上升疝
120015,G93.500x009,大脑镰下疝(扣带回疝)
120016,G93.500x010,蝶骨嵴疝
120017,G93.501,脑疝
120018,G93.503,小脑幕裂孔疝
120019,G93.504,后天性脑膜膨出
120020,G93.600,脑水肿
120022,G93.600x003,血管源性脑水肿
120023,G93.600x004,细胞性脑水肿(细胞毒性脑水肿)
120024,G93.600x005,脑积水性脑水肿(间质性脑水肿)
120026,G93.600x007,渗透压性脑水肿
120027,G93.600x008,粒细胞性脑水肿
120028,G93.600x009,离子性脑水肿
120029,G93.700,赖氏综合征
120031,G93.800x007,胰性脑病
120032,G93.800x009,脑室憩室
120033,G93.800x010,颅内积气(气颅症)
120034,G93.800x012,无动性缄默(睁眼昏迷)
120035,G93.800x013,脑死亡
120037,G93.802,放射性脑病
120038,G93.803,去脑强直
120039,G93.804,大脑功能障碍
120040,G93.805,脑钙化
120041,G93.806,脑软化
120043,G93.808,脑室扩张
120044,G93.809,颅内静脉窦狭窄
120045,G93.810,丘脑综合征
120046,G93.811,视丘反应综合征
120048,G93.814,颅内胆脂瘤
120049,G93.815,去皮层状态
120050,G93.900,脑疾患
118908,G04.000,急性播散性脑炎
118909,G04.000x004,疫苗接种后脑脊髓炎
118910,G04.001,急性播散性脑脊髓炎
118911,G04.002,疫苗接种后脑炎
118912,G04.100,人类T细胞淋巴病毒相关脊髓病
118913,G04.101,热带痉挛性截瘫
118914,G04.200,细菌性脑膜脑炎和脊髓脊膜炎，不可归类在他处者
118915,G04.201,绿脓杆菌性脑膜脑炎
118916,G04.800,脑炎、脊髓炎和脑脊髓炎，其他的
118917,G04.800x003,化脓性脊髓炎
118918,G04.800x004,抗NMDA受体脑炎
118919,G04.800x005,脱髓鞘性脊髓炎
118920,G04.800x007,边缘叶脑炎
118921,G04.800x008,肺炎支原体性脑炎
118922,G04.800x009,猫抓性脑炎
118923,G04.800x010,感染性边缘叶脑炎
118924,G04.800x012,免疫介导性脑脊髓炎
118925,G04.800x013,免疫介导性脑炎
118926,G04.800x014,免疫介导性脊髓炎
118927,G04.800x015,免疫介导性脊髓神经根神经病
118928,G04.800x016,免疫介导性脑干脑炎
118929,G04.801,自体免疫性脑炎
118930,G04.802,感染后脑炎
118931,G04.803,感染后脑脊髓炎
118932,G04.804,变态反应性脑炎
118933,G04.805,化脓性脑炎
118934,G04.807,化脓性脑膜脑炎
118935,G04.808,化脓性脑室炎
118936,G04.900,脑炎、脊髓炎和脑脊髓炎
118938,G04.900x005,脊髓神经根病
118939,G04.900x010,脑干脑炎
118940,G04.900x011,脑脊髓神经根炎
118941,G04.900x019,散发性脑炎
118942,G04.900x021,脑室管膜炎
118945,G04.900x027,大脑性脑室炎
118946,G04.900x031,脊髓神经根炎
118947,G04.902,急性上行性脊髓炎
118948,G04.903,脑室炎
119874,G82.201,慢性不完全性截瘫
119875,G82.202,急性截瘫
119876,G82.203,急性不完全性截瘫
119877,G82.204,高位截瘫
119878,G82.300,松弛性四肢瘫痪
119880,G82.300x031,急性完全性驰缓性四肢瘫
119881,G82.300x041,慢性完全性驰缓性四肢瘫
133925,Q67.000,面不对称
133926,Q67.100,面受压(扁脸)
133928,Q67.200,长头
133929,Q67.300,斜形头
133930,Q67.400,颅、面和颌的其他先天性变形
133931,Q67.400x202,先天性鼻中隔气化
133932,Q67.400x906,先天性颌骨缺损
133933,Q67.401,先天性塌鼻
120662,H31.900,脉络膜疾患
120663,H31.901,脉络膜肿物
120664,H33.000,视网膜脱离伴视网膜断裂
120665,H33.000x005,巨大裂孔性视网膜脱离
120666,H33.000x006,脉络膜脱离型视网膜脱离
120667,H33.000x007,黄斑裂孔性视网膜脱离
120668,H33.001,孔源性视网膜脱离
120669,H33.002,锯齿缘离断
120670,H33.100,视网膜劈裂症及视网膜囊肿
120671,H33.100x004,假性视网膜囊肿
120672,H33.100x005,寄生虫性视网膜囊肿
120673,H33.100x006,锯齿缘囊肿
120674,H33.101,视网膜囊肿
120675,H33.102,视网膜劈裂症
120676,H33.200,浆液性视网膜脱离
120677,H33.200x002,出血性视网膜脱离
120678,H33.200x004,渗出性视网膜脱离
120679,H33.300,视网膜断裂不伴有脱离
120680,H33.300x006,视网膜撕裂
120681,H33.301,视网膜缺损
120682,H33.302,创伤性视网膜裂孔
120683,H33.303,视网膜破裂
120684,H33.304,视网膜裂孔
120685,H33.400,牵引性视网膜脱离
120686,H33.401,增生性玻璃体视网膜病伴视网膜脱离
120687,H33.500,"视网膜脱离,其他的"
120689,H33.500x006,医源性视网膜脱离
120690,H33.500x008,局限性视网膜脱离
120691,H33.501,继发性视网膜脱离
120692,H33.502,陈旧性视网膜脱离
117757,E77.100x006,β-甘露糖苷酶缺失
117758,E77.800,"糖蛋白代谢紊乱,其他的"
117760,E77.900,糖蛋白代谢紊乱
117762,E78.000x003,A族高脂血症
117763,E78.000x004,高β脂蛋白血症
117765,E78.000x006,低密度脂蛋白型高脂蛋白血症
119817,G72.404,症状性炎性肌病
119818,G72.800,肌病，其他特指的
119819,G72.800x001,肌麻痹
119820,G72.800x002,血管源性肌病
119822,G72.800x006,风湿免疫病合并肌病
119823,G72.800x007,杆状体肌病
119824,G72.800x008,还原体肌病
119825,G72.800x009,肌管肌病
119826,G72.800x010,肌球蛋白缺乏性肌病
119828,G72.800x012,远端性肌病
119829,G72.800x013,指印体肌病
119830,G72.900,肌病
119831,G80.000,痉挛性四肢麻痹性脑瘫
119833,G80.000x021,偏侧痉挛型脑性瘫痪
119834,G80.100,痉挛性双侧脑瘫
119835,G80.101,痉挛型脑性瘫痪
139712,T81.220,喉损伤，操作中
139713,T81.221,肺损伤，操作中
139714,T81.300,手术伤口破裂，不可归类在他处者
139715,T81.301,手术后伤口裂开
139716,T81.400,操作后的感染，不可归类在他处者
139717,T81.400x001,操作后伤口感染
139718,T81.400x002,操作后伤口积液
139719,T81.400x004,手术后切口脂肪液化
139720,T81.400x005,操作后感染性发热
139721,T81.400x006,操作后脓毒症
139722,T81.400x007,操作后口腔感染
139723,T81.400x008,操作后耳部感染
139724,T81.400x009,操作后胸腔感染
139725,T81.400x010,操作后胆道感染
138946,T42.602,芬那露中毒
138947,T42.700,镇癫痫药和镇静催眠药中毒
138948,T42.700x001,催眠药中毒
138949,T42.700x003,镇静剂中毒
138950,T42.701,镇静催眠药中毒
138951,T42.702,安眠药中毒
138952,T42.800,抗帕金森病药和其他中枢神经系统肌肉张力抑制剂中毒
138953,T42.800x001,抗震颤麻痹药中毒
138954,T42.800x002,中枢神经系统肌肉张力抑制剂中毒
138955,T42.800x003,金刚烷胺中毒
138956,T43.000,三环和四环抗抑郁药中毒
138957,T43.000x002,三环抗抑郁药中毒
138958,T43.000x003,四环抗抑郁药中毒
138959,T43.001,阿米替林中毒
139906,T82.800x306,经皮冠状动脉狭窄矫治术后冠状动脉穿孔
139908,T82.800x308,经皮冠状动脉狭窄矫治术后冠状动脉分支闭塞
139909,T82.800x401,股动脉支架内再狭窄
139910,T82.800x402,腘动脉支架内再狭窄
139911,T82.800x403,胫动脉支架内再狭窄
139912,T82.800x404,腓动脉支架内再狭窄
139914,T82.800x406,腘动脉支架闭塞
139915,T82.800x407,髂动脉支架闭塞
139916,T82.800x408,股动脉支架闭塞
139917,T82.800x409,为肾透析的肿胀手综合征
139919,T82.800x411,为肾透析的静脉导管功能不良
139920,T82.801,下腔静脉滤器血栓形成
139922,T82.804,动脉支架内血栓形成
139923,T82.805,二尖瓣机械瓣膜老化
139924,T82.806,腹主动脉支架内血栓形成
139926,T82.808,静脉插管血栓形成
139927,T82.809,人工血管闭塞
139928,T82.810,人工血管吻合口狭窄
139929,T82.811,人工血管血栓形成
139930,T82.812,输注泵植入疼痛
139932,T82.814,人工血管破裂
120051,G93.900x001,脑干功能衰竭
120052,G93.901,间脑病变
120053,G93.902,脑肿物
120054,G93.903,鞍区肿物
120055,G93.904,顶叶综合征
120056,G95.000,脊髓空洞症和延髓空洞症
120057,G95.001,延髓空洞症
120058,G95.002+M49.4*,脊髓空洞性夏科关节病
120059,G95.003,脊髓空洞症
120060,G95.100,血管性脊髓病
120061,G95.100x003,脊髓前动脉栓塞
120062,G95.100x004,脊髓前动脉血栓形成
120063,G95.100x007,缺血性脊髓病
120064,G95.100x008,缺血性脊髓血管病
120065,G95.100x013,缺氧缺血性脊髓病
120066,G95.101,脊髓出血
120067,G95.102,急性脊髓梗死
120068,G95.103,脊髓缺血
117187,E23.600x008,垂体炎
117188,E23.600x010,垂体增大
117189,E23.600x011,下丘脑性肥胖
117190,E23.600x014,蝶鞍扩大
117191,E23.600x015,反馈性垂体瘤综合征
117192,E23.600x016,肥胖-生殖无能综合征
117193,E23.601,垂体脓肿
117194,E23.602,垂体卒中
117195,E23.603,空泡蝶鞍综合征
117196,E23.604,垂体瘢痕
117197,E23.605,垂体性肥胖
117198,E23.606,垂体增生
117199,E23.607,垂体囊肿
131153,O35.800x018,胎儿马蹄内翻足
131154,O35.800x019,胎儿多指
131155,O35.800x020,胎儿多趾
131156,O35.800x023,胎儿重度肾盂积水
131157,O35.800x025,胎儿缺指
131158,O35.800x026,胎儿缺趾
131159,O35.800x027,胎儿心包积液
131161,O35.800x029,为妊娠合并弓形虫病所致胎儿的（可疑）损害给予的孕产妇医疗
131162,O35.800x030,胎儿单脐动脉
131163,O35.801,胎儿唇腭裂
131164,O35.803,胎儿耳畸形
131165,O35.804,胎儿肺畸形
131166,O35.805,胎儿腹裂
131167,O35.806,胎儿腹腔囊肿
131168,O35.807,胎儿腹水
131169,O35.808,胎儿肝占位
131170,O35.809,胎儿膈疝
131171,O35.810,胎儿颈部囊性淋巴管瘤
131172,O35.811,胎儿联体双胎畸形
132026,O99.814,妊娠合并视网膜剥离
132027,P00.000,胎儿和新生儿受母体高血压疾患的影响
132028,P00.001,母体妊娠高血压新生儿
132030,P00.100,胎儿和新生儿受母体肾和泌尿道疾病的影响
132031,P00.100x001,母体患肾病的新生儿
132032,P00.101,母体肾衰竭新生儿
133935,Q67.403,先天性鼻中隔偏曲
133936,Q67.404,先天性半面萎缩
133937,Q67.405,半侧小面畸形
133938,Q67.406,先天性扁鼻
133939,Q67.407,先天性驼峰鼻
133940,Q67.500,脊柱先天性变形
133941,Q67.501,先天性脊柱侧凸
133942,Q67.502,先天性脊柱后凸侧弯
133943,Q67.503,先天性姿势性脊柱侧凸
133944,Q67.600,漏斗胸
133945,Q67.700,鸡胸
133946,Q67.800,胸的其他先天性变形
133947,Q67.800x001,先天性胸廓畸形
133948,Q67.801,剑突畸形
133949,Q67.802,先天性胸壁变形
133950,Q68.000,胸锁乳突肌先天性变形
133951,Q68.001,先天性胸锁乳突肌性斜颈
133952,Q68.002,先天性斜颈
133953,Q68.100,手先天性变形
133954,Q68.100x002,先天性杵状指
133955,Q68.100x009,先天性拇指发育不良
133956,Q68.100x010,先天性拇指内收畸形
133957,Q68.101,先天性铲状手
133958,Q68.102,先天性指畸形
133959,Q68.103,先天性爪形手
133960,Q68.104,先天性分裂手
133961,Q68.200,膝先天性变形
133962,Q68.201,先天性膝关节脱位
133963,Q68.300,先天性股骨弯曲
133964,Q68.300x001,先天性弓形股骨
133965,Q68.300x002,先天性股骨短缩畸形
133966,Q68.400,先天性胫骨和腓骨弯曲
130999,O33.000x002,骨盆倾斜
131000,O33.000x003,扁平骨盆
131001,O33.002,畸形骨盆
131003,O33.101,骨盆狭窄
131004,O33.102,均小骨盆
131005,O33.200,为骨盆入口狭窄引起的胎盆不称给予的孕产妇医疗
131006,O33.201,骨盆入口狭窄
131007,O33.300,为骨盆出口狭窄引起的胎盆不称给予的孕产妇医疗
131009,O33.300x004,中骨盆狭窄
131010,O33.300x005,男性骨盆
131011,O33.301,骨盆出口狭窄
131012,O33.400,为母体和胎儿混合性原因的胎盆不称给予的孕产妇医疗
131014,O33.501,巨大儿伴头盆不称
131015,O33.600,为脑积水胎儿引起的胎盆不称给予的孕产妇医疗
131016,O33.700,为其他胎儿变形引起的胎盆不称给予的孕产妇医疗
131017,O33.700x004,胎儿脊髓脊膜膨出引起胎盆不称
131019,O33.700x006,胎儿肿瘤引起胎盆不称
131020,O33.800,为其他原因的胎盆不称给予的孕产妇医疗
134228,Q78.600x002,骨干续连症
131239,O42.900,胎膜早破
119836,G80.200,痉挛性偏侧脑瘫
119837,G80.200x001,婴儿性偏瘫
119838,G80.300,运动障碍性脑瘫
119839,G80.300x003,强直型脑性瘫痪
119840,G80.301,双侧手足徐动症
119841,G80.302,手足徐动型脑性瘫痪
119842,G80.303,肌张力低下型脑性瘫痪
119843,G80.305,发作性舞蹈-手足徐动症
119844,G80.400,共济失调性脑瘫
119845,G80.800,大脑性瘫痪［脑瘫］，其他的
119846,G80.801,震颤型脑性瘫痪
119847,G80.802,混合型脑性瘫痪
119848,G80.900,大脑性瘫痪［脑瘫］
119849,G81.000,松弛性偏瘫
119850,G81.100,痉挛性偏瘫
119851,G81.900,偏瘫
119852,G81.900x002,轻偏瘫
119853,G81.901,交替性偏瘫
119854,G81.902,完全性偏瘫
119855,G81.903,不完全性偏瘫
119856,G82.000,松弛性截瘫
119857,G82.000x011,急性驰缓性截瘫
119858,G82.000x021,慢性驰缓性截瘫
119860,G82.000x041,慢性完全性驰缓性截瘫
119861,G82.000x051,急性不完全性驰缓性截瘫
119862,G82.000x061,慢性不完全性驰缓性截瘫
119863,G82.100,痉挛性截瘫
119864,G82.100x021,慢性痉挛性截瘫
119865,G82.100x031,急性完全性痉挛性截瘫
119866,G82.100x041,慢性完全性痉挛性截瘫
119867,G82.100x051,急性不完全性痉挛性截瘫
119869,G82.101,急性痉挛性截瘫
119870,G82.200,截瘫
119871,G82.200x021,慢性截瘫
119872,G82.200x031,急性完全性截瘫
117012,E14.500x049,糖尿病性曼莱尼坏疽
117013,E14.500x050,糖尿病足
117015,E14.600,糖尿病伴有其他特指的并发症
117016,E14.600x011+M14.6*,糖尿病性夏科关节病
117017,E14.600x012+M14.2*,糖尿病性手关节综合征
117019,E14.600x015+M14.2*,糖尿病性肩关节周围炎
130950,O29.100x001,妊娠期麻醉相关的心脏停搏
130951,O29.100x002,妊娠期麻醉相关的心力衰竭
130952,O29.200,妊娠期间麻醉的中枢神经系统并发症
130953,O29.300,妊娠期间局部麻醉的中毒反应
130955,O29.500,妊娠期间脊髓和硬膜外麻醉的其他并发症
130956,O29.600,妊娠期间插管失败或困难
130957,O29.800,妊娠期间麻醉的其他并发症
130958,O29.900,妊娠期间麻醉并发症
130959,O30.000,双胎妊娠
130961,O30.200,四胎妊娠
139933,T82.900,心脏和血管假体装置、植入物和移植物的并发症
139934,T82.900x001,心脏假体装置植入物和移植物的并发症
139935,T82.900x002,血管假体装置植入物和移植物的并发症
139936,T82.901,人工心脏瓣膜失常
139937,T82.903,心脏起搏器失灵
139938,T82.904,起搏器综合征
139939,T83.000,泌尿系（留置的）导管的机械性并发症
139940,T83.000x001,泌尿系导管引起的机械性并发症
139941,T83.001,肾盂引流管阻塞
139942,T83.002,肾造瘘管移位
139943,T83.003,膀胱造瘘管阻塞
139944,T83.004,导尿管阻塞
139945,T83.100,泌尿系装置和植入物的机械性并发症，其他的
139946,T83.100x001,泌尿系支架引起的机械性并发症
139947,T83.100x002,泌尿系电子刺激装置引起的机械性并发症
139948,T83.100x003,泌尿系括约肌植入物引起的机械性并发症
139949,T83.100x004,尿道悬吊术后引起的机械性并发症
117134,E21.301,甲状旁腺功能亢进危象
117135,E21.400,甲状旁腺其他特指的疾患
117136,E21.400x001,甲状旁腺出血
117137,E21.400x003,甲状旁腺炎
117138,E21.401,甲状旁腺囊肿
117139,E21.402,甲状旁腺囊肿出血
117140,E21.500,甲状旁腺的疾患
117141,E22.000,肢端肥大症和垂体性巨人症
117142,E22.000x001,垂体性巨人症
117143,E22.000x002,生长激素生成过多
117144,E22.000x005,垂体生长激素瘤
117145,E22.000x006+M14.5*,肢端肥大症性关节病
117147,E22.002,生长激素过度分泌综合征
117149,E22.200,抗利尿激素分泌失调综合征
117152,E22.802,中枢性性早熟
117153,E22.900,垂体功能亢进
117154,E23.000,垂体功能减退症
117155,E23.000x001+G73.5*,垂体功能减退性肌病
117157,E23.000x007,腺垂体功能减退症
117158,E23.000x008,垂体前叶功能减退
117159,E23.000x011,孤立性促性腺激素缺乏症
117160,E23.000x014,停经泌乳综合征
117162,E23.001,卡尔曼综合征
117163,E23.002,垂体前叶功能减退危象
117164,E23.003,全垂体功能减退症
117165,E23.004,席恩综合征
117166,E23.005,垂体性矮小症
117167,E23.006,低促性腺激素性腺功能减退症
117169,E23.008,胰岛素样生长因子1缺乏
117170,E23.009,生长激素缺乏症
132034,P00.200x001,母体甲型H1N1病毒感染的新生儿
132035,P00.201,母体肺结核新生儿
132036,P00.202,母体病毒性肝炎新生儿
132037,P00.203,母体巨细胞病毒感染新生儿
132038,P00.204,母体梅毒感染新生儿
132039,P00.205,母体人类免疫缺陷病毒感染新生儿
132040,P00.300,胎儿和新生儿受母体其他循环和呼吸疾病的影响
132041,P00.301,母体先天性心脏病新生儿
132042,P00.302,母体心肌病新生儿
132043,P00.400,胎儿和新生儿受母体营养性疾患的影响
132044,P00.401,母体营养不良新生儿
132045,P00.500,胎儿和新生儿受母体损伤的影响
132046,P00.600,胎儿和新生儿受母体手术操作的影响
132047,P00.700,胎儿和新生儿受母体其他医疗操作的影响，不可归类在他处者
132048,P00.701,胎儿和新生儿受母体放射性照射影响
132049,P00.800,胎儿和新生儿受母体其他情况的影响
132050,P00.801,母体癫痫新生儿
132051,P00.802,母体干燥综合征新生儿
132052,P00.803,母体骨髓抑制新生儿
132053,P00.804,母体甲状腺功能减退新生儿
132054,P00.805,母体类风湿性关节新生儿
132055,P00.806,母体皮肌炎新生儿
132056,P00.807,母体系统性红斑狼疮新生儿
132057,P00.808,母体血小板减少新生儿
132059,P00.810,母体血友病新生儿
132060,P00.811,母体阴道链球菌感染新生儿
132061,P00.812,母体再生障碍性贫血新生儿
117704,E75.200x013,弥漫性体部血管角化瘤
117705,E75.201,戈谢病
117706,E75.202,脑白质营养不良
117707,E75.203,尼曼-皮克病
117708,E75.204,异染性脑白质营养不良
117709,E75.205,法布里病
117710,E75.206,硫酸酯酶缺乏
117712,E75.400,神经元蜡样脂褐质贮积症
117713,E75.400x002,巴藤病
117714,E75.400x003,比尔朔夫斯基-杨斯基病
117716,E75.400x005,施皮格尔迈尔-沃格特病
117717,E75.500,脂贮积疾患，其他的
117718,E75.500x001,中性脂质贮积病
117719,E75.501,黄色瘤
117721,E75.503,原发性家族性黄瘤病
117722,E75.504,脑腱胆固醇沉着病
117723,E75.505,沃尔曼病
117724,E75.600,脂贮积疾患
117725,E75.600x001,脂贮积病
117727,E75.601+G73.6*,脂质沉积性肌病
117728,E75.602+F02.8*,脑脂质沉积性痴呆
117729,E76.000,黏多糖贮积症，Ⅰ型
131240,O43.000,胎盘输血综合征
131241,O43.001,双胎输血综合征
131242,O43.002,胎儿母体输血综合征
131243,O43.003,双胎脐动脉返流序列征
131244,O43.004,双胎动脉反向灌注综合征
131245,O43.005,双胎贫血-红细胞增多序列症
131246,O43.100,胎盘畸形
131247,O43.101,帆状胎盘
131248,O43.102,副胎盘
131249,O43.103,巨大胎盘
131250,O43.104,轮状胎盘
131251,O43.105,球拍状胎盘
131252,O43.106,三叶胎盘
131253,O43.107,双叶胎盘
131254,O43.110,胎盘血管瘤
131255,O43.111,异常胎盘
131256,O43.112,有缘胎盘
131257,O43.200,病态胎盘粘连
131258,O43.200x001,胎盘植入
131259,O43.200x002,胎盘植入（穿透型）
131260,O43.800,胎盘疾患，其他的
131261,O43.800x007,胎盘血窦
131262,O43.801,胎盘梗死
131263,O43.802,胎盘坏死
131264,O43.803,胎盘功能障碍
131265,O43.804,胎盘纤维化
131266,O43.805,胎盘血肿
131268,O43.807,胎盘囊肿
131269,O43.900,胎盘疾患
131270,O44.000,前置胎盘特指为不伴有出血
131271,O44.000x001,低置胎盘
131272,O44.000x002,凶险性前置胎盘
131273,O44.000x003,前置胎盘
131274,O44.001,边缘性前置胎盘
131275,O44.002,部分性前置胎盘
131276,O44.003,完全性前置胎盘
131277,O44.100,前置胎盘伴有出血
131279,O44.100x002,凶险性前置胎盘伴出血
131280,O44.101,边缘性前置胎盘伴出血
131281,O44.102,部分性前置胎盘伴出血
131282,O44.103,完全性前置胎盘伴出血
131284,O45.000x001,胎盘早期剥离伴纤维蛋白原缺乏血症
131285,O45.000x003,胎盘早期剥离伴纤维蛋白溶解亢进
131286,O45.000x004,胎盘早期剥离伴低纤维蛋白原血症
131288,O45.800,胎盘早期剥离，其他的
131289,O45.801,子宫胎盘卒中
131290,O45.900,胎盘早期剥离
131291,O46.000,产前出血伴有凝血缺陷
131292,O46.000x001,产前出血伴纤维蛋白原缺乏血症
131294,O46.000x004,产前出血伴低纤维蛋白原血症
131295,O46.001,产前播散性血管内凝血
131296,O46.800,产前出血，其他的
131297,O46.801,胎盘边缘血窦破裂
131298,O46.900,产前出血
131300,O47.100,妊娠37整周或以后的假临产
131301,O47.900,假临产
130962,O30.800,多胎妊娠，其他的
130963,O30.801,五胎妊娠
130964,O30.900,多胎妊娠
130965,O31.000,纸样胎
130966,O31.000x001,压扁胎
130967,O31.100,一个或多个胎儿流产后的继续妊娠
130968,O31.200,一个或多个胎儿宫内死亡后的继续妊娠
130969,O31.201,双胎妊娠一胎宫内死亡
130970,O31.800,特发于多胎妊娠的其他并发症
130971,O31.800x003,无心双胎
130972,O31.800x004,双胎交锁
130973,O31.800x005,选择性宫内生长受限
130974,O31.800x007,双胎选择性生长不一致
130975,O32.000,为不稳定产式给予的孕产妇医疗
130976,O32.000x001,不稳定产式
130977,O32.100,为臀先露给予的孕产妇医疗
130978,O32.100x004,膝先露
130979,O32.101,臀先露
130980,O32.102,足先露
130981,O32.200,为横产式和斜产式给予的孕产妇医疗
130982,O32.201,肩先露
130983,O32.202,斜位
130984,O32.300,为面先露、额先露和颏先露给予的孕产妇医疗
130985,O32.301,额先露
130986,O32.302,颏先露
130987,O32.303,面先露
130988,O32.400,为足月头高给予的孕产妇医疗
130989,O32.401,初产头浮
130990,O32.500,为多胎妊娠伴有一个或多个胎儿先露异常给予的孕产妇医疗
130991,O32.600,为复合先露给予的孕产妇医疗
130992,O32.601,复合先露
130994,O32.801,后不均倾
130995,O32.802,前不均倾
130996,O32.803,枕后位
130997,O32.900,为胎儿先露异常给予的孕产妇医疗
130998,O33.000,为骨盆骨变形引起的胎盆不称给予的孕产妇医疗
131873,O99.413,妊娠合并心包积液
131874,O99.414,妊娠合并心功能不全
131875,O99.415,妊娠合并心肌病
131876,O99.416,妊娠合并心肌炎后遗症
131877,O99.418,妊娠合并心律失常
131879,O99.420,妊娠合并心脏病
131880,O99.421,妊娠合并心脏扩大
131881,O99.422,妊娠合并右束支传导阻滞
131882,O99.423,妊娠合并预激综合征
131884,O99.425,妊娠合并风湿性关节炎
131885,O99.426,妊娠合并肾下腔静脉压迫
131886,O99.427,妊娠合并血栓形成
131230,O41.900,羊水和胎膜疾患
131232,O42.000x001,足月胎膜早破（在24小时之内产程开始）
131233,O42.000x002,早产胎膜早破（在24小时之内产程开始）
131234,O42.100,胎膜早破，在24小时以后产程开始
117171,E23.010,特发性低促性腺激素性性腺功能减退症
117172,E23.100,药物性垂体功能减退症
117173,E23.200,尿崩症
117174,E23.200x003,中枢性尿崩症
117175,E23.200x005,完全性尿崩症
117176,E23.201,脑外伤后尿崩症
117177,E23.202,部分性垂体性尿崩症
117178,E23.203,完全性垂体性尿崩症
117179,E23.204,继发性尿崩症
117180,E23.300,下丘脑功能不良，不可归类在他处者
117181,E23.300x001,垂体功能不良
117182,E23.301,垂体功能紊乱
117183,E23.302,下丘脑综合征
117185,E23.600x001,鞍区病变
117186,E23.600x005,垂体管囊肿
118130,F06.800x039,肺脑综合征所致精神障碍
118131,F06.800x040,尿毒症所致精神障碍
118132,F06.800x041,内分泌疾病所致精神障碍
118133,F06.800x042,甲低所致精神障碍
118134,F06.800x043,脑下垂体疾病所致精神障碍
118135,F06.800x044,Sheeham病所致精神障碍
118136,F06.800x045,Addison氏病所致精神障碍
118137,F06.800x046,肾上腺功能亢进所致精神障碍
118138,F06.800x047,营养代谢疾病所致精神障碍
132007,O99.800x415,妊娠合并肾畸形
132008,O99.800x416,妊娠合并先天性脊柱畸形
132009,O99.800x417,妊娠合并先天性肾缺失
132011,O99.800x431,产褥期先天性畸形、变形和染色体异常
132012,O99.800x511,妊娠合并糖耐量异常
132013,O99.801,妊娠合并良性肿瘤
132014,O99.802,妊娠合并恶性肿瘤
132015,O99.803,妊娠合并眼疾病
132016,O99.804,妊娠合并肌肉骨骼疾病
132017,O99.805,妊娠合并结缔组织疾病
132019,O99.807,妊娠合并先天性畸形
132020,O99.808,妊娠合并染色体异常
132021,O99.809,妊娠合并白血病
132022,O99.810,妊娠合并肾结石
132023,O99.811,妊娠合并系统性红斑狼疮
132025,O99.813,妊娠合并风湿病
132895,Q17.400x002,先天性低位耳
132896,Q17.500,凸耳
132897,Q17.501,招风耳
132898,Q17.800,耳先天性畸形，其他特指的
132900,Q17.801,先天性耳垂裂
132901,Q17.802,先天性耳垂缺如
132902,Q17.803,咽鼓管异常
132903,Q17.900,耳先天性畸形
132905,Q18.001,先天性鳃裂瘘管
132906,Q18.002,先天性鳃裂囊肿
132907,Q18.003,梨状窝瘘
132908,Q18.100,耳前窦道和囊肿
117730,E76.100,黏多糖贮积症，Ⅱ型
117731,E76.200,黏多糖贮积症，其他的
117732,E76.200x001,粘多糖贮积病III型
117733,E76.200x002,B型圣菲利浦综合征
117734,E76.200x003,C型圣菲利浦综合征
117735,E76.200x004,D型圣菲利浦综合征
117736,E76.200x006,粘多糖贮积病VI型
117737,E76.200x007,粘多糖贮积病VII型
117738,E76.200x008,类似莫固综合征
117739,E76.200x009,典型莫固综合征
117740,E76.200x010,轻度马罗托-拉米综合征
117741,E76.200x011,重度马罗托-拉米综合征
117742,E76.200x012,β葡萄糖醛酸酶缺乏
117743,E76.201,黏多糖贮积症，Ⅳ型
117744,E76.300,黏多糖贮积症
117745,E76.300x002+I52.8*,粘多糖贮积性心脏病
117746,E76.800,"糖胺聚糖代谢紊乱,其他的"
117747,E76.900,糖胺聚糖代谢紊乱
117748,E76.900x001,氨基葡聚糖代谢紊乱
117749,E77.000,溶酶体酶翻译后修饰缺陷
117750,E77.000x002,粘脂贮积病II型(I细胞病)
117751,E77.000x003,粘脂贮积病III型(假胡勒多种营养不良)
117752,E77.100,糖蛋白递降分解缺陷
117754,E77.100x003,岩藻糖苷贮积病
117755,E77.100x004,甘露糖苷过多症
117756,E77.100x005,粘脂贮积病I型(唾液酸沉积病)
118570,F44.700,混合性分离［转换］性障碍
118571,F44.800,分离［转换］性障碍，其他的
118573,F44.800x011,双重人格障碍
118574,F44.800x012,多重人格障碍
118575,F44.800x021,见于儿童和青少年的短暂分离(转换)性障碍
118576,F44.801,心因性精神错乱
118577,F44.802,心因性意识障碍
116970,E14.400x023+G63.2*,糖尿病性周围神经病
116971,E14.400x024+G63.2*,糖尿病性远端对称性周围神经病
116972,E14.400x025+G63.2*,糖尿病性小神经纤维周围神经病
116974,E14.400x110+G59.0*,糖尿病性单神经病
116975,E14.400x111+G59.0*,糖尿病性胸神经根病
116976,E14.400x112+G59.0*,糖尿病性躯干神经根病
116977,E14.400x120+G73.0*,糖尿病性肌萎缩
116978,E14.400x121+G73.0*,糖尿病性肌无力综合征
116980,E14.400x140+G59.0*,糖尿病性动眼神经麻痹
116981,E14.400x150+G59.0*,糖尿病性外展神经麻痹
116982,E14.400x160+G59.0*,糖尿病性股神经病
131302,O47.900x002,先兆临产
120703,H34.202,视网膜分支动脉阻塞
120704,H34.203,视网膜动脉供血不足
120705,H34.204,视网膜动脉栓塞
120706,H34.800,视网膜血管阻塞，其他的
120707,H34.800x001,颞上支静脉阻塞
120708,H34.801,视网膜分支静脉阻塞
120709,H34.802,视网膜静脉阻塞
120710,H34.803,视网膜中心性静脉阻塞
120711,H34.804,视网膜部分性静脉阻塞
120712,H34.900,未特指的视网膜血管阻塞
120713,H34.900x001,视网膜血管阻塞
120714,H35.000,背景性视网膜病变和视网膜血管改变
120715,H35.000x004,肾病眼底改变
120716,H35.000x014,视网膜血管白鞘
120718,H35.000x019,急性区域性隐匿性外层视网膜病变
120719,H35.000x020,IRVAN综合征
120720,H35.000x021,中心性渗出性脉络膜视网膜病
120721,H35.001,视网膜血管病变
120722,H35.002,视网膜静脉周围炎
120723,H35.004,高血压性视网膜病变
120724,H35.005,科茨病
120725,H35.006,环状视网膜病
120726,H35.007,视网膜血管曲张
120727,H35.008,视网膜血管炎
120728,H35.009,视网膜微动脉瘤
120729,H35.010,家族性渗出性玻璃体视网膜病变
120730,H35.011,视网膜大动脉瘤
120731,H35.012,视网膜新生血管
120732,H35.013,视网膜动脉炎
120733,H35.014,视网膜静脉炎
120735,H35.100,早产儿视网膜病
120736,H35.200,增生性视网膜病变，其他的
120737,H35.200x001,外伤性增殖性视网膜病
120738,H35.300,黄斑和后极变性
120740,H35.300x008,库恩特-尤尼乌斯变性
120741,H35.300x009,中毒性黄斑病
120742,H35.300x010,干性年龄相关性黄斑变性
120744,H35.300x012,近视性黄斑变性
120745,H35.301,黄斑玻璃样疣
120746,H35.302,黄斑皱褶
120747,H35.303,黄斑裂孔
120748,H35.304,黄斑囊肿
120749,H35.305,年龄相关性黄斑变性
120750,H35.306,黄斑前膜
120751,H35.307,视网膜黄斑变性
120753,H35.400x001,视网膜变性
120754,H35.400x003,视网膜格状变性
120755,H35.400x004,视网膜微囊样变性
120756,H35.400x005,视网膜栅栏状变性
117819,E79.800x001,遗传性黄嘌呤尿
117820,E79.900,嘌呤和嘧啶代谢紊乱
117821,E80.000,遗传性红细胞生成性卟啉症
131236,O42.100x012,早产胎膜早破（在1-7天内产程开始）
132073,P01.700,胎儿和新生儿受产程开始前先露异常的影响
132074,P01.800,胎儿和新生儿受母体其他妊娠并发症的影响
132075,P01.900,胎儿和新生儿受母体妊娠并发症的影响
132076,P02.000,胎儿和新生儿受前置胎盘的影响
132077,P02.100,胎儿和新生儿受胎盘剥离和出血的其他形式的影响
132078,P02.200,胎儿和新生儿受胎盘其他形态和功能异常的影响
132079,P02.300,胎儿和新生儿受胎盘输血综合征的影响
132081,P02.301,新生儿双胎输血综合征
132082,P02.400,胎儿和新生儿受脐带脱垂的影响
132083,P02.500,胎儿和新生儿受脐带其他压迫的影响
132084,P02.501,新生儿脐带绕颈
132085,P02.600,胎儿和新生儿受脐带其他情况的影响
132086,P02.602,新生儿脐带过短
132087,P02.700,胎儿受绒（毛）膜羊膜炎的影响
132088,P02.701,羊膜炎新生儿
132089,P02.800,胎儿和新生儿受胎膜其他异常的影响
132090,P02.900,胎儿和新生儿受胎膜异常的影响
132091,P03.000,胎儿和新生儿受臀位分娩和胎臀牵引术的影响
132092,P03.001,臀位分娩新生儿
132094,P03.101,头盆不称新生儿
132095,P03.200,胎儿和新生儿受产钳术的影响
132096,P03.201,产钳助产新生儿
132097,P03.300,胎儿和新生儿受真空吸引器(吸杯)分娩的影响
132098,P03.301,吸引器助产新生儿
132099,P03.400,胎儿和新生儿受剖宫产术的影响
132100,P03.401,剖宫产术新生儿
132101,P03.500,胎儿和新生儿受急产的影响
132102,P03.501,急产婴儿
132104,P03.601,母体宫缩乏力新生儿
132105,P03.800,胎儿和新生儿受产程和分娩的其他特指并发症的影响
132106,P03.900,胎儿和新生儿受产程和分娩并发症的影响
132108,P04.001,母体服麻醉药物新生儿
132109,P04.100,胎儿和新生儿受母体其他药物的影响
132110,P04.101,母体服抗凝药新生儿
132111,P04.102,母体癌症化疗新生儿
132112,P04.200,胎儿和新生儿受母体使用烟草的影响
132113,P04.300,胎儿和新生儿受母体使用酒精的影响
132114,P04.400,胎儿和新生儿受母体药瘾的影响
132116,P04.600,胎儿和新生儿受母体暴露于环境中化学物质的影响
117766,E78.000x007,胆固醇综合征
117767,E78.001,家族性高胆固醇血症
117768,E78.002,高低密度脂蛋白胆固醇血症
117769,E78.003,纯合子家族性高胆固醇血症
132909,Q18.100x003,先天性颈前瘘管
132910,Q18.100x006,先天性耳后瘘
132911,Q18.100x008,先天性颈外侧瘘
132912,Q18.100x009,先天性颈外侧囊肿
132913,Q18.101,先天性耳廓瘘
132914,Q18.102,先天性耳前瘘管
132915,Q18.103,先天性耳前囊肿
132917,Q18.200,鳃裂畸形，其他的
132918,Q18.200x003,无下颌并耳畸形
132919,Q18.200x004,颈部副耳
132920,Q18.300,颈蹼
132921,Q18.301,翼状颈皮综合征
132922,Q18.400,大口畸形
132923,Q18.400x004,面中裂
132924,Q18.500,小口畸形
132925,Q18.600,巨唇
132926,Q18.700,小唇
132927,Q18.800,面和颈部其他特指的先天性畸形
132928,Q18.800x001,先天性颈部囊肿
132929,Q18.800x002,先天性面部瘘
132930,Q18.800x003,先天性面部囊肿
132931,Q18.800x004,先天性颈部瘘
132932,Q18.801,先天性半面短小症
132933,Q18.802,面横裂
132934,Q18.803,眼-耳廓发育不全
132935,Q18.804,面和颈近中囊肿
132936,Q18.805,面部先天性畸形，其他的
132937,Q18.806,颈部先天性畸形，其他的
132938,Q18.807,面斜裂
132939,Q18.900,面和颈部先天性畸形
132940,Q18.900x002,先天性鼻唇沟畸形
132941,Q18.902,先天性颜面畸形
132942,Q18.903,颈部先天性畸形
132943,Q20.000,共同动脉干
118511,F41.000,惊恐障碍［间歇发作性焦虑］
118512,F41.001,惊恐发作
118513,F41.100,广泛性焦虑障碍
118514,F41.101,焦虑状态
118515,F41.102,焦虑性神经症
118517,F41.200x002,焦虑抑郁状态
118518,F41.201,焦虑性抑郁症
118519,F41.300,混合性焦虑障碍，其他的
118520,F41.300x001,混合性焦虑障碍
118522,F41.900,焦虑障碍
118523,F42.000,以强迫思维或穷思竭虑为主
118524,F42.001,强迫性思维
118525,F42.003,强迫状态
118527,F42.101,强迫性动作
118529,F42.800,"强迫性障碍,其他的"
118530,F42.800x001,难治性强迫症
118531,F42.900,强迫性障碍
118532,F42.901,强迫性神经症
118533,F43.000,急性应激反应
118535,F43.002,震吓性痴呆
118536,F43.100,创伤后应激障碍
118537,F43.101,脑外伤神经症性反应
118538,F43.200,适应障碍
116984,E14.400x180+G59.0*,糖尿病性眼肌麻痹
116985,E14.400x190+G59.0*,糖尿病性神经根病
116986,E14.400x191+G59.0*,糖尿病腰骶神经根神经丛病
116987,E14.400x310+G99.0*,糖尿病性出汗异常
116988,E14.400x311+G99.0*,糖尿病性体位性低血压
116989,E14.400x312+G99.0*,糖尿病性自主神经病
116990,E14.400x330+G99.0*,糖尿病性腹泻
116991,E14.400x340+G99.0*,糖尿病性肛门直肠功能障碍
116992,E14.400x350+G99.0*,糖尿病性食管功能障碍
116993,E14.400x360+G99.0*,糖尿病性性无能
116994,E14.400x370+G99.0*,糖尿病性胃轻瘫
116995,E14.400x380+G99.0*,糖尿病性膀胱张力减弱
116996,E14.400x381+N33.8*,糖尿病神经源性膀胱炎
116997,E14.400x390+G99.0*,糖尿病性神经性水肿
116998,E14.400x901+G99.0*,糖尿病性脊髓病
116999,E14.500,糖尿病伴有周围循环并发症
117000,E14.500x011+I79.2*,糖尿病性周围血管病
117001,E14.500x021+I79.2*,糖尿病性周围血管病及坏疽
117002,E14.500x031+I43.8*,糖尿病性缺血性心肌病
117003,E14.500x032+I43.8*,糖尿病性心肌病
117004,E14.500x041,糖尿病性溃疡
117006,E14.500x043,糖尿病性下肢溃疡
117007,E14.500x044,糖尿病性足坏疽
117008,E14.500x045,糖尿病性急性皮肤坏疽
117009,E14.500x046,糖尿病性细菌性坏疽
117011,E14.500x048,糖尿病性富尼埃坏疽
117944,E85.414+I68.0*,淀粉样变脑血管损害
117945,E85.415+K77.8*,淀粉样变肝损害
117946,E85.416+I43.1*,淀粉样变心脏损害
117948,E85.418,眼睑淀粉样变性
117949,E85.800,淀粉样变，其他的
117950,E85.900,淀粉样变
117951,E85.900x003,斑疹性淀粉样变性
117952,E85.901,原发性淀粉样变性
118198,F11.000x001,阿片类药急性中毒
118199,F11.100,有害性使用阿片类物质引起的精神和行为障碍
118200,F11.100x001,阿片类药有害使用
118201,F11.200,使用阿片类物质引起的依赖综合征
118202,F11.200x001,杜冷丁药物依赖
118204,F11.201,吗啡型药物瘾
118205,F11.202,哌替啶药物瘾
118206,F11.203,咖啡型药物瘾
118207,F11.204,海洛因药物瘾
118208,F11.300,使用阿片类物质引起的戒断状态
117822,E80.000x004,血卟啉病
117823,E80.001,先天性红细胞生成性卟啉病
117824,E80.002,红细胞生成性卟啉病
117825,E80.003,肝性红细胞生成性卟啉病
117826,E80.100,迟发性皮肤卟啉症
117827,E80.100x002,肝性红细胞生成型卟啉病
119882,G82.300x051,急性不完全性驰缓性四肢瘫
119883,G82.300x061,慢性不完全性驰缓性四肢瘫
119884,G82.301,急性弛缓性四肢瘫
119885,G82.400,痉挛性四肢瘫痪
119886,G82.400x011,急性痉挛性四肢瘫
119887,G82.400x031,急性完全性痉挛性四肢瘫
119888,G82.400x041,慢性完全性痉挛性四肢瘫
119889,G82.400x051,急性不完全性痉挛性四肢瘫
119890,G82.400x061,慢性不完全性痉挛性四肢瘫
119891,G82.401,慢性痉挛性四肢瘫
119892,G82.500,四肢瘫痪
119893,G82.500x031,急性完全性四肢瘫
119894,G82.500x041,慢性完全性四肢瘫
119895,G82.501,急性四肢瘫
119896,G82.502,慢性四肢瘫
119897,G82.503,急性不完全性四肢瘫
119898,G82.504,慢性不完全性四肢瘫
119899,G83.000,双上肢瘫
119900,G83.000x002,完全性双上肢瘫
119902,G83.100,下肢单瘫
119903,G83.100x002,完全性下肢单瘫
119904,G83.100x003,不完全性下肢单瘫
119905,G83.200,上肢单瘫
119906,G83.200x002,完全性上肢单瘫
119907,G83.200x003,不完全性上肢单瘫
119908,G83.300,单瘫
119910,G83.300x003,不完全性单瘫
119911,G83.400,马尾综合征
119912,G83.500,闭锁综合征
119913,G83.600,上运动神经元性面瘫
119915,G83.800x001,脊髓半切综合征(布朗-塞卡尔氏综合征)
119916,G83.800x003,交叉性瘫痪
119917,G83.801,布朗-塞卡尔综合征
119918,G83.802,脊髓完全性瘫痪
119919,G83.803,托德瘫痪
119921,G83.900x001,痉挛性瘫痪(中枢性瘫痪)
119922,G83.900x002,瘫痪
119923,G83.900x003,完全性瘫痪
119924,G83.900x004,不完全性瘫痪
119925,G83.900x005,弛缓性瘫痪(周围性瘫痪)
119927,G90.000,特发性周围自主神经病
119928,G90.001,颈动脉窦性晕厥
119930,G90.200,霍纳综合征
119931,G90.400,自主性高反射
119932,G90.500,复杂性区域疼痛综合征I型
119933,G90.501,反射性交感神经营养不良综合征
117770,E78.100,纯高甘油酯血症
117771,E78.100x002,极低密度脂蛋白型高脂蛋白血症
117772,E78.100x003,高前β脂蛋白血症
117773,E78.100x004,内源性高甘油酯血症
117774,E78.100x005,B族高脂血症
117775,E78.100x007,弗雷德里克森高脂蛋白血症IV型
117776,E78.100x008,家族性高甘油三酯血症
117778,E78.200x008,高胆固醇血症伴内源性高甘油酯血症
117779,E78.200x012,弗雷德里克森高脂蛋白血症III型
117780,E78.201,结节性黄色瘤
117781,E78.202,扁平黄色瘤
117782,E78.204,悬浮β脂蛋白血症
117783,E78.205,高β脂蛋白血症伴高前β脂蛋白血症
117784,E78.206,播散性黄色瘤
117785,E78.207,疹性黄色瘤
117787,E78.209,Ⅱb型弗雷德里克森高脂蛋白血症
117788,E78.210,结节疹性黄色瘤
117789,E78.300,高乳糜微粒血症
117790,E78.300x001,混合型高甘油酯血症
117791,E78.300x002,弗雷德里克森高脂蛋白血症I型
117792,E78.300x003,弗雷德里克森高脂蛋白血症V型
117793,E78.300x004,D族高脂血症
117794,E78.400,高脂血症，其他的
117795,E78.401,家族性混合性高脂血症
117796,E78.402,谷固醇血症
117797,E78.500,高脂血症
117798,E78.500x001,高脂异常综合征
117800,E78.600x001,棘红细胞增多症
117801,E78.600x003,卵磷脂胆固醇酰基转移酶缺乏
117802,E78.600x006,高密度脂蛋白缺乏
117804,E78.600x008,丹吉尔病
117805,E78.600x009,低β脂蛋白血症
117806,E78.600x010,家族性低β脂蛋白血症
117807,E78.600x011,低胆固醇血症
117809,E78.602,无β脂蛋白血症
117810,E78.800,脂蛋白代谢紊乱，其他的
117811,E78.800x002,脂性乌尔巴赫蛋白沉积症
117812,E78.801,脂肪肉芽肿病
117814,E78.901,骨软骨营养不良
117815,E79.000,高尿酸血症不伴有感染性关节炎体征和砂砾性病
117816,E79.001,高尿酸血症
118636,F50.500,与其他心理紊乱有关的呕吐
118637,F50.501,心因性呕吐
118638,F50.502,神经性呕吐
118639,F50.800,进食障碍，其他的
118641,F50.801,心因性无食欲
118642,F50.900,进食障碍
118643,F51.000,非器质性失眠症
118644,F51.100,非器质性睡眠过度
118539,F43.200x031,适应障碍，情绪紊乱为主
118540,F43.200x041,"适应障碍,以品行障碍为主"
118541,F43.200x051,"适应障碍,混合性情绪和品行障碍"
118542,F43.200x081,"适应障碍,特定症状为主"
118543,F43.800,应激反应，其他严重的
118544,F43.800x002,监护室综合征
118545,F43.801,与文化相关的精神障碍
118546,F43.802,气功所致精神障碍
118547,F43.803,与迷信巫术相关的精神障碍
118548,F43.804,恐缩症
118549,F43.900,严重应激反应
118550,F44.000,分离性遗忘
118551,F44.100,分离性神游
118552,F44.200,分离性木僵
118554,F44.301,附体综合征
118555,F44.400,分离性运动障碍
118556,F44.401,癔病性震颤
118557,F44.402,心因性运动障碍
118558,F44.403,癔病性失音
118559,F44.404,癔病性瘫痪
118560,F44.405,癔病性痉挛发作
118561,F44.406,癔症性缄默症
118562,F44.407,功能性截瘫
118563,F44.500,分离性抽搐
118564,F44.501,癔病性抽搐
118565,F44.600,分离性感觉麻木和感觉丧失
118566,F44.600x002,心因性耳聋
118567,F44.601,癔病性耳聋
118568,F44.602,癔症性失明
118569,F44.603,癔症性视觉模糊
119487,G45.300,一过性黑矇
119488,G45.400,短暂性完全性遗忘
119489,G45.800,短暂性大脑缺血性发作和相关的综合征，其他的
119490,G45.800x002,无名动脉盗血综合征
119492,G45.800x004,锁骨下盗血综合征伴锁骨下动脉狭窄
119493,G45.801,锁骨下动脉盗血综合征
117892,E83.500x006+H28.1*,低钙血性白内障(手足搐搦性白内障)
117893,E83.500x007,特发性高钙尿症
117895,E83.500x009,钙质沉着症
117896,E83.500x011,肿瘤样钙盐沉着症
117897,E83.501,高钙危象
117898,E83.502,高钙血症
117899,E83.503,低钙血症
117900,E83.504,高钙尿症
117901,E83.505+F02.8*,高钙血症性痴呆
117903,E83.900,矿物质代谢紊乱
117904,E84.000,囊性纤维化病伴有肺表现
117905,E84.001,肺囊性纤维化
117906,E84.100,囊性纤维化病伴有肠表现
117908,E84.102,远端肠梗阻综合症
117909,E84.800,囊性纤维化病伴有其他表现
117910,E84.801,囊性纤维化伴混合表现
117911,E84.900,囊性纤维化病
117912,E84.901,胰腺囊性纤维变性
118209,F11.400,使用阿片类物质引起的戒断状态伴有谵妄
118210,F11.500,使用阿片类物质引起的精神性障碍
118211,F11.600,使用阿片类物质引起的遗忘综合征
118212,F11.700,使用阿片类物质引起的残留性和迟发性精神病性障碍
118213,F11.800,使用阿片类物质引起的其他精神和行为障碍
118215,F12.000,急性大麻类物质中毒引起的精神和行为障碍
118216,F12.000x002,大麻类物质急性中毒
118217,F12.100,有害性使用大麻类物质引起的精神和行为障碍
118218,F12.100x001,大麻类物质非成瘾性滥用
118219,F12.200,使用大麻类物质引起的依赖综合征
118220,F12.300,使用大麻类物质引起的戒断状态
118221,F12.400,使用大麻类物质引起的戒断状态伴有谵妄
118222,F12.500,使用大麻类物质引起的精神性障碍
118223,F12.600,使用大麻类物质引起的遗忘综合征
118224,F12.700,使用大麻类物质引起的残留性和迟发性精神病性障碍
118225,F12.800,使用大麻类物质引起的其他精神和行为障碍
118226,F12.900,使用大麻类物质引起的精神和行为障碍
118227,F13.000,急性镇静剂或催眠剂中毒引起的精神和行为障碍
118228,F13.000x001,镇静剂或催眠剂急性中毒
118229,F13.100,有害性使用镇静剂或催眠剂引起的精神和行为障碍
118231,F13.200,使用镇静剂或催眠剂引起的依赖综合征
118232,F13.200x001,巴比妥盐药物成瘾
118233,F13.201,安眠药物成瘾
118234,F13.300,使用镇静剂或催眠剂引起的戒断状态
118236,F13.500,使用镇静剂或催眠剂引起的精神性障碍
118237,F13.600,使用镇静剂或催眠剂引起的遗忘综合征
118238,F13.700,使用镇静剂或催眠剂引起的残留性和迟发性精神病性障碍
119072,G12.100x004,远端型脊髓性肌萎缩
119073,G12.100x008,青年上肢远端肌萎缩症(平山病)
119074,G12.101,肩腓型脊髓性肌萎缩
119075,G12.102,少年型脊髓性肌萎缩，Ⅲ型
119076,G12.103,婴儿型脊髓性肌萎缩，Ⅱ型
119078,G12.200,运动神经元病
119079,G12.200x002,继发性侧索硬化
132064,P01.000,胎儿和新生儿受宫颈功能不全的影响
132065,P01.100,胎儿和新生儿受胎膜早破的影响
132067,P01.300,胎儿和新生儿受羊水过多的影响
132068,P01.400,胎儿和新生儿受异位妊娠的影响腹腔妊娠
132069,P01.500,胎儿和新生儿受多胎妊娠的影响
132070,P01.501,双胎儿
132071,P01.502,三胎儿
119934,G90.600,复杂性区域疼痛综合征II型
119935,G90.700,其他和未明确类型的复杂区域性疼痛综合征
117068,E16.104,功能性非胰岛素性低血糖
117069,E16.105,胰岛素自身免疫综合征
117070,E16.106,婴儿低血糖症
117071,E16.107+G94.8*,低血糖昏迷性脑病
117072,E16.108+G94.8*,低血糖性脑病
117073,E16.109,酒精性低血糖症
117074,E16.110,先天性高胰岛素性低血糖血症
117075,E16.111+G94.3*,低血糖性脑昏迷
117076,E16.112,先天性高胰岛素血症
131021,O33.900,为胎盆不称给予的孕产妇医疗
131022,O34.000,为子宫先天性畸形给予的孕产妇医疗
131023,O34.000x003,妊娠合并残角子宫
131024,O34.000x006,妊娠合并双子宫双子宫颈双阴道
131025,O34.000x007,妊娠合并双子宫双子宫颈
131026,O34.000x008,妊娠合并双子宫双阴道
131027,O34.000x009,妊娠合并子宫不全纵隔
131028,O34.000x011,妊娠合并鞍状子宫
131029,O34.000x012,妊娠合并双子宫颈
131030,O34.000x013,妊娠合并双子宫颈双阴道
131031,O34.001,妊娠合并单角子宫
131032,O34.002,妊娠合并双角子宫
131033,O34.003,妊娠合并双子宫
131034,O34.004,妊娠合并子宫畸形
131035,O34.005,妊娠合并子宫纵隔
131036,O34.100,为子宫体肿瘤给予的孕产妇医疗
131038,O34.100x003,妊娠合并子宫内膜息肉
131039,O34.100x011,妊娠合并子宫肿瘤
131040,O34.101,妊娠合并子宫韧带良性肿瘤
131041,O34.102,妊娠合并子宫体肿瘤
131043,O34.200x002,剖宫产史的妊娠
131044,O34.201,妊娠合并子宫瘢痕
131045,O34.300,为宫颈功能不全给予的孕产妇医疗
131046,O34.301,妊娠合并宫颈功能不全
131047,O34.400,为宫颈其他异常给予的孕产妇医疗
131049,O34.400x009,妊娠合并子宫颈水肿
131050,O34.400x010,妊娠合并子宫颈术后宫颈异常
131051,O34.400x011,妊娠合并子宫颈环扎后
131054,O34.401,妊娠合并宫颈瘢痕
131055,O34.402,妊娠合并宫颈非典型性增生
131925,O99.605,妊娠合并出血性胃炎
131926,O99.607,妊娠合并肠梗阻
131927,O99.609,妊娠合并小肠疝
131929,O99.611,妊娠合并阑尾炎
131930,O99.614,妊娠合并门脉高压
131931,O99.615,妊娠合并胆囊结石
131932,O99.616,妊娠合并胆囊息肉
141255,Y42.400x001,棉酚药物反应
141256,Y42.500,雌激素和孕激素类的有害效应，其他的
141257,Y42.600,抗促性腺激素药、抗雌激素药和抗雄激素药的有害效应，不可归类在他处者
141258,Y42.700,雄激素类及其促组成代谢的同类药的有害效应
141259,Y42.800,激素类及其合成代用品的有害效应，其他的
141260,Y42.900,激素类拮抗剂的有害效应，其他的
140684,V56.x00,轻型货车或篷车乘员在轻型货车或篷车与其他非机动车辆碰撞中的损伤
140685,V57.x00,轻型货车或篷车乘员在轻型货车或篷车与固定或静止物体碰撞中的损伤
140686,V58.x00,轻型货车或篷车乘员在非碰撞性运输事故中的损伤
140687,V59.000,非交通事故中轻型货车或篷车与其他机动车辆碰撞造成轻型货车或篷车司机的损伤
140688,V59.100,非交通事故中轻型货车或篷车与其他机动车辆碰撞造成轻型货车或篷车乘客的损伤
140689,V59.200,非交通事故中轻型货车或篷车与其他机动车辆碰撞造成的轻型货车或篷车乘员的损伤
140690,V59.300,轻型货车或篷车乘员在非交通事故中的损伤
141433,Y55.100,骨骼肌松弛剂(神经肌肉阻滞剂)的有害效应
141434,Y55.200,主要作用于肌肉的其他制剂的有害效应
141435,Y55.200x001,平滑肌松驰剂类药物反应
141436,Y55.300,镇咳剂的有害效应
141437,Y55.400,祛痰剂的有害效应
141438,Y55.500,抗感冒药的有害效应
141439,Y55.500x001,复方阿斯匹林药物反应
141440,Y55.600,抗哮喘药的有害效应，不可归类在他处者
141442,Y55.600x003,舒喘宁类药物反应
141443,Y55.600x004,可可（豆）碱类药物反应
141444,Y55.600x005,茶碱类药物反应
141445,Y55.700,主要作用于呼吸系统的其他制剂的有害效应
141447,Y56.000x001,碘药物反应
141448,Y56.000x002,碘药物外用反应
141450,Y56.100,止痒药的有害效应
141451,Y56.200,局部收敛药和局部去污剂的有害效应
141452,Y56.300,润滑药、缓和剂和保护药的有害效应
141454,Y56.400x001,牛皮癣素软膏药物反应
141455,Y56.500,眼科用药和制剂的有害效应
141456,Y56.500x001,眼用抗感染药和其他眼药物反应
141457,Y56.600,耳鼻喉科药物和制剂的有害效应
141458,Y56.600x001,"耳,鼻和咽喉用的抗感染药类和其他药"
141459,Y56.700,局部应用的牙科药物的有害效应
141461,Y56.800,局部制剂的有害效应，其他的
141462,Y56.800x001,樟脑酊药物反应
116949,E14.300x033+H36.0*,糖尿病性增殖性视网膜前出血性视网膜病
116950,E14.300x034+H36.0*,糖尿病性增殖性玻璃体出血性视网膜病
116951,E14.300x035+H36.0*,糖尿病性增殖性新生血管化性视网膜病
116952,E14.300x036+H36.0*,糖尿病性增殖性视网膜牵引性视网膜病
116953,E14.300x041+H36.0*,糖尿病性斑点性视网膜病
116954,E14.300x042+H36.0*,糖尿病性局部的水肿斑点性视网膜病
116955,E14.300x043+H36.0*,糖尿病性全面的水肿斑点性视网膜病
116956,E14.300x044+H36.0*,糖尿病性星状的斑点性视网膜病
116957,E14.300x045+H36.0*,糖尿病性环状的黄斑病性视网膜病
116959,E14.300x047+H36.0*,糖尿病性视网膜增厚性视网膜病
116960,E14.300x051+H42.0*,糖尿病性新生血管性青光眼
114687,D18.100x026,胸腺淋巴管瘤
114688,D18.100x027,唇部淋巴管瘤
114689,D18.101,面部淋巴管瘤
114690,D18.102,颈部淋巴管瘤
114691,D18.103,躯干淋巴管瘤
114692,D18.104,肢体淋巴管瘤
114693,D18.105,胸腔淋巴管瘤
114694,D18.106,腹腔淋巴管瘤
126237,K90.401,脂肪痢
126238,K90.402,蛋白丢失性胃肠病
126239,K90.403,碳水化合物吸收不良
126240,K90.404,蛋白吸收不良
126242,K90.406,脂肪吸收不良
126243,K90.800,肠吸收不良，其他的
126244,K90.801,原发性小肠吸收不良综合征
126245,K90.802+M14.8*,惠普尔病
126247,K90.900x002,肠吸收障碍
126248,K90.901,小肠吸收不良综合征（非手术性）
125253,K41.100x001,双侧股疝伴坏疽
125255,K41.200x001,双侧股疝
125256,K41.300,单侧或未特指的股疝，伴有梗阻，不伴有坏疽
125257,K41.300x002,单侧绞窄性股疝
125258,K41.300x003,单侧股疝伴梗阻
125260,K41.302,嵌顿性股疝
125261,K41.400,单侧股疝，伴有坏疽
125262,K41.400x001,单侧股疝伴坏疽
125264,K41.900x001,股疝
125265,K42.000,脐疝，伴有梗阻，不伴有坏疽
125266,K42.000x001,脐疝伴梗阻
125267,K42.001,嵌顿性脐疝
125268,K42.100,脐疝，伴有坏疽
125269,K42.100x001,坏疽性脐疝
125270,K42.900,脐疝，不伴有梗阻或坏疽
125272,K42.902,复发性脐疝
125273,K43.000,切口疝，伴有梗阻，不伴有坏疽
115806,D48.716,盆腔肿瘤
115807,D48.717,上肢动态未定肿瘤
115808,D48.718,上肢肿瘤
115809,D48.719,下肢动态未定肿瘤
115810,D48.720,下肢肿瘤
115811,D48.721,骶动态未定或动态未知肿瘤
115813,D48.723,臀动态未定肿瘤
115814,D48.724,手动态未定肿瘤
115815,D48.725,腋动态未定肿瘤
116568,E10.200x017+N08.3*,1型糖尿病性前期持续性微白蛋白尿
116569,E10.200x023+N08.3*,1型糖尿病性肾小球硬化症
116570,E10.200x024+N08.3*,1型糖尿病性弥漫性肾小球硬化症
116571,E10.200x025+N08.3*,1型糖尿病性结节性肾小球硬化症
116572,E10.200x026+N08.3*,1型糖尿病性难愈性肾小球硬化症
116573,E10.200x027+N08.3*,1型糖尿病性大量白蛋白尿
116574,E10.200x028+N08.3*,1型糖尿病性递进性肾病
116575,E10.200x029+N08.3*,1型糖尿病性毛细管间性肾小球硬化症
116576,E10.200x030+N08.3*,1型糖尿病性持续蛋白尿
116577,E10.200x031+N29.8*,1型糖尿病性终末期肾脏病
116578,E10.200x091+N08.3*,1型糖尿病性急性肾功能衰竭
116579,E10.200x092+N08.3*,1型糖尿病性髓质乳头坏死
116580,E10.200x211+N08.3*,1型糖尿病肾病I期
116581,E10.200x212+N08.3*,1型糖尿病肾病II期
116583,E10.200x214+N08.3*,1型糖尿病肾病IV期
116584,E10.200x215+N08.3*,1型糖尿病肾病V期
116585,E10.201+N08.3*,1型糖尿病性肾病
116586,E10.300,1型糖尿病伴有眼的并发症
116588,E10.300x012+H36.0*,1型糖尿病性背景性出血性视网膜病
116589,E10.300x013+H36.0*,1型糖尿病性背景性硬性渗出物性视网膜病
141152,Y18.x00,杀虫剂的中毒及暴露于杀虫剂，意图不确定的
141154,Y20.x00,悬吊、绞勒和窒息，意图不确定的
141155,Y21.x00,淹溺和沉没，意图不确定的
141156,Y22.x00,手枪发射，意图不确定的
141157,Y23.x00,步枪、猎枪和大型火器发射，意图不确定的
141158,Y24.x00,火器发射，意图不确定的，其他的
141159,Y25.x00,接触爆炸物，意图不确定的
141160,Y26.x00,暴露于烟、火和火焰下，意图不确定的
141162,Y28.x00,接触尖锐物体，意图不确定的
141163,Y29.x00,接触钝器，意图不确定的
141164,Y30.x00,从高处跌落、跳下或被推下，意图不确定的
141938,Z24.200,为抗狂犬病采取必要的免疫
140011,T84.601,舌骨固定物植入感染
140012,T84.602,下颌骨内固定物植入感染
140013,T84.603,脊柱内固定物植入感染
140015,T84.605,肌肉内固定物的感染
140016,T84.700,矫形外科假体装置、植入物和移植物引起的感染和炎症性反应，其他内部的
140770,V82.600,市内有轨电车乘员从市内有轨电车上跌落造成的损伤
140771,V82.700,不伴有事先碰撞而出轨造成的市内有轨电车乘员的损伤
140772,V82.800,运输事故中（市内有轨）电车乘员的损伤，其他特指的
140773,V82.900,交通事故中（市内有轨）电车乘员的损伤
140774,V82.900x091,（市内有轨）电车事故
140775,V83.000,交通事故中专用工业车辆上的司机的损伤
140776,V83.100,交通事故中专用工业车辆上的乘客的损伤
140777,V83.200,交通事故中专用工业车辆外部人员的损伤
140778,V83.300,交通事故中专用工业车辆上的乘员的损伤
140779,V83.400,在上下专用工业车辆时的人员损伤
140780,V83.500,非交通事故中专用工业车辆上的司机的损伤
140781,V83.600,非交通事故中专用工业车辆上的乘客的损伤
140782,V83.700,非交通事故中专用工业车辆外部人员的损伤
140783,V83.900,非交通事故中专用工业车辆上的乘员的损伤
140784,V83.900x091,专用工业车辆事故
140786,V84.100,交通事故中专用农业车辆上的乘客的损伤
140787,V84.200,交通事故中专用农业车辆外部人员的损伤
140788,V84.200x091,骑摩托车被拖拉机撞伤
140789,V84.300,交通事故中专用农业车辆上的乘员的损伤
140791,V84.500,非交通事故中专用农业车辆上的司机的损伤
140792,V84.600,非交通事故中专用农业车辆上的乘客的损伤
140793,V84.700,非交通事故中专用农业车辆外部人员的损伤
140795,V84.900x091,专用农业车辆事故
140796,V85.000,交通事故中专用建筑车辆上的司机的损伤
140797,V85.100,交通事故中专用建筑车辆上的乘客的损伤
140798,V85.200,交通事故中专用建筑车辆外部人员的损伤
140800,V85.400,在上下专用建筑车辆时的人员损伤
140801,V85.500,非交通事故中专用建筑车辆上的司机的损伤
140802,V85.600,非交通事故中专用建筑车辆上的乘客的损伤
140804,V85.900,非交通事故中专用建筑车辆上的乘员的损伤
140805,V85.900x091,专用建筑车辆事故
116609,E10.300x047+H36.0*,1型糖尿病性视网膜增厚性视网膜病
116610,E10.300x051+H42.0*,1型糖尿病性新生血管性青光眼
140710,V69.400,交通事故中重型运输车与其他机动车辆碰撞造成重型运输车司机的损伤
140711,V69.500,交通事故中重型运输车与其他机动车辆碰撞造成重型运输车乘客的损伤
140712,V69.600,交通事故中重型运输车与其他和机动车辆碰撞造成重型运输车乘员的损伤
140713,V69.800,重型运输车乘员在其他特指运输事故中的损伤
140714,V69.900,重型运输车乘员在交通事故中的损伤
140715,V70.x00,公共汽车乘员在公共汽车与行人或牲畜碰撞中的损伤
140716,V71.x00,公共汽车乘员在公共汽车与脚踏车碰撞中的损伤
140717,V72.x00,公共汽车乘员在公共汽车与两轮或三轮机动车碰撞中的损伤
140718,V73.x00,公共汽车乘员在公共汽车与小汽车、轻型货车或篷车碰撞中的损伤
114103,C95.700,"白血病,其他的"
114104,C95.700x001,高白细胞白血病
114105,C95.700x002,先天性白血病
114106,C95.700x003,皮肤白血病
114107,C95.700x011,高白细胞白血病伴缓解
114108,C95.900,白血病
114109,C95.900x003+M36.1*,白血病性关节病
114110,C95.900x005,难治性白血病
114111,C95.900x007+N16.1*,白血病致肾小管间质疾患
114112,C95.900x012,混合细胞性白血病伴缓解
114113,C95.900x013+M36.1*,白血病性关节病伴缓解
114115,C95.900x017+N16.1*,白血病致肾小管间质疾患伴缓解
114116,C95.901,混合细胞性白血病
114117,C96.000,莱特雷尔-西韦病
114118,C96.002,急性分化性进行性组织细胞增多症
114120,C96.200,恶性肥大细胞瘤
114121,C96.200x005,全身性肥大细胞病
114122,C96.200x006,皮肤外肥大细胞病
114123,C96.200x013,肥大细胞肉瘤伴缓解
114126,C96.400,树突细胞肉瘤
114127,C96.400x001,滤泡树突状细胞肉瘤
114128,C96.400x002,未定型树突细胞瘤
114130,C96.400x004,指突状树突细胞肉瘤
114131,C96.401,交错树突细胞肉瘤
114132,C96.402,朗格汉斯细胞肉瘤
114949,D32.000x028,枕叶脑膜瘤
114950,D32.000x030,蝶鞍上脑膜瘤
114951,D32.000x031,侧脑室脑膜瘤
114952,D32.000x032,大脑皮层多部位脑膜瘤
114954,D32.000x038,颅底脑膜瘤
114955,D32.000x039,窦汇区脑膜瘤
114956,D32.001,蝶骨嵴脑膜瘤
114957,D32.002,颅中窝脑膜瘤
114958,D32.003,前床突脑膜瘤
114960,D32.005,顶叶脑膜瘤
125274,K43.001,梗阻性切口疝
125275,K43.002,嵌顿性切口疝伴梗阻
125276,K43.003,不可复性切口疝
125277,K43.004,狭窄性切口疝
125278,K43.100,切口疝，伴有坏疽
125279,K43.200,切口疝，不伴有梗阻和坏疽
125280,K43.300,造口旁疝，伴梗阻不伴坏疽
125281,K43.301,梗阻性造口旁疝
125282,K43.302,嵌顿性造口旁疝，不伴坏疽
125283,K43.303,不可复性造口旁疝
125284,K43.304,狭窄性造口旁疝
125285,K43.400,坏疽性造口旁疝
125286,K43.500,造口旁疝，不伴梗阻和坏疽
125287,K43.600,其他未特指的腹疝，伴有梗阻，不伴坏疽
125288,K43.601,上腹疝伴梗阻
125289,K43.602,下腹疝伴梗阻
125290,K43.603,腹中线疝伴梗阻
125291,K43.604,半月线疝伴梗阻
125292,K43.605,剑突下疝伴梗阻
125293,K43.700,其他未特指的坏疽性腹疝
125294,K44.000,膈疝，伴有梗阻，不伴有坏疽
125295,K44.000x001,膈疝伴梗阻
125296,K44.000x002,绞窄性膈疝伴梗阻
125297,K44.100,膈疝，伴有坏疽
125298,K44.100x001,坏疽性膈疝
125299,K44.900,膈疝，不伴有梗阻或坏疽
125300,K44.900x001,膈疝
125301,K44.901,食管裂孔疝
125303,K45.002,嵌顿性闭孔疝
125304,K45.003,绞窄性腹疝伴肠梗阻
125305,K45.100,腹疝，伴有坏疽，其他特指的
125135,K31.602,胃结肠瘘
125136,K31.603,胃腹壁瘘
125138,K31.605,手术后食管胃瘘
126012,K80.403,胆管结石伴慢性胆囊炎
126013,K80.404,胆总管结石伴慢性胆囊炎
126015,K80.406,肝管结石伴慢性胆囊炎
126016,K80.500,胆管结石不伴有胆管炎或胆囊炎
126017,K80.500x001,胆道术后残留结石
126018,K80.500x002,胆管结石
126020,K80.502,胆绞痛
126021,K80.503,肝内胆管结石
126022,K80.504,肝胆管结石
126023,K80.505,胆总管残余结石
126025,K80.507,肝管结石
126026,K80.800,胆石症，其他的
126027,K80.800x001,胆石症
126028,K80.801,米里齐综合征
126029,K81.000,急性胆囊炎
126031,K81.001,胆囊脓肿
126032,K81.002,急性化脓性胆囊炎
126033,K81.003,急性坏疽性胆囊炎
126034,K81.004,胆囊周围脓肿
126035,K81.005,胆囊坏死
126037,K81.007,急性梗阻性化脓性胆囊炎
141939,Z24.300,为抗黄热病采取必要的免疫
141940,Z24.400,仅为抗麻疹采取必要的免疫
141941,Z24.500,仅为抗风疹采取必要的免疫
141942,Z24.600,为抗病毒性肝炎采取必要的免疫
141943,Z24.601,接种乙型病毒性肝炎疫苗
141944,Z25.000,仅为抗流行性腮腺炎采取必要的免疫
141945,Z25.100,为抗流感采取必要的免疫
141946,Z25.800,为抗其他特指的单一的病毒性疾病采取必要的免疫
141947,Z25.800x001,为抗单一病毒性疾病采取必要的免疫
141948,Z26.000,为抗利什曼病采取必要的免疫
141949,Z26.800,为抗其他特指的单一的传染病采取必要的免疫
141950,Z26.900,为抗传染病采取必要的免疫
141951,Z27.000,为抗霍乱伴有伤寒-副伤寒采取必要的免疫(霍乱+TAB)
141952,Z27.100,为抗白喉-破伤风-百日咳联合采取必要的免疫(DTP)
141953,Z27.200,为抗白喉-破伤风-百日咳伴有伤寒-副伤寒采取必要的免疫(DTP+TAB)
141954,Z27.300,为抗白喉-破伤风-百日咳伴有脊髓灰质炎采取必要的免疫(DTP+脊灰)
141955,Z27.400,为抗麻疹-流行性腮腺炎-风疹采取必要的免疫(MMR)
141956,Z27.400x001,麻疹-流行性腮腺炎-风疹联合预防接种
141957,Z27.800,为抗其他多种传染病采取必要的联合免疫
141959,Z28.000,由于禁忌证未进行免疫
141960,Z28.100,由于信仰或群体压力使病人决定不进行免疫
141961,Z28.101,由于群体压力使病人决定不进行免疫
141963,Z28.201,病人决定不进行免疫
141964,Z28.800,由于其他原因未进行免疫
141965,Z28.900,未进行免疫
141966,Z29.000,隔离
141967,Z29.100,预防性免疫治疗
141968,Z29.101,术后免疫治疗
141969,Z29.200,化学治疗，其他预防性的
141970,Z29.200x001,化学预防
141972,Z29.800,预防措施，其他特指的
141973,Z29.900,预防措施
141974,Z30.000,有关避孕的一般咨询和指导
141975,Z30.000x001,计划生育指导
141369,Y51.300x003,阿托品药物反应
141370,Y51.400,主要为α肾上腺素能受体显效药的有害效应，不可归类在他处者
141372,Y51.500x001,肾上腺素药物反应
141373,Y51.600,α肾上腺素能受体拮抗剂的有害效应，不可归类在他处者
141374,Y51.700,β肾上腺素能受体拮抗剂的有害效应，不可归类在他处者
141375,Y51.700x001,噻吗心安药物反应
141376,Y51.800,中枢作用和肾上腺素能-神经元-阻滞剂的有害效应，不可归类在他处者
116611,E10.300x052+H22.1*,1型糖尿病性虹膜红变症
116612,E10.300x053+H36.0*,1型糖尿病性牵拉性视网膜脱离
116613,E10.300x091+H28.0*,1型糖尿病性早发的年龄相关性白内障
116614,E10.301+H36.0*,1型糖尿病性视网膜病变
116615,E10.302+H28.0*,1型糖尿病性白内障
116616,E10.303+H22.1*,1型糖尿病性虹膜炎
116617,E10.400,1型糖尿病伴有神经的并发症
116618,E10.400x021+G63.2*,1型糖尿病性多发性神经病
116620,E10.400x024+G63.2*,1型糖尿病性远端对称性周围神经病
116621,E10.400x025+G63.2*,1型糖尿病性小神经纤维周围神经病
116622,E10.400x026+G63.2*,1型糖尿病性感觉运动性周围神经病
116623,E10.400x110+G59.0*,1型糖尿病性单神经病
116624,E10.400x111+G59.0*,1型糖尿病性胸神经根病
116625,E10.400x112+G59.0*,1型糖尿病性躯干神经根病
116626,E10.400x121+G73.0*,1型糖尿病性肌无力综合征
116627,E10.400x130+G59.0*,1型糖尿病性脑神经麻痹
116628,E10.400x140+G59.0*,1型糖尿病性动眼神经麻痹
116629,E10.400x150+G59.0*,1型糖尿病性外展神经麻痹
116630,E10.400x160+G59.0*,1型糖尿病性股神经病
116631,E10.400x170+G59.0*,1型糖尿病性多发性单神经病
116633,E10.400x190+G59.0*,1型糖尿病性神经根病
116634,E10.400x191+G59.0*,1型糖尿病腰骶神经根神经丛病
116635,E10.400x310+G99.0*,1型糖尿病性出汗异常
116637,E10.400x330+G99.0*,1型糖尿病性腹泻
116638,E10.400x340+G99.0*,1型糖尿病性肛门直肠功能障碍
116639,E10.400x350+G99.0*,1型糖尿病性食管功能障碍
114241,D04.300,面部其他和未特指部位皮肤的原位癌
114242,D04.300x001,鼻沟皮肤原位癌
114244,D04.400,头皮和颈部皮肤原位癌
114245,D04.400x001,头皮原位癌
114246,D04.401,颈部皮肤原位癌
114247,D04.500,躯干皮肤原位癌
114248,D04.501,乳房皮肤原位癌
114250,D04.503,肛门皮肤原位癌
114251,D04.504,肛周皮肤原位癌
114252,D04.600,上肢（包括肩）皮肤原位癌
114253,D04.600x001,上肢皮肤原位癌
114255,D04.700,下肢（包括髋）皮肤原位癌
114256,D04.700x001,下肢皮肤原位癌
114257,D04.701,髋皮肤原位癌
141463,Y56.800x002,化妆品类过敏
141464,Y56.800x003,染发液过敏
141465,Y56.800x004,杀精子药药物反应
141466,Y56.900,局部制剂的有害效应
141467,Y57.000,食欲抑制剂的有害效应
141468,Y57.100,抗脂肪肝药的有害效应
141469,Y57.200,解毒剂和螯合剂的有害效应，不可归类在他处者
141470,Y57.200x001,青霉胺药物反应
141471,Y57.300,解酒药的有害效应
141472,Y57.400,药用赋形剂的有害效应
141473,Y57.500,X线造影剂(对比剂)的有害效应
114075,C94.400x001,急性骨髓纤维化
114076,C94.600,骨髓增生异常和骨髓增生性疾病，不可归类在他处者
114077,C94.700,白血病，其他特指的
114078,C94.700x004,中枢神经系统白血病
114079,C94.700x014,中枢神经系统白血病伴缓解
114080,C94.702,急性嗜碱细胞性白血病
114081,C94.703,侵袭性NK细胞白血病
114082,C95.000,急性白血病
114084,C95.000x003,急性非淋巴细胞性白血病
114892,D29.000,阴茎良性肿瘤
114893,D29.001,龟头良性肿瘤
114894,D29.100,前列腺良性肿瘤
114895,D29.200,睾丸良性肿瘤
114896,D29.300,附睾良性肿瘤
114897,D29.400,阴囊良性肿瘤
114898,D29.401,阴囊皮肤良性肿瘤
114900,D29.700x004,输精管良性肿瘤
114901,D29.700x005,包皮良性肿瘤
114902,D29.701,精囊良性肿瘤
114903,D29.702,精索良性肿瘤
114904,D29.703,鞘膜良性肿瘤
114905,D29.900,男性生殖器官良性肿瘤
114906,D30.000,肾良性肿瘤
114908,D30.200,输尿管良性肿瘤
114909,D30.300,膀胱良性肿瘤
114910,D30.301,膀胱尿道口良性肿瘤
114912,D30.400,尿道良性肿瘤
114913,D30.700,泌尿器官良性肿瘤，其他的
114914,D30.701,尿道旁腺良性肿瘤
114915,D30.900,泌尿器官良性肿瘤
114916,D31.000,结合膜良性肿瘤
114918,D31.000x002,结膜黑色素痣
114919,D31.100,角膜良性肿瘤
114920,D31.200,视网膜良性肿瘤
114921,D31.300,脉络膜良性肿瘤
114922,D31.400,睫状体良性肿瘤
114924,D31.500,泪腺和泪管良性肿瘤
114925,D31.500x001,泪管良性肿瘤
114926,D31.500x003,鼻泪管良性肿瘤
114927,D31.501,泪腺良性肿瘤
114929,D31.600,眶良性肿瘤
114930,D31.600x001,眶内良性肿瘤
126038,K81.008,胆囊坏疽
126039,K81.100,慢性胆囊炎
126040,K81.101,慢性残余胆囊炎
126041,K81.800,胆囊炎，其他的
126042,K81.801,胆囊周炎
126043,K81.900,胆囊炎
126044,K81.900x001,黄色肉芽肿性胆囊炎
126045,K82.000,胆囊梗阻
126046,K82.000x003,胆囊管残株炎
126047,K82.001,胆囊管梗阻
126048,K82.100,胆囊积水
126049,K82.100x002,胆囊积液
126051,K82.200,胆囊穿孔
126052,K82.200x002,胆囊破裂
126053,K82.300,胆囊瘘
126054,K82.301,胆囊肠瘘
126055,K82.302,胆囊胃瘘
126056,K82.303,胆囊十二指肠瘘
126057,K82.304,胆囊结肠瘘
126058,K82.305,手术后胆囊瘘
126059,K82.306,胆囊腹壁瘘
126060,K82.400,胆囊胆固醇沉着症
126061,K82.800,胆囊其他特指的疾病
126062,K82.800x002,胆囊出血
126063,K82.800x004,胆囊肉芽肿
126064,K82.800x009,胆囊功能障碍
126065,K82.801,胆囊肿大
126066,K82.802,胆囊息肉
126067,K82.803,胆囊腺肌症
126068,K82.804,胆囊管扩张
126069,K82.805,胆囊肥大
126070,K82.806,胆囊钙化
126071,K82.807,胆囊萎缩
126072,K82.808,胆囊扭转
116016,D61.909,急性再生障碍性贫血
116017,D62.x00,急性出血后贫血
116018,D64.000,遗传性铁粒幼细胞贫血
116019,D64.001,性连锁遗传低色素铁粒幼细胞贫血
116021,D64.200,由药物和中毒引起的继发性铁粒幼细胞贫血
116022,D64.300,铁粒幼细胞贫血，其他的
114695,D18.107,盆腔淋巴管瘤
114696,D18.108,生殖器官淋巴管瘤
114697,D18.109,血管淋巴管瘤
114698,D19.000,胸膜间皮组织良性肿瘤
114700,D19.700,间皮组织良性肿瘤，其他部位的
114701,D19.900,间皮组织良性肿瘤
114702,D19.900x001,良性间皮瘤
114703,D20.000,腹膜后腔良性肿瘤
114705,D20.100,腹膜良性肿瘤
114706,D20.101,网膜良性肿瘤
114707,D20.102,肠系膜良性肿瘤
114710,D21.000x002,耳软骨良性肿瘤
114711,D21.000x007,锁骨上结缔组织良性肿瘤
114712,D21.000x008,头部结缔组织良性肿瘤
114713,D21.001,面部结缔组织良性肿瘤
114714,D21.002,颈结缔组织良性肿瘤
114715,D21.003,眼睑结缔组织良性肿瘤
141378,Y51.900x001,麻黄素药物反应
142182,Z41.100x022,腹壁整形
142183,Z41.100x023,鼻整形
142184,Z41.100x024,吸脂
142185,Z41.101,重睑
142186,Z41.102,鼻梁成形
142187,Z41.103,颧骨增高
142188,Z41.104,面部皱纹整容
142189,Z41.105,隆胸
142190,Z41.200,常规和宗教仪式的包皮环切术
142191,Z41.300,穿耳孔
142192,Z41.800,非以改善健康状况为目的的其他操作
142193,Z41.800x002,处女膜修复
142194,Z41.801,文身
142195,Z41.900,非以改善健康状况为目的操作
142196,Z42.000,涉及头和颈整形手术的随诊医疗
142197,Z42.000x002,颌面术后整形
142198,Z42.000x011,开颅术后骨瓣凹陷整形
142199,Z42.000x015,耳术后整形
142200,Z42.000x019,头皮外伤后整形
142201,Z42.001,颅骨缺损修补
142202,Z42.002,面部矫形术后整形
142203,Z42.003,眼睑术后畸形整形
142204,Z42.004,结膜囊瘢痕修复
142205,Z42.005,头颈部瘢痕修复
142206,Z42.006,唇裂术后畸形整形
142207,Z42.007,唇腭裂术后畸形整形
142208,Z42.008,腭裂术后整形
142209,Z42.009,颌面术后畸形整形
142210,Z42.010,耳再造术后整形
142211,Z42.100,涉及乳房整形手术的随诊医疗
142212,Z42.100x001,乳房术后整形
142213,Z42.200,涉及躯干其他部位整形手术的随诊医疗
142214,Z42.200x001,腹部术后整形
142215,Z42.200x002,胸部术后整形
142216,Z42.200x003,背部术后整形
142217,Z42.201,胸部瘢痕修复
142218,Z42.202,腹部瘢痕修复
142219,Z42.203,背部瘢痕修复
142221,Z42.205,会阴瘢痕修复
142222,Z42.300,涉及上肢整形手术的随诊医疗
142223,Z42.300x001,上肢术后整形
142224,Z42.301,上肢瘢痕修复
142226,Z42.303,臂部瘢痕修复
142227,Z42.304,手部瘢痕修复
142228,Z42.400,涉及下肢整形手术的随诊医疗
142229,Z42.400x001,下肢术后整形
142231,Z42.402,足部瘢痕修复
142232,Z42.403,下肢残端修整
142233,Z42.800,涉及身体其他部位整形手术的随诊医疗
139005,T44.700,β肾上腺素能受体拮抗剂中毒，不可归类在他处者
139006,T44.700x001,β肾上腺素能受体拮抗剂中毒
139007,T44.701,普萘洛尔中毒
114258,D04.800,皮肤其他部位的原位癌
114259,D04.900,皮肤的原位癌
114260,D04.900x001,皮肤原位癌
114261,D05.000,乳房小叶原位癌
141206,Y40.100,头孢菌素和其他β内酰胺类抗生素的有害效应
141207,Y40.100x001,先锋霉素族(头孢菌素族)药物反应
141208,Y40.200,氯霉素族的有害效应
141209,Y40.300,大环内酯类的有害效应
141210,Y40.300x001,红霉素药物反应
141211,Y40.300x002,麦迪霉素药物反应
141212,Y40.300x004,螺旋霉素药物反应
141213,Y40.400,四环素类的有害效应
141214,Y40.400x002,四环素族药物反应
141215,Y40.500,氨基糖苷类的有害效应
141216,Y40.500x001,链霉素药物反应
141217,Y40.500x002,卡那霉素药物反应
141218,Y40.500x003,庆大霉素药物反应
141219,Y40.600,利福霉素类的有害效应
141220,Y40.700,全身性应用的抗真菌性抗生素的有害效应
141997,Z30.504,取除皮下避孕针
141998,Z30.505,放置输卵管内避孕器失败
141999,Z30.800,避孕问题，其他的
142000,Z30.800x001,输精管切除术后精子计数
142001,Z30.800x002,放置子宫内避孕装置失败
142002,Z30.800x003,放置输卵管内避孕装置
142003,Z30.800x004,放置输卵管内避孕装置失败
142005,Z30.900,避孕问题
142006,Z31.000,既往绝育术后的输卵管或输精管成形术
142007,Z31.000x001,输卵管绝育术后复通
142008,Z31.000x004,输精管结扎术后复通
142009,Z31.100,人工授精
142011,Z31.200x003,解冻胚胎移植
142012,Z31.201,采取卵子
142013,Z31.202,ICSI术后
142014,Z31.203,PGD术后
142015,Z31.300,辅助授精方法，其他的
142017,Z31.300x002,受精卵移植
142018,Z31.400,生育调查和检验
142019,Z31.400x003,生育检验
142020,Z31.400x004,生育调查
142021,Z31.401,输卵管吹气术
142023,Z31.500,遗传咨询
142024,Z31.600,关于生育的一般咨询和指导
142025,Z31.600x001,关于生育的一般性咨询和指导
142027,Z31.900,生育问题
142028,Z32.000,妊娠（尚）未确认
142029,Z32.000x001,妊娠未确认
142030,Z32.100,确认妊娠
142031,Z33.x00,附带妊娠状态
142033,Z33.x01,人工授精妊娠状态
142034,Z33.x02,试管婴儿妊娠状态
114931,D31.601,眶结缔组织良性肿瘤
114932,D31.602,眼外肌良性肿瘤
114933,D31.603,眶周围神经良性肿瘤
114934,D31.604,球后良性肿瘤
114935,D31.605,眼后组织良性肿瘤
114936,D31.900,眼良性肿瘤
114937,D31.901,眼球良性肿瘤
114938,D32.000,脑膜良性肿瘤
114939,D32.000x002,鞍隔脑膜瘤
114940,D32.000x004,大脑镰脑膜瘤
114941,D32.000x008,蝶骨脑膜瘤
114942,D32.000x011,横窦脑膜瘤
114943,D32.000x014,颅窝脑膜瘤
114944,D32.000x019,桥脑脑膜瘤
114945,D32.000x020,筛窦脑膜瘤
114946,D32.000x021,矢状窦脑膜瘤
114947,D32.000x024,小脑脑膜瘤
114948,D32.000x026,岩骨脑膜瘤
116682,E10.600x043,1型糖尿病性低血糖症
116683,E10.600x051,1型糖尿病伴血糖控制不佳
114295,D09.200,眼原位癌
114296,D09.201,眼球原位癌
114297,D09.202,角膜原位癌
114298,D09.300,甲状腺和其他和未特指内分泌腺原位癌
114299,D09.301,甲状腺原位癌
114300,D09.302,垂体原位癌
114301,D09.303,肾上腺原位癌
114302,D09.304,甲状旁腺原位癌
114303,D09.700,原位癌，其他特指部位的
114305,D09.700x002,腹腔原位癌
114306,D09.701,颊原位癌
114307,D09.900,原位癌
114308,D10.000,唇良性肿瘤
114309,D10.000x002,唇系带良性肿瘤
114310,D10.000x003,唇内面良性肿瘤
114312,D10.000x005,唇红缘良性肿瘤
114313,D10.100,舌良性肿瘤
114314,D10.101,舌扁桃体良性肿瘤
114315,D10.200,口底良性肿瘤
114316,D10.200x002,舌下良性肿瘤
114318,D10.300x005,悬雍垂良性肿瘤
114319,D10.300x007,颌下良性肿瘤
114320,D10.301,口腔黏膜黑色素痣
114321,D10.302,颊黏膜良性肿瘤
114322,D10.303,腭良性肿瘤
114323,D10.305,牙槽良性肿瘤
114324,D10.306,齿龈良性肿瘤
114326,D10.308,小涎腺良性肿瘤
114327,D10.309,口良性肿瘤
114328,D10.400,扁桃体良性肿瘤
114329,D10.401,咽门扁桃体良性肿瘤
114331,D10.500,口咽良性肿瘤，其他部位的
114332,D10.500x001,口咽良性肿瘤
114333,D10.500x002,会厌前面良性肿瘤
114334,D10.501,扁桃体窝良性肿瘤
114336,D10.503,会咽谷良性肿瘤
114716,D21.004,耳部结缔组织良性肿瘤
114717,D21.005,颞下凹结缔组织良性肿瘤
114718,D21.006,翼腭窝结缔组织良性肿瘤
114719,D21.007,咽旁间隙结缔组织良性肿瘤
114720,D21.100,上肢结缔组织和其他软组织良性肿瘤，包括肩
114721,D21.100x002,上肢结缔组织良性肿瘤
114722,D21.100x003,肘部结缔组织良性肿瘤
114723,D21.100x004,上肢端结缔组织良性肿瘤
114724,D21.101,肩结缔组织良性肿瘤
114725,D21.102,手结缔组织良性肿瘤
114726,D21.200,下肢结缔组织和其他软组织良性肿瘤，包括髋
114727,D21.200x003,膝关节滑膜良性肿瘤
114728,D21.200x004,腘窝结缔组织良性肿瘤
114729,D21.200x006,下肢结缔组织良性肿瘤
114730,D21.200x007,下肢端结缔组织良性肿瘤
114731,D21.201,髋结缔组织良性肿瘤
114732,D21.202,足结缔组织良性肿瘤
114734,D21.300x001,胸壁结缔组织良性肿瘤
114735,D21.300x004,胸骨后结缔组织良性肿瘤
114736,D21.300x005,大血管良性肿瘤
115479,D43.700,中枢神经系统其他部位动态未定或动态未知的肿瘤
115480,D43.900,中枢神经系统的动态未定或动态未知的肿瘤
115481,D43.900x001,硬膜外交界性肿瘤
115482,D43.900x002,椎管内交界性肿瘤
115483,D43.900x003,硬脑膜外交界性肿瘤
115484,D43.900x004,硬脊膜外交界性肿瘤
115486,D43.902,硬脑膜外动态未定肿瘤
115487,D43.903,硬脑膜外肿瘤
115488,D44.000,甲状腺动态未定或动态未知的肿瘤
115490,D44.001,甲状腺肿瘤
115491,D44.100,肾上腺动态未定或动态未知的肿瘤
115492,D44.100x001,肾上腺交界性肿瘤
115493,D44.101,肾上腺肿瘤
126249,K91.000,胃肠手术后呕吐
126250,K91.100,胃手术后综合征
126251,K91.100x001,迟发型倾倒综合征
126252,K91.101,倾倒综合征
126253,K91.102,残窦综合征
126254,K91.103,迷走神经切断后综合征
126256,K91.200x002,手术后吸收不良综合征
126257,K91.201,短肠综合征
126258,K91.202,手术后盲袢综合征
126259,K91.300,手术后肠梗阻
126260,K91.300x002,手术后肠道狭窄
126261,K91.301,回肠肛管吻合口狭窄
126262,K91.302,手术后小肠储袋梗阻
126264,K91.305,直肠吻合口狭窄
126265,K91.400,结肠造口术和小肠造口术后功能障碍
139010,T44.900,主要影响自主神经系统的其他和未特指的药物中毒
139011,T44.900x001,α和β肾上腺素能受体药中毒
139012,T44.900x002,麻黄碱中毒
139013,T44.900x003,血管紧张素受体抑制剂中毒
139014,T44.901,主要影响自主神经系统药物中毒
139963,T83.500,泌尿系统中的假体装置、植入物和移植物引起的感染和炎症性反应
139964,T83.500x002,输尿管支架感染
139965,T83.500x003,导管相关性尿路感染
139966,T83.501,泌尿道引流管植入感染
139967,T83.600,生殖道中的假体装置、植入物和移植物引起的感染和炎症性反应
139968,T83.601,阴茎假体植入感染
139969,T83.800,泌尿生殖系假体装置、植入物和移植物的其他并发症
139970,T83.800x001,插管引起的尿道损伤
139971,T83.801,尿道悬吊带脱出
139972,T83.802,阴道网片侵蚀
139973,T83.804,移植肾输尿管瘘
139974,T83.900,泌尿生殖系假体装置、植入物和移植物的并发症
139975,T84.000,内部关节假体的机械性并发症
139976,T84.000x004,人工关节置换术后假体功能障碍
139977,T84.000x005,人工髋关节置换术后髋臼松动
139978,T84.000x006,人工关节置换术后假体松动
139979,T84.000x007,人工髋关节置换术后异位骨化
139980,T84.000x008,人工膝关节置换术后假体松动
139982,T84.000x013,人工股骨头置换术后假体功能障碍
139983,T84.001,关节假体并发症
139984,T84.002,髋关节假体松动
139985,T84.003,髋关节假体障碍
139986,T84.004,膝关节假体障碍
139987,T84.005,肩关节假体障碍
139989,T84.100,肢骨内部固定装置的机械性并发症
139990,T84.200,骨内部固定装置的机械性并发症，其他的
139991,T84.200x003,骨内固定装置障碍
139993,T84.201,骨折内固定装置障碍
139994,T84.202,脊柱内固定装置障碍
139995,T84.203,胸骨内固定钢丝断裂
139996,T84.300,骨的装置、植入物和移植物的机械性并发症，其他的
139998,T84.300x002,骨刺激器引起的机械性并发症
139999,T84.301,上颌骨假体露出
140000,T84.400,矫形外科装置、植入物和移植物的机械性并发症，其他内部的
140001,T84.401,肌肉移植物引起的机械性并发症
140003,T84.500,内部关节假体引起的感染和炎症性反应
140004,T84.500x002,关节假体引起的感染
116590,E10.300x014+H36.0*,1型糖尿病性背景性小动脉瘤视网膜病
142035,Z33.x03,输卵管绝育术后妊娠状态
142036,Z34.000,首次正常妊娠的监督
142037,Z34.000x001,首次正常妊娠监督
142039,Z34.900,正常妊娠监督
142040,Z34.900x001,妊娠监督
142041,Z35.000,具有不孕症史者的妊娠监督
142042,Z35.100,具有流产结局史者的妊娠监督
142043,Z35.100x001,具有水泡状胎块史的妊娠监督
141420,Y54.500,利尿剂的有害效应，其他的
141421,Y54.500x001,汞利尿药类反应
141422,Y54.500x002,排盐利尿剂类反应
141423,Y54.500x003,嘌呤衍生物利尿剂类反应
141424,Y54.600,电解质、热量和水平衡剂的有害效应
141425,Y54.700,影响钙化的制剂的有害效应
141426,Y54.800,影响尿酸代谢的制剂的有害效应
141427,Y54.800x001,别嘌呤醇药物反应
141428,Y54.800x002,尿酸代谢药类反应
141429,Y54.900,矿物质盐类的有害效应，不可归类在他处者
141430,Y54.900x001,氯化钾药物反应
141431,Y55.000,催产药的有害效应
141432,Y55.000x002,麦角生物碱药物反应
116961,E14.300x052+H22.1*,糖尿病性虹膜红变症
126419,L03.104,肩蜂窝织炎
138773,T34.200,胸部冻伤伴有组织坏死
138774,T34.300,腹壁、下背和骨盆冻伤伴有组织坏死
138775,T34.300x001,腹壁冻伤伴组织坏死
138777,T34.300x003,骨盆冻伤伴组织坏死
138778,T34.400,臂冻伤伴有组织坏死
138779,T34.500,腕和手冻伤伴有组织坏死
138780,T34.500x002,腕部冻伤伴组织坏死
138782,T34.600,髋和大腿冻伤伴有组织坏死
138783,T34.600x002,髋部冻伤伴组织坏死
138784,T34.600x003,大腿冻伤伴组织坏死
138785,T34.700,膝和小腿冻伤伴有组织坏死
138787,T34.700x003,小腿冻伤伴组织坏死
138788,T34.800,踝和足冻伤伴有组织坏死
138789,T34.800x002,踝部冻伤伴组织坏死
138790,T34.800x003,足部冻伤伴组织坏死
138792,T34.900x002,冻伤伴组织坏死
138793,T34.900x003,躯干冻伤伴组织坏死
138794,T35.000,累及身体多个部位的浅表冻伤
138795,T35.000x001,多处浅表冻伤
138796,T35.100,累及身体多个部位的冻伤伴有组织坏死
138798,T35.200,头和颈部的冻伤
138799,T35.300,胸部、腹部、下背和骨盆的冻伤
138800,T35.300x001,躯干冻伤
138801,T35.300x002,胸部冻伤
138802,T35.300x003,腹部冻伤
114337,D10.504,鳃裂良性肿瘤
114338,D10.600,鼻咽良性肿瘤
114339,D10.601,鼻中隔后缘良性肿瘤
114340,D10.602,鼻后孔良性肿瘤
114341,D10.603,咽扁桃体良性肿瘤
114342,D10.700,咽下部良性肿瘤
114343,D10.701,咽下梨状窝良性肿瘤
114344,D10.900,咽良性肿瘤
114345,D11.000,腮腺良性肿瘤
114346,D11.700,大涎腺的良性肿瘤，其他的
114347,D11.701,下颌下腺良性肿瘤
114348,D11.702,舌下腺良性肿瘤
114349,D11.900,大涎腺良性肿瘤
114350,D11.900x001,唾液腺良性肿瘤
115155,D36.700x032,腘窝良性肿瘤
115156,D36.700x035,髂良性肿瘤
115157,D36.700x036,踝部良性肿瘤
115158,D36.700x038,腰部良性肿瘤
115159,D36.701,头部良性肿瘤
115160,D36.702,面部良性肿瘤
115161,D36.703,颈部良性肿瘤
115162,D36.704,躯干部良性肿瘤
115163,D36.705,背部良性肿瘤
115164,D36.706,胸腔良性肿瘤
141261,Y42.900x001,激素药物反应
141262,Y43.000,抗过敏药和止吐药的有害效应
141263,Y43.000x001,灭吐灵（胃复安）药物反应
141264,Y43.000x002,扑尔敏药物反应
141265,Y43.100,抗肿瘤性抗代谢物药的有害效应
141266,Y43.200,抗肿瘤性天然产物的有害效应
141267,Y43.300,抗肿瘤性药的有害效应，其他
141268,Y43.300x002,化疗药物反应
141270,Y43.300x004,正定霉素药物反应
141271,Y43.400,免疫抑制剂的有害效应
141272,Y43.400x001,雷公滕药物反应
141273,Y43.400x002,依木兰药物反应
141274,Y43.500,酸化和碱化剂的有害效应
142058,Z35.208,具有死产史妊娠监督
142059,Z35.209,具有新生儿死亡史妊娠监督
142060,Z35.300,具有缺乏产前医疗照顾病史者的妊娠监督
142061,Z35.300x002,妊娠隐瞒者的妊娠监督
142063,Z35.400x001,具有多胎产史的妊娠监督
142064,Z35.401,高龄经产妇妊娠监督
142065,Z35.500,高龄初孕妇的监督
142066,Z35.500x001,高龄初孕妇的妊娠监督
142069,Z35.700,由于社会问题引起的高危妊娠监督
142070,Z35.800,高危妊娠监督，其他的
142072,Z35.802,卵巢恶性肿瘤史妊娠监督
142073,Z35.804,近亲婚配妊娠监督
142074,Z35.806,输卵管再通术后妊娠监督
142075,Z35.900,高危妊娠监督
126266,K91.401,小肠造口术后功能障碍
126267,K91.402,肠造口术后功能障碍
126268,K91.404,结肠造口术后狭窄
126269,K91.405,结肠造口脱垂
126270,K91.406,人工肛门脱垂
126271,K91.408,人工肛门狭窄
126272,K91.500,胆囊切除术后综合征
126273,K91.800,消化系统的其他操作后疾患
126274,K91.800x007,手术后食管破裂
126275,K91.800x102,残胃炎伴出血
126276,K91.800x103,残胃溃疡伴出血
126277,K91.800x106,胃肠吻合口炎伴出血
126278,K91.800x111,胃肠吻合术后输入袢梗阻
126279,K91.800x116,手术后胃缺血性坏死
126280,K91.800x117,手术后急性胃扩张
126282,K91.800x301,肝断面胆道残端漏
126283,K91.800x304,手术后肝外胆管狭窄
126284,K91.800x401,胆肠吻合口反流
126285,K91.800x402,胆道吻合口漏
126286,K91.800x403,胆道吻合口狭窄
126287,K91.800x407,胆囊切除术后粘连
126288,K91.800x411,手术后缺血性胆道病
126289,K91.800x412,手术后胆肠吻合口炎
126290,K91.800x501,胰腺空肠吻合口溃疡伴出血
126291,K91.800x601,手术后造瘘口旁疝
126292,K91.800x602,手术后造瘘口狭窄
126293,K91.800x702,人工肛门出血
126294,K91.801,胰胃吻合口狭窄
126296,K91.803,肠代食管吻合口狭窄
126297,K91.804,肠造瘘术后肠黏膜脱垂
126298,K91.805,胆囊空肠吻合口狭窄
126300,K91.807,胆漏
126301,K91.808,结肠吻合口炎
125306,K45.800,"腹疝，不伴有梗阻或坏疽,其他特指的"
125307,K45.801,坐骨大孔疝
125308,K45.802,闭孔疝
125309,K45.804,绞窄性闭孔疝
125311,K45.806,人工肛门处疝
125312,K45.807,腰疝
125313,K45.808,特赖茨窝上疝
125315,K46.000x002,腹内疝伴肠梗阻
125316,K46.001,绞窄性小肠疝
125317,K46.002,嵌顿性小肠疝
125318,K46.100,腹疝，伴有坏疽
116023,D64.300x002,吡哆醇有效性铁粒幼红细胞贫血
116025,D64.400x001,先天性造血不良性贫血
116026,D64.401,造血不良性贫血
116027,D64.800,贫血，其他特指的
116028,D64.800x002,多红细胞的高粘稠综合征
116029,D64.801,婴儿假白血病性贫血
116031,D64.803,幼白红细胞贫血
116032,D64.900,贫血
116033,D64.900x006,婴儿贫血
116591,E10.300x015+H36.0*,1型糖尿病性背景性静脉扩张性视网膜病
116592,E10.300x021+H36.0*,1型糖尿病性增殖性前期视网膜病
116593,E10.300x022+H36.0*,1型糖尿病性增殖性前期视网膜内微血管异常性视网膜病
116594,E10.300x023+H36.0*,1型糖尿病性增殖性前期絮状斑点性视网膜病
116595,E10.300x024+H36.0*,1型糖尿病性增殖性前期出血性视网膜病
116596,E10.300x025+H36.0*,1型糖尿病性增殖性前期局部缺血性视网膜病
116597,E10.300x031+H36.0*,1型糖尿病性增殖性视网膜病
116598,E10.300x032+H36.0*,1型糖尿病性增殖性出血性视网膜病
116599,E10.300x033+H36.0*,1型糖尿病性增殖性视网膜前出血性视网膜病
116600,E10.300x034+H36.0*,1型糖尿病性增殖性玻璃体出血性视网膜病
116601,E10.300x035+H36.0*,1型糖尿病性增殖性新生血管化性视网膜病
116602,E10.300x036+H36.0*,1型糖尿病性增殖性视网膜牵引性视网膜病
114188,D01.700,消化器官其他特指的原位癌
114189,D01.701,胰腺原位癌
114190,D01.900,消化器官原位癌
114191,D02.000,喉原位癌
114192,D02.000x003,喉面杓状会厌褶原位癌
114193,D02.000x004,会厌舌骨上原位癌
114194,D02.001,会厌原位癌
114196,D02.100,气管原位癌
114197,D02.200,支气管和肺原位癌
114198,D02.200x002,肺原位癌
114199,D02.201,支气管原位癌
114201,D02.301,鼻腔原位癌
114202,D02.302,鼻旁窦原位癌
114203,D02.303,中耳原位癌
114205,D03.000,唇原位黑色素瘤
114207,D03.100x002,眼睑原位黑色素瘤
114208,D03.100x003,眦原位黑色素瘤
114209,D03.200,耳和外耳道原位黑色素瘤
114210,D03.200x002,耳原位黑色素瘤
114211,D03.201,外耳道原位黑色素瘤
114213,D03.301,面部原位黑色素瘤
114214,D03.400,头皮和颈部原位黑色素瘤
114215,D03.400x002,头皮原位黑色素瘤
114216,D03.401,颈部原位黑色素瘤
114217,D03.500,躯干原位黑色素瘤
114218,D03.500x002,肛门原位黑色素瘤
114220,D03.502,肛门边缘原位黑色素瘤
114221,D03.503,肛门皮肤原位黑色素瘤
114222,D03.504,肛周原位黑色素瘤
114224,D03.600x002,上肢端原位黑色素瘤
114225,D03.601,肩原位黑色素瘤
114226,D03.602,手原位黑色素瘤
138803,T35.300x004,背部冻伤
138804,T35.300x005,骨盆冻伤
138805,T35.300x006,腹壁和下背及骨盆冻伤
138806,T35.400,上肢的冻伤
138807,T35.500,下肢的冻伤
138808,T35.600,累及身体多个部位的冻伤
138809,T35.600x001,多处冻伤
138810,T35.700,冻伤
138811,T35.700x002,冷伤
138812,T35.700x003,职业性冻伤
138813,T35.700x004,全身冷伤
138814,T35.700x005,局部冻伤
138815,T35.700x006,局部一度冻伤
138816,T35.700x007,局部二度冻伤
138817,T35.700x008,局部三度冻伤
138818,T35.700x009,局部四度冻伤
138819,T36.000,青霉素类中毒
114849,D23.700,下肢（包括髋）皮肤良性肿瘤
114850,D23.700x001,下肢皮肤良性肿瘤
114851,D23.700x002,下肢端皮肤良性肿瘤
114852,D23.701,髋皮肤良性肿瘤
114853,D23.900,皮肤良性肿瘤
114854,D24.x00,乳房良性肿瘤
114855,D24.x01,乳头的腺瘤
114856,D24.x02,副乳腺良性肿瘤
114857,D25.000,子宫黏膜下平滑肌瘤
114858,D25.000x002,子宫颈粘膜下平滑肌瘤
114859,D25.100,子宫壁内平滑肌瘤
114860,D25.100x001,子宫肌壁间平滑肌瘤
114861,D25.100x002,子宫颈壁内平滑肌瘤
114862,D25.200,子宫浆膜下层平滑肌瘤
114863,D25.200x002,阔韧带平滑肌瘤
114864,D25.900,子宫平滑肌瘤
114866,D25.901,宫颈平滑肌瘤
114868,D26.100,子宫体良性肿瘤
114869,D26.100x002,子宫腺肌瘤
114870,D26.700,子宫良性肿瘤，其他部位的
114871,D26.701,胎盘良性肿瘤
114873,D26.900,子宫良性肿瘤
114874,D27.x00,卵巢良性肿瘤
114875,D27.x01,梅格斯综合征
114876,D28.000,外阴良性肿瘤
114878,D28.000x002,阴唇良性肿瘤
114879,D28.100,阴道良性肿瘤
114880,D28.200,输卵管和子宫韧带良性肿瘤
114881,D28.200x002,卵巢冠良性肿瘤
114883,D28.201,子宫韧带良性肿瘤
114884,D28.202,子宫阔韧带良性肿瘤
114885,D28.203,子宫圆韧带良性肿瘤
114886,D28.204,子宫主韧带良性肿瘤
114887,D28.205,骶子宫韧带良性肿瘤
114890,D28.700x001,阴蒂良性肿瘤
114891,D28.900,女性生殖器官良性肿瘤
142077,Z36.001,抽取羊水查染色体
142078,Z36.100,对甲胎蛋白水平升高的产前筛查
142079,Z36.101,抽取羊水查甲胎球蛋白水平
142080,Z36.200,基于羊水穿刺的其他产前筛查
142081,Z36.201,胎儿肌肉活检
142082,Z36.202,胎儿皮肤活检
142083,Z36.300,用超声波和其他物理学方法对畸形的产前筛查
142084,Z36.300x002,超声波胎儿畸形筛查
142085,Z36.301,产前特指物理学方法筛查畸形
142086,Z36.400,用超声波和其他物理学方法对胎儿生长迟缓的产前筛查
142087,Z36.400x001,超声波胎儿生长迟缓筛查
142088,Z36.401,产前物理学方法筛选胎儿生长迟缓
142089,Z36.500,对同种免疫的产前筛查
142090,Z36.800,产前筛查，其他的
142091,Z36.800x001,对血红蛋白病的筛查
142092,Z36.800x002,对血友病的筛查
142093,Z36.801,抽取绒毛查胎儿畸形
142094,Z36.802,胎儿镜检查
142095,Z36.803,羊膜镜检查
142096,Z36.900,产前筛查
142097,Z37.000,单一活产
142098,Z37.000x001,单胎活产
142099,Z37.001,人工授精，单胎活产
142100,Z37.002,试管婴儿，单胎活产
142101,Z37.100,单一死产
142102,Z37.100x002,单胎死产
142103,Z37.200,双胎，均为活产
141474,Y57.500x001,造影剂药物反应
141475,Y57.500x002,CT造影剂药物反应
141476,Y57.500x003,胆影葡安药物反应
141477,Y57.500x004,碘油造影剂药物反应
141478,Y57.600,诊断性制剂的有害效应，其他的
141480,Y57.700x001,维生素类药物反应
141481,Y57.800,药物和药剂的有害效应，其他的
141482,Y57.800x001,多种药物反应
141483,Y57.800x002,金莲花药物反应
141484,Y57.800x003,益母草药物反应
141486,Y57.900,药物或药剂的有害效应
141487,Y57.900x001,药物反应
138835,T36.900,全身性抗生素中毒
138837,T37.000,磺胺类中毒
138838,T37.100,抗分枝杆菌药中毒
138839,T37.100x001,异烟肼中毒
138840,T37.200,抗疟疾和对其他血液原虫有作用的药中毒
138842,T37.300x001,抗原生动物药中毒
138843,T37.400,驱蠕虫药中毒
138844,T37.500,抗病毒药中毒
138846,T37.800x001,羟基喹啉衍生物中毒
138847,T37.900,全身性抗感染药和抗寄生虫药中毒
138848,T37.900x001,全身性抗感染药中毒
116034,D64.900x007,感染性贫血
116035,D64.901,轻度贫血
116036,D64.902,中度贫血
116037,D64.903,重度贫血
116038,D64.904,继发性贫血
116039,D65.x00,播散性血管内凝血［去纤维蛋白综合征］
116040,D65.x00x001,弥散性血管内凝血
116041,D65.x00x003,坏疽性紫癜
116042,D65.x00x005,消耗性凝血障碍
116043,D65.x01,后天性纤维蛋白原缺乏血症
116044,D65.x02,后天性纤维蛋白溶解性出血
116045,D65.x03,纤维蛋白溶解性紫癜
116046,D65.x04,暴发性紫癜
116047,D66.x00,遗传性因子Ⅷ缺乏
116048,D66.x00x001,获得性血友病
116049,D66.x01,血友病A型
116050,D66.x02,血友病
116051,D66.x03+M36.2*,血友病性关节炎
116052,D67.x00,遗传性因子Ⅸ缺乏
116053,D67.x00x003,克里斯马斯病
116054,D67.x01,血友病B型
116055,D68.000,冯·维勒布兰德病
116056,D68.000x001,血管性血友病
116057,D68.000x002,因子Ⅷ缺乏伴血管缺陷
116058,D68.001,获得性血管性血友病
116059,D68.100,遗传性因子Ⅺ缺乏
116060,D68.100x001,血浆凝血致活酶前质缺乏
116061,D68.101,血友病C型
116062,D68.200,凝血因子的遗传性缺乏，其他的
116063,D68.200x001,凝血酶原缺乏
116064,D68.200x005,先天性纤维蛋白原缺乏血症
116065,D68.200x006,AC球蛋白缺乏
116067,D68.200x008,奥夫伦病
116068,D68.200x009,前加速因子缺乏
116762,E11.300x043+H36.0*,2型糖尿病性全面的水肿斑点性视网膜病
116764,E11.300x045+H36.0*,2型糖尿病性环状的黄斑病性视网膜病
116765,E11.300x046+H36.0*,2型糖尿病性缺血性黄斑病性视网膜病
116766,E11.300x047+H36.0*,2型糖尿病性视网膜增厚性视网膜病
116767,E11.300x051+H42.0*,2型糖尿病性新生血管性青光眼
116769,E11.300x053+H36.0*,2型糖尿病性牵拉性视网膜脱离
116770,E11.300x091+H28.0*,2型糖尿病性早发的年龄相关性白内障
116771,E11.301+H36.0*,2型糖尿病性视网膜病变
116772,E11.302+H28.0*,2型糖尿病性白内障
116774,E11.400,2型糖尿病伴有神经的并发症
139950,T83.101,输尿管支架断裂
139951,T83.102,输尿管支架移位
139952,T83.103,输尿管支架管阻塞
114227,D03.700,下肢（包括髋）原位黑色素瘤
114228,D03.700x001,下肢原位黑色素瘤
114229,D03.700x002,下肢端原位黑色素瘤
141977,Z30.000x003,有关避孕的咨询
141978,Z30.100,子宫内避孕装置的放置
141979,Z30.101,安装曼月乐环
141980,Z30.102,安装输卵管内节育器
141981,Z30.103,安装子宫内节育器
141982,Z30.200,绝育
141983,Z30.201,腹腔镜绝育
141984,Z30.202,输卵管绝育
141985,Z30.203,输精管绝育
141986,Z30.300,月经引出
141987,Z30.301,防止妊娠
141988,Z30.302,月经调节
141989,Z30.400,避孕药的监督
141990,Z30.400x001,维持避孕的常规检查
141991,Z30.400x003,避孕药的再次指导
141992,Z30.400x004,避孕装置的再次指导
141993,Z30.500,子宫内避孕装置的监督
139475,T70.300x004,潜水员麻痹
139476,T70.400,高压液体的效应
139477,T70.800,气压和水压的其他效应
139478,T70.800x001,冲击波损伤综合征
139479,T70.900,气压和水压的效应
139480,T71.x00,外因性窒息
139481,T71.x00x001,缺氧性窒息
139482,T71.x00x002,创伤性窒息
139483,T71.x00x003,绞窄性窒息
139484,T71.x00x004,机械性窒息
139485,T73.000,饥饿效应
139486,T73.000x001,绝食
139487,T73.100,口渴效应
139488,T73.200,暴露于不良环境引起的衰竭
139489,T73.300,过度劳累引起的衰竭
139491,T73.900,缺乏的效应
139492,T74.000,被忽视或遗弃
139493,T74.000x001,被忽视综合征
139494,T74.000x002,被遗弃综合征
139495,T74.100,躯体虐待
139497,T74.100x002,儿童受虐综合征
139498,T74.100x003,配偶受虐综合征
139499,T74.200,性虐待
139500,T74.300,心理上的虐待
139501,T74.800,虐待综合征，其他的
139503,T74.900,虐待综合征
139504,T74.900x001,虐待成人综合征
139505,T74.900x002,虐待儿童综合征
139506,T75.000,雷电效应
139507,T75.000x001,雷击
139509,T75.100,淹死和非致命性溺水
139510,T75.100x001,溺水
139511,T75.100x002,游泳者痉挛
139512,T75.101,溺水性肺水肿
139513,T75.200,振动效应
139515,T75.200x002,亚声波眩晕
139516,T75.200x003,创伤性血管痉挛综合征
115623,D48.100x020,盆腔结缔组织交界性肿瘤
115624,D48.100x021,背部结缔组织交界性肿瘤
115625,D48.100x023,脑血管交界性肿瘤
115626,D48.100x024,血管交界性肿瘤
115627,D48.100x025,肢端结缔组织交界性肿瘤
115628,D48.101,头部结缔组织动态未定肿瘤
115629,D48.102,头部结缔组织肿瘤
115630,D48.103,面结缔组织动态未定肿瘤
115631,D48.104,面结缔组织肿瘤
115632,D48.105,耳结缔组织动态未定肿瘤
115633,D48.106,耳结缔组织肿瘤
115634,D48.107,颈部结缔组织动态未定肿瘤
115635,D48.108,颈部结缔组织肿瘤
115636,D48.109,躯干结缔组织动态未定肿瘤
115637,D48.110,躯干结缔组织肿瘤
115638,D48.111,腋下结缔组织动态未定肿瘤
115639,D48.112,腋下结缔组织肿瘤
115640,D48.113,肩结缔组织动态未定肿瘤
115641,D48.114,肩结缔组织肿瘤
114262,D05.100,乳房导管原位癌
114263,D05.700,乳房其他部位的原位癌
114264,D05.900,乳房的原位癌
114265,D06.000,宫颈内膜原位癌
114266,D06.100,宫颈外膜原位癌
114267,D06.700,宫颈其他部位的原位癌
114268,D06.900,宫颈的原位癌
114269,D06.900x002,子宫颈上皮内瘤变III级(CINIII级)
114270,D07.000,子宫内膜原位癌
114271,D07.100,外阴原位癌
114272,D07.100x002,外阴上皮内瘤变III级(VINIII级)
114274,D07.200x002,阴道上皮内瘤变III级(VAINIII级)
114275,D07.300,女性生殖器官其他和未特指的原位癌
114277,D07.302,输卵管原位癌
114278,D07.303,子宫体原位癌
114279,D07.304,女性生殖器官原位癌
114280,D07.400,阴茎原位癌
114282,D07.402,包皮原位癌
114283,D07.500,前列腺原位癌
114284,D07.600,男性生殖器官其他和未特指的原位癌
114285,D07.601,阴囊原位癌
114287,D07.603,男性生殖器官原位癌
114288,D09.000,膀胱原位癌
114289,D09.100,泌尿器官其他和未特指的原位癌
114290,D09.100x001,尿道原位癌
114292,D09.102,肾盂原位癌
114293,D09.103,输尿管原位癌
114294,D09.104,泌尿器官原位癌
115108,D36.100x045,骶部周围神经和自主神经良性肿瘤
115109,D36.100x047,直肠膀胱隔周围神经和自主神经良性肿瘤
115110,D36.100x048,直肠阴道隔周围神经和自主神经良性肿瘤
138849,T37.900x002,全身性抗寄生虫药中毒
138850,T38.000,糖(肾上腺)皮质激素类及其合成的类似物中毒
138851,T38.000x001,医源性类固醇性糖尿病
138852,T38.000x002,糖皮质激素类及其合成的类似物中毒
138853,T38.100,甲状腺激素类及其代用品中毒
138854,T38.100x001,甲状腺激素及其衍生物中毒
138855,T38.200,抗甲状腺药中毒
138856,T38.300,胰岛素和口服降血糖(抗糖尿病)药中毒
138857,T38.300x001,医源性高胰岛素血症
138858,T38.300x003,口服抗糖尿病药中毒
138859,T38.301,胰岛素中毒
138860,T38.400,口服避孕药中毒
138861,T38.401,棉酚中毒
138862,T38.500,雌激素和孕激素中毒，其他的
138863,T38.500x001,雌激素中毒
138864,T38.500x002,孕激素中毒
138865,T38.501,已烯雌酚中毒
138866,T38.600,抗促性腺激素药、抗雌激素药、抗雄激素药中毒，不可归类在他处者
138867,T38.600x001,三苯氧胺中毒
138868,T38.700,雄激素类及其促组成代谢的同类药中毒
138869,T38.800,激素类及其合成代用品中毒，其他和未特指的
138871,T38.801,激素类及其合成代用品中毒
138872,T38.900,激素类拮抗剂中毒，其他和未特指的
138873,T38.901,激素类拮抗剂中毒
138874,T39.000,水杨酸盐类中毒
138875,T39.100,4-氨基苯酚衍生物中毒
138877,T39.200,吡唑啉酮衍生物中毒
138878,T39.200x001,安乃近中毒
115670,D48.200x008,咽旁间隙周围神经和自主神经交界性肿瘤
115672,D48.200x010,眼睑周围神经和自主神经交界性肿瘤
115673,D48.200x011,鼻周围神经和自主神经交界性肿瘤
115674,D48.200x012,上肢周围神经和自主神经交界性肿瘤
115675,D48.200x013,肩周围神经和自主神经交界性肿瘤
115677,D48.200x015,腕周围神经和自主神经交界性肿瘤
115678,D48.200x016,臂神经交界性肿瘤
115679,D48.200x017,臂丛交界性肿瘤
115680,D48.200x018,正中神经交界性肿瘤
115681,D48.200x019,桡神经交界性肿瘤
115683,D48.200x022,髋周围神经和自主神经交界性肿瘤
115684,D48.200x023,足周围神经和自主神经交界性肿瘤
115685,D48.200x024,髂周围神经和自主神经交界性肿瘤
115687,D48.200x026,股神经交界性肿瘤
115688,D48.200x027,闭孔神经交界性肿瘤
115689,D48.200x028,坐骨神经交界性肿瘤
139955,T83.301,子宫内节育器残留
139956,T83.302,子宫内节育器断裂
139957,T83.303,子宫内节育器嵌顿
139958,T83.304,子宫内节育器脱落
139959,T83.305,子宫内节育器移位
139960,T83.400,生殖道中其他假体装置、植入物和移植物的机械性并发症
139961,T83.400x001,阴道植入物脱出
139962,T83.401,阴茎假体引起的并发症
140728,V79.400,交通事故中公共汽车与其他机动车辆碰撞造成公共汽车司机的损伤
140729,V79.500,交通事故中公共汽车与其他机动车辆碰撞造成公共汽车乘客的损伤
140730,V79.600,交通事故中公共汽车与其他机动车辆碰撞造成公共汽车乘员的损伤
140731,V79.800,公共汽车乘员在其他特指运输事故中的损伤
140732,V79.900,公共汽车乘员在交通事故中的损伤
140733,V79.900x091,公共汽车的事故
140734,V80.000,在非碰撞性事故中骑手或乘员从牲畜或畜挽车辆上跌落或抛出
140735,V80.000x091,骑手跌落
140736,V80.100,骑手或乘员在与行人或牲畜碰撞中的损伤
140737,V80.200,骑手或乘员在与脚踏车碰撞中的损伤
140738,V80.300,骑手或乘员在与两轮或三轮机动车碰撞中的损伤
140739,V80.400,骑手或乘员在与小汽车、轻型货车、篷车、重型运输车或公共汽车碰撞的损伤
140740,V80.500,骑手或乘员在与其他特指的机动车辆碰撞中的损伤
140741,V80.600,骑手或乘员在与火车或铁路车辆碰撞中的损伤
140743,V80.700x091,骑手或乘员与（市内有轨）电车的碰撞
140744,V80.700x092,骑手或乘员与畜挽车辆的碰撞
140745,V80.700x093,骑手或乘员与被驱赶的牲畜的碰撞
140746,V80.800,骑手或乘员在与固定或静止物体碰撞中的损伤
140748,V80.900x091,畜挽车辆的事故
140749,V81.000,非交通事故中因与机动车辆碰撞造成火车或铁路车辆乘员的损伤
140750,V81.100,交通事故中因与机动车辆碰撞造成火车或铁路车辆乘员的损伤
140752,V81.200,因与铁路列车碰撞或被铁路车辆撞击造成火车或铁路车辆乘员的损伤
140753,V81.200x091,铁路上列车碰撞事故
140754,V81.300,因与其他物体碰撞造成火车或铁路车辆乘员的损伤
140756,V81.500,火车或铁路车辆乘员在火车或铁路车辆上跌倒造成的损伤
140757,V81.600,火车或铁路车辆乘员从火车或铁路车辆上跌落造成的损伤
140759,V81.800,铁路事故中火车或铁路车辆乘员的损伤，其他特指的
140760,V81.800x091,火车或铁路车辆乘员被落下的树击中
114133,C96.403,小结树突细胞肉瘤
139517,T75.200x004,局部振动病
139518,T75.200x005,手臂振动病
139519,T75.300,晕动病
139520,T75.300x002,空晕病(晕机病)
139521,T75.300x003,晕船病
139522,T75.300x004,晕车病
139524,T75.400x001,电击伤
139525,T75.800,外因的其他特指效应
139526,T75.800x001,异常重力效应
139527,T75.800x002,失重效应
142235,Z42.800x002,肛门术后整形
142236,Z42.801,人工阴道成形术后整形
142237,Z42.900,涉及整形手术的随诊医疗
142238,Z43.000,气管造口维护
142239,Z43.000x002,气管套管拔除
142240,Z43.001,关闭气管造口
142241,Z43.100,胃造口维护
142242,Z43.101,更换胃造瘘导管
142243,Z43.102,关闭胃造口
142244,Z43.200,回肠造口维护
142245,Z43.201,关闭回肠造口
142246,Z43.300,结肠造口维护
142247,Z43.301,关闭结肠造口
142248,Z43.302,巨结肠术后肠造瘘
142249,Z43.400,消化道其他人工造口的维护
142250,Z43.400x002,去除T型引流管
139742,T81.500x001,操作后子宫内残留异物
139743,T81.500x002,操作后伤口内残留异物
139744,T81.500x006,操作后血管内残留异物
139745,T81.500x007,操作后残留异物
139746,T81.501,手术后腹内异物遗留
139747,T81.502,手术后吻合口缝线残留
139748,T81.503,手术后子宫内异物遗留
139749,T81.504,手术切口异物肉芽肿
139750,T81.505,手术切口异物遗留
139752,T81.600x001,操作中残留异物反应
139753,T81.601,化学性腹膜炎
139754,T81.700,操作后的血管并发症，不可归类在他处者
139755,T81.700x002,操作后脂肪栓塞
139756,T81.700x003,操作后周围血管狭窄
139759,T81.700x101,经皮球囊扩瓣术后冠状动脉分支闭塞
139760,T81.700x102,经皮球囊扩瓣术后腹膜后血肿
139762,T81.700x104,经皮球囊扩瓣术后穿刺假性动脉瘤
139763,T81.700x105,经皮球囊扩瓣术后动静脉瘘
139764,T81.700x106,经皮球囊扩瓣术后冠状动脉撕裂
139765,T81.700x107,经皮球囊扩瓣术后冠状动脉穿孔
139767,T81.700x201,射频消融术后冠状动脉分支闭塞
139768,T81.700x202,射频消融术后腹膜后血肿
139769,T81.700x203,射频消融术后穿刺血管血肿
139770,T81.700x204,射频消融术后穿刺假性动脉瘤
115112,D36.100x052,腰骶丛良性肿瘤
115113,D36.100x053,骶神经良性肿瘤
115114,D36.100x054,骶丛良性肿瘤
115115,D36.100x056,背部周围神经和自主神经良性肿瘤
115116,D36.100x057,腰部周围神经和自主神经良性肿瘤
115117,D36.100x058,腰神经良性肿瘤
115118,D36.101,面部周围神经和自主神经良性肿瘤
115119,D36.102,颈周围神经和自主神经良性肿瘤
115120,D36.103,躯干周围神经和自主神经良性肿瘤
115121,D36.104,肩胛区周围神经和自主神经良性肿瘤
115122,D36.105,腹腔周围神经和自主神经良性肿瘤
115123,D36.106,腹膜后神经良性肿瘤
115124,D36.107,盆腔周围神经和自主神经良性肿瘤
115125,D36.108,直肠周围神经和自主神经良性肿瘤
115127,D36.110,骶尾周围神经和自主神经良性肿瘤
115128,D36.111,上肢周围神经和自主神经良性肿瘤
115129,D36.112,下肢周围神经和自主神经良性肿瘤
115130,D36.113,臂丛神经良性肿瘤
115131,D36.114,桡神经良性肿瘤
115132,D36.115,尺神经良性肿瘤
142044,Z35.101,具有多次人工流产史者的妊娠监督
142045,Z35.102,具有葡萄胎史妊娠监督
142046,Z35.103,具有绒毛膜上皮性疾病史者的妊娠监督
142048,Z35.200,具有其他不良生殖或产科病史者的妊娠监督
142049,Z35.200x002,具有子宫肌瘤史的妊娠监督
142050,Z35.200x003,具有绒毛膜上皮性疾病史妊娠监督
142052,Z35.201,具有胎儿畸形史妊娠监督
142053,Z35.202,具有胎儿先天愚型史者的妊娠监督
142054,Z35.203,具有胎死宫内史妊娠监督
142055,Z35.204,具有胚胎停止发育史妊娠监督
142056,Z35.206,具有新生儿溶血史妊娠监督
139545,T79.100x002,创伤性脑脂肪栓塞
139546,T79.101,脂肪栓塞综合征
139547,T79.200,创伤的继发性和复发性出血
139548,T79.201,创伤性复发性出血
139550,T79.300,创伤后伤口感染，不可归类在他处者
139551,T79.300x001,创伤后伤口感染
139552,T79.400,创伤性休克
139553,T79.500,创伤性无尿症
139555,T79.501,挤压综合征
139556,T79.600,创伤性肌肉缺血
139557,T79.600x003,腔隙综合征
139558,T79.600x004,上肢骨筋膜室综合征
139560,T79.601,创伤性骨筋膜室综合征
139561,T79.602,福耳克曼缺血性挛缩
139562,T79.603,腹腔间隔室综合征
139563,T79.700,创伤性皮下气肿
115690,D48.200x029,胸周围神经和自主神经交界性肿瘤
115691,D48.200x030,腋周围神经和自主神经交界性肿瘤
115692,D48.200x031,膈周围神经和自主神经交界性肿瘤
115693,D48.200x032,肩胛区周围神经和自主神经交界性肿瘤
115694,D48.200x033,肋间神经交界性肿瘤
115695,D48.200x034,腹周围神经和自主神经交界性肿瘤
115696,D48.200x035,脐周围神经和自主神经交界性肿瘤
115697,D48.200x036,骨盆周围神经和自主神经交界性肿瘤
115698,D48.200x037,臀周围神经和自主神经交界性肿瘤
115699,D48.200x038,腹股沟周围神经和自主神经交界性肿瘤
115700,D48.200x039,会阴周围神经和自主神经交界性肿瘤
115701,D48.200x040,骶周围神经和自主神经交界性肿瘤
115702,D48.200x041,骶尾周围神经和自主神经交界性肿瘤
115703,D48.200x042,直肠膀胱隔周围神经和自主神经交界性肿瘤
115704,D48.200x043,直肠阴道隔周围神经和自主神经交界性肿瘤
115706,D48.200x045,坐骨直肠窝周围神经和自主神经交界性肿瘤
115707,D48.200x046,盆腔周围神经和自主神经交界性肿瘤
115708,D48.200x047,腰骶丛交界性肿瘤
115709,D48.200x048,骶神经交界性肿瘤
116472,E05.301,异位甲状腺肿
116473,E05.302,纵隔甲状腺肿
116475,E05.400x001,医源性甲状腺功能亢进症
116476,E05.500,甲状腺危象
116477,E05.800,甲状腺毒症，其他的
116479,E05.800x005,亚临床甲状腺功能亢进
116480,E05.801,促甲状腺激素分泌过度
116481,E05.802,碘原性甲状腺功能亢进症
116482,E05.804,药物性甲状腺功能亢进症
115165,D36.707,腹腔良性肿瘤
115167,D36.709,会阴部良性肿瘤
115168,D36.710,盆腔良性肿瘤
115169,D36.711,臀部良性肿瘤
115170,D36.712,骶良性肿瘤
115171,D36.713,髋良性肿瘤
115173,D36.715,下肢良性肿瘤
115174,D36.716,腋部良性肿瘤
115175,D36.717,胸壁良性肿瘤
115176,D36.718,足良性肿瘤
115177,D36.900,良性肿瘤
115179,D37.000,唇、口腔和咽动态未定或动态未知的肿瘤
115180,D37.000x001,扁桃体交界性肿瘤
115181,D37.000x002,唇交界性肿瘤
115183,D37.000x004,唾液腺交界性肿瘤
115184,D37.000x005,咽部交界性肿瘤
115185,D37.000x006,杓状会厌褶交界性肿瘤
114134,C96.500,朗格汉斯细胞组织细胞增生症，多病灶和单系统性
114135,C96.501,汉-许-克病
114136,C96.502,组织细胞增生症X，多病灶
114138,C96.601,嗜酸细胞性肉芽肿
114139,C96.602,组织细胞增生症X，单病灶
114140,C96.603,组织细胞增生症XNOS
114141,C96.604,朗格汉斯细胞组织细胞增生症NOS
114142,C96.700,淋巴、造血和有关组织其他特指的恶性肿瘤
114143,C96.704,原发皮肤γδ-T细胞淋巴瘤
114144,C96.705,种痘样水疱病样淋巴瘤
114145,C96.800,组织细胞肉瘤
114146,C96.801,恶性组织细胞增生症
114147,C96.900,淋巴、造血和有关组织的恶性肿瘤
114148,C97.x00,独立（原发）多个部位的恶性肿瘤
114149,C97.x01,复合癌
114150,D00.000,唇、口腔和咽原位癌
114151,D00.000x005,唇红缘原位癌
114152,D00.000x007,鼻咽原位癌
114153,D00.000x008,腮腺原位癌
114154,D00.001,扁桃体原位癌
114155,D00.002,唇原位癌
114156,D00.003,口腔原位癌
114157,D00.004,舌原位癌
114158,D00.005,杓状会厌褶原位癌
114159,D00.006,口底原位癌
114160,D00.007,咽原位癌
114161,D00.008,下咽原位癌
114162,D00.009,舌下腺原位癌
114163,D00.010,颌下腺原位癌
114164,D00.011,颊黏膜原位癌
114166,D00.013,硬腭原位癌
114167,D00.100,食管原位癌
114168,D00.200,胃原位癌
114169,D00.200x002,贲门食管连接部原位癌
114171,D01.000,结肠原位癌
114172,D01.100,直肠乙状结肠连接处原位癌
114173,D01.200,直肠原位癌
114174,D01.300,肛门和肛管原位癌
114175,D01.300x001,肛门原位癌
114177,D01.400,肠其他和未特指部位的原位癌
114178,D01.401,肠原位癌
114179,D01.402,小肠原位癌
114180,D01.403,空肠原位癌
114182,D01.405,十二指肠原位癌
114183,D01.500,肝、胆囊和胆道原位癌
114184,D01.500x001,肝原位癌
114185,D01.501,胆囊原位癌
114187,D01.503,法特壶腹原位癌
115008,D33.100x005,小脑幕下良性肿瘤
115009,D33.101,小脑良性肿瘤
115011,D33.103,脑干良性肿瘤
115012,D33.104,脑桥良性肿瘤
115013,D33.105,第四脑室良性肿瘤
115014,D33.200,脑的良性肿瘤
115015,D33.200x001,颅内良性肿瘤
139771,T81.700x205,射频消融术后动静脉瘘
139772,T81.700x206,射频消融术后冠状动脉撕裂
139773,T81.700x207,射频消融术后冠状动脉穿孔
139774,T81.700x208,射频消融术后冠状动脉急性闭塞
139775,T81.700x301,心导管检查术后腹膜后血肿
139776,T81.700x302,心导管检查术后穿刺血管血肿
139777,T81.700x303,心导管检查术后穿刺假性动脉瘤
139778,T81.700x304,心导管检查术后动静脉瘘
139779,T81.700x305,心导管检查术后冠状动脉撕裂
139780,T81.700x306,心导管检查术后冠状动脉穿孔
139781,T81.700x307,心导管检查术后冠状动脉急性闭塞
139782,T81.700x308,心导管检查术后冠状动脉分支闭塞
140806,V86.000,交通事故中全地带或其他越野机动车上的司机的损伤
140807,V86.100,交通事故中全地带或其他越野机动车上的乘客的损伤
140808,V86.200,交通事故中全地带或其他越野机动车外部人员的损伤
140809,V86.300,交通事故中全地带或其他越野机动车上的乘员的损伤
140810,V86.400,在上下全地带或其他越野机动车时的人员损伤
140811,V86.500,非交通事故中全地带或其他越野机动车上的司机的损伤
140812,V86.600,非交通事故中全地带或其他越野机动车上的乘客的损伤
140814,V86.700x091,涉及其他越野机动车辆的非交通性事故
141588,Y71.100,与有害事件有关的心血管治疗和康复装置（非手术的）
141589,Y71.200,与有害事件有关的心血管假体和其他植入物、材料和附件装置
141591,Y71.800,与有害事件有关的心血管多用途装置，不可归类在他处者
141592,Y72.000,与有害事件有关的耳鼻喉科诊断和监测装置
141593,Y72.100,与有害事件有关的耳鼻喉科治疗和康复装置（非手术的）
141594,Y72.200,与有害事件有关的耳鼻喉科假体和其他植入物、材料和附件装置
141596,Y72.800,与有害事件有关的耳鼻喉科多用途装置，不可归类在他处者
141597,Y73.000,与有害事件有关的胃肠病学和泌尿科诊断和监测装置
141598,Y73.100,与有害事件有关的胃肠病学和泌尿科治疗和康复装置（非手术的）
141600,Y73.300,与有害事件有关的胃肠病学和泌尿科手术器械、材料和装置（包括缝线）
141601,Y73.800,与有害事件有关的胃肠病学和泌尿科多用途装置，不可归类在他处者
141602,Y74.000,与有害事件有关的综合医院用和个人使的诊断和监测装置
141603,Y74.100,与有害事件有关的综合医院用和个人使的治疗和康复装置（非手术的）
139564,T79.800,创伤的其他早期并发症
139565,T79.800x001,创伤性脂肪液化
139566,T79.800x002,创伤性下肢坏死
139567,T79.800x003,创伤性指坏死
139568,T79.800x004,创伤性头皮坏死
139569,T79.800x005,创伤性凝血病
139570,T79.800x006,创伤性低眼压
139571,T79.800x007,创伤性肺炎
139572,T79.801,创伤性脑膜炎
139573,T79.900,创伤的早期并发症
139574,T80.000,输注、输血和治疗性注射后的空气栓塞
139575,T80.000x001,输注后空气栓塞
139576,T80.100,输注、输血和治疗性注射后的血管并发症
139577,T80.100x001,输注后血栓性静脉炎
139578,T80.100x002,输注后静脉炎
139579,T80.200,输注、输血和治疗性注射后的感染
139580,T80.200x001,腹膜透析相关性腹膜炎
139581,T80.200x003,治疗性注射后脓毒症性休克
139583,T80.201,输注后脓毒症
139584,T80.202,输液后感染
139585,T80.203,造影后胆道感染
139586,T80.300,ABO血型不配合性反应
139587,T80.300x001,血型不配合性输血
139588,T80.400,Rh不配合性反应
139589,T80.500,血清引起的过敏性休克
139590,T80.500x001,血清过敏反应
139591,T80.600,血清反应，其他的
138820,T36.100,头孢菌素和其他β内酰胺类抗生素中毒
138821,T36.100x003,β内酰胺类抗生素中毒
138822,T36.101,头孢类抗菌素中毒
138823,T36.102,先锋霉素中毒
138825,T36.300,大环内酯类中毒
138826,T36.300x001,红霉素中毒
138827,T36.400,四环素类中毒
138828,T36.500,氨基糖苷类中毒
138830,T36.501,丁胺卡那中毒
138831,T36.502,庆大霉素中毒
138832,T36.600,利福霉素类中毒
138833,T36.700,全身性抗真菌性抗生素中毒
139796,T81.800x002,操作后瘘
139797,T81.800x003,操作后皮下气肿
139798,T81.800x004,操作后积液
139799,T81.800x005,操作后伤口肉芽肿
139800,T81.800x006,操作后胰腺炎
139802,T81.800x009,操作后假性囊肿
139803,T81.800x010,操作后心力衰竭
139804,T81.800x011,手术后尿失禁
139805,T81.800x012,手术后胸骨哆开
139806,T81.800x013,操作中环-杓关节脱位
139808,T81.800x017,手术后切口愈合不良
139809,T81.801,开颅术后窦道形成
139810,T81.804,气管造口肉芽
115186,D37.000x007,唇红缘交界性肿瘤
115187,D37.000x008,大唾液腺交界性肿瘤
115188,D37.000x009,小唾液腺交界性肿瘤
115189,D37.000x010,齿龈交界性肿瘤
115190,D37.000x011,鼻咽交界性肿瘤
115191,D37.000x012,舌根交界性肿瘤
115192,D37.000x013,口底交界性肿瘤
115193,D37.000x014,腭交界性肿瘤
115194,D37.000x015,颊黏膜交界性肿瘤
115195,D37.001,唇肿瘤
115196,D37.002,口腔动态未定肿瘤
115197,D37.003,口腔肿瘤
115198,D37.004,咽动态未定肿瘤
115199,D37.005,咽肿瘤
115200,D37.006,腭动态未定肿瘤
115201,D37.007,腭肿瘤
115202,D37.008,舌根动态未定肿瘤
115203,D37.009,舌根肿瘤
115204,D37.010,腮腺动态未定肿瘤
115205,D37.011,腮腺肿瘤
115206,D37.012,扁桃体动态未定肿瘤
115207,D37.013,扁桃体肿瘤
115208,D37.014,大涎腺动态未定肿瘤
115209,D37.015,大涎腺肿瘤
115210,D37.016,小涎腺动态未定肿瘤
115211,D37.017,小涎腺肿瘤
115915,D57.301,杂合血红蛋白S病
115916,D57.302,血红蛋白S病
115917,D57.800,镰状细胞疾患，其他的
115919,D58.000x001,先天性球形红细胞血性黄疸
115920,D58.000x003,家族性无胆色素尿性黄疸
115921,D58.001,先天性溶血性贫血
115922,D58.002,明科夫斯基-消法尔综合征
115924,D58.100,遗传性椭圆形红细胞增多症
115925,D58.100x002,先天性椭圆形红细胞增多症
115926,D58.100x004,遗传性卵形红细胞症
115928,D58.200,血红蛋白病，其他的
115929,D58.200x002,异常的血红蛋白
115930,D58.200x004,血红蛋白病
115931,D58.200x006,不稳定血红蛋白溶血病
115933,D58.202,血红蛋白-D病
142104,Z37.200x003,双胎活产
142105,Z37.201,单卵双胎活产
142106,Z37.202,双卵双胎活产
142108,Z37.204,试管婴儿，双胎活产
142109,Z37.300,双胎，一为活产，一为死产
142110,Z37.300x001,"双胎,一胎活产,一胎死产"
142111,Z37.301,双胎，一胎活产，一胎葡萄胎
142113,Z37.303,试管婴儿，一胎活产，一胎死产
142114,Z37.400,双胎，均为死产
142115,Z37.400x001,双胎死产
142116,Z37.500,多胎产，均为活产，其他的
142117,Z37.500x001,多胎活产
115016,D33.200x003,颅窝良性肿瘤
115017,D33.201,胼胝体良性肿瘤
115018,D33.202,颅底良性肿瘤
115019,D33.300,脑神经良性肿瘤
116732,E11.200x029+N08.3*,2型糖尿病性毛细管间性肾小球硬化症
116734,E11.200x031+N29.8*,2型糖尿病性终末期肾脏病
116735,E11.200x091+N08.3*,2型糖尿病性急性肾功能衰竭
116736,E11.200x092+N08.3*,2型糖尿病性髓质乳头坏死
116737,E11.200x211+N08.3*,2型糖尿病肾病I期
116738,E11.200x212+N08.3*,2型糖尿病肾病II期
116739,E11.200x213+N08.3*,2型糖尿病肾病III期
116740,E11.200x214+N08.3*,2型糖尿病肾病IV期
116741,E11.200x215+N08.3*,2型糖尿病肾病V期
116742,E11.201+N08.3*,2型糖尿病性肾病
116743,E11.300,2型糖尿病伴有眼的并发症
116744,E11.300x011+H36.0*,2型糖尿病性背景性视网膜病
116745,E11.300x012+H36.0*,2型糖尿病性背景性出血性视网膜病
116746,E11.300x013+H36.0*,2型糖尿病性背景性硬性渗出物性视网膜病
116747,E11.300x014+H36.0*,2型糖尿病性背景性小动脉瘤视网膜病
116748,E11.300x015+H36.0*,2型糖尿病性背景性静脉扩张性视网膜病
116750,E11.300x022+H36.0*,2型糖尿病性增殖性前期视网膜内微血管异常性视网膜病
116751,E11.300x023+H36.0*,2型糖尿病性增殖性前期絮状斑点性视网膜病
116752,E11.300x024+H36.0*,2型糖尿病性增殖性前期出血性视网膜病
116754,E11.300x031+H36.0*,2型糖尿病性增殖性视网膜病
116755,E11.300x032+H36.0*,2型糖尿病性增殖性出血性视网膜病
116756,E11.300x033+H36.0*,2型糖尿病性增殖性视网膜前出血性视网膜病
116757,E11.300x034+H36.0*,2型糖尿病性增殖性玻璃体出血性视网膜病
116759,E11.300x036+H36.0*,2型糖尿病性增殖性视网膜牵引性视网膜病
116760,E11.300x041+H36.0*,2型糖尿病性斑点性视网膜病
116761,E11.300x042+H36.0*,2型糖尿病性局部的水肿斑点性视网膜病
114406,D14.008,内耳良性肿瘤
114407,D14.100,喉良性肿瘤
114409,D14.101,会厌良性肿瘤
114410,D14.102,声带良性肿瘤
114411,D14.103,声门良性肿瘤
114412,D14.200,气管良性肿瘤
114413,D14.300,支气管和肺良性肿瘤
114414,D14.300x001,肺良性肿瘤
141605,Y74.300,与有害事件有关的综合医院用和个人使的手术器械、材料和装置（包括缝线）
141606,Y74.800,与有害事件有关的综合医院用和个人使的多用途装置，不可归类在他处者
141607,Y75.000,与有害事件有关的神经科诊断和监测装置
141608,Y75.100,与有害事件有关的神经科治疗和康复装置（非手术的）
141609,Y75.200,与有害事件有关的神经科假体和其他植入物、材料和附件装置
141610,Y75.300,与有害事件有关的神经科手术器械、材料和装置（包括缝线）
141611,Y75.800,与有害事件有关的神经科多用途装置，不可归类在他处者
141612,Y76.000,与有害事件有关的妇产科诊断和监测装置
141613,Y76.100,与有害事件有关的妇产科治疗和康复装置（非手术的）
141614,Y76.200,与有害事件有关的妇产科假体和其他植入物、材料和附件装置
141615,Y76.200x001,避孕环残留
141616,Y76.200x002,避孕环嵌顿
114230,D03.701,髋原位黑色素瘤
114231,D03.800,原位黑色素瘤，其他部位的
114232,D03.900,原位黑色素瘤
114233,D03.900x002,浅表扩散性原位黑色素瘤
114234,D04.000,唇皮肤原位癌
114235,D04.100,眼睑（包括眦）皮肤原位癌
114237,D04.101,眦原位癌
114238,D04.200,耳和外耳道皮肤原位癌
114239,D04.200x001,耳皮肤原位癌
114240,D04.201,外耳道皮肤原位癌
115064,D35.200x010,垂体瘤
115065,D35.200x011,复杂垂体瘤
115066,D35.201,鞍区良性肿瘤
115067,D35.300,颅咽管良性肿瘤
115068,D35.400,松果体良性肿瘤
115069,D35.500,颈动脉体良性肿瘤
115071,D35.600x001,主动脉体良性肿瘤
115072,D35.601,节旁体良性肿瘤
115073,D35.700,内分泌腺良性肿瘤，其他特指的
115074,D35.800,累及多个腺体的良性肿瘤
115075,D35.900,内分泌腺良性肿瘤
115077,D36.100,周围神经和自主神经系统良性肿瘤
115078,D36.100x002,头部周围神经和自主神经良性肿瘤
115080,D36.100x006,颞下窝周围神经和自主神经良性肿瘤
115081,D36.100x007,翼腭窝周围神经和自主神经良性肿瘤
115082,D36.100x008,咽旁间隙周围神经和自主神经良性肿瘤
115084,D36.100x010,眼睑周围神经和自主神经良性肿瘤
115085,D36.100x011,鼻部周围神经和自主神经良性肿瘤
115086,D36.100x012,颈丛良性肿瘤
115087,D36.100x014,肩部周围神经和自主神经良性肿瘤
139811,T81.805,动脉导管结扎手术后残余漏
139812,T81.806,手术后腹痛
139813,T81.807,手术后皮下瘘
139814,T81.808,手术后伤口肉芽肿
139815,T81.809,手术后皮下气肿
139816,T81.810,手术后伤口持续性瘘
139817,T81.811,手术后伤口愈合不良
139818,T81.812,手术后伤口脂肪液化
139819,T81.813,手术后皮肤坏死
139820,T81.900,操作的并发症
139821,T82.000,心脏瓣膜假体的机械性并发症
139822,T82.000x001,心脏瓣膜置换术后瓣膜故障
139823,T82.000x002,心脏植入物脱落
139824,T82.001,机械瓣膜置换术后瓣周漏
139825,T82.002,二尖瓣机械瓣周漏
139826,T82.003,主动脉机械瓣周漏
139827,T82.100,心脏电子装置的机械性并发症
139828,T82.100x002,起搏器起搏功能不良
139829,T82.100x003,起搏器感知功能不良
139830,T82.100x005,心房导线穿孔
139831,T82.100x006,心室导线穿孔
139832,T82.100x007,心脏电子装置电极导线绝缘层破裂
139833,T82.100x008,心脏电子装置电极导线脱位
139834,T82.100x009,心脏电子装置电极导线断裂
139835,T82.100x010,除颤器起搏功能不良
139836,T82.100x011,除颤器感知功能不良
139837,T82.100x012,心脏电子装置周围组织慢性疼痛
139838,T82.100x013,心脏电子装置囊袋血肿
139839,T82.100x014,心脏电子装置囊袋积液
139840,T82.100x015,心脏电子装置囊袋破溃
139842,T82.102,心脏起搏器电极功能异常
139843,T82.103,心脏起搏器电极移位
115642,D48.115,胸壁结缔组织动态未定肿瘤
115643,D48.116,胸壁结缔组织肿瘤
115645,D48.118,腹壁结缔组织肿瘤
115646,D48.119,腰结缔组织动态未定肿瘤
115647,D48.120,腰结缔组织肿瘤
115648,D48.121,腹股沟结缔组织动态未定肿瘤
115650,D48.123,骶结缔组织动态未定肿瘤
115651,D48.124,骶结缔组织肿瘤
115652,D48.125,臀结缔组织动态未定肿瘤
115653,D48.126,臀结缔组织肿瘤
115655,D48.128,会阴结缔组织肿瘤
115656,D48.129,直肠阴道隔结缔组织动态未定肿瘤
115657,D48.130,直肠阴道隔结缔组织肿瘤
115658,D48.131,上肢结缔组织动态未定肿瘤
115660,D48.133,下肢结缔组织动态未定肿瘤
115661,D48.134,下肢结缔组织肿瘤
115662,D48.200,周围神经和自主神经系统动态未定或动态未知的肿瘤
142119,Z37.502,试管婴儿，三胎活产
139610,T81.000x001,操作后出血
139611,T81.000x002,操作后颅内血肿
139612,T81.000x004,操作后胸腔出血
139613,T81.000x005,操作后扁桃体出血
139614,T81.000x009,操作后血肿
139615,T81.000x010,操作后阴道残端出血
139616,T81.000x011,操作后膀胱出血
139617,T81.000x013,操作后腹腔出血
139618,T81.000x014,操作后前列腺出血
139619,T81.000x018,操作后腹壁出血
139620,T81.000x019,操作后腹腔血肿
139621,T81.000x020,操作后肛门出血
139622,T81.000x021,操作后宫颈出血
139623,T81.000x022,操作后尿道出血
139624,T81.000x023,操作后切口出血
139625,T81.000x024,操作后眼底出血
139626,T81.000x026,动静脉瘘破裂出血
139627,T81.000x027,操作后眼前房出血
139628,T81.000x028,操作后视网膜出血
139629,T81.000x029,操作后鼻出血
139630,T81.000x030,操作后咽出血
139631,T81.000x031,操作后甲状腺出血
139632,T81.000x032,操作中肺出血
139633,T81.000x033,操作后胃出血
139634,T81.000x034,操作后胃吻合口出血
139635,T81.000x035,操作后胆管出血
139636,T81.000x036,操作后胆囊出血
139637,T81.000x037,操作后盆腔出血
139638,T81.000x038,操作后肾出血
139639,T81.000x039,肠造口出血
139640,T81.000x041,操作后肝出血
139642,T81.001,手术后硬脑膜外出血
139643,T81.002,手术后眼前房出血
139644,T81.003,手术后视网膜出血
139645,T81.004,手术后鼻出血
139647,T81.006,手术后咽出血
139648,T81.007,手术后甲状腺出血
139649,T81.008,手术后胸腔出血
139650,T81.009,手术中肺出血
139651,T81.010,手术后腹腔出血
139653,T81.012,手术后胃吻合口出血
139654,T81.013,手术后胆管出血
139655,T81.014,手术后胆囊出血
139656,T81.015,手术后肠出血
139658,T81.017,手术后盆腔出血
139659,T81.018,手术后肾出血
138879,T39.201,氨基比林中毒
138880,T39.300,非类固醇性消炎药(NSAID)中毒
138882,T39.300x003,吲哚美辛中毒
138883,T39.400,抗风湿药中毒，不可归类在他处者
138884,T39.400x001,抗风湿药中毒
138886,T39.801,痛可宁中毒
114415,D14.301,支气管良性肿瘤
114416,D14.302,主支气管良性肿瘤
114417,D14.400,呼吸系统良性肿瘤
114418,D15.000,胸腺良性肿瘤
114419,D15.100,心脏良性肿瘤
114420,D15.101,心房良性肿瘤
114421,D15.102,心室良性肿瘤
114422,D15.103,心包良性肿瘤
114423,D15.104,心肌良性肿瘤
114424,D15.105,心内膜良性肿瘤
114425,D15.106,心外膜良性肿瘤
139726,T81.400x011,操作后膝关节感染
139727,T81.400x012,操作后腹壁感染
139728,T81.400x013,操作后腹腔感染
139729,T81.400x014,操作后盆腔感染
139730,T81.401,手术后口腔感染
139731,T81.402,手术后耳部感染
139732,T81.403,手术后胸腔感染
139733,T81.404,手术后胆道感染
139734,T81.405,手术后膝关节感染
139735,T81.406,手术后切口感染
139736,T81.407,手术后腹壁脓肿
139737,T81.408,手术后腹内脓肿
139738,T81.409,手术后盆腔脓肿
139739,T81.411,手术后脓毒症
139740,T81.412,手术后发热
139741,T81.500,操作后意外遗留于体腔或手术伤口中的异物
140570,U82.900,耐β-内酰胺类抗生素，未特指
140571,U83.000,耐万古霉素
140572,U83.000x001,耐万古霉素肠球菌（VRE）
140573,U83.100,耐其他万古霉素相关类抗生素
140574,U83.200,耐喹诺酮类抗生素
140575,U83.700,耐多种抗生素
140576,U83.800,耐其他特指单一抗生素
140579,U84.100,耐抗真菌药物
140580,U84.200,耐抗病毒药物
140581,U84.300,耐抗结核药物
140582,U84.700,耐多种抗菌药物
140584,U84.900,耐抗菌药物
140585,U84.901,药物抵抗
140586,U85.x00,耐抗肿瘤药物
140587,U85.x01,抗肿瘤药物无效
140588,U85.x02,难治性癌症
140590,V02.x00,行人在与两轮或三轮摩托车碰撞中的损伤
140591,V03.x00,行人在与小汽车、轻型货车或篷车碰撞中的损伤
140593,V05.x00,行人在与火车或铁路车辆碰撞中的损伤
140594,V06.x00,行人在与其他非机动车辆碰撞中的损伤
140595,V09.000,行人在涉及其他和未特指指机动车辆的非交通事故中的损伤
140596,V09.100,行人在非交通事故中的损伤
140598,V09.200x091,机动车辆与行人碰撞的交通事故
140599,V09.200x092,行人被机动车辆碰撞的交通事故
140600,V09.300,行人在交通事故中的损伤
115088,D36.100x015,手部周围神经和自主神经良性肿瘤
115089,D36.100x016,腕部周围神经和自主神经良性肿瘤
115090,D36.100x017,臂神经良性肿瘤
115091,D36.100x023,髋部周围神经和自主神经良性肿瘤
115092,D36.100x024,足部周围神经和自主神经良性肿瘤
115093,D36.100x025,髂部周围神经和自主神经良性肿瘤
115094,D36.100x026,踝部周围神经和自主神经良性肿瘤
115095,D36.100x027,股神经良性肿瘤
115096,D36.100x028,闭孔神经良性肿瘤
115097,D36.100x029,坐骨神经良性肿瘤
115098,D36.100x030,胸部周围神经和自主神经良性肿瘤
115099,D36.100x032,腋部周围神经和自主神经良性肿瘤
115100,D36.100x033,膈部周围神经和自主神经良性肿瘤
115101,D36.100x036,肋间神经良性肿瘤
115102,D36.100x037,腹部周围神经和自主神经良性肿瘤
115103,D36.100x039,脐部周围神经和自主神经良性肿瘤
115104,D36.100x041,骨盆周围神经和自主神经良性肿瘤
115106,D36.100x043,腹股沟周围神经和自主神经良性肿瘤
139528,T76.x00,外部原因未特指的影响
139529,T78.000,有害食物反应引起的过敏性休克
139530,T78.100,有害食物反应，其他不可归类在他处者
139531,T78.101,牛奶过敏反应
139532,T78.102,食物过敏
139533,T78.200,过敏性休克
139535,T78.300,血管神经性水肿
139536,T78.300x003,耳廓血管神经性反应
139537,T78.300x004,巨大荨麻疹
139538,T78.301,急性特发性水肿
139540,T78.400x002,过敏反应
139541,T78.800,有害效应，其他不可归类在他处者
139542,T78.900,有害效应
139544,T79.100,脂肪栓塞（创伤性）
140390,T92.500x014,手部肌肉损伤后遗症
140391,T92.500x015,指屈肌腱粘连后遗症
140392,T92.500x016,肩袖损伤后遗症
140394,T92.500x018,上肢肌腱损伤后遗症
140395,T92.501,陈旧性上肢肌腱断裂
140396,T92.502,陈旧性上肢肌肉撕裂
140397,T92.503,创伤后手指屈曲畸形
140399,T92.505,陈旧性肱二头肌肌肉损伤
140400,T92.506,陈旧性肱二头肌建损伤
140401,T92.600,上肢挤压伤和创伤性切断后遗症
140402,T92.600x002,创伤性手指缺如
140404,T92.601,陈旧性上肢挤压伤
140405,T92.602,创伤性上肢切断后遗症
140406,T92.603,陈旧性手压伤
115664,D48.200x002,头周围神经和自主神经交界性肿瘤
115665,D48.200x003,面周围神经和自主神经交界性肿瘤
115666,D48.200x004,颈周围神经和自主神经交界性肿瘤
115667,D48.200x005,耳周围神经和自主神经交界性肿瘤
115668,D48.200x006,颞下窝周围神经和自主神经交界性肿瘤
115669,D48.200x007,翼腭窝周围神经和自主神经交界性肿瘤
116424,E03.200x003,外源性物质引起的甲状腺功能减退症
116425,E03.201,药物性甲状腺功能减退症
116426,E03.202,医源性甲状腺功能减退症
116427,E03.300,感染后甲状腺功能减退症
116428,E03.400,甲状腺萎缩（后天性）
116429,E03.500,黏液性水肿昏迷
116430,E03.800,甲状腺功能减退症，其他特指的
116431,E03.801,继发性甲状腺功能减退症
116432,E03.802,原发性甲状腺功能减退症
116433,E03.803+F02.8*,其他特指的后天性甲状腺机能减退性痴呆
116434,E03.900,甲状腺功能减退症
116435,E03.900x004+I43.8*,甲状腺功能减退性心脏病
116436,E03.900x005+M14.5*,甲状腺功能减退性关节炎
116437,E03.900x006,亚临床甲状腺功能减退
116438,E03.901,黏液性水肿
116439,E03.902+G73.5*,甲状腺功能减退性肌病
116440,E04.000,非毒性弥漫性甲状腺肿
116441,E04.001,单纯性甲状腺肿
116442,E04.100,非毒性单个甲状腺结节
116443,E04.100x005,非毒性单结节性甲状腺肿
116445,E04.102,甲状腺囊肿
116447,E04.104,胶性结节甲状腺肿
116448,E04.200,非毒性多结节性甲状腺肿
116450,E04.200x003,非毒性多个甲状腺结节
116451,E04.201,甲状腺肿伴囊性变
116452,E04.800,非毒性甲状腺肿，其他特指的
115134,D36.700,良性肿瘤，其他特指部位的
115135,D36.700x004,颞部良性肿瘤
115136,D36.700x005,颊部良性肿瘤
115137,D36.700x006,咽旁间隙良性肿瘤
115139,D36.700x008,胸良性肿瘤
115140,D36.700x009,腋窝良性肿瘤
115141,D36.700x011,肩胛区良性肿瘤
115142,D36.700x012,锁骨下良性肿瘤
115144,D36.700x014,腹部良性肿瘤
115145,D36.700x016,骨盆良性肿瘤
115146,D36.700x018,直肠膀胱隔良性肿瘤
115147,D36.700x019,直肠阴道隔良性肿瘤
115149,D36.700x023,骶尾良性肿瘤
115150,D36.700x024,骶前良性肿瘤
138887,T39.802,山豆根中毒
138888,T39.900,非阿片样镇痛药、解热药和抗风湿药中毒
138889,T39.901,非阿片样镇痛药中毒
138890,T39.902,解热药中毒
138891,T40.000,阿片类中毒
138892,T40.100,海洛因中毒
138893,T40.200,"阿片样物质中毒,其他的"
138894,T40.200x001,可待因中毒
139856,T82.500x003,心脏和血管装置植入物引起的机械性并发症
139857,T82.501,下腔静脉支架脱落
139858,T82.502,移植血管坏死
139859,T82.503,室间隔缺损手术后残余漏
139860,T82.504,房间隔缺损手术后残余漏
139861,T82.600,心脏瓣膜假体引起的感染和炎症性反应
139862,T82.600x001,心脏瓣膜假体引起的感染
139863,T82.601,人工瓣膜心内膜炎
139864,T82.700,心脏和血管装置、植入物和移植物引起的感染和炎症性反应，其他的
139866,T82.700x002,起搏器周围组织感染
139867,T82.700x003,心脏导管相关性感染
139868,T82.700x004,心脏电子装置感染
139869,T82.700x005,心脏电子装置囊袋感染
139870,T82.700x007,肾透析的动静脉瘘感染
139871,T82.700x008,肾透析的静脉导管感染
139872,T82.700x009,肾透析的血管通路感染
139873,T82.700x010,肾透析的人造血管感染
139874,T82.700x011,肾透析的移植血管感染
139875,T82.701,化疗泵植入感染
139877,T82.703,心脏起搏器植入感染
139878,T82.704,支架植入感染
139879,T82.800,心脏和血管假体装置、植入物和移植物的其他并发症
139881,T82.800x003,人工动静脉瘘闭塞
139882,T82.800x004,人工动静脉瘘狭窄
139883,T82.800x005,人工动静脉瘘血栓形成
139885,T82.800x008,肾透析的人工血管血栓形成
139886,T82.800x009,肾透析的血管通路血栓形成
139887,T82.800x101,心脏和血管假体装置植入物和移植物引起的栓塞
139889,T82.800x103,心脏和血管假体装置植入物和移植物引起的出血
139890,T82.800x104,心脏和血管假体装置植入物和移植物引起的疼痛
139891,T82.800x105,心脏和血管假体装置植入物和移植物引起的血管狭窄
139892,T82.800x106,心脏和血管假体装置植入物和移植物引起的血栓形成
139894,T82.800x202,经皮房缺-室缺矫治术后腹膜后血肿
116483,E05.805,原发性甲状腺功能亢进症
116484,E05.806,促甲状腺激素不适当分泌综合征
116485,E05.900,甲状腺毒症
140601,V09.900,行人在运输事故中的损伤
140602,V10.x00,骑脚踏车人员在脚踏车与行人或牲畜碰撞中的损伤
140603,V11.x00,骑脚踏车人员在脚踏车与其他脚踏车碰撞中的损伤
140604,V12.x00,骑脚踏车人员在脚踏车与两轮或三轮机动车碰撞中的损伤
140605,V13.x00,骑脚踏车人员在脚踏车与小汽车、轻型货车或篷车碰撞中的损伤
140606,V14.x00,骑脚踏车人员在脚踏车与重型运输车或公共汽车碰撞中的损伤
140607,V15.x00,骑脚踏车人员在脚踏车与火车或铁路车辆碰撞中的损伤
140608,V16.x00,骑脚踏车人员在脚踏车与其他非机动车辆碰撞中的损伤
140609,V17.x00,骑脚踏车人员在脚踏车与固定或静止物体碰撞中的损伤
140761,V81.800x092,火车或铁路车辆乘员被落下的石块击中
140762,V81.800x093,火车或铁路车辆乘员被落下的土块击中
140763,V81.900,铁路事故中火车或铁路车辆乘员的损伤
140764,V82.000,非交通事故中因与机动车辆碰撞造成（市内有轨）电车乘员的损伤
140765,V82.100,交通事故中因与机动车辆碰撞造成（市内有轨）电车乘员的损伤
140767,V82.300,因与其他物体碰撞造成（市内有轨）电车乘员的损伤
140768,V82.400,在上下（市内有轨）电车时的人员损伤
140769,V82.500,市内有轨电车乘员在市内有轨电车上跌倒造成的损伤
141539,Y61.500,在心导管插入术中异物意外地遗留在体内
141540,Y61.600,在抽吸、穿刺和其他导管插入手术中异物意外地遗留在体内
141542,Y61.800,在其他手术和医疗中异物意外地遗留在体内
141543,Y61.900,在手术和医疗中异物意外地遗留在体内
141544,Y62.000,在手术中无菌预防措施的失败
141546,Y62.200,在肾透析或其他灌注中无菌预防措施的失败
141547,Y62.300,在注射或人工免疫中无菌预防措施的失败
141548,Y62.400,在内镜检查中无菌预防措施的失败
141549,Y62.500,在心导管插入术中无菌预防措施的失败
141551,Y62.800,在其他手术和医疗中无菌预防措施的失败
141552,Y62.900,在手术和医疗中无菌预防措施的失败
141553,Y63.000,在输血或输液中给予过量的血或其他液体
141556,Y63.200,在治疗中给予过量的辐射
141557,Y63.300,在医疗中非故意使病人暴露于辐射下
141558,Y63.400,在电休克或胰岛素休克治疗中使用剂量不当
141559,Y63.500,局部敷料和填塞物的温度不当
141561,Y63.600x001,未用必要的药物或药剂
141562,Y63.800,在其他手术和医疗中使用剂量不当
140407,T92.800,上肢其他特指损伤的后遗症
140408,T92.800x001,上肢血管损伤后遗症
140409,T92.800x002,陈旧性肩关节SLAP损伤
140410,T92.801,手其他损伤后遗症
140411,T92.900,上肢损伤的后遗症
140412,T93.000,下肢开放性伤口后遗症
140413,T93.001,陈旧性开放性下肢损伤
140414,T93.100,股骨骨折后遗症
140415,T93.100x007,陈旧性股骨头骨折
140416,T93.101,陈旧性股骨骨折
140417,T93.102,陈旧性股骨颈骨折
140418,T93.103,陈旧性股骨干骨折
140419,T93.104,陈旧性股骨粗隆间骨折
140420,T93.200,下肢其他骨折的后遗症
140421,T93.200x001,陈旧性距骨骨折
140422,T93.200x002,陈旧性胫骨平台骨折
140423,T93.200x007,陈旧性双踝骨折
140424,T93.200x008,陈旧性胫腓骨骨折
140425,T93.200x010,陈旧性跟骨骨折
140426,T93.200x011,陈旧性Pilon骨折
140427,T93.200x012,陈旧性跗骨骨折
140428,T93.200x013,陈旧性趾骨骨折
140429,T93.200x014,陈旧性跖骨骨折
140430,T93.201,陈旧性下肢骨折
140431,T93.202,陈旧性髌骨骨折
140432,T93.203,陈旧性胫骨骨折
140434,T93.205,陈旧性腓骨骨折
140435,T93.206,陈旧性踝关节骨折
140436,T93.207,陈旧性踝骨骨折
140437,T93.208,陈旧性足舟骨骨折
139783,T81.700x401,心导管造影术后冠状动脉分支闭塞
139784,T81.700x402,心导管造影术后腹膜后血肿
139785,T81.700x403,心导管造影术后穿刺血管血肿
139787,T81.700x405,心导管造影术后动静脉瘘
139788,T81.700x406,心导管造影术后冠状动脉撕裂
139789,T81.700x407,心导管造影术后冠状动脉穿孔
139790,T81.700x408,心导管造影术后冠状动脉急性闭塞
139791,T81.701,操作后动脉血栓形成
139793,T81.703,操作后的空气栓塞
139794,T81.800,操作的其他并发症，不可归类在他处者
139795,T81.800x001,操作后窦道
140619,V19.900,骑脚踏车人员在交通事故中的损伤
140620,V19.900x091,自行车的事故
140621,V20.x00,骑摩托车人员在摩托车与行人或牲畜碰撞中的损伤
140622,V21.x00,骑摩托车人员在摩托车与脚踏车碰撞中的损伤
140624,V23.x00,骑摩托车人员在摩托车与小汽车、轻型货车或篷车碰撞中的损伤
140625,V24.x00,骑摩托车人员在摩托车与重型运输车或公共汽车碰撞中的损伤
115151,D36.700x025,尿道旁良性肿瘤
115152,D36.700x028,肩部良性肿瘤
115153,D36.700x029,手部良性肿瘤
115154,D36.700x030,腕部良性肿瘤
115863,D52.900x001,叶酸缺乏性贫血
115864,D53.000,蛋白缺乏性贫血
115865,D53.001,乳清酸尿性贫血
115866,D53.002,氨基酸缺乏性贫血
115868,D53.200,维生素C缺乏性贫血
115869,D53.800,营养性贫血，其他特指的
115870,D53.801,缺铜性贫血
115871,D53.802,缺锌性贫血
115872,D53.803,缺钼性贫血
115873,D53.804,维生素D缺乏性贫血
115874,D53.900,营养性贫血
115875,D53.901,慢性单纯性贫血
115876,D55.000,葡萄糖6-磷酸脱氢酶(G6PD)缺乏性贫血
115877,D55.001,蚕豆病
115878,D55.100,谷胱甘肽代谢紊乱性贫血，其他的
115879,D55.100x001,谷胱甘肽代谢紊乱性贫血
115880,D55.100x003,已糖磷酸盐酶缺乏性贫血
115881,D55.101,遗传性非球形细胞性溶血性贫血Ⅰ型
115882,D55.200,糖酵解酶代谢紊乱性贫血
115883,D55.201,遗传性非球形细胞性溶血性贫血Ⅱ型
115884,D55.202,己糖激酶缺乏性贫血
115885,D55.203,磷酸丙糖异构酶缺乏性贫血
115886,D55.204,丙酮酸激酶缺乏性贫血
115887,D55.300,核苷酸代谢紊乱性贫血
115888,D55.800,酶代谢紊乱性贫血，其他的
115889,D55.900,酶代谢紊乱性贫血
115891,D56.100,β型地中海贫血
115893,D56.100x003,重型β型地中海贫血
115894,D56.101,中间型地中海贫血
115896,D56.200,δ-β型地中海贫血
115897,D56.300,地中海贫血特性
115898,D56.301,（β型）地中海贫血轻型
115900,D56.800,地中海贫血，其他的
115901,D56.900,地中海贫血
115902,D56.901,混合型地中海贫血
139592,T80.600x004,血清性皮疹
139593,T80.600x005,血清中毒
139594,T80.600x006,蛋白质过敏病
139595,T80.600x007,急性透析性脑病
139597,T80.600x009,透析性脑病
139598,T80.601,血清病
139599,T80.602,血清病样反应
139600,T80.603,血清反应性荨麻疹
139601,T80.604,血清性药疹
139603,T80.801,透析失衡综合征
139604,T80.900,输注、输血和治疗性注射后的并发症
139605,T80.900x003,输注反应
116486,E05.900x001,甲状腺功能亢进症
116487,E05.900x002+G73.0*,甲状腺功能亢进症合并周期性麻痹
116488,E05.900x004+I43.8*,甲状腺毒性心脏病
116489,E05.900x005+M14.5*,甲状腺毒症性关节病
116490,E05.900x007+G73.0*,甲亢性肌无力综合征
116491,E05.902+H58.8*,甲状腺毒症性眼病
116492,E05.903+I43.8*,甲状腺功能亢进性心脏病
116493,E05.904+G73.5*,甲状腺功能亢进性肌病
116494,E05.905,亚临床甲状腺功能亢进症
116495,E05.906,甲亢性皮肤病
116496,E06.000,急性甲状腺炎
116497,E06.000x003,化脓性甲状腺炎
116498,E06.001,急性化脓性甲状腺炎
116499,E06.002,甲状腺脓肿
116500,E06.100,亚急性甲状腺炎
116501,E06.100x001,亚急性肉芽肿性甲状腺炎
116502,E06.100x002,亚急性甲状腺炎(德奎尔万甲状腺炎)
116503,E06.100x003,亚急性巨细胞性甲状腺炎
116504,E06.100x004,亚急性非化脓性甲状腺炎
116505,E06.200,慢性甲状腺炎伴有短暂性甲状腺毒症
116506,E06.300,自身免疫性甲状腺炎
116508,E06.300x004,淋巴瘤性甲状腺肿
116509,E06.300x005,淋巴细胞性甲状腺炎
116510,E06.301,淋巴细胞性甲状腺肿
116511,E06.302+G94.8*,桥本脑病
116512,E06.303,淋巴瘤性甲状腺瘤
116513,E06.304,桥本甲状腺炎
116515,E06.400x002,医源性甲状腺炎
116517,E06.500x001,慢性侵袭性甲状腺炎
116519,E06.500x004,甲状腺炎性包块
116520,E06.501,里德尔甲状腺炎
116521,E06.502,慢性甲状腺炎
114085,C95.000x015,急性白血病（谱系未定）
114087,C95.000x017,T淋巴细胞和髓系混合表型急性白血病
114088,C95.000x018,NK细胞淋巴母细胞性白血病/淋巴瘤
114089,C95.000x101,急性白血病伴缓解
114090,C95.000x102,急性白血病髓外复发伴缓解
114091,C95.000x115,急性白血病伴缓解（谱系未定）
114093,C95.000x117,T淋巴细胞和髓系混合表型急性白血病伴缓解
114094,C95.000x118,NK细胞淋巴母细胞性白血病/淋巴瘤伴缓解
114095,C95.002,干细胞白血病
114096,C95.003,未分化细胞白血病
114097,C95.004,急性双系白血病
114099,C95.006,急性双表型白血病
114100,C95.100,慢性白血病
141563,Y63.900,在手术和医疗中使用剂量不当
141564,Y64.000,用于输血或输液的医疗或生物材料被污染
141565,Y64.000x001,输液器械的污染
141566,Y64.100,用于注射或免疫接种的医疗或生物材料被污染
141567,Y64.100x001,注射的或用作疫苗接种的污染物质
141568,Y64.800,任何其他形式的医疗或生物材料被污染
141569,Y64.900,医疗或生物材料被污染
141570,Y65.000,在输血中使用配错的血
141571,Y65.100,在输液中使用错误的液体
141572,Y65.200,在手术中缝合或结扎不当
141573,Y65.300,在麻醉操作中气管内插管错误放置
141574,Y65.400,插入或取除其他导管或器械不当
141575,Y65.500,不恰当手术的实行
141576,Y65.800,在手术和医疗中其他特指的意外事故
141577,Y66.x00,未给予手术和医疗
115020,D33.300x003,嗅球良性肿瘤
115021,D33.300x005,视神经乳头良性肿瘤
115022,D33.301,嗅神经良性肿瘤
115024,D33.303,动眼神经良性肿瘤
115025,D33.304,滑车神经良性肿瘤
115026,D33.305,三叉神经良性肿瘤
115027,D33.306,展神经良性肿瘤
115028,D33.307,面神经良性肿瘤
115029,D33.308,听神经良性肿瘤
115030,D33.309,舌咽神经良性肿瘤
115031,D33.310,迷走神经良性肿瘤
115032,D33.311,副神经良性肿瘤
115034,D33.400,脊髓良性肿瘤
115035,D33.401,脊髓颈段良性肿瘤
115036,D33.402,脊髓胸段良性肿瘤
115037,D33.403,脊髓腰段良性肿瘤
115039,D33.405,脊髓圆锥良性肿瘤
115040,D33.406,马尾良性肿瘤
115041,D33.700,中枢神经系统良性肿瘤，其他特指部位的
115042,D33.700x001,颅眶沟通良性肿瘤
115044,D33.700x003,颈静脉孔区良性肿瘤
115045,D33.900,中枢神经系统良性肿瘤
115046,D33.900x001,硬脑膜外良性肿瘤
115047,D33.900x002,硬脊膜外良性肿瘤
115049,D33.901,硬膜外良性肿瘤
115050,D33.902,椎管内良性肿瘤
115051,D34.x00,甲状腺良性肿瘤
115052,D34.x00x003,胸骨后甲状腺良性肿瘤
115054,D34.x01,甲状舌管良性肿瘤
115055,D35.000,肾上腺良性肿瘤
115056,D35.001,肾上腺无功能腺瘤
115057,D35.100,甲状旁腺良性肿瘤
115058,D35.100x002,异位甲状旁腺良性肿瘤
115060,D35.200x004,垂体无功能良性肿瘤
115061,D35.200x007,垂体微小良性肿瘤
140626,V25.x00,骑摩托车人员在摩托车与火车或铁路车辆碰撞中的损伤
140627,V26.x00,骑摩托车人员在摩托车与其他非机动车辆碰撞中的损伤
140628,V27.x00,骑摩托车人员在摩托车与固定或静止物体碰撞中的损伤
140629,V28.x00,骑摩托车人员在非碰撞性运输事故中的损伤
140630,V29.000,非交通事故中摩托车与其他机动车辆碰撞造成骑摩托车人员的损伤
140631,V29.100,非交通事故中摩托车与其他的机动车辆碰撞造成乘摩托车人员的损伤
140632,V29.200,非交通事故中摩托车与其他的机动车辆碰撞造成骑摩托车人员的损伤
140633,V29.300,骑摩托车人员在非交通事故中的损伤
140634,V29.400,交通事故中摩托车与其他和未特指机动车辆碰撞造成骑摩托车人员的损伤
140635,V29.500,交通事故中摩托车与其他和未特指机动车辆碰撞造成乘摩托车人员的损伤
140636,V29.600,交通事故中摩托车与其他机动车辆碰撞造成的和未特指骑摩托车人员的损伤
140637,V29.800,骑摩托车人员在其他特指的运输事故中的损伤
140638,V29.900,骑摩托车人员在交通事故中的损伤
140639,V29.900x091,摩托车的事故
140640,V30.x00,三轮机动车乘员在三轮机动车与行人或牲畜碰撞中的损伤
140641,V31.x00,三轮机动车乘员在三轮机动车与脚踏车碰撞中的损伤
140643,V33.x00,三轮机动车乘员在三轮机动车与小汽车、轻型货车或篷车碰撞中的损伤
140645,V35.x00,三轮机动车乘员在三轮机动车与火车或铁路车辆碰撞中的损伤
141617,Y76.200x003,避孕环移位
141618,Y76.300,与有害事件有关的妇产科手术器械、材料和装置（包括缝线）
141619,Y76.800,与有害事件有关的妇产科多用途装置，不可归类在他处者
141620,Y77.000,与有害事件有关的眼科诊断和监测装置
141622,Y77.200,与有害事件有关的眼科假体和其他植入物、材料和附件装置
141623,Y77.300,与有害事件有关的眼科手术器械、材料和装置（包括缝线）
141624,Y77.800,与有害事件有关的眼科多用途装置，不可归类在他处者
139016,T45.000x001,抗过敏药中毒
139017,T45.001,止吐药中毒
139018,T45.002,胃复安中毒
139019,T45.003,乘晕宁中毒
139020,T45.100,抗肿瘤药和免疫抑制剂中毒
139021,T45.100x001,抗肿瘤性抗生素中毒
139022,T45.100x002,阿糖胞苷中毒
139024,T45.100x004,高氨甲喋呤血症
139025,T45.101,甲氨蝶呤中毒
139026,T45.102,长春新碱中毒
139606,T80.901,输液反应
139607,T80.902,血液透析并发症
139608,T80.903,输血反应
139609,T81.000,并发于操作的出血和血肿，不可归类在他处者
140453,T93.500x001,下肢肌肉损伤后遗症
140454,T93.500x002,下肢肌腱损伤后遗症
140455,T93.501,跟腱断裂后遗症
140456,T93.600,下肢挤压伤和创伤性切断后遗症
140457,T93.600x001,创伤性下肢骨缺损
140458,T93.600x002,陈旧性下肢挤压伤
140459,T93.600x003,创伤性下肢切断后遗症
140460,T93.800,下肢其他特指损伤的后遗症
140461,T93.800x001,趾浅表挫伤后遗症
140462,T93.800x002,下肢创伤性动静脉瘘后遗症
140463,T93.800x003,下肢血管损伤后遗症
140464,T93.801,陈旧性趾挫伤
140465,T93.900,下肢损伤的后遗症
140467,T94.001,陈旧性多处身体部位损伤
140468,T94.002,陈旧性多部位骨折
140469,T94.100,损伤后遗症
140470,T94.102,陈旧性损伤
140471,T95.000,头和颈烧伤、腐蚀伤和冻伤后遗症
140472,T95.000x001,外耳道烧伤后遗症
140473,T95.000x002,外耳道冻伤后遗症
140474,T95.000x003,外耳道腐蚀伤后遗症
140475,T95.000x004,头和颈烧伤后遗症
140476,T95.000x005,头部烧伤后遗症
140477,T95.000x006,颈部烧伤后遗症
140478,T95.000x007,头和颈冻伤后遗症
140479,T95.000x008,头部冻伤后遗症
140481,T95.000x010,头和颈腐蚀伤后遗症
140482,T95.000x011,头部腐蚀伤后遗症
140483,T95.000x012,颈部腐蚀伤后遗症
140484,T95.001,陈旧性耳化学烧伤
140486,T95.100,躯干烧伤、腐蚀伤和冻伤后遗症
140487,T95.100x001,躯干烧伤后遗症
140488,T95.100x002,躯干冻伤后遗症
140489,T95.100x003,躯干腐蚀伤后遗症
140491,T95.102,陈旧性躯干化学性烧伤
140492,T95.103,陈旧性躯干冻伤
140493,T95.200,上肢烧伤、腐蚀伤和冻伤后遗症
140495,T95.200x002,手部烧伤后遗症
140496,T95.200x003,上肢冻伤后遗症
140497,T95.200x004,手部冻伤后遗症
139845,T82.201,冠状动脉搭桥术机械性并发症
139846,T82.202,瓣膜移植物机械性并发症
139847,T82.300,血管移植物的机械性并发症，其他的
139848,T82.301,主动脉移植物（置换）的机械性并发症
139849,T82.302,动脉移植物的机械性并发症
114101,C95.100x011,慢性白血病伴缓解
114102,C95.100x012,慢性白血病急性加重
115934,D58.203,血红蛋白-E病
115935,D58.204,先天性海因茨小体性贫血
115936,D58.205,血红蛋白增高
115937,D58.206,不稳定血红蛋白病
115938,D58.800,遗传性溶血性贫血，其他特指的
115939,D58.800x001,口形红细胞增多
115940,D58.801,遗传性口形红细胞增多
115941,D58.900,遗传性溶血性贫血
115942,D58.901,溶血性贫血
115943,D59.000,药物性自身免疫性溶血性贫血
115944,D59.100,自身免疫性溶血性贫血，其他的
115945,D59.100x002,慢性冷性血细胞凝集素病
115946,D59.100x005,冷凝集素性血红蛋白尿
115947,D59.101,自身免疫性溶血性贫血
115948,D59.102,冷抗体型自身免疫性溶血性贫血
115949,D59.103,温抗体型自身免疫性溶血性贫血
115950,D59.104,继发性冷性溶血性贫血
115951,D59.105,冷凝集素病
115952,D59.200,药物性非自身免疫性溶血性贫血
115953,D59.201,药物性酶缺乏性贫血
115954,D59.300,溶血-尿毒症综合征
115955,D59.300x001,溶血-尿毒综合征
115956,D59.301,非典型溶血性尿毒症
115957,D59.400,非自身免疫性溶血性贫血，其他的
115958,D59.400x001,非自身免疫性溶血性贫血
115959,D59.400x002,感染性溶血性贫血
115960,D59.401,继发性溶血性贫血
115962,D59.403,微血管病性溶血性贫血
115963,D59.404,机械性溶血性贫血
115964,D59.500,阵发性夜间血红蛋白尿［马尔基亚法瓦-米凯利］
116684,E10.600x910,1型糖尿病性肌坏死
116685,E10.600x911,1型糖尿病性坏死性筋膜炎
116686,E10.600x920,1型糖尿病性无菌性肌坏死
116687,E10.600x930,1型糖尿病性缺血性肌坏死
116689,E10.601+M14.2*,1型糖尿病性关节病
116690,E10.602+M14.6*,1型糖尿病神经病性关节病
116691,E10.603+L99.8*,1型糖尿病性皮肤病
116694,E10.700x021,1型糖尿病性胰岛素抵抗
116695,E10.700x022,1型糖尿病性高血压
116696,E10.700x023,1型糖尿病性肥胖症性高血压
116697,E10.700x024,1型糖尿病性内脏脂肪沉积增加
116699,E10.700x031,1型糖尿病性足溃疡和周围血管病
116700,E10.700x032,1型糖尿病性足溃疡和周围神经病
116701,E10.800,1型糖尿病伴有并发症
115062,D35.200x008,侵袭性垂体瘤
115761,D48.508,肛门边缘动态未定肿瘤
115762,D48.509,肛门边缘肿瘤
115763,D48.510,肛门皮肤动态未定肿瘤
115764,D48.511,肛门皮肤肿瘤
115765,D48.512,肛周皮肤动态未定肿瘤
115766,D48.513,肛周皮肤肿瘤
115767,D48.514,上肢皮肤动态未定肿瘤
115768,D48.515,上肢皮肤肿瘤
115769,D48.516,下肢皮肤动态未定肿瘤
115770,D48.517,下肢皮肤肿瘤
115771,D48.518,鼻皮肤动态未定肿瘤
115772,D48.519,耳皮肤动态未定肿瘤
115773,D48.600,乳房动态未定或动态未知的肿瘤
115774,D48.600x001,乳房交界性肿瘤
115775,D48.601,乳腺肿瘤
115776,D48.700,"动态未定或动态未知的肿瘤,其他特指部位的"
115778,D48.700x004,腹部交界性肿瘤
115779,D48.700x005,腹股沟交界性肿瘤
115780,D48.700x007,颊部交界性肿瘤
115781,D48.700x010,肢端交界性肿瘤
114426,D15.200,纵隔良性肿瘤
114427,D15.200x001,后纵隔良性肿瘤
114428,D15.200x002,前纵隔良性肿瘤
114429,D15.700,胸腔内器官良性肿瘤，其他特指的
114430,D15.701,胸膜良性肿瘤
114431,D15.900,胸腔内器官良性肿瘤
114432,D16.000,肩胛骨和上肢长骨良性肿瘤
114433,D16.000x002,肩胛骨良性肿瘤
114434,D16.001,上肢长骨良性肿瘤
114435,D16.002,肱骨良性肿瘤
114436,D16.003,桡骨良性肿瘤
114437,D16.004,尺骨良性肿瘤
114438,D16.100,上肢短骨良性肿瘤
114439,D16.100x005,上肢关节良性肿瘤
114440,D16.101,腕骨良性肿瘤
114441,D16.102,掌骨良性肿瘤
114442,D16.103,指骨良性肿瘤
114444,D16.200x005,膝关节良性肿瘤
114445,D16.201,股骨良性肿瘤
114446,D16.202,胫骨良性肿瘤
114447,D16.203,腓骨良性肿瘤
114448,D16.300,下肢短骨良性肿瘤
114450,D16.300x004,距骨良性肿瘤
114451,D16.300x005,跟骨良性肿瘤
114452,D16.300x008,下肢关节良性肿瘤
114453,D16.301,髌骨良性肿瘤
114455,D16.303,跖骨良性肿瘤
114456,D16.304,趾骨良性肿瘤
114457,D16.400,颅骨和面骨良性肿瘤
114458,D16.400x013,眼窝骨良性肿瘤
114460,D16.400x019,乳突骨良性肿瘤
114461,D16.400x025,犁骨良性肿瘤
114462,D16.401,面骨良性肿瘤
139027,T45.200,维生素类中毒，不可归类在他处者
139028,T45.200x001,维生素类中毒
139029,T45.201,维生素A中毒
139030,T45.202,维生素D中毒
139031,T45.300,酶类中毒，不可归类在他处者
139032,T45.300x001,酶类中毒
139033,T45.400,铁及其化合物中毒
139034,T45.500,抗凝剂中毒
139035,T45.500x002,抗凝血药中毒
139036,T45.501,新抗凝片中毒
139037,T45.600,影响纤维蛋白分解药中毒
139038,T45.700,抗凝拮抗剂、维生素K和其他凝血药中毒
139039,T45.700x001,抗凝拮抗剂中毒
139040,T45.700x002,维生素K中毒
139041,T45.700x003,凝血药中毒
139042,T45.800,中毒，其他主要为全身性和血液学制剂的
139043,T45.800x001,天然血中毒
139044,T45.800x002,血制品中毒
139045,T45.800x003,血浆代用品中毒
139046,T45.900,主要为全身性和血液学制剂中毒
139047,T46.000,心脏兴奋苷和相似作用药中毒
139048,T46.001,地高辛中毒
139049,T46.002,洋地黄中毒
139050,T46.100,钙通道阻滞剂中毒
139051,T46.100x001,异搏定中毒
139052,T46.200,"抗心律障碍药中毒，其他的,不可归类在他处者"
139053,T46.200x001,抗心律失常药中毒
139054,T46.300,冠状血管扩张剂中毒，不可归类在他处者
139056,T46.300x003,潘生丁中毒
139057,T46.301,硝酸甘油中毒
139058,T46.302,依姆多中毒
139059,T46.400,血管紧张素转换酶抑制剂中毒
139061,T46.500x002,胍乙啶中毒
139062,T46.500x003,萝芙木中毒
139063,T46.500x004,利血平中毒
139064,T46.500x005,降压药中毒
139065,T46.501,可乐定中毒
115816,D48.900,动态未定或动态未知的肿瘤
115817,D48.900x004+G94.1*,肿瘤引起的脑积水
115819,D48.900x010+G05.8*,副肿瘤相关性边缘叶脑炎
115821,D48.900x012+G73.2*,副肿瘤综合征相关性肌无力综合征
115822,D48.900x013+M63.8*,肿瘤相关性肌炎
115824,D48.901,瘤
115825,D48.902,新生物
115826,D48.903+M90.7*,肿瘤性病理性骨折
115827,D48.904+M36.0*,肿瘤相关性皮肌炎
115828,D48.905+G13.1*,副肿瘤性小脑共济失调
115829,D48.906+D63.0*,肿瘤性贫血
115831,D50.000,继发于（慢性）失血的缺铁性贫血
139850,T82.303,主动脉移植物（置换）术后内漏
139851,T82.400,血管透析导管的机械性并发症
139852,T82.401,静脉透析管阻塞
139853,T82.500,心脏和血管装置及植入物的机械性并发症，其他的
139854,T82.500x001,心血管封堵器移位
139855,T82.500x002,心血管封堵器渗漏
140655,V39.600,交通事故中三轮机动车与其他和未特指机动车辆碰撞造成的三轮机动车乘员的损伤
140656,V39.800,三轮机动车乘员在其他特指运输事故中的损伤
140657,V39.900,三轮机动车乘员在交通事故中的损伤
140658,V39.900x091,三轮机动车的事故
140659,V40.x00,小汽车乘员在小汽车与行人或牲畜碰撞中的损伤
140660,V41.x00,小汽车乘员在小汽车与脚踏车碰撞中的损伤
140661,V42.x00,小汽车乘员在小汽车与两轮或三轮机动车碰撞中的损伤
140662,V43.x00,小汽车乘员在小汽车与小汽车、轻型货车或篷车碰撞中的损伤
140663,V44.x00,小汽车乘员在小汽车与重型运输车或公共汽车碰撞中的损伤
140664,V45.x00,小汽车乘员在小汽车与火车或铁路车辆碰撞中的损伤
140665,V46.x00,小汽车乘员在小汽车与其他非机动车辆碰撞中的损伤
140667,V48.x00,小汽车乘员在非碰撞性运输事故中的损伤
140668,V49.000,非交通事故中小汽车与其他机动车辆碰撞造成小汽车司机的损伤
140669,V49.100,非交通事故中小汽车与其他机动车辆碰撞造成小汽车乘客的损伤
140671,V49.300,小汽车乘员在非交通事故中的损伤
140672,V49.400,交通事故中小汽车与其他机动车辆碰撞造成小汽车司机损伤
140673,V49.500,交通事故中小汽车与其他机动车辆碰撞造成小汽车乘客的损伤
140674,V49.600,交通事故中小汽车与其他和未特指机动车辆碰撞造成的小汽车乘员的损伤
140676,V49.900,小汽车乘员在交通事故中的损伤
140677,V49.900x091,小汽车的事故
140678,V50.x00,轻型货车或篷车乘员在轻型货车或篷车与行人或牲畜碰撞中的损伤
140680,V52.x00,轻型货车或篷车乘员在轻型货车或篷车与两轮或三轮机动车碰撞中的损伤
140681,V53.x00,轻型货车或篷车乘员在轻型货车或篷车与小汽车、轻型货车或篷车碰撞中的损伤
140682,V54.x00,轻型货车或篷车乘员在轻型货车或篷车与重型运输车或公共汽车碰撞中的损伤
116453,E04.801,青春期甲状腺肿
116455,E04.900x001,甲状腺肿
116456,E04.900x006,甲状腺锥叶代偿性肿大
116457,E04.901,胸骨后甲状腺肿
116458,E04.902,结节性甲状腺肿
116702,E10.900,1型糖尿病
116703,E10.900x003,脆性糖尿病
116704,E10.900x004,暴发性1型糖尿病
116705,E10.901,成人隐匿性自身免疫性糖尿病
116706,E11.000,2型糖尿病伴有昏迷
116707,E11.000x001,2型糖尿病性高渗性高血糖状态昏迷
139660,T81.019,手术后膀胱出血
139661,T81.020,手术后尿道出血
139662,T81.021,手术后前列腺出血
139663,T81.022,手术后伤口出血
139664,T81.023,手术后颅内血肿
139665,T81.024,手术后切口血肿
139666,T81.025,操作后十二指肠乳头出血
139667,T81.026,操作后肠出血
139668,T81.027,拔牙创口出血
139669,T81.028,食管静脉曲张术后出血
139670,T81.029,结肠造口出血
139671,T81.030,膀胱造口出血
139672,T81.031,治疗后宫颈出血
139673,T81.032,肾穿刺后血肿
139674,T81.033,血管穿刺后血肿
139675,T81.034,手术后肝出血
139676,T81.035,手术后子宫出血
140514,T95.800x006,上肢和下肢腐蚀伤后遗症
140515,T95.800x007,食管烧伤后遗症
140516,T95.800x008,食管腐蚀伤后遗症
140517,T95.801,陈旧性眼烧伤
140518,T95.802,陈旧性四肢烧伤
140519,T95.803,陈旧性食管烧伤
140520,T95.900,烧伤、腐蚀伤和冻伤后遗症
140521,T96.x00,药物、药剂和生物制品中毒后遗症
140522,T96.x00x001,药物中毒后遗症
140524,T96.x00x003,生物制品中毒后遗症
140525,T97.x00,主要为非药用物质毒性效应的后遗症
140526,T97.x00x001,非药用物质毒性效应的后遗症
140528,T97.x01,一氧化碳中毒后遗症
140529,T97.x02,非药用物质中毒性脑病后遗症
140530,T98.000,通过自然腔口进入的异物效应的后遗症
140532,T98.100x001,电击伤后遗症
140533,T98.200,创伤的某些早期并发症的后遗症
140534,T98.200x011,开放性损伤伴异物
140535,T98.200x012,开放性损伤伴异物合并感染
140536,T98.200x021,开放性损伤伴感染
140538,T98.200x032,开放性损伤延期治疗
140539,T98.200x033,开放性损伤愈合不良
140540,T98.300,手术和医疗并发症的后遗症，不可归类在他处者
140541,T98.300x001,闸门综合征
140543,T98.300x003,手术后坐骨神经损伤的后遗症
140544,T98.300x004,手术后心脏异物残留的后遗症
140545,T98.300x005,人工耳蜗植入后电极脱出的后遗症
141134,Y13.x00,作用于自主神经系统的其他药物的中毒及暴露于该类药物，意图不确定的
141135,Y14.x00,药物、药剂和生物制品的中毒及暴露于该类药物，意图不确定的，其他的
141136,Y15.x00,酒精中毒及暴露于酒精，意图不确定的
141137,Y16.x00,有机溶剂和卤素烃及其蒸气的中毒及暴露于该类物质，意图不确定的
141138,Y17.000,燃烧发动机废气中的一氧化碳中毒及暴露于该类物质，意图不确定
141139,Y17.100,使用气体中的一氧化碳的中毒及暴露于该类物质，意图不确定
141140,Y17.200,家用燃料中的一氧化碳的中毒及暴露于该类物质，意图不确定
141141,Y17.300,暴露于其他来源中的一氧化碳的中毒，意图不确定
141142,Y17.400,暴露于未特指来源中的一氧化碳的中毒，意图不确定
141143,Y17.800,暴露于其他气体和蒸气的中毒，意图不确定
141144,Y17.900,暴露于未特指气体和蒸气的中毒，意图不确定
141145,Y17.900x091,"原因不明的暴露于机动车辆的排除的气体中毒,意图不确定的"
141146,Y17.900x092,原因不明的暴露于液化石油气的中毒
141147,Y17.900x093,原因不明的暴露于其他特指的实用气体中毒
141148,Y17.900x094,原因不明的一氧化碳中毒
141150,Y17.900x096,原因不明的氧化氮类中毒
141151,Y17.900x097,原因不明的二氧化硫中毒
140610,V18.x00,骑脚踏车人员在非碰撞性运输事故中的损伤
140612,V19.100,非交通事故中脚踏车与其他的机动车辆碰撞造成乘脚踏车人员的损伤
140613,V19.200,非交通事故中脚踏车与其他机动车辆碰撞造成的骑脚踏车人员的损伤
140614,V19.300,骑脚踏车人员在非交通事故中的损伤
140615,V19.400,交通事故中脚踏车与其他和未特指机动车辆碰撞造成骑脚踏车人员的损伤
140617,V19.600,交通事故中脚踏车与其他和未特指机动车辆碰撞造成骑不明确的脚踏车司、乘人员损伤
141330,Y47.800,镇静剂、催眠药和抗焦虑药的有害效应，其他的
141331,Y47.800x002,安眠酮化合物药物反应
141333,Y47.900,镇静剂、催眠药和抗焦虑药的有害效应
141334,Y48.000,吸入性麻醉药的有害效应
141335,Y48.000x001,"氟烷(哈乐森,三氟溴氯乙烷)反应"
141336,Y48.100,胃肠外麻醉药的有害效应
141337,Y48.100x001,静脉内麻醉剂类药物反应
141339,Y48.300,局部麻醉药的有害效应
141340,Y48.300x001,普鲁卡因药物反应
141341,Y48.300x002,周围神经和神经丛阻滞麻醉类药物反应
141342,Y48.300x003,地卡因药物反应
115832,D50.001,慢性失血性贫血
115833,D50.100,缺铁性吞咽困难
115834,D50.101,普卢默-文森综合征
115835,D50.102,凯利-佩特森综合征
115836,D50.800,"缺铁性贫血,其他的"
115837,D50.800x001,正细胞低色素性贫血
115838,D50.801,小细胞低色素性贫血
115839,D50.900,缺铁性贫血
115840,D50.901,低色素性贫血
115841,D51.000,内在因子缺乏引起的维生素B12缺乏性贫血
115842,D51.001,恶性贫血
115843,D51.002,亨特舌炎
115844,D51.003+G32.0*,内在因子缺乏引起维生素B12缺乏性贫血性脊髓后侧索硬化
115845,D51.100,选择性维生素B12吸收不良伴有蛋白尿引起的维生素B12缺乏性贫血
115846,D51.101,巨幼细胞遗传性贫血
115847,D51.102,伊梅斯隆德综合征
115848,D51.200,转钴胺素Ⅱ缺乏
115849,D51.200x001,转钴胺素Ⅱ缺乏性贫血
115850,D51.300,饮食性维生素B12缺乏性贫血，其他的
115851,D51.301,绝对素食者贫血
115852,D51.302+G32.0*,饮食性维生素B12缺乏性贫血性脊髓后侧索硬化
115853,D51.800,维生素B12缺乏性贫血，其他的
115854,D51.900,维生素B12缺乏性贫血
115855,D51.901+G32.0*,维生素B12缺乏性贫血性脊髓后侧索硬化
115856,D52.000,饮食性叶酸盐缺乏性贫血
115858,D52.000x003,饮食性叶酸缺乏性贫血
115860,D52.100,药物性叶酸盐缺乏性贫血
115861,D52.800,叶酸缺乏性贫血，其他的
116603,E10.300x041+H36.0*,1型糖尿病性斑点性视网膜病
116604,E10.300x042+H36.0*,1型糖尿病性局部的水肿斑点性视网膜病
116606,E10.300x044+H36.0*,1型糖尿病性星状的斑点性视网膜病
116607,E10.300x045+H36.0*,1型糖尿病性环状的黄斑病性视网膜病
116608,E10.300x046+H36.0*,1型糖尿病性缺血性黄斑病性视网膜病
140438,T93.300,下肢脱位、扭伤和劳损后遗症
140439,T93.300x001,下肢脱位后遗症
140441,T93.300x003,下肢劳损后遗症
140442,T93.300x005,陈旧性趾间关节脱位
140443,T93.300x008,陈旧性足舟骨脱位
140444,T93.300x009,陈旧性跖趾关节脱位
140446,T93.400,下肢神经损伤后遗症
140447,T93.400x002,坐骨神经损伤后遗症
140448,T93.400x003,股神经损伤后遗症
140450,T93.400x005,胫神经损伤后遗症
140451,T93.400x006,腓肠神经损伤后遗症
116459,E04.903,胸骨后结节性甲状腺肿
116460,E04.904,锁骨下甲状腺肿
116461,E05.000,甲状腺毒症伴有弥漫性甲状腺肿
116462,E05.001,弥漫性甲状腺肿伴甲状腺功能亢进症
116463,E05.002+H06.2*,甲状腺功能障碍性突眼
116464,E05.003,毒性弥漫性甲状腺肿
116465,E05.100,甲状腺毒症伴有毒性单个甲状腺结节
116466,E05.200,甲状腺毒症伴有毒性多结节性甲状腺肿
116467,E05.200x004,高功能腺瘤伴甲状腺功能亢进症
116468,E05.201,毒性结节性甲状腺肿
116469,E05.202,结节性甲状腺肿伴甲状腺功能亢进症
116470,E05.203,自主性高功能性甲状腺腺瘤伴甲状腺功能亢进症
116471,E05.300,来自异位甲状腺组织的甲状腺毒症
114038,C92.800,急性髓系白血病伴多系增生异常
114039,C92.900,髓样白血病
114040,C92.900x001,低增生性粒细胞性白血病
114041,C92.900x011,低增生性粒细胞性白血病伴缓解
114042,C92.901,粒细胞白血病
114043,C93.000,急性单核细胞白血病
114044,C93.000x011,急性单核细胞性白血病伴缓解（M5型）
114045,C93.000x016,急性单核细胞白血病伴缓解
114046,C93.001,急性髓细胞白血病，M5a型
114047,C93.002,急性髓细胞白血病，M5b型
114049,C93.100,慢性粒单核细胞白血病
114050,C93.100x011,慢性单核细胞白血病伴缓解
114051,C93.100x012,慢性单核细胞白血病，急性加重
114053,C93.101,慢性单核细胞白血病
114054,C93.102,慢性粒单核细胞白血病-1
114055,C93.103,慢性粒单核细胞白血病-2
114056,C93.104,慢性粒单核细胞白血病伴嗜酸粒细胞增多
114057,C93.300,幼年型骨髓单核细胞白血病
114059,C93.700,单核细胞白血病，其他的
114060,C93.701,非白血性单核细胞白血病
114061,C93.900,单核细胞白血病
114062,C93.901,组织细胞白血病
114063,C94.000,急性红白细胞病
114066,C94.001,红白血病
114067,C94.004,"急性髓系白血病,M6（a）（b）"
114068,C94.200,急性原巨核细胞白血病
114069,C94.200x011,急性巨核细胞白血病伴缓解（M7型）
114071,C94.202,急性髓系白血病，M7
114072,C94.300,肥大细胞白血病
114073,C94.300x011,肥大细胞白血病伴缓解
114074,C94.400,急性全骨髓增殖症伴骨髓纤维化
115904,D57.000x001,镰状细胞性贫血伴危象
140547,T98.300x007,手术后缺氧性脑损害的后遗症
140548,T98.301,陈旧性手术后缺氧性脑损害
140549,U04.900,严重急性呼吸道综合征
140550,U07.000,蒸汽所致疾病
140551,U07.100,2019冠状病毒病
140552,U07.100x001,新型冠状病毒肺炎
140553,U07.100x002,新型冠状病毒感染
140554,U07.100x003,新型冠状病毒肺炎临床诊断病例
140555,U82.000,耐青霉素
140556,U82.001,耐阿莫西林抗生素
140557,U82.002,耐氨苄西林抗生素
139895,T82.800x203,经皮房缺-室缺矫治术后穿刺血管血肿
139896,T82.800x204,经皮房缺-室缺矫治术后穿刺假性动脉瘤
139897,T82.800x205,经皮房缺-室缺矫治术后动静脉瘘
139898,T82.800x206,经皮房缺-室缺矫治术后冠状动脉撕裂
139899,T82.800x207,经皮房缺-室缺矫治术后冠状动脉穿孔
139900,T82.800x208,经皮房缺-室缺矫治术后冠状动脉急性闭塞
139901,T82.800x301,经皮冠状动脉狭窄矫治术后腹膜后血肿
139902,T82.800x302,经皮冠状动脉狭窄矫治术后穿刺血管血肿
139903,T82.800x303,经皮冠状动脉狭窄矫治术后穿刺假性动脉瘤
139904,T82.800x304,经皮冠状动脉狭窄矫治术后动静脉瘘
139905,T82.800x305,经皮冠状动脉狭窄矫治术后冠状动脉撕裂
140692,V59.500,交通事故中轻型货车或篷车与其他和未特指机动车辆碰撞造成轻型货车或篷车乘客的损伤
140694,V59.800,轻型货车或篷车乘员在其他特指运输事故中的损伤
140695,V59.900,轻型货车或篷车乘员在交通事故中的损伤
140696,V59.900x091,轻型货车或篷车事故
140697,V60.x00,重型运输车乘员在重型运输车与行人或牲畜碰撞中的损伤
140698,V61.x00,重型运输车乘员在重型运输车与脚踏车碰撞中的损伤
140700,V63.x00,重型运输车乘员在重型运输车与小汽车、轻型货车或篷车碰撞中的损伤
140701,V64.x00,重型运输车乘员在重型运输车与重型运输车或公共汽车碰撞中的损伤
140702,V65.x00,重型运输车乘员在重型运输车与火车或铁路车辆碰撞中的损伤
140704,V67.x00,重型运输车乘员在重型运输车与固定或静止物体碰撞中的损伤
140705,V68.x00,重型运输车乘员在非碰撞性运输事故中的损伤
140706,V69.000,非交通事故中重型运输车与其他机动车辆碰撞造成重型运输车司机的损伤
140708,V69.200,非交通事故中重型运输车与其他机动车辆碰撞造成的重型运输车乘员的损伤
140709,V69.300,重型运输车乘员在非交通事故中的损伤
141344,Y48.400,麻醉药的有害效应
141345,Y48.500,治疗性气体的有害效应
141346,Y49.000,三环和四环抗抑郁药的有害效应
141347,Y49.100,单胺-氧化酶-抑制剂抗抑郁药的有害效应
141348,Y49.200,抗抑郁药的有害效应，其他的
141349,Y49.300,吩噻嗪抗精神病药和精神安定剂的有害效应
141350,Y49.300x001,氯丙嗪药物反应
141351,Y49.300x002,非那根药物反应
141352,Y49.400,丁酰苯和硫蒽精神安定剂的有害效应
141353,Y49.500,抗精神病药和精神安定剂的有害效应，其他的
141354,Y49.500x001,抗精神病药物反应
141355,Y49.600,致幻药(致幻剂)的有害效应
141356,Y49.700,伴有滥用可能性的精神兴奋剂的有害效应
141357,Y49.800,对精神有影响的药物的有害效应，其他的不可归类在他处者
141358,Y49.900,对精神有影响的药物的有害效应
141359,Y50.000,复苏药的有害效应
141360,Y50.100,类阿片受体拮抗剂的有害效应
141361,Y50.200,甲基黄嘌呤类的有害效应，不可归类在他处者
141362,Y50.800,中枢神经系统兴奋剂的有害效应，其他的
141364,Y51.000,抗胆碱酯酶剂的有害效应
141366,Y51.200,神经节阻滞药的有害效应，不可归类在他处者
141367,Y51.300,副交感神经抑制剂(抗胆碱能药和抗毒蕈碱药)和解痉药的有害效应，其他的，不可归类在他处者
141368,Y51.300x001,颠茄药物反应
141578,Y66.x00x001,手术和医疗的过早停止
141580,Y69.x00x001,医疗中意外事故
141581,Y69.x00x002,医疗中意外损伤
141582,Y70.000,与有害事件有关的麻醉诊断和监测装置
141584,Y70.200,与有害事件有关的麻醉假体和其他植入物、材料和附件装置
141585,Y70.300,与有害事件有关的麻醉手术器械、材料和装置（包括缝线）
141586,Y70.800,与有害事件有关的麻醉多用途装置，不可归类在他处者
138960,T43.002,多虑平中毒
138961,T43.100,单胺-氧化酶-抑制剂抗抑郁药中毒
138962,T43.200,抗抑郁药中毒，其他和未特指的
138963,T43.200x001,氟西汀中毒
138964,T43.201,抗抑郁药中毒
138965,T43.300,酚噻嗪抗精神病药和精神安定剂中毒
138967,T43.300x003,酚噻嗪基类安定药中毒
138968,T43.301,非那根中毒
138969,T43.302,氯丙嗪中毒
138970,T43.400,丁酰苯和硫蒽精神安定剂中毒
138972,T43.400x003,硫蒽精神安定剂中毒
138973,T43.401,氟哌啶醇中毒
140452,T93.500,下肢肌肉和肌腱损伤后遗症
141165,Y31.x00,在移动物体前跌倒、躺卧或跑动以及进入移动物体，意图不确定的
141166,Y32.x00,机动车辆的碰撞，意图不确定的
141167,Y33.x00,事件，其他特指的意图不确定
141168,Y34.x00,事件，意图不确定的
141169,Y35.000,涉及火器发射的依法处置
141170,Y35.000x001,用手枪枪击的依法处置
141171,Y35.000x002,用步枪枪击的依法处置
141172,Y35.000x003,用霰弹枪枪击的依法处置
141173,Y35.000x004,用小口径枪枪击的依法处置
141174,Y35.000x005,用大口径枪枪击的依法处置
141175,Y35.000x009,用火器的依法处置
141176,Y35.100,涉及爆炸物的依法处置
141177,Y35.200,涉及气体的依法处置
141178,Y35.300,涉及钝器的依法处置
141179,Y35.400,涉及锐器的依法处置
141180,Y35.500,依法处以死刑
141181,Y35.600,涉及其他特指手段的依法处置
141182,Y35.700,依法处置
141183,Y36.000,涉及水中武器爆炸的作战行动
141184,Y36.100,涉及飞行器被破坏的作战行动
141185,Y36.200,涉及其他爆炸和弹片的作战行动
141186,Y36.200x001,枪弹和弹片所引起的战争损伤
141187,Y36.200x002,爆炸引起的战争损伤
141188,Y36.300,涉及炮火、大火和热物质的作战行动
141189,Y36.300x001,燃烧和大火引起的战争损伤
141191,Y36.400,涉及常规战争的火器发射和其他形式的作战行动
141192,Y36.400x001,由于手枪所引起的战争损伤
141194,Y36.400x003,由于霰弹猎枪所引起的战争损伤
141195,Y36.400x004,由于小口径步枪所引起的战争损伤
141196,Y36.400x005,由于大口径步枪所引起的战争损伤
141197,Y36.500,涉及核武器的作战行动
141199,Y36.700,涉及非常规战争的化学武器或其他形式的作战行动
141200,Y36.700x001,由于化学武器所引起的战争损伤
141202,Y36.800,发生在敌对行动停止后的作战行动
141203,Y36.900,作战行动
141204,Y36.900x001,在战争中损伤
141205,Y40.000,青霉素类的有害效应
140647,V37.x00,三轮机动车乘员在三轮机动车与固定或静止物体碰撞中的损伤
140649,V39.000,非交通事故中三轮机动车与其他机动车辆碰撞造成三轮机动车司机的损伤
140650,V39.100,非交通事故中三轮机动车与其他机动车辆碰撞造成三轮机动车乘客的损伤
140652,V39.300,三轮机动车乘员在非交通事故中的损伤
115905,D57.001,血红蛋白-SS病伴危象
115906,D57.100,镰状细胞性贫血不伴有危象
115907,D57.100x003,镰状细胞疾病
115908,D57.200,双杂合镰状细胞形成疾患
115909,D57.200x001,双杂合镰状细胞β型地中海贫血
115910,D57.201,血红蛋白-SC病
115911,D57.202,血红蛋白-SD病
115912,D57.203,血红蛋白-SE病
115913,D57.204,镰状细胞地中海贫血
115914,D57.300,镰状细胞特性
116640,E10.400x360+G99.0*,1型糖尿病性性无能
116641,E10.400x370+G99.0*,1型糖尿病性胃轻瘫
116642,E10.400x380+G99.0*,1型糖尿病性膀胱张力减弱
116643,E10.400x381+N33.8*,1型糖尿病神经源性膀胱炎
116644,E10.400x390+G99.0*,1型糖尿病性神经性水肿
116645,E10.400x901+G99.0*,1型糖尿病性脊髓病
116646,E10.400x910+G63.2*,1型糖尿病伴神经系统并发症
116647,E10.401+G63.2*,1型糖尿病性周围神经病
116648,E10.402+G99.0*,1型糖尿病性自主神经病变
116649,E10.403+G63.2*,1型糖尿病性神经炎
116650,E10.404+G99.0*,1型糖尿病性神经源性膀胱
116651,E10.405+G73.0*,1型糖尿病性肌萎缩
116652,E10.500,1型糖尿病伴有周围循环并发症
116653,E10.500x021+I79.2*,1型糖尿病性周围血管病及坏疽
116655,E10.500x044,1型糖尿病性足坏疽
116656,E10.500x045,1型糖尿病性急性皮肤坏疽
116657,E10.500x046,1型糖尿病性细菌性坏疽
116658,E10.500x047,1型糖尿病性溶血性坏疽
116660,E10.500x049,1型糖尿病性曼莱尼坏疽
116661,E10.500x051,1型糖尿病性下肢感染
116662,E10.501+I79.2*,1型糖尿病性周围血管病变
116663,E10.502+I79.2*,1型糖尿病性心肌病
116665,E10.504,1型糖尿病性溃疡
116666,E10.505,1型糖尿病性坏疽
116667,E10.600,1型糖尿病伴有其他特指的并发症
116669,E10.600x012+M14.2*,1型糖尿病性手关节综合征
116670,E10.600x014+M14.2*,1型糖尿病性手掌筋膜纤维瘤病
116671,E10.600x015+M14.2*,1型糖尿病性肩关节周围炎
116672,E10.600x021,1型糖尿病性大疱症
116674,E10.600x024,1型糖尿病性潮红
116675,E10.600x025,1型糖尿病性皮肤硬化
116676,E10.600x026,1型糖尿病性皮肤增厚
116678,E10.600x028,1型糖尿病性甲周毛细血管扩张
125112,K29.801,十二指肠球炎
125113,K29.802,十二指肠乳头炎
125114,K29.900,胃十二指肠炎
125115,K30.x00,功能性消化不良
125116,K30.x00x001,肠消化不良
125117,K30.x00x002,新生儿消化不良
125118,K31.000,急性胃扩张
125119,K31.100,成人肥厚性幽门狭窄
125120,K31.100x002,幽门梗阻
125121,K31.101,瘢痕性幽门梗阻
125122,K31.102,幽门不全梗阻
125123,K31.103,幽门肥大
125124,K31.104,幽门狭窄
125125,K31.200,胃沙漏状狭窄及缩窄
125126,K31.300,幽门痉挛
125127,K31.400,胃憩室
125128,K31.500,十二指肠梗阻
125129,K31.501,十二指肠狭窄
125130,K31.502,十二指肠淤积
125131,K31.600,胃和十二指肠瘘
125132,K31.600x004,胃小肠结肠瘘
125133,K31.600x005,胃瘘
125134,K31.601,胃空肠结肠瘘
116283,D76.303,窦性组织细胞增生伴巨大淋巴结病
116284,D76.304,Erdheim-Chester病
116285,D80.000,遗传性低丙球蛋白血症
116925,E14.200x028+N08.3*,糖尿病性递进性肾病
116926,E14.200x029+N08.3*,糖尿病性毛细管间性肾小球硬化症
116927,E14.200x030+N08.3*,糖尿病性持续蛋白尿
116928,E14.200x031+N29.8*,糖尿病性终末期肾脏病
116929,E14.200x091+N08.3*,糖尿病性急性肾功能衰竭
116930,E14.200x092+N08.3*,糖尿病性髓质乳头坏死
116931,E14.200x211+N08.3*,糖尿病肾病I期
116933,E14.200x213+N08.3*,糖尿病肾病III期
116934,E14.200x214+N08.3*,糖尿病肾病IV期
116935,E14.200x215+N08.3*,糖尿病肾病V期
116936,E14.300,糖尿病伴有眼的并发症
116938,E14.300x012+H36.0*,糖尿病性背景性出血性视网膜病
116939,E14.300x013+H36.0*,糖尿病性背景性硬性渗出物性视网膜病
116940,E14.300x014+H36.0*,糖尿病性背景性小动脉瘤视网膜病
116942,E14.300x021+H36.0*,糖尿病性增殖性前期视网膜病
116943,E14.300x022+H36.0*,糖尿病性增殖性前期视网膜内微血管异常性视网膜病
116945,E14.300x024+H36.0*,糖尿病性增殖性前期出血性视网膜病
116947,E14.300x031+H36.0*,糖尿病性增殖性视网膜病
116948,E14.300x032+H36.0*,糖尿病性增殖性出血性视网膜病
138974,T43.500,抗精神病药和精神安定剂中毒，其他和未特指的
138975,T43.500x001,安宁中毒
138976,T43.500x002,富马酸喹硫平中毒
138977,T43.500x003,碳酸锂中毒
138978,T43.500x004,抗精神病药中毒
138979,T43.500x005,五氟利多中毒
138980,T43.501,抗精神病药和精神安定剂中毒
138981,T43.502,眠尔通中毒
138982,T43.600,精神兴奋剂中毒伴有滥用潜势
138983,T43.600x003,冰毒中毒
138984,T43.600x004,摇头丸中毒
138985,T43.601,咖啡因中毒
138986,T43.800,"对精神有影响的药物中毒，其他的,不可归类在他处者"
138988,T44.000,抗胆碱酯酶剂中毒
138989,T44.001,吡啶斯明中毒
138990,T44.100,拟副交感神经药(胆碱能药)中毒，其他的
138991,T44.100x001,拟副交感神经药中毒
138992,T44.200,神经节阻滞药中毒，不可归类在他处者
138993,T44.200x001,神经节阻滞药中毒
138994,T44.300,副交感神经抑制剂(抗胆碱能药和抗毒蕈碱药)和解痉药中毒，其他的，不可归类在他处者
138995,T44.301,阿托品中毒
138996,T44.302,莨菪碱类植物中毒
138997,T44.303,安坦中毒
138998,T44.400,主要为α肾上腺素能受体显效药中毒，不可归类在他处者
138999,T44.400x001,α肾上腺素能受体显效药中毒
139000,T44.400x002,阿拉明中毒
139002,T44.500x001,β肾上腺素能受体显效药中毒
139003,T44.600,α肾上腺素能受体拮抗剂中毒，不可归类在他处者
139004,T44.600x001,α肾上腺素能受体拮抗剂中毒
115782,D48.700x013,手部交界性肿瘤
115783,D48.700x015,臀部交界性肿瘤
115785,D48.700x019,胸部交界性肿瘤
115786,D48.700x021,眶交界性肿瘤
115787,D48.700x023,腋下交界性肿瘤
115788,D48.700x025,面部交界性肿瘤
115790,D48.700x027,颅鼻眶沟通交界性肿瘤
115791,D48.701,头颈部动态未定肿瘤
115792,D48.702,头颈部肿瘤
115793,D48.703,眼动态未定肿瘤
115794,D48.704,眼肿瘤
115795,D48.705,眶周围神经动态未定肿瘤
115797,D48.707,躯干动态未定肿瘤
115798,D48.708,躯干肿瘤
115799,D48.709,胸腔动态未定肿瘤
115800,D48.710,胸腔肿瘤
115802,D48.712,心脏肿瘤
115803,D48.713,腹腔动态未定肿瘤
115804,D48.714,腹腔肿瘤
115805,D48.715,盆腔动态未定肿瘤
140653,V39.400,交通事故中三轮机动车与其他和未特指机动车辆碰撞造成三轮机动车司机的损伤
140654,V39.500,交通事故中三轮机动车与其他和未特指机动车辆碰撞造成三轮机动车乘客的损伤
141379,Y51.900x002,多巴胺药物反应
141380,Y52.000,心脏兴奋苷和相似作用药的有害效应
141381,Y52.000x001,地高辛药物反应
141382,Y52.000x002,洋地黄药物反应
141384,Y52.100x001,心痛定药物反应
141385,Y52.200,抗心律障碍药的有害效应，其他的，不可归类在他处者
141386,Y52.200x001,心律调节剂药物反应
141387,Y52.200x002,奎尼丁药物反应
141388,Y52.200x003,乙胺碘呋酮药物反应
141389,Y52.300,冠状血管扩张剂的有害效应，不可归类在他处者
141390,Y52.300x001,潘生丁药物反应
141391,Y52.300x002,硝酸异山梨醇酯药物反应
141392,Y52.300x003,硝酸甘油药物反应
141393,Y52.400,血管紧张素转换酶抑制剂的有害效应
141394,Y52.400x001,巯甲丙脯酸药物反应
141395,Y52.500,"抗高血压药的有害效应，其他的,不可归类在他处者"
141396,Y52.500x001,利血平药物反应
141397,Y52.500x002,复方降压片药物反应
141399,Y52.700,周围血管扩张剂的有害效应
141400,Y52.800,抗静脉曲张药（包括硬化剂）的有害效应
141401,Y52.900,主要影响心血管系统的其他和未特指制剂的有害效应
141403,Y53.000x001,甲腈咪胍药物反应
141404,Y53.000x002,雷尼替丁药物反应
141405,Y53.100,抗酸药和抗胃分泌药的有害效应，其他的
141406,Y53.200,刺激性轻泻剂的有害效应
141408,Y53.400,"轻泻剂的有害效应,其他的"
141409,Y53.500,助消化药的有害效应
141410,Y53.600,止泻药的有害效应
141411,Y53.700,催吐药的有害效应
141412,Y53.800,主要影响胃肠系统制剂的有害效应，其他的
141414,Y54.000,盐（肾上腺）皮质激素类的有害效应
141415,Y54.100,盐（肾上腺）皮质激素类拮抗剂(醛固酮拮抗剂)的有害效应
141416,Y54.200,碳酸脱水酶抑制剂的有害效应
141418,Y54.300x001,双氢克尿噻药物反应
141419,Y54.400,袢(强效)利尿剂的有害效应
140005,T84.501,髋关节假体植入感染
140006,T84.502,膝关节假体植入感染
140008,T84.504,肘关节假体植入物感染
140009,T84.600,内部固定装置(任何部位)引起的感染和炎症性反应
140010,T84.600x003,内固定装置引起的感染
116679,E10.600x031,1型糖尿病性急性牙周脓肿
116680,E10.600x032,1型糖尿病性牙周炎
116681,E10.600x042,1型糖尿病性低血糖性癫痫发作
140498,T95.200x005,上肢腐蚀伤后遗症
140499,T95.200x006,手部腐蚀伤后遗症
140500,T95.201,陈旧性上肢烧伤
140501,T95.202,陈旧性手烧伤
140502,T95.300,下肢烧伤、腐蚀伤和冻伤后遗症
140503,T95.300x001,下肢烧伤后遗症
140504,T95.300x002,下肢冻伤后遗症
140505,T95.300x003,下肢腐蚀伤后遗症
140506,T95.301,陈旧性下肢烧伤
140507,T95.400,仅根据涉及体表范围分类的烧伤和腐蚀伤后遗症
140508,T95.800,烧伤、腐蚀伤和冻伤后遗症，其他特指的
140509,T95.800x001,眼部烧伤后遗症
140510,T95.800x002,眼部冻伤后遗症
140511,T95.800x003,眼部腐蚀伤后遗症
140512,T95.800x004,上肢和下肢烧伤后遗症
140513,T95.800x005,上肢和下肢冻伤后遗症
141221,Y40.700x001,制菌霉素药物反应
141222,Y40.800,"全身性抗生素的有害效应,其他的"
141223,Y40.800x002,洁霉素药物反应
141224,Y40.800x003,合霉素药物反应
141225,Y40.800x004,氟哌酸药物反应
141226,Y40.900,全身性抗生素的有害效应
141227,Y41.000,磺胺类的有害效应
141228,Y41.000x002,氯苯砜药物反应
141230,Y41.100x001,吡嗪酰胺药物反应
141231,Y41.100x002,雷米封药物反应
141232,Y41.200,抗疟疾和对其他血液原虫有作用的药的有害效应
141235,Y41.400,驱蠕虫药的有害效应
141236,Y41.400x001,吡喹酮药物反应
141237,Y41.500,抗病毒药的有害效应
141239,Y41.800x001,痢特灵药物反应
141240,Y41.800x002,呋喃坦啶药物反应
141241,Y41.800x003,灭滴灵药物反应
141242,Y41.800x004,吡哌酸药物反应
141243,Y41.800x005,羟基喹啉衍生物药物反应
141244,Y41.900,全身性抗感染药和抗寄生虫药的有害效应
141246,Y42.000x001,可的松药物反应
141247,Y42.000x002,强的松药物反应
141248,Y42.100,甲状腺激素类及其代用品的有害效应
141249,Y42.100x001,他巴唑药物反应
141250,Y42.200,抗甲状腺药的有害效应
141251,Y42.300,胰岛素和口服降血糖（抗糖尿病）药的有害效应
141252,Y42.300x001,胰岛素药物反应
141254,Y42.400,口服避孕药的有害效应
132315,P36.200,金黄色酿脓葡萄球菌性新生儿脓毒症
132316,P36.300,葡萄球菌性新生儿脓毒症，其他的和未特指的
132317,P36.301,葡萄球菌性新生儿脓毒症
132318,P36.400,大肠杆菌性新生儿脓毒症
132319,P36.500,厌氧菌性新生儿脓毒症
132320,P36.800,新生儿其他的细菌性脓毒症
132321,P36.800x001,新生儿铜绿假单胞菌脓毒症
132322,P36.800x002,新生儿肺炎克雷伯菌脓毒症
132323,P36.800x003,新生儿阴沟肠杆菌脓毒症
132324,P36.800x004,新生儿不动杆菌脓毒症
132325,P36.800x005,新生儿枸橼酸杆菌脓毒症
132326,P36.900,新生儿的细菌性脓毒症
133360,Q37.300,软腭裂伴有单侧唇裂
133361,Q37.400,硬腭和软腭裂伴有双侧唇裂
133362,Q37.500,硬腭和软腭裂伴有单侧唇裂
133363,Q37.800,腭裂伴有双侧唇裂
133364,Q37.900,腭裂伴有单侧唇裂
133365,Q38.000,唇先天性畸形，不可归类在他处者
133366,Q38.000x003,先天性唇畸形
133367,Q38.000x005,先天性厚唇
133368,Q38.000x006,先天性薄唇
133369,Q38.000x007,先天性红唇缺如
133370,Q38.001,唇系带短缩
133372,Q38.003,先天性重唇
133373,Q38.004,先天性唇瘘
133374,Q38.100,舌系带过短
133375,Q38.200,巨舌
133376,Q38.300,舌的其他先天性畸形
133377,Q38.300x003,先天性小舌
133378,Q38.300x005,皱襞舌
133380,Q38.301,先天性舌发育不全
132545,P78.800x010,新生儿气胀
132546,P78.800x012,新生儿吞咽动作不协调
132547,P78.801,新生儿胆囊结石
132549,P78.803,先天性肝硬化
132550,P78.804,新生儿消化性溃疡
132551,P78.805,新生儿暂时性胃扭转
132552,P78.806,新生儿食管反流
132554,P78.900,围生期消化系统疾患
132555,P78.901,新生儿胎粪延迟排出
132556,P80.000,冷伤综合征
132557,P80.800,新生儿其他的低温症
132559,P80.801,新生儿环境性低体温
132560,P80.900,新生儿低温症
132561,P81.000,新生儿环境性高温
133623,Q50.500,阔韧带胚胎性囊肿
133624,Q50.501,先天性卵巢旁囊肿
133626,Q50.503,先天性卵巢冠囊肿
133627,Q50.504,女性莫尔加尼囊肿
133628,Q50.600,输卵管和阔韧带的其他先天性畸形
133630,Q50.600x904,先天性阔韧带缺如
133631,Q50.601,先天性输卵管缺失
130375,N90.800,外阴和会阴其他特指的非炎性疾患
130376,N90.800x009,外阴粘连
130377,N90.800x010,外阴非典型增生
130378,N90.800x011,会阴囊肿
130379,N90.800x012,会阴切口疝
130380,N90.800x024,大阴唇瘢痕
130381,N90.800x025,小阴唇瘢痕
130382,N90.801,会阴瘢痕
130383,N90.802,外阴瘢痕
130384,N90.803,外阴陈旧性裂伤
130385,N90.804,外阴假性湿疣
128478,M71.103,前臂感染性滑囊炎
128479,M71.104,手感染性滑囊炎
128480,M71.105,骨盆区感染性滑囊炎
128482,M71.107,小腿感染性滑囊炎
128483,M71.108,踝感染性滑囊炎
128484,M71.109,足感染性滑囊炎
128485,M71.200,腘间隙滑膜囊肿(贝克)
128486,M71.200x001,腘窝囊肿
128487,M71.300,黏液囊囊肿，其他的
128488,M71.300x021,肘窝囊肿
128489,M71.301,肩区滑膜囊肿
128490,M71.302,肘窝滑膜囊肿
128491,M71.303,腕关节滑膜囊肿
128492,M71.304,手关节滑膜囊肿
128493,M71.305,坐骨滑膜囊肿
128494,M71.306,髋关节滑膜囊肿
128495,M71.307,膝关节滑膜囊肿
128496,M71.308,踝关节滑膜囊肿
128497,M71.309,足滑膜囊肿
128498,M71.310,滑膜囊肿
128499,M71.400,黏液囊钙沉着
128500,M71.401,上臂滑膜钙化
128501,M71.402,前臂滑膜钙化
128502,M71.403,手部滑膜钙化
128503,M71.404,骨盆区滑膜钙化
128504,M71.405,大腿滑膜钙化
128506,M71.407,踝关节滑膜钙化
128507,M71.408,足滑膜钙化
128508,M71.500,滑囊炎，其他的不可归类在他处者
128509,M71.501,肘关节粘连性滑囊炎
128511,M71.503,手骨间关节粘连性滑囊炎
128512,M71.504,髋关节粘连性滑囊炎
128513,M71.505,骶髂关节粘连性滑囊炎
128514,M71.506,膝关节粘连性滑囊炎
128516,M71.508,足粘连性滑囊炎
128517,M71.800,黏液囊病，其他特指的
128518,M71.801,异位滑囊
128519,M71.900,黏液囊病
128521,M71.900x002,腕关节粘液囊病
128522,M71.900x003,手骨间关节粘液囊病
128523,M71.900x004,髋关节粘液囊病
128524,M71.900x005,骶髂关节粘液囊病
128526,M71.900x007,踝关节粘液囊病
128527,M71.909,滑囊炎
128528,M72.000,掌腱膜纤维瘤病(迪皮特朗)
128529,M72.001,掌筋膜挛缩症
128353,M65.901,肩关节滑膜炎
128354,M65.902,肘关节滑膜炎
128355,M65.903,腕关节滑膜炎
128356,M65.904,手关节滑膜炎
128357,M65.905,髋关节滑膜炎
128358,M65.906,膝关节滑膜炎
128359,M65.907,踝关节滑膜炎
128360,M65.908,跖趾关节滑膜炎
128361,M65.909,滑膜炎
128362,M65.910,腱鞘炎
128363,M66.000,腘囊肿破裂
128364,M66.100,滑膜破裂
128365,M66.101,多关节滑膜破裂
128366,M66.102,肩锁关节滑膜破裂
128367,M66.103,盂肱关节滑膜破裂
128368,M66.104,胸锁关节滑膜破裂
128369,M66.105,肘关节滑膜破裂
128370,M66.106,腕关节滑膜破裂
128371,M66.107,手骨间关节滑膜破裂
128372,M66.108,髋关节滑膜破裂
128373,M66.109,骶髂关节滑膜破裂
128374,M66.110,膝关节滑膜破裂
128375,M66.111,踝关节滑膜破裂
128376,M66.112,足关节滑膜破裂
128377,M66.113,滑膜囊肿破裂
128379,M66.201,肩区伸肌腱自发性破裂
128380,M66.202,上臂伸肌腱自发性破裂
128381,M66.203,前臂伸肌腱自发性破裂
128382,M66.204,手伸肌腱自发性破裂
128383,M66.205,骨盆区伸肌腱自发性破裂
128384,M66.206,大腿伸肌腱自发性破裂
128385,M66.207,小腿伸肌腱自发性破裂
128386,M66.208,踝伸肌腱自发性破裂
128387,M66.209,足伸肌腱自发性破裂
128388,M66.300,屈肌腱自发性破裂
128389,M66.301,肩区屈肌腱自发性破裂
128391,M66.303,前臂屈肌腱自发性破裂
128392,M66.304,手屈肌腱自发性破裂
128393,M66.305,骨盆区屈肌腱自发性破裂
128394,M66.306,大腿屈肌腱自发性破裂
129392,N05.000x004,微小病变性肾小球肾炎
129393,N05.100,肾炎综合征伴有局灶性和节段性肾小球损害
129394,N05.101,局灶性肾炎
129396,N05.201,膜性肾病
129397,N05.300,肾炎综合征伴有弥漫性肾小球系膜增生性肾小球肾炎
129398,N05.301,系膜增生性肾小球肾炎
129399,N05.400,肾炎综合征伴有弥漫性毛细血管内增生性肾小球肾炎
127588,M23.800x011,陈旧性膝前十字韧带断裂
127589,M23.800x021,陈旧性膝后十字韧带断裂
127590,M23.800x031,陈旧性膝内侧副韧带断裂
127591,M23.800x041,陈旧性膝外侧副韧带断裂
127593,M23.800x095,陈旧性膝关节软骨损伤
127594,M23.801,前十字韧带松弛
133632,Q50.602,先天性阔韧带缺失
133633,Q50.603,先天性输卵管闭锁
133634,Q51.000,子宫缺如和不发育
133635,Q51.000x001,始基子宫
133636,Q51.001,先天性子宫缺失
133637,Q51.100,双子宫伴有双宫颈和双阴道
133638,Q51.100x001,双子宫颈
133639,Q51.200,"双子宫,其他的"
133640,Q51.201,先天性双子宫单宫颈
133641,Q51.202,子宫纵隔
133642,Q51.203,子宫不全纵隔
133643,Q51.300,双角子宫
133644,Q51.400,单角子宫
133645,Q51.500,宫颈缺如和不发育
133646,Q51.501,先天性宫颈缺如
133647,Q51.502,先天性宫颈不发育
133648,Q51.600,宫颈胚胎性囊肿
133649,Q51.700,子宫和消化道、泌尿道之间的先天性瘘
133650,Q51.701,先天性子宫尿道瘘
133651,Q51.702,先天性子宫直肠瘘
133652,Q51.800,子宫和宫颈的其他先天性畸形
133653,Q51.800x007,先天性子宫内膜缺如
133654,Q51.800x011,子宫横隔
133655,Q51.800x012,子宫斜隔
133656,Q51.801,先天性宫颈发育不良
133657,Q51.802,弓形子宫
133658,Q51.803,先天性残角子宫
133659,Q51.804,先天性宫颈闭锁
133660,Q51.805,先天性宫颈隔
133661,Q51.806,先天性宫颈狭窄
133662,Q51.808,子宫发育不全
133663,Q51.900,子宫和宫颈先天性畸形
133664,Q51.901,先天性宫颈畸形
133665,Q52.000,先天性无阴道
133666,Q52.100,双阴道
133667,Q52.101,阴道斜隔
133668,Q52.103,阴道纵隔
133670,Q52.200,先天性直肠阴道瘘
133671,Q52.300,处女膜闭锁
133672,Q52.400,阴道的其他先天性畸形
139128,T49.800x001,杀精子药中毒
139129,T49.801,化妆品中毒
139130,T49.900,局部制剂中毒
139132,T50.100,袢(强效)利尿剂中毒
139133,T50.200,碳酸脱水酶抑制剂、苯并噻二嗪类和其他利尿剂中毒
139134,T50.200x001,乙酰醋胺中毒
139135,T50.200x002,汞利尿药类中毒
139136,T50.300,电解质、热量和水平衡剂中毒
139137,T50.300x001,氯化钾中毒
139139,T50.400,影响尿酸代谢的药物中毒
139140,T50.400x001,尿酸代谢药中毒
140073,T85.600x001,硬膜外和硬膜下输注导管引起的机械性并发症
140075,T85.600x004,永久性缝线引起的机械性并发症
140076,T85.600x006,MEDPOR假体外露
141937,Z24.100,为抗节肢动物媒介的病毒性脑炎采取必要的免疫
139403,T65.501,特指硝酸及酯类毒性效应
139404,T65.600,油漆和染料的毒性效应，不可归类在他处者
139405,T65.600x001,清漆中毒
139406,T65.600x002,油漆中毒
139407,T65.600x003,染料中毒
139408,T65.800,物质的毒性效应，其他特指
139409,T65.800x002,染发液中毒
139410,T65.800x003,高锰酸钾中毒
139411,T65.800x004,偏二甲基肼中毒
139412,T65.800x005,消毒剂中毒
139413,T65.800x006,丙烯酰胺中毒
139414,T65.800x007,碘甲烷中毒
139415,T65.801,加湿器消毒剂中毒
139416,T65.900,物质的毒性效应
139417,T65.900x001,防冻液中毒
139418,T65.901+F02.8*,中毒性痴呆
139419,T66.x00,辐射的效应
139420,T66.x00x001,放射病
139421,T66.x00x002,职业性放射性疾病
139422,T66.x01,放射性损伤
139423,T66.x02+H47.5*,放射性视神经损害
139424,T67.000,热射病和日射病
139425,T67.000x001,热射病
139426,T67.000x002,热卒中
139427,T67.001,热性发热
139428,T67.002,日射病
139429,T67.100,热性晕厥
139430,T67.100x002,热性虚脱
139431,T67.200,中暑痉挛
139432,T67.300,脱水性中暑衰竭
139433,T67.300x001,中暑脱水
139434,T67.300x002,脱水性中暑虚脱
139436,T67.400x001,盐缺失性中暑虚脱
139437,T67.500,中暑衰竭
139438,T67.500x001,中暑虚脱
139439,T67.600,短暂性中暑疲劳
139440,T67.700,中暑水肿
139441,T67.800,热和光的其他效应
139443,T67.901,中暑
139444,T68.x00,低体温
139445,T69.000,浸泡手和足
139446,T69.000x001,浸泡手
139447,T69.000x002,浸泡足
139449,T69.000x004,打猎反应
139450,T69.100,冻疮
139451,T69.100x002,耳廓冻疮
139452,T69.100x003,足部冻疮
139453,T69.100x004,面部冻疮
139455,T69.800,降温的其他特指效应
139456,T69.800x001,皲裂
139458,T69.800x003,足部皲裂
139459,T69.900,降温的效应
139461,T70.100,航空鼻窦炎
132347,P39.101,新生儿泪囊炎
132348,P39.102,新生儿衣原体性结膜炎
132350,P39.300,新生儿泌尿道感染
128864,M85.002,贾菲利希滕斯坦（-尤林格）综合征
128865,M85.003,肱骨纤维结构不良
128866,M85.100,氟骨症
128867,M85.200,颅骨肥大
128868,M85.201,额骨内面骨肥厚
128869,M85.202,狮面骨
128870,M85.300,致密性骨炎
128871,M85.400,单一性骨囊肿
128872,M85.500,动脉瘤性骨囊肿
128873,M85.600,骨囊肿，其他的
128874,M85.600x021,肱骨骨囊肿
128875,M85.600x031,桡骨骨囊肿
128876,M85.600x032,尺骨骨囊肿
128877,M85.600x041,腕骨骨囊肿
128878,M85.600x042,指骨骨囊肿
128879,M85.600x043,掌骨骨囊肿
128880,M85.600x051,股骨骨囊肿
128881,M85.600x052,坐骨结节囊肿
128882,M85.600x053,髂骨骨囊肿
128884,M85.600x062,胫骨骨囊肿
128885,M85.600x071,距骨骨囊肿
129869,N48.500,阴茎溃疡
129870,N48.600,阴茎海绵体硬结症
129871,N48.800,阴茎其他特指的疾患
129872,N48.800x005,包皮脓肿
129873,N48.800x009,阴茎水肿
129874,N48.801,包皮瘢痕
129875,N48.802,包皮囊肿
129876,N48.803,包皮血肿
129877,N48.804,非感染性阴茎海绵体坏疽
129878,N48.805,后天性阴茎畸形
129879,N48.806,后天性阴茎隐匿
129880,N48.807,泰森腺囊肿
138323,T21.000x043,肩胛间区烧伤
138324,T21.000x051,大阴唇烧伤
138325,T21.000x052,小阴唇烧伤
138326,T21.000x053,阴茎烧伤
138327,T21.000x054,会阴烧伤
138329,T21.000x056,睾丸烧伤
138330,T21.000x057,外阴烧伤
138331,T21.000x091,肛门烧伤
138332,T21.100,躯干一度烧伤
138334,T21.100x021,胸壁一度烧伤
138335,T21.100x031,腹壁一度烧伤
138336,T21.100x032,胁腹一度烧伤
138337,T21.100x033,腹股沟一度烧伤
138338,T21.100x041,臀部一度烧伤
138340,T21.100x043,肩胛间区一度烧伤
138341,T21.100x051,大阴唇一度烧伤
138342,T21.100x052,小阴唇一度烧伤
138343,T21.100x053,阴茎一度烧伤
138345,T21.100x055,阴囊一度烧伤
138346,T21.100x056,睾丸一度烧伤
138347,T21.100x057,外阴一度烧伤
138348,T21.100x091,肛门一度烧伤
138350,T21.200x011,乳房二度烧伤
138351,T21.200x021,胸壁二度烧伤
128530,M72.100,指节垫
128531,M72.200,跖筋膜纤维瘤病
128532,M72.201,足底筋膜纤维瘤病
128533,M72.202,跖筋膜炎
128534,M72.400,假肉瘤性纤维瘤病
128535,M72.401,肩区结节性筋膜炎
128536,M72.402,上臂结节性筋膜炎
128537,M72.403,前臂结节性筋膜炎
129507,N15.900x002,肾周围感染
129508,N15.900x003,肾皮质化脓性感染
129509,N15.900x004,感染性肾炎
129510,N15.901,肾感染
129511,N17.000,急性肾衰竭伴有肾小管坏死
129512,N17.001,急性肾小管坏死
129513,N17.002,缺血性肾病
129514,N17.100,急性肾衰竭伴有急性肾皮质坏死
129515,N17.101,急性肾皮质坏死
128768,M80.801,老年性骨质疏松伴病理性骨折
128769,M80.900,骨质疏松伴有病理性骨折
128770,M81.000,绝经后骨质疏松
128771,M81.100,卵巢切除术后骨质疏松
128772,M81.200,失用性骨质疏松
128773,M81.300,手术后吸收不良性骨质疏松
128774,M81.400,药物性骨质疏松
128775,M81.500,特发性骨质疏松
128776,M81.600,局限性骨质疏松(勒凯纳)
128777,M81.800,骨质疏松，其他的
128778,M81.800x091,老年性骨质疏松
128779,M81.801,肝性骨营养不良
128781,M81.900x101,脊椎松解
128782,M81.903,骨脱矿质
128783,M81.904,骨脱钙
128784,M83.000,产褥期骨软化症
128785,M83.100,老年性骨软化症
128787,M83.200x092,成人手术后吸收障碍性骨软化症
128788,M83.300,营养不良引起的成人骨软化症
128789,M83.400,铝骨病
128790,M83.500,成人其他药物性骨软化症
128792,M83.801,麦角甾醇缺乏（维生素D2）伴成人骨软化
128793,M83.802,全身骨内多发性吸收
128794,M83.900,成人骨软化症
128795,M83.900x091,骨软化症
128797,M84.000x021,肱骨骨折连接不正
128798,M84.000x031,尺骨骨折连接不正
128801,M84.000x042,腕舟骨骨折连接不正
128802,M84.000x043,掌骨骨折连接不正
128803,M84.000x051,股骨骨折连接不正
128804,M84.000x052,骨盆骨折连接不正
128806,M84.000x062,髌骨骨折连接不正
128807,M84.000x063,腓骨骨折连接不正
128808,M84.000x071,跟骨骨折连接不正
128809,M84.000x072,踝关节骨折连接不正
140077,T85.600x007,扩张器外露
140078,T85.600x008,扩张器渗液
140079,T85.600x009,扩张器破裂
140080,T85.600x010,腹腔化疗泵外露
140081,T85.601,人工耳蜗松动
140082,T85.602,人工听骨移位
140083,T85.603,鼓膜置管移位
140084,T85.604,外耳道支架短缩
140085,T85.606,气管套管脱出
140086,T85.607,气管植入T管断裂
140087,T85.608,主支气管支架断裂
140088,T85.609,腹膜透析管移位
140089,T85.610,腹膜透析管阻塞
140090,T85.611,腹膜透析管并发症
140091,T85.700,假体装置、植入物和移植物引起的感染和炎症性反应，其他内部的
140092,T85.700x103,腹膜透析导管隧道感染
140093,T85.700x104,腹膜透析导管外口感染
140094,T85.700x804,胸部硅胶板植入感染
140095,T85.700x808,植入装置后感染
140096,T85.700x809,鼻假体植入后感染
140098,T85.702,人工硬脑膜植入感染
140099,T85.703,导管相关性感染
140100,T85.704,巩膜硅胶带环扎植入感染
140101,T85.705,人工耳蜗植入感染
140102,T85.706,鼻硅胶植入感染
140103,T85.708,胆道造影术后感染
140104,T85.709,腹腔插管感染
140105,T85.710,腹膜透析中腹腔感染
140106,T85.711,腹膜透析后腹膜炎
140107,T85.712,皮肤扩张器植入感染
140108,T85.713,颅骨人工骨板植入感染
140110,T85.800x801,扩张器植入术后皮瓣破裂
140111,T85.800x802,TIPSS肝内支架狭窄
140112,T85.800x803,植入物脱出
140113,T85.800x804,插管引起的气管内出血
140114,T85.800x805,人工角膜前膜
140115,T85.800x806,人工角膜后膜
140116,T85.800x807,人工晶体前膜
140117,T85.800x808,眼硅油残留
140119,T85.800x810,鼻整形术后并发症
140120,T85.800x811,鼻整形术后假体外露
139391,T65.200,烟草和尼古丁的毒性效应
139392,T65.200x001,烟草中毒
139393,T65.200x002,尼古丁中毒
139395,T65.300x001,苯胺中毒
139396,T65.300x002,硝基苯中毒
139397,T65.300x003,三硝基甲苯中毒
139398,T65.300x004,硝基化合物中毒
139399,T65.400,二硫化碳的毒性效应
139400,T65.500,硝化甘油和其他硝酸及酯类的毒性效应
139402,T65.500x002,三硝酸甘油中毒
140327,T92.000,上肢开放性伤口后遗症
132351,P39.400,新生儿皮肤感染
132352,P39.401,新生儿脓皮病
132353,P39.402,新生儿皮肤霉菌感染
132354,P39.403,新生儿臀炎
132355,P39.800,特发于围生期的其他特指感染
132356,P39.800x004,新生儿沙门菌感染
132357,P39.800x005,新生儿鼠伤寒沙门菌感染
132358,P39.800x006,新生儿猪霍乱沙门菌感染
132359,P39.800x007,新生儿梭状芽胞杆菌感染
132360,P39.800x008,新生儿大肠杆菌感染
132361,P39.801,新生儿颅内感染
132362,P39.900,特发于围生期的感染
132363,P50.000,前置血管所致的胎儿失血
132364,P50.100,脐带破裂所致的胎儿失血
132365,P50.200,胎盘所致的胎儿失血
132366,P50.300,出血流入双胎之另一胎儿
132367,P50.400,出血流入母体循环
132368,P50.500,双胎之另一胎儿的脐带断端所致的胎儿失血
132369,P50.800,胎儿失血，其他的
132370,P50.900,胎儿失血
132371,P51.000,新生儿脐带大量出血
132372,P51.800,新生儿其他的脐带出血
132373,P51.801,新生儿脐带结扎滑脱
132374,P51.900,新生儿的脐带出血
132375,P52.000,胎儿和新生儿脑室内（非创伤性）出血，Ⅰ度
132376,P52.100,胎儿和新生儿脑室内（非创伤性）出血，Ⅱ度
132377,P52.200,胎儿和新生儿脑室内（非创伤性）出血，Ⅲ-Ⅳ度
132378,P52.200x001,新生儿脑室内出血Ⅲ度（非创伤性）
133427,Q39.802,先天性短食管
133428,Q39.803,先天性食管囊肿
133429,Q39.900,食管先天性畸形
133430,Q40.000,先天性肥大性幽门狭窄
133431,Q40.002,先天性幽门闭锁
133432,Q40.003,先天性幽门痉挛
133433,Q40.100,先天性食管裂孔疝
133435,Q40.200x004,先天性贲门痉挛
133436,Q40.200x005,先天性沙漏状胃
133437,Q40.200x010,十二指肠隔膜
133438,Q40.201,胃重复畸形
133439,Q40.202,先天性小胃畸形
133441,Q40.204,先天性胃壁肌层缺损
133442,Q40.205,先天性胃黏膜异位
133443,Q40.206,先天性胃扭转
133444,Q40.207,先天性胃憩室
133446,Q40.209,食管胃黏膜异位
133447,Q40.300,胃先天性畸形
133448,Q40.800,上消化道其他特指的先天性畸形
133450,Q41.000,十二指肠先天性缺如、闭锁和狭窄
133452,Q41.002,先天性十二指肠狭窄
133453,Q41.003,先天性十二指肠闭锁
138352,T21.200x031,腹壁二度烧伤
138353,T21.200x032,胁腹二度烧伤
138354,T21.200x033,腹股沟二度烧伤
138355,T21.200x041,臀部二度烧伤
138356,T21.200x042,背部二度烧伤
138357,T21.200x043,肩胛间区二度烧伤
138358,T21.200x051,大阴唇二度烧伤
138359,T21.200x052,小阴唇二度烧伤
138360,T21.200x053,阴茎二度烧伤
138361,T21.200x054,会阴二度烧伤
138362,T21.200x055,阴囊二度烧伤
138363,T21.200x056,睾丸二度烧伤
138364,T21.200x057,外阴二度烧伤
138365,T21.200x091,肛门二度烧伤
138366,T21.300,躯干三度烧伤
138367,T21.300x011,乳房三度烧伤
138368,T21.300x021,胸壁三度烧伤
138369,T21.300x031,腹壁三度烧伤
138370,T21.300x032,胁腹三度烧伤
138371,T21.300x033,腹股沟三度烧伤
138372,T21.300x041,臀部三度烧伤
138373,T21.300x042,背部三度烧伤
138374,T21.300x043,肩胛间区三度烧伤
138375,T21.300x051,大阴唇三度烧伤
138376,T21.300x052,小阴唇三度烧伤
138377,T21.300x053,阴茎三度烧伤
138378,T21.300x054,会阴三度烧伤
138379,T21.300x055,阴囊三度烧伤
138380,T21.300x056,睾丸三度烧伤
135184,R74.900x001,血清肌酶异常
135185,R75.x00,人类免疫缺陷病毒(HIV)的实验室证据
135186,R75.x00x001,人类免疫缺陷病毒阳性(HIV阳性)
135188,R76.000x001,抗体滴度升高
135189,R76.100,结核菌素试验的异常反应
135190,R76.100x001,芒图试验异常
129347,N03.503,膜性增生性肾小球肾炎
129348,N03.600,慢性肾炎综合征伴有密集沉积物病
129349,N03.601,膜增殖性肾小球肾炎Ⅱ型
129351,N03.800,慢性肾炎综合征，其他的
129352,N03.800x001,慢性弥漫性增殖性肾小球肾炎
129353,N03.800x003,慢性肾小球肾炎伴硬化性肾炎
129354,N03.800x004,慢性肾小球肾炎伴膜性增殖性肾小球肾炎
129355,N03.801,慢性增殖性肾小球肾炎
129357,N03.900x002,慢性肾小球肾炎伴小管间质病变
129358,N03.900x003,慢性肾炎
129359,N03.900x004,隐匿型肾小球肾炎
129361,N03.900x006,慢性肾病
129362,N03.900x007,慢性肾小球病
129363,N03.901,慢性肾小球肾炎
129364,N04.000,肾病综合征伴有轻微的肾小球异常
128811,M84.000x074,足骨骨折连接不正
128812,M84.000x081,下颌骨骨折连接不正
128813,M84.000x082,面骨骨折连接不正
128814,M84.100,骨折不连接(假关节)
128815,M84.100x011,锁骨骨折不连接
128816,M84.100x012,肩胛骨骨折不连接
128817,M84.100x021,肱骨骨折不连接
128818,M84.100x031,尺骨骨折不连接
128819,M84.100x032,桡骨骨折不连接
129796,N41.200,前列腺脓肿
129797,N41.300,前列腺膀胱炎
129798,N41.800,"前列腺炎性疾病,其他的"
129799,N41.900,前列腺炎性疾病
129800,N41.900x001,前列腺炎
129801,N41.900x002,化脓性前列腺炎
129802,N42.000,前列腺结石
129803,N42.100,前列腺充血和出血
129804,N42.101,前列腺充血
129805,N42.102,前列腺出血
129806,N42.200,前列腺萎缩
129807,N42.300,前列腺不典型增生
135129,R63.800,有关食物和液体摄取的其他症状和体征
135130,R63.801,营养风险
135131,R64.x00,恶病质
135132,R64.x00x002,消瘦
135133,R65.000,传染性病因的全身炎症反应综合征不伴有器官衰竭
135134,R65.100,传染性病因的全身炎症反应综合征伴有器官衰竭
135135,R65.101,重症脓毒症
135136,R65.200,非传染性病因的全身炎症反应综合征不伴有器官衰竭
135138,R65.301,非感染性多器官功能障碍综合征（MODS）
135139,R65.900,全身炎症反应综合征
135140,R68.000,低温，与低温环境无关
135141,R68.100,婴儿期特有的非特指的症状
135142,R68.100x001,新生儿呻吟
135143,R68.100x002,易激惹婴儿
135145,R68.200,口干
135146,R68.300,杵状指
135147,R68.300x002,杵状甲
135148,R68.800,一般症状和体征，其他特指的
135149,R68.800x001,多脏器功能衰竭
135151,R68.800x003,非婴儿哭闹
135152,R68.801,毒血症
135153,R68.803,神游症
135154,R69.x00,原因不知的发病
135155,R70.000,红细胞沉降率升高
135157,R70.101,高黏滞血症
135158,R71.x00,红细胞异常
135159,R71.x00x004,红细胞形态学异常
135160,R71.x00x005,红细胞体积异常
135163,R73.000,葡萄糖耐量试验异常
135164,R73.001,化学性糖尿病
135165,R73.002,糖尿病前期
135166,R73.003,潜伏性糖尿病
140328,T92.001,陈旧性开放性上肢损伤
140329,T92.100,臂骨折后遗症
140330,T92.100x004,陈旧性肩峰骨折
140331,T92.100x005,陈旧性肩盂骨折
140332,T92.100x008,陈旧性上肢骨折
140333,T92.100x009,陈旧性锁骨骨折
140334,T92.100x010,陈旧性盖氏骨折
140335,T92.100x011,陈旧性孟氏骨折
140336,T92.101,陈旧性肩胛骨骨折
140337,T92.102,陈旧性臂骨折
140338,T92.103,陈旧性肱骨骨折
140339,T92.104,陈旧性尺桡骨骨折
140341,T92.106,陈旧性桡骨骨折
140342,T92.200,腕和手水平骨折后遗症
140343,T92.201,陈旧性腕骨骨折
140344,T92.202,陈旧性掌骨骨折
140345,T92.203,陈旧性手指骨折
140346,T92.204,手骨折后畸形
140347,T92.300,上肢脱位、扭伤和劳损后遗症
140348,T92.300x001,上肢脱位后遗症
140349,T92.300x002,上肢扭伤后遗症
140350,T92.300x005,陈旧性腕掌关节脱位
140351,T92.300x006,陈旧性掌指关节脱位
140352,T92.300x007,陈旧性指关节脱位
140353,T92.300x008,陈旧性桡骨头脱位
140354,T92.300x011,指韧带损伤后遗症
140355,T92.300x012,陈旧性下尺桡关节损伤
140356,T92.300x013,陈旧性舟骨月骨周围脱位
140357,T92.300x015,掌板侧副韧带损伤后遗症
140358,T92.300x016,肘关节韧带损伤后遗症
140359,T92.300x017,上肢韧带损伤后遗症
140361,T92.302,陈旧性桡尺关节脱位
140362,T92.303,肩关节扭伤后遗症
140363,T92.304,肩关节劳损后遗症
140364,T92.305,肘关节脱位后遗症
140365,T92.306,肘关节扭伤后遗症
140367,T92.400,上肢神经损伤后遗症
140368,T92.400x002,桡神经损伤后遗症
140369,T92.400x003,正中神经损伤后遗症
140370,T92.400x004,指神经损伤后遗症
140372,T92.400x006,腋神经损伤后遗症
140373,T92.400x007,臂丛神经损伤后遗症
140374,T92.400x008,尺神经损伤后遗症
140375,T92.401,陈旧性上肢神经损伤
140377,T92.500,上肢肌肉和肌腱损伤后遗症
133381,Q38.303,无舌症
133382,Q38.304,舌裂
133383,Q38.305,舌系带过长
133384,Q38.400,涎腺和导管先天性畸形
133386,Q38.400x002,先天性唾液腺畸形
133387,Q38.500,腭先天性畸形，不可归类在他处者
133388,Q38.500x002,先天性无悬雍垂
133455,Q41.101,先天性空肠狭窄
132622,P94.100x001,先天性肌张力增高
132623,P94.200,先天性张力过低
132624,P94.200x001,先天性肌张力减退
132626,P94.800,新生儿其他的肌张力疾患
133692,Q52.702,女性外阴发育异常
133693,Q52.703,先天性外阴囊肿
133694,Q52.800,女性生殖器的其他特指先天性畸形
133695,Q52.800x004,女性中肾管囊肿
133696,Q52.900,女性生殖器先天性畸形
133697,Q52.901,女性生殖道畸形综合征
133698,Q53.000,异位睾丸
133699,Q53.000x002,单侧睾丸异位
133700,Q53.000x003,双侧睾丸异位
133701,Q53.100,单侧睾丸未降
133702,Q53.100x001,单侧睾丸下降不全
133703,Q53.101,单侧腹股沟型隐睾
133704,Q53.102,单侧腹腔型隐睾
133705,Q53.200,双侧睾丸未降
133706,Q53.200x001,双侧睾丸下降不全
133707,Q53.201,双侧腹腔型隐睾
133708,Q53.202,双侧腹股沟型隐睾
133709,Q53.900,睾丸未降
133710,Q53.901,睾丸下降不全
133711,Q53.902,隐睾
133712,Q54.000,尿道下裂，龟头的
133713,Q54.001,先天性尿道冠状沟下裂
133714,Q54.100,阴茎部尿道下裂
133715,Q54.200,阴茎阴囊部尿道下裂
133716,Q54.300,会阴部尿道下裂
133718,Q54.800,尿道下裂，其他的
133719,Q54.900,尿道下裂
133720,Q54.901,尿道旁裂
133721,Q55.000,睾丸缺如和不发育
133722,Q55.001,睾丸不发育
133723,Q55.002,睾丸退化
133725,Q55.004,睾丸缺如
133726,Q55.100,睾丸和阴囊发育不全
133727,Q55.100x002,先天性睾丸发育不良
133728,Q55.101,睾丸融合
133730,Q55.200x901,多睾畸形
133731,Q55.201,先天性男性中肾管囊肿
133732,Q55.202,移行睾丸
133733,Q55.203,先天性可回缩睾丸
133734,Q55.300,输精管闭锁
133736,Q55.400x006,先天性附睾缺如
133737,Q55.400x008,前列腺膀胱内异位
133738,Q55.401,先天性输精管缺失
133739,Q55.402,先天性附睾分离
133740,Q55.403,输精管发育不良
133741,Q55.404,男性莫尔加尼囊肿
133742,Q55.405,前列腺缺如
133744,Q55.501,阴茎不发育
133745,Q55.502,阴茎缺如
133746,Q55.600,阴茎的其他先天性畸形
133747,Q55.600x007,重复阴茎
133748,Q55.600x008,双阴茎头畸形
129366,N04.100,肾病综合征伴有局灶性和节段性肾小球损害
129367,N04.101,肾病综合征伴局灶硬化性肾小球肾炎
129368,N04.102,肾病综合征伴节段硬化性肾小球肾炎
129369,N04.200,肾病综合征伴有弥漫性膜性肾小球肾炎
129370,N04.200x001,肾病综合征伴膜性肾小球肾炎
129371,N04.300,肾病综合征伴有弥漫性肾小球系膜性增生性肾小球肾炎
129372,N04.300x001,肾病综合征伴膜增值性肾小球肾炎
129373,N04.300x003,肾病综合征伴膜性增殖性IgA肾病
129374,N04.400,肾病综合征伴有弥漫性毛细血管内增生性肾小球肾炎
129375,N04.400x001,肾病综合征伴毛细血管增殖性肾炎
129376,N04.500,肾病综合征伴有弥漫性肾小球系膜毛细血管性肾小球肾炎
129377,N04.501,肾病综合征，膜增殖性肾小球肾炎Ⅰ型
129378,N04.502,肾病综合征，膜增殖性肾小球肾炎Ⅲ型
129379,N04.600,肾病综合征伴有密集沉积物病
129380,N04.601,肾病综合征，膜增殖性肾小球肾炎Ⅱ型
129381,N04.700,肾病综合征伴有弥漫性新月形肾小球肾炎
129382,N04.800,"肾病综合征,其他的"
129383,N04.800x002,病毒性肾炎
129384,N04.801,肾病综合征，增殖性肾小球肾炎
129385,N04.900,肾病综合征
129386,N04.901,脂性肾病
129387,N04.902,先天性肾病综合征
129389,N05.000,肾炎综合征伴有轻微的肾小球异常
129390,N05.000x001,肾小球微小病变
130445,N95.200,绝经后萎缩性阴道炎
130446,N95.201,老年性阴道炎
130448,N95.300x001,人工绝经后综合征
130451,N95.900x001,绝经后卵巢可扪及综合征
130452,N96.x00,习惯性流产
130453,N96.x00x002,早期习惯性流产
130454,N96.x00x003,晚期习惯性流产
128547,M72.602,上臂坏死性筋膜炎
128549,M72.604,手坏死性筋膜炎
128550,M72.605,骨盆区坏死性筋膜炎
128551,M72.606,大腿坏死性筋膜炎
128552,M72.607,小腿坏死性筋膜炎
128554,M72.609,足坏死性筋膜炎
128555,M72.800,成纤维细胞疾患，其他的
128556,M72.800x091,硬化性筋膜炎
128557,M72.800x092,缺血性筋膜炎
128559,M72.802,肘关节筋膜脓肿
128560,M72.803,腕关节筋膜脓肿
128561,M72.804,指纤维组织瘤样增生
128562,M72.805,筋膜脓肿
128564,M72.900,成纤维细胞疾患
135167,R73.900,血糖过多
135168,R73.900x001,血糖升高
135169,R74.000,转氨酶和乳酸脱氢酶(LDH)水平升高
135170,R74.000x001,转氨酶升高
135171,R74.001,乳酸脱氢酶升高
135172,R74.800,血清酶水平异常，其他的
135173,R74.800x003,酸性磷酸酶异常
135174,R74.800x005,淀粉酶异常
135175,R74.800x006,脂酶（三酰基甘油脂酶）异常
135176,R74.800x007,肌酸激酶增高
135177,R74.800x008,CPK酶过多症
135178,R74.800x009,高脂肪酶血症
135179,R74.801,血清碱性磷酸酶异常
135180,R74.802,血淀粉酶增高
135181,R74.803,心肌酶谱异常
135182,R74.804,巨淀粉酶血症
135183,R74.900,血清酶水平异常
136164,S26.010,开放性心包积血
136165,S26.800,心脏其他损伤
136166,S26.800x011,心脏挫伤
136167,S26.800x021,心脏撕裂伤
136168,S26.800x031,心脏撕裂伤伴心室穿透
136169,S26.800x082,心脏穿透性损伤
136170,S26.800x083,创伤性心脏破裂
136171,S26.801,创伤性心包破裂
136172,S26.810,开放性心脏特指损伤
136173,S26.811,开放性心脏穿通伤
130386,N90.805,外阴皮赘
130387,N90.806,外阴水肿
130388,N90.807,外阴血肿
130389,N90.808,阴唇粘连
130390,N90.809,阴蒂肥大
130391,N90.810,外阴象皮病
130392,N90.811,外阴白癜风
130393,N90.900,外阴和会阴的非炎性疾患
130394,N90.901,会阴非炎性疾病
130396,N91.000,原发闭经
130397,N91.100,继发闭经
130398,N91.200,闭经
130399,N91.200x002,下丘脑性闭经
130401,N91.400,继发性月经稀少
130402,N91.500,月经稀少
130403,N92.000,月经过多和频繁伴有规则周期
130404,N92.000x001,月经过多
130405,N92.000x002,月经频繁
130407,N92.100x001,月经频多
130408,N92.101,子宫不规则出血
130409,N92.200,青春期月经过多
130410,N92.300,排卵期出血
130411,N92.400,绝经前期出血过多
130413,N92.400x003,绝经期子宫不规则出血
130414,N92.400x004,更年前期月经过多
130415,N92.401,绝经期出血
130416,N92.500,月经不规则，其他特指的
130419,N93.000,性交后出血和接触性出血
130420,N93.000x001,性交后出血
133389,Q38.500x003,先天性腭畸形
133390,Q38.500x005,悬雍垂过长
133391,Q38.500x006,高腭弓
133392,Q38.500x007,先天性软腭缺如
133393,Q38.500x009,先天性腭咽闭合过度
133394,Q38.501,软腭发育不全
133395,Q38.502,先天性腭瘘
133396,Q38.600,口的其他先天性畸形
133397,Q38.600x001,颊系带附着异常
133398,Q38.600x002,先天性齿龈畸形
133399,Q38.600x004,先天性颊沟过浅
133400,Q38.600x006,先天性牙槽嵴裂
133401,Q38.601,先天性口畸形
133402,Q38.700,咽囊
133403,Q38.701,先天性咽憩室
133404,Q38.800,咽的其他先天性畸形
133405,Q38.801,先天性腭咽闭合不全
133406,Q38.802,咽部畸形
133407,Q39.000,食管闭锁不伴有瘘
133408,Q39.000x001,先天性食管闭锁
133409,Q39.100,食管闭锁伴有气管食管瘘
133410,Q39.100x011,先天性食管闭锁伴气管和食管上段瘘
133411,Q39.100x021,先天性食管闭锁伴气管和食管下段瘘
133412,Q39.200,先天性气管食管瘘不伴有闭锁
133413,Q39.200x011,先天性气管食管瘘
133414,Q39.300,先天性食管狭窄
133415,Q39.400,先天性食管蹼
133416,Q39.500,先天性食管扩张
133417,Q39.501,先天性食管失弛缓症
133418,Q39.600,食管憩室
133419,Q39.601,先天性咽食管憩室
133420,Q39.602,先天性食管中段憩室
133421,Q39.800,食管的其他先天性畸形
133422,Q39.800x201,先天性食管假梗阻
133424,Q39.800x904,先天性食管移位
133425,Q39.800x905,食管异位组织
133426,Q39.801,食管重复畸形
134428,Q87.003,皮-罗综合征
134429,Q87.004,哨型面综合征
134432,Q87.100,主要与身材矮小症有关的先天性畸形综合征
134433,Q87.100x601,塞克尔综合征(Seckel综合征)
134435,Q87.100x901,奥斯科格综合征(Aarskog综合征)
134436,Q87.100x903,罗比诺-西尔弗曼-史密斯综合征(Robinow-Silverman-Smith综合征)
134437,Q87.100x904,面部红斑侏儒综合征(Bloom综合征)
134438,Q87.101,德朗热综合征
134439,Q87.102,杜博维茨综合征
134440,Q87.103,科凯恩综合征
134442,Q87.105,努南综合征
134443,Q87.106,普拉德-威利综合征
134444,Q87.200,主要涉及四肢的先天性畸形综合征
133675,Q52.401,阴道腺病
133749,Q55.600x009,阴茎系带短缩
133750,Q55.601,阴茎发育不全
133751,Q55.602,小阴茎
133752,Q55.603,先天性阴茎屈曲畸形
133753,Q55.604,先天性阴茎下弯
133754,Q55.605,先天性包皮囊肿
133755,Q55.606,隐匿性阴茎
139194,T53.100x002,三氯甲烷中毒
139195,T53.200,三氯乙烯的毒性效应
139196,T53.200x002,三氯乙烷中毒
139197,T53.300,四氯乙烯的毒性效应
139198,T53.300x001,全氯乙烯中毒
139199,T53.400,二氯甲烷的毒性效应
139201,T53.600,脂环烃的其他卤素衍生物的毒性效应
139202,T53.600x001,氯乙烯中毒
139203,T53.600x002,三氯丙烷中毒
139204,T53.600x003,氯丁二烯中毒
139205,T53.600x004,氯丙烯中毒
139206,T53.700,芳香族烃的其他卤素衍生物的毒性效应
140135,T86.100x001,肾移植失败
140136,T86.100x002,肾移植排斥
140137,T86.100x003,肾移植后肾衰竭
140138,T86.100x005,肾移植急性排斥
140139,T86.100x006,肾移植慢性排斥
140140,T86.100x007,肾移植急性体液性排斥
140141,T86.100x008,肾移植急性细胞性排斥
140142,T86.102,移植肾功能不全
140143,T86.103,移植肾破裂
140144,T86.104,移植肾死亡
140145,T86.105,移植肾萎缩
140146,T86.106,移植肾无功能
140147,T86.107,肾移植术后少尿
140149,T86.200x001,心脏移植失败
140150,T86.200x002,心脏移植排斥
140151,T86.300,心-肺移植失败和排斥
140152,T86.300x001,心肺移植失败
140154,T86.400,肝脏移植失败和排斥
140155,T86.400x001,肝移植失败
140156,T86.400x003,肝移植排斥
140157,T86.400x004,肝移植物急性抗宿主病
140159,T86.400x006,肝移植急性排斥
140160,T86.400x007,肝移植慢性排斥
140161,T86.400x009,肝移植后肝动脉血栓形成
140162,T86.400x010,肝移植后肝动脉狭窄
140163,T86.400x011,肝移植后肝动脉假性动脉瘤
140165,T86.400x013,肝移植后门静脉狭窄
140166,T86.400x014,肝移植后下腔静脉血栓形成
140167,T86.400x015,肝移植后下腔静脉狭窄
140169,T86.400x017,肝移植后肝功能不全
140170,T86.400x018,肝移植后门静脉闭塞
140171,T86.401,移植肝功能衰竭
140172,T86.800,移植器官和组织的失败和排斥，其他的
128565,M72.900x051,臀部纤维瘤病
128566,M72.900x052,臀肌筋膜炎
128567,M72.900x071,趾筋膜炎
128568,M72.900x073,掌跖纤维瘤病
128569,M72.900x081,腰背部筋膜炎
128570,M72.900x082,躯干纤维瘤病
128571,M72.900x083,椎管内纤维瘤病
128572,M72.900x084,颈部纤维瘤病
128573,M72.900x093,下肢纤维瘤病
128574,M72.901,多部位筋膜炎
128575,M72.903,肩区筋膜炎
128576,M72.904,肩区纤维瘤病
128577,M72.905,上臂筋膜炎
128578,M72.906,上臂纤维瘤病
128579,M72.907,前臂筋膜炎
128580,M72.908,前臂纤维瘤病
128581,M72.909,手筋膜炎
128582,M72.910,手纤维瘤病
128583,M72.911,骨盆区筋膜炎
128584,M72.912,骨盆区纤维瘤病
128585,M72.913,大腿筋膜炎
128586,M72.914,大腿纤维瘤病
128587,M72.915,小腿筋膜炎
128588,M72.916,小腿纤维瘤病
128589,M72.917,踝筋膜炎
128590,M72.918,踝纤维瘤病
128592,M72.920,足纤维瘤病
128593,M72.921,纤维瘤病
128594,M72.922,筋膜炎
128595,M75.000,粘连性肩关节囊炎
128596,M75.000x001,冻结肩
128597,M75.001,肩周炎
128598,M75.002,迪普莱关节周炎
128599,M75.003,肱肩胛关节周炎
128600,M75.004,肩黏性肌腱炎
128601,M75.100,旋转袖综合征
128602,M75.101,非创伤性冈上肌撕裂
128603,M75.102,冈上肌综合征
128604,M75.103,肩袖自发性破裂
128605,M75.200,二头肌腱炎
128606,M75.201,肱二头肌长头肌腱炎
128608,M75.301,肩钙化性黏液囊
128609,M75.302,冈上肌肌腱钙化
129575,N25.800,肾小管功能损害所致的其他疾患
129577,N25.801,继发性肾源性甲状旁腺功能亢进
129578,N25.802,肾小管酸中毒
129579,N25.803,肾小管酸中毒Ⅰ型
129580,N25.804,肾小管酸中毒Ⅱ型
129581,N25.805,肾小管酸中毒Ⅲ型
129582,N25.806,肾小管酸中毒Ⅳ型
126702,L50.200,冷和热引起的荨麻疹
126703,L50.201,寒冷性荨麻疹
126704,L50.202,热性荨麻疹
126706,L50.400,振动荨麻疹
126707,L50.500,胆碱能性荨麻疹
126708,L50.600,接触性荨麻疹
126709,L50.800,荨麻疹，其他的
126710,L50.801,急性荨麻疹
126711,L50.802,慢性荨麻疹
126713,L50.900,荨麻疹
130422,N93.801,功能障碍性子宫出血
130424,N93.901,异常子宫出血
130425,N94.000,经间痛
130426,N94.100,性交疼痛
130427,N94.200,阴道痉挛
130428,N94.300,经前紧张征
130429,N94.400,原发性痛经
130430,N94.500,继发性痛经
130431,N94.600,痛经
130432,N94.800,与女性生殖器官和月经周期有关的情况，其他特指的
130433,N94.800x009,女性生殖器皮脂腺囊肿
130434,N94.802,女性盆腔血肿
130435,N94.803,女性盆腔静脉充血综合征
130436,N94.804,交通性腹膜鞘突管积液
130437,N94.805,经血潴留
130438,N94.806,盆腔积液
130439,N94.807,盆腔囊肿
130440,N94.808,盆腔假囊肿
130441,N94.900,与女性生殖器官和月经周期有关的情况
130442,N95.000,绝经后出血
130444,N95.101,女性更年期综合征
127254,M05.304+I52.8*,类风湿性关节炎伴心炎
127255,M05.305+I32.8*,类风湿性关节炎伴心包炎
127256,M05.306+I41.8*,类风湿性关节炎伴心肌炎
127257,M05.307+I39.8*,类风湿性关节炎伴心内膜炎
127258,M05.308,累及全身类风湿性关节炎
127259,M05.800,"血清反应阳性的类风湿性关节炎,其他的"
127260,M05.900,血清反应阳性的类风湿性关节炎
127261,M05.900x093,累及内脏的类风湿性关节炎
129517,N17.200x002,急性髓质乳头状坏死
129518,N17.200x003,肾乳头坏死
129519,N17.800,急性肾衰竭，其他的
129520,N17.900,急性肾衰竭
129522,N17.900x003,急性肾功能不全
129523,N17.900x004,急性肾功能不全氮质血症期
129524,N17.901,急性肾损害
129525,N18.100,慢性肾脏病1期
129526,N18.200,慢性肾脏病2期
129529,N18.400,慢性肾脏病4期
129530,N18.400x001+D63.8*,慢性肾脏病4期相关性贫血
129531,N18.500,慢性肾脏病5期
129532,N18.500x001+D63.8*,慢性肾脏病5期相关性贫血
129533,N18.501,肾终末期疾病
129534,N18.502+F02.8*,尿毒症性痴呆
129536,N18.504+H32.8*,肾性视网膜炎
129537,N18.505+I68.8*,尿毒症性脑血管病
129538,N18.506+I32.8*,尿毒症性心包炎
129539,N18.507+G99.8*,尿毒症性偏瘫
129541,N18.900,慢性肾脏病，未特指
133677,Q52.403,先天性阴道狭窄
133678,Q52.404,先天性阴道努克管囊肿
133679,Q52.405,处女膜过长
133680,Q52.406,尿道口处女膜病
133681,Q52.407,伞状尿道口处女膜病
133682,Q52.408,先天性处女膜增厚
133683,Q52.500,阴唇融合
133684,Q52.500x001,先天性小阴唇粘连
133685,Q52.600,阴蒂先天性畸形
133686,Q52.601,先天性阴蒂肥大
133687,Q52.700,外阴的其他先天性畸形
133688,Q52.700x003,先天性阴唇肥厚
133689,Q52.700x004,先天性外阴缺如
133690,Q52.700x005,先天性直肠会阴瘘
133691,Q52.701,女性会阴发育异常
130739,O08.900,流产、异位妊娠和葡萄胎妊娠后的并发症
130740,O10.000,原有特发性高血压并发于妊娠、分娩和产褥期
130741,O10.001,妊娠合并原有特发性高血压
130742,O10.100,原有高血压心脏病并发于妊娠、分娩和产褥期
130743,O10.101,妊娠合并原有高血压性心脏病
130744,O10.200,原有高血压肾脏病并发于妊娠、分娩和产褥期
130745,O10.201,妊娠合并原有高血压性肾病
130746,O10.300,原有高血压心脏和肾脏病并发于妊娠、分娩和产褥期
130747,O10.301,妊娠合并原有高血压性心脏病和肾病
130748,O10.400,原有继发性高血压并发于妊娠、分娩和产褥期
130749,O10.401,妊娠合并原有继发性高血压
130750,O10.900,原有高血压并发于妊娠、分娩和产褥期
130751,O10.900x001,妊娠合并原有高血压
130753,O11.x01,慢性高血压并发子痫前期
130754,O12.000,妊娠水肿
130755,O12.100,妊娠蛋白尿
130756,O12.200,妊娠水肿伴有蛋白尿
130757,O13.x00,妊娠(妊娠引起的)高血压
130758,O13.x01,妊娠期短暂性高血压
130760,O14.000x001,轻度先兆子痫
130761,O14.000x002,中度先兆子痫
130762,O14.100,重度先兆子痫
130763,O14.100x002,重度子痫前期
130765,O14.900,子痫前期
130767,O15.001,产前子痫
130768,O15.100,分娩期子痫
130769,O15.101,产时子痫
130771,O15.201,产后子痫
130772,O15.900,子痫
130773,O16.x00,孕产妇高血压
130775,O20.800,妊娠早期的其他出血
130777,O21.000,轻度妊娠剧吐
130778,O21.001,早期轻度妊娠剧吐
130779,O21.100,妊娠剧吐伴有代谢紊乱
130781,O21.100x003,妊娠剧吐伴脱水
140173,T86.800x011,肺移植失败
140174,T86.800x021,胰移植失败
140175,T86.800x802,眼硅胶移植失败
140176,T86.800x804,角膜移植失败
140177,T86.800x805,骨移植失败
140178,T86.800x807,肠移植失败
140179,T86.800x808,肠移植排斥
140180,T86.800x809,皮肤移植失败
140181,T86.800x811,巩膜移植排斥
140182,T86.800x812,巩膜移植失败
140183,T86.800x813,皮瓣移植失败
140185,T86.800x816,眼移植物失败
139462,T70.200,高海拔的其他和未特指效应
139463,T70.200x005,气压伤
139464,T70.200x006,阿尔卑斯山病
139465,T70.200x007,高原性心脏病
139466,T70.201,高原性肺水肿
139467,T70.202,高原性高血压
139468,T70.203,高原性脑水肿
139469,T70.204,高山病
139470,T70.205,航空病
139471,T70.206,飞行员病（由于飞行气压改变引起的）
139472,T70.207,高海拔效应
139473,T70.300,潜水员病(减压病)
139474,T70.300x002,潜水员瘫痪
133158,Q26.902,下腔静脉畸形
133159,Q27.000,先天性脐动脉缺如和发育不全
133160,Q27.001,先天性脐动脉缺如
133161,Q27.100,先天性肾动脉狭窄
133162,Q27.200,肾动脉的其他先天性畸形
133163,Q27.200x002,先天性肾动脉畸形
133164,Q27.200x003,多肾动脉
133165,Q27.300,周围动静脉畸形
133166,Q27.300x006,先天性脊髓动静脉瘘
133168,Q27.300x008,硬膜外动静脉畸形
133169,Q27.300x009,子宫动静脉畸形
133170,Q27.300x010,颌骨动静脉畸形
133171,Q27.301,先天性动静脉瘘
133173,Q27.303,先天性腋动静脉瘘
133174,Q27.304,先天性肝动静脉瘘
133175,Q27.305,先天性肾动静脉瘘
133176,Q27.306,先天性躯干部动静脉瘘
133177,Q27.307,先天性上肢动静脉瘘
133179,Q27.309,先天性周围血管动静脉瘤
133180,Q27.400,先天性静脉扩张
133181,Q27.800,周围血管系统其他特指的先天性畸形
133183,Q27.800x007,髂动脉畸形
133184,Q27.800x008,躯干血管畸形
133185,Q27.800x018,迷走锁骨下动脉畸形
133186,Q27.800x020,永久性右脐静脉
133187,Q27.800x021,唇血管畸形
133189,Q27.800x025,颅骨血管畸形
133190,Q27.800x026,腮腺血管畸形
133191,Q27.800x027,上颌骨血管畸形
126714,L51.000,非大疱型多形性红斑
126715,L51.100,大疱型多形性红斑
126716,L51.200,中毒性表皮坏死松解症(莱尔)
126717,L51.800,多形性红斑，其他的
126718,L51.802,渗出性多形红斑
126719,L51.900,多形性红斑
126720,L52.x00,结节性红斑
126721,L53.000,中毒性红斑
126722,L53.100,离心性环状红斑
126723,L53.101,风湿性环形红斑
126724,L53.200,边缘性红斑
126725,L53.300,慢性回状红斑，其他的
126726,L53.800,红斑性情况，其他特指的
126727,L53.801,猩红热样红斑
126728,L53.900,红斑性情况
126729,L53.901,红皮病
126730,L55.000,Ⅰ度晒斑(晒伤)
126731,L55.100,Ⅱ度晒斑(晒伤)
126732,L55.200,Ⅲ度晒斑(晒伤)
126733,L55.800,晒斑(晒伤)，其他的
126734,L55.900,晒斑(晒伤)
126735,L56.000,药物光毒性反应
126736,L56.100,药物光变应性反应
126738,L56.300,日光性荨麻疹
126739,L56.400,多形性日光疹
126740,L56.401,牛痘样水疱
126742,L56.900,紫外线辐射引起的急性皮肤改变
126743,L57.000,光线性角化病
126744,L57.001,灰泥角化症
126745,L57.100,光线性类网状细胞增多症
126746,L57.200,颈部菱形皮
126748,L57.400,老年性皮肤松垂
126749,L57.500,光线性肉芽肿
126750,L57.800,慢性暴露于非电离辐射下引起的其他皮肤改变
126752,L57.800x005,非年龄性下肢皮肤松驰
126753,L57.800x006,非年龄性躯干皮肤松驰
126754,L57.801,慢性光化性皮炎
126755,L57.802,日光性皮炎
126756,L57.803,光线性痒疹
126758,L58.000,急性放射性皮炎
126759,L58.100,慢性放射性皮炎
127788,M31.001,古德帕斯丘综合征
127789,M31.002+N08.5*,抗肾小球基底膜抗体病
127790,M31.003+N08.5*,肺出血肾炎综合征相关肾小球肾炎
127792,M31.101,血栓性血小板减少性紫癜
127793,M31.102+N08.5*,血栓性血小板减少性紫癜相关肾小球肾炎
127794,M31.300,韦格纳肉芽肿病
127796,M31.301,口腔黏膜韦格纳肉芽肿
135192,R76.200x002,瓦塞尔曼反应假阳性
135193,R76.800,血清免疫学异常所见，其他特指的
135194,R76.800x001,高免疫球蛋白血症
135196,R76.802,免疫球蛋白升高
129542,N18.900x011,慢性肾损害
129543,N18.900x012+D63.8*,肾性贫血
129544,N18.901,弥漫性硬化性肾小球肾炎
129545,N18.902,慢性肾衰竭
129547,N19.x00,肾衰竭
129548,N19.x01,尿毒症
129549,N19.x02,肾无功能
129551,N20.000,肾结石
129552,N20.000x001,肾盂结石
129553,N20.000x002,肾结石合并感染
129554,N20.000x003,肾盏憩室内结石
129555,N20.001,鹿角状结石
129556,N20.002,肾石病
129557,N20.100,输尿管结石
129558,N20.200,肾结石伴有输尿管结石
129559,N20.200x001,肾输尿管结石
129560,N20.900,泌尿系结石
129561,N20.900x001,肾脏感染性结石
129562,N20.901,结石性肾盂肾炎
129563,N21.000,膀胱结石
129564,N21.001,膀胱憩室结石
129565,N21.100,尿道结石
129566,N21.800,下泌尿道结石，其他的
129567,N21.900,下泌尿道结石
129568,N23.x00,肾绞痛
129569,N25.000,肾性骨营养不良
129570,N25.001,肾性佝偻病
129571,N25.002+M90.8*,肾性骨病
129572,N25.003+M90.8*,肾性骨软化
129573,N25.004,肾性矮小症
129574,N25.100,肾性尿崩症
126420,L03.105,臂蜂窝织炎
126421,L03.106,手蜂窝织炎
126423,L03.108,腿蜂窝织炎
126424,L03.109,足蜂窝织炎
126425,L03.200,面部蜂窝织炎
126426,L03.300,躯干蜂窝织炎
126427,L03.301,胸壁蜂窝织炎
126428,L03.302,背部蜂窝织炎
129808,N42.301,前列腺低级别不典型增生
129809,N42.800,前列腺其他特指的疾患
129810,N42.801,前列腺瘢痕
129811,N42.802,前列腺囊肿
129813,N42.901,前列腺肿物
129814,N43.000,包绕性鞘膜积液
129815,N43.001,包绕性睾丸鞘膜积液
129817,N43.101,感染性睾丸鞘膜积液
129818,N43.200,鞘膜积液，其他的
129819,N43.201,创伤后睾丸鞘膜积液
129820,N43.300,鞘膜积液
129821,N43.301,睾丸鞘膜积液
129823,N43.400,精子囊肿
129824,N44.x00,睾丸扭转
129825,N44.x01,附睾扭转
129826,N44.x02,精索扭转
129828,N45.001,附睾脓肿
129829,N45.002,睾丸脓肿
129830,N45.900,睾丸炎、附睾炎和附睾-睾丸炎，不伴有脓肿
130782,O21.100x004,妊娠剧吐伴碳水化合物缺失
130783,O21.100x005,妊娠剧吐伴电解质失衡
130784,O21.100x006,妊娠剧吐伴酮症
130785,O21.200,妊娠晚期呕吐
140121,T85.801,腹膜透析管内血栓
140122,T85.802,化疗管植入后皮肤溃疡
140123,T85.803,支架植入后出血
140124,T85.806,疝补片排斥反应
140125,T85.807,颅骨补片排斥反应
140126,T85.900,内部假体装置、植入物和移植物的并发症
140127,T85.901,腹膜透析装置并发症
140128,T85.902,不可吸收缝线并发症
140129,T85.903,人工晶体障碍
140130,T86.000,骨髓移植排斥
140131,T86.000x003,急性移植物抗宿主病
140132,T86.000x004,慢性移植物抗宿主病
140133,T86.001,移植物抗宿主反应
140134,T86.100,肾移植失败和排斥
140857,V96.000,气球事故伤及乘员
140858,V96.100,悬吊滑翔机事故伤及乘员
140859,V96.200,无动力滑翔机事故伤及乘员
140860,V96.800,无动力飞行器事故伤及乘员，其他的
140861,V96.900,无动力飞行器事故伤及乘员
140862,V97.000,在其他特指空中运输事故中飞行器乘员的损伤
140863,V97.100,在上下飞行器时的人员损伤
140864,V97.200,空中运输事故中跳伞者的损伤
140865,V97.300,空中运输事故中地面人员的损伤
140867,V98.x00,运输事故，其他特指的
140868,V99.x00,运输事故
140869,W00.x00,在涉及冰和雪的同一平面上跌倒
140870,W01.x00,在同一平面上滑倒、绊倒和摔倒
140872,W03.x00,被别人碰撞或推动引起的在同一平面上的其他跌倒
140873,W04.x00,在被他人运送或搀扶时跌倒
140875,W06.x00,涉及床上的跌落
140876,W07.x00,涉及椅子上的跌落
140877,W08.x00,涉及其他家具上的跌落
140879,W10.x00,在楼梯或台阶上跌倒和跌落
140880,W11.x00,在梯子上跌倒和跌落
140881,W12.x00,在脚手架上跌倒和跌落
140882,W13.x00,从房屋或建筑结构上跌落或跌出
140884,W15.x00,从悬崖上跌落
140885,W16.x00,潜水或跳水引起的损伤，除外淹溺和沉没
140887,W18.x00,在同一平面的其他跌倒
140888,W19.x00,跌倒
140889,W20.x00,被投掷、抛出或坠落物体击中
140890,W21.x00,撞在体育设施上或被体育设施击中
140891,W22.x00,撞在其他物体上或被其他物体击中
140893,W24.x00,接触升降和传送装置，不可归类在他处者
133192,Q27.800x028,唾液腺血管畸形
133193,Q27.800x030,头面血管畸形
133194,Q27.800x031,先天性静脉缺如
133195,Q27.800x032,颈静脉球异位症
133196,Q27.800x033,支气管黏膜血管畸形
133197,Q27.800x034,腹壁血管畸形
133198,Q27.800x035,肛周血管畸形
133199,Q27.800x036,咽后壁血管畸形
133200,Q27.800x037,腹膜后血管畸形
133201,Q27.800x039,肾球门血管病
133202,Q27.800x040,面部血管畸形
133203,Q27.800x041,周围动脉畸形
133204,Q27.800x042,周围静脉畸形
133205,Q27.801,先天性脊髓血管畸形
133206,Q27.802,先天性舌血管畸形
133207,Q27.803,先天性胃血管畸形
133208,Q27.804,先天性胆囊血管畸形
133209,Q27.805,先天性肝血管畸形
133210,Q27.806,先天性肾血管畸形
133456,Q41.102,先天性空肠闭锁
133457,Q41.103,苹果皮综合征
133458,Q41.104,先天性空肠缺如
133459,Q41.200,回肠先天性缺如、闭锁和狭窄
133460,Q41.201,先天性回肠缺如
133461,Q41.202,先天性回肠狭窄
133463,Q41.800,小肠其他特指部位的先天性缺如、闭锁和狭窄
133464,Q41.900,小肠部位先天性缺如、闭锁和狭窄
133465,Q41.901,先天性小肠狭窄
133466,Q41.902,先天性小肠缺如
133467,Q41.903,先天性小肠闭锁
133468,Q42.000,直肠先天性缺如、闭锁和狭窄，伴有瘘
133470,Q42.000x201,先天性直肠闭锁伴直肠膀胱瘘
133471,Q42.000x301,先天性直肠闭锁伴直肠外阴瘘
133472,Q42.000x401,先天性直肠闭锁伴直肠皮肤瘘
133473,Q42.000x501,先天性直肠闭锁伴直肠结肠瘘
133475,Q42.002,直肠先天性闭锁，伴有瘘
133476,Q42.100,直肠先天性闭锁和狭窄，不伴有瘘
133477,Q42.101,直肠先天性狭窄，不伴有瘘
133478,Q42.102,直肠先天性闭锁，不伴有瘘
133480,Q42.200x201,先天性肛门闭锁伴直肠膀胱瘘
133481,Q42.200x901,先天性肛门闭锁伴直肠尿道瘘
133482,Q42.200x902,先天性肛门闭锁伴直肠阴道瘘
133483,Q42.200x903,先天性肛门闭锁伴直肠外阴瘘
133485,Q42.200x905,先天性肛门闭锁伴直肠皮肤瘘
133486,Q42.201,肛门先天性狭窄，伴有瘘
133487,Q42.202,肛门先天性闭锁，伴有瘘
134486,Q89.201,垂体发育不良
134487,Q89.202,甲状舌管囊肿
134489,Q89.205,异位甲状旁腺
135197,R76.900,血清免疫学异常所见
135198,R77.000,清蛋白(白蛋白)异常
135199,R77.100,球蛋白异常
135200,R77.101,高球蛋白血症
135201,R77.200,甲胎蛋白异常
135202,R77.200x001,高甲胎蛋白血症
135203,R77.800,血浆蛋白的其他特指异常
135204,R77.800x001,血脂异常
135205,R77.800x002,PSA升高
135206,R77.800x003,CA199升高
135207,R77.800x004,CA125升高
135208,R77.800x006,肿瘤标记物升高
135209,R77.801,D-二聚体升高
135210,R77.802,M蛋白血症
135211,R77.803,癌胚抗原CEA升高
135212,R77.900,血浆蛋白异常
135213,R77.901,蛋白血症
135214,R78.000,血中发现酒精
135215,R78.100,血中发现阿片药物
135216,R78.200,血中发现可卡因
135217,R78.300,血中发现致幻剂
135218,R78.400,血中发现其他可能成瘾的药物
135219,R78.500,血中发现精神药物
135220,R78.600,血中发现类固醇剂
135222,R78.800,血中发现通常不出现的其他特指物质
135223,R78.801,血锂异常
135224,R78.900,血中发现通常不出现的物质
135225,R79.000,血液矿物质水平异常
135226,R79.000x001,血液钴异常
135227,R79.000x002,血液铜异常
135228,R79.000x003,血液铁异常
135229,R79.000x004,血液镁异常
135230,R79.000x006,血液锌异常
135232,R79.800x003,低血氧症
135233,R79.800x005,血清铁蛋白异常
135234,R79.801,丙酮血症
135235,R79.802,低尿酸血症
135236,R79.803,氮质血症
135237,R79.804,血清肉毒碱缺乏
135238,R79.805,血气异常
135240,R80.x00,孤立性蛋白尿
135241,R80.x00x003,白蛋白尿
135242,R80.x01,本周蛋白尿
135243,R80.x02,蛋白尿
135244,R81.x00,糖尿
135245,R81.x00x001,尿糖增高
135247,R82.100,肌红蛋白尿
135248,R82.200,胆汁尿
135249,R82.300,血红蛋白尿
135250,R82.400,丙酮尿
135251,R82.401,酮尿
136236,S30.100x004,髂区挫伤
136237,S30.100x007,髂窝血肿
136238,S30.101,创伤性髂部血肿
136239,S30.102,创伤性髂腰肌血肿
136240,S30.104,腹股沟挫伤
136241,S30.200,外生殖器挫伤
136243,S30.200x006,外阴挫伤
136244,S30.200x007,大阴唇挫伤
129831,N45.901,附睾精子肉芽肿
129832,N45.902,附睾肉芽肿
129833,N45.903,附睾炎
129834,N45.904,附睾炎性包块
129835,N45.905,睾丸肉芽肿
129836,N45.906,睾丸炎
129837,N45.907,急性附睾炎
129838,N45.908,附睾-睾丸炎
129839,N46.x00,男性不育症
129840,N46.x00x007,畸形精子症
129841,N46.x01,无精症
129842,N46.x02,少精症
129843,N47.x00,包皮过长、包茎和嵌顿包茎
129844,N47.x00x001,包茎
129845,N47.x01,包皮过长
129847,N47.x03,包皮粘连
129848,N48.000,阴茎白斑
129849,N48.000x003,阴茎干皱症
129850,N48.001,干燥闭塞性龟头炎
129851,N48.100,龟头包皮炎
129852,N48.101,包皮溃疡
129853,N48.102,龟头炎
129854,N48.200,阴茎的其他炎性疾患
129855,N48.201,阴茎蜂窝织炎
129856,N48.202,阴茎海绵体炎
129857,N48.203,阴茎脓肿
129858,N48.204,阴茎炎
129859,N48.300,阴茎异常勃起
129860,N48.301,阴茎痛性勃起
129862,N48.400x005,神经源性勃起功能障碍
129863,N48.400x006,糖尿病性勃起功能障碍
129864,N48.400x007,1型糖尿病性勃起功能障碍
129865,N48.400x008,2型糖尿病性勃起功能障碍
129866,N48.401,静脉性阳痿
129867,N48.402,外伤后阳痿
129868,N48.403,血管瘘性阳痿
126692,L43.902,舌扁平苔藓
126693,L44.000,毛发红糠疹
126694,L44.100,光泽苔藓
126695,L44.200,条纹状苔藓
126696,L44.300,念珠状红苔藓
126698,L44.800,丘疹鳞屑性疾患，其他特指的
126699,L44.900,丘疹鳞屑性疾患
126700,L50.000,变应性荨麻疹
126701,L50.100,特发性荨麻疹
136174,S26.812,开放性心脏破裂
136175,S26.813,心脏异物
136178,S27.000,创伤性气胸
136179,S27.010,开放性气胸
136180,S27.100,创伤性血胸
136181,S27.110,开放性血胸
136182,S27.200,创伤性血气胸
136184,S27.300,肺的其他损伤
136185,S27.300x012,肺血肿
136186,S27.301,肺挫伤
136187,S27.302,创伤性肺破裂
136188,S27.303,创伤性肺韧带撕裂
136190,S27.311,开放性肺破裂
136191,S27.312,开放性肺内异物
136192,S27.313,肺穿透伤
140894,W25.x00,接触锋利的玻璃
140895,W26.000,接触刀、剑或匕首
140896,W26.800,"接触其他尖锐的物体,不可分类他处者"
140897,W26.900,接触其他未特指的尖锐物体
140898,W27.x00,接触无动力手工工具
140899,W28.x00,接触动力割草机
140900,W29.x00,接触其他动力手工工具和家用机械
140901,W30.x00,接触农业机械
140378,T92.500x001,屈肌腱断裂后遗症
140379,T92.500x002,屈肌腱粘连后遗症
140380,T92.500x003,屈拇长肌腱损伤后遗症
140381,T92.500x004,屈指肌腱损伤后遗症
140382,T92.500x006,伸肌腱断裂后遗症
140383,T92.500x007,伸肌腱粘连后遗症
140384,T92.500x008,伸拇长肌腱损伤后遗症
140385,T92.500x009,伸指肌腱损伤后遗症
140386,T92.500x010,手部肌腱挛缩后遗症
140387,T92.500x011,手部肌腱损伤后遗症
140388,T92.500x012,上肢肌腱粘连后遗症
140389,T92.500x013,指伸肌腱粘连后遗症
141080,X76.x00,用烟、火和火焰方式故意自害
141081,X77.x00,用蒸气、热气和热物体方式故意自害
141082,X78.x00,用尖锐物体方式故意自害
141083,X79.x00,用钝器方式故意自害
141085,X81.x00,用跳下或躺倒在移动物体前的方式故意自害
141086,X82.x00,用机动车辆碰撞方式故意自害
141087,X83.x00,用其他特指的方式故意自害
141089,X85.x00,用药物、药剂和生物制品进行加害
141090,X86.x00,用腐蚀性物质进行加害
141092,X88.000,暴露于内燃机排放的一氧化碳的加害
141093,X88.100,暴露于使用气体中的一氧化碳的加害
141095,X88.300,暴露于其他来源中的一氧化碳的加害
141096,X88.400,暴露于未特指来源中的一氧化碳的加害
141097,X88.800,暴露于其他气体和蒸气的加害
141098,X88.900,暴露于未特指气体和蒸气的加害
141099,X88.x00,用气体和蒸气进行加害
141101,X90.x00,用化学制品或有害物质进行加害
141102,X91.x00,用悬吊、绞勒和窒息进行加害
141103,X92.x00,用淹溺和沉没进行加害
141104,X93.x00,用手枪发射进行加害
141105,X94.x00,用步枪、猎枪和大型火器发射进行加害
141107,X96.x00,用爆炸物进行加害
141108,X97.x00,用烟、火和火焰进行加害
141109,X98.x00,用蒸气、热气和热物体进行加害
141110,X99.x00,用尖锐物体进行加害
141112,Y01.x00,用从高处推下进行加害
134490,Q89.206,甲状舌管瘘
134491,Q89.207,异位垂体
134492,Q89.208,异位胸腺
134494,Q89.300,内脏反位
134495,Q89.300x001,内脏移位
134496,Q89.301,卡塔格内综合征
134497,Q89.302,原发性纤毛运动障碍综合征
134498,Q89.400,联体儿
134499,Q89.700,多发性先天性畸形，不可归类在他处者
134500,Q89.800,先天性畸形，其他特指的
134501,Q89.800x903,唇部淋巴管畸形
134502,Q89.800x904,颈部淋巴管畸形
134503,Q89.800x905,口腔淋巴管畸形
134504,Q89.800x906,腮腺淋巴管畸形
134505,Q89.800x907,舌淋巴管畸形
134506,Q89.800x908,头面颈淋巴管畸形
134507,Q89.800x909,咽淋巴管畸形
134508,Q89.800x910,胸导管发育不全
134509,Q89.800x911,上肢淋巴管发育不全
134510,Q89.800x912,下肢淋巴管发育不全
134511,Q89.801,先天性淋巴管畸形
134512,Q89.900,先天性畸形
134513,Q89.901,离子通道病
134514,Q90.000,三体性21，减数分裂不分离，唐氏综合征
133756,Q55.800,男性生殖器官其他特指的先天性畸形
133757,Q55.800x001,前列腺囊
133758,Q55.801,先天性阴茎阴囊融合
133759,Q55.802,阴茎阴囊转位
133760,Q55.900,男性生殖器官先天性畸形
130802,O23.000,妊娠期肾感染
130803,O23.000x001,妊娠期肾炎
130804,O23.001,妊娠期肾盂肾炎
130805,O23.100,妊娠期膀胱感染
130807,O23.200,妊娠期尿道感染
130808,O23.300,妊娠期泌尿道其他部位感染
130809,O23.400,妊娠期泌尿道感染
130811,O23.500x001,妊娠期宫腔感染
130812,O23.500x002,妊娠期输卵管炎
130813,O23.500x007,妊娠期细菌性阴道病
130814,O23.500x009,妊娠期前庭大腺脓肿
130816,O23.501,妊娠合并盆腔炎
130817,O23.502,妊娠合并盆腔粘连
130818,O23.503,妊娠合并输卵管坏死
130820,O23.505,妊娠期外阴炎
130822,O23.900,妊娠期其他的泌尿生殖道感染
130823,O23.901,妊娠期泌尿生殖道感染
130824,O24.000,妊娠期伴原有的1型糖尿病
130826,O24.100,妊娠期伴原有的2型糖尿病
130827,O24.100x011,妊娠合并原有2型糖尿病（非胰岛素治疗）
130828,O24.100x021,妊娠合并原有2型糖尿病（胰岛素治疗）
130829,O24.200,妊娠期原有的与营养不良有关的糖尿病
136245,S30.200x008,小阴唇挫伤
130455,N97.000,与不排卵有关的女性不孕症
130456,N97.000x001,不排卵性不孕
130457,N97.100,输卵管起因的女性不孕症
130458,N97.100x001,输卵管阻塞性不孕
130459,N97.100x003,输卵管狭窄性不孕
130460,N97.101,后天性输卵管闭锁
130461,N97.200,子宫起因的女性不孕症
130462,N97.200x001,子宫粘连性不孕
130463,N97.200x002,卵子不植入
130464,N97.300,宫颈起因的女性不孕症
130465,N97.400,与男性因素有关的女性不孕症
130466,N97.400x001,男方无精性不孕
130467,N97.400x002,男方少精性不孕
130468,N97.800,女性不孕症，其他原因的
130469,N97.800x004,女性生殖器官血囊肿性不孕
130470,N97.801,不育由于阴道畸形
130471,N97.900,女性不孕症
130473,N97.902,女性继发性不育
130474,N98.000,与人工授精有关的感染
130475,N98.100,卵巢过度刺激
130476,N98.200,试管内授精后企图植入受精卵的并发症
130477,N98.300,在胚胎转移中企图植入胚胎的并发症
130478,N98.800,与人工授精有关的其他并发症
130479,N98.900,与人工授精有关的并发症
130480,N99.000,操作后肾衰竭
130481,N99.001,手术后肾衰竭
130482,N99.100,操作后尿道狭窄
130484,N99.100x005,手术后尿道口畸形
130485,N99.101,手术后尿道狭窄
130486,N99.200,阴道手术后粘连
130487,N99.201,手术后阴道狭窄
130488,N99.300,子宫切除术后阴道穹隆脱垂
130490,N99.401,手术后盆腔腹膜粘连
130491,N99.500,泌尿道外口功能不良
130492,N99.800,泌尿生殖系统的其他操作后疾患
130494,N99.800x005,阴道成形术后阴道短小
130495,N99.800x006,手术后尿道瘘
130496,N99.800x007,手术后会阴瘘
130497,N99.800x010,子宫切口憩室
130499,N99.801,残余卵巢综合征
130500,N99.803,手术后尿潴留
130501,N99.805,输尿管膀胱吻合口狭窄
130502,N99.806,输尿管造口狭窄
130503,N99.807,阴道残端出血
130505,N99.900,泌尿生殖系统的操作后疾患
130506,O00.000,腹腔妊娠
130507,O00.001,大网膜妊娠
130508,O00.100,输卵管妊娠
127317,M11.800x093,假性痛风性关节炎
127318,M11.801,焦磷酸盐结晶性关节炎（病）
127319,M11.802,磷酸二钙结晶性关节炎（病）
136193,S27.400,支气管损伤
136194,S27.401,创伤性支气管断裂
136195,S27.410,开放性支气管损伤
136196,S27.500,胸部气管损伤
136197,S27.501,创伤性胸部气管破裂
136198,S27.510,开放性胸部气管损伤
136199,S27.600,胸膜损伤
136200,S27.610,开放性胸膜损伤
136201,S27.700,胸内器官多处损伤
136202,S27.710,开放性胸内器官多处损伤
136203,S27.800,胸内器官损伤，其他特指的
136205,S27.801,食管黏膜擦伤
136206,S27.802,胸部食管损伤
136207,S27.803,贲门损伤
136208,S27.804,创伤性膈破裂
136209,S27.805,创伤性膈疝
136210,S27.806,胸部淋巴管损伤
136211,S27.807,胸腺损伤
136212,S27.808,创伤性胸腔积液
136213,S27.810,开放性特指胸内器官损伤
136214,S27.811,食管异物穿孔
136215,S27.812,开放性膈破裂
136216,S27.900,胸内器官的损伤
136217,S27.910,开放性胸腔异物
136218,S28.000,胸部挤压伤
136219,S28.100,胸的部分创伤性切断
136220,S29.000,在胸水平的肌肉和肌腱损伤
136221,S29.000x001,胸部肌腱损伤
136222,S29.000x002,胸部肌肉损伤
136223,S29.700,胸部多处损伤
136224,S29.800,胸部其他特指的损伤
136225,S29.900,胸部损伤
136226,S30.000,下背和骨盆挫伤
136227,S30.000x001,背部挫伤
136228,S30.000x003,腰部挫伤
136229,S30.000x004,骶骨区挫伤
136230,S30.001,腰背部挫伤
136231,S30.002,骶尾部挫伤
136232,S30.003,臀部挫伤
136233,S30.100,腹壁挫伤
136235,S30.100x002,胁腹挫伤
137224,S66.000x006,腕部拇指长屈肌腱损伤
137225,S66.000x007,手部拇指长屈肌和肌腱损伤
137227,S66.000x009,手部拇指长屈肌腱损伤
137228,S66.100,在腕和手水平的其他手指屈肌和肌腱损伤
137229,S66.100x001,腕和手指屈肌和肌腱损伤
137231,S66.100x003,腕和手指屈肌腱损伤
127262,M06.000,血清反应阴性的类风湿性关节炎
127263,M06.001,复发性血清阴性对称性滑膜炎伴凹陷性水肿
127265,M06.003,滑膜炎-痤疮-脓疱疹-骨肥厚-骨炎综合征
127266,M06.100,成年型斯蒂尔病
127267,M06.200,类风湿性滑囊炎
127268,M06.300,类风湿性结节
127269,M06.400,炎性多关节病
127270,M06.800,类风湿性关节炎，其他特指的
141113,Y02.x00,用将受害者推向或放置在移动物体前进行加害
141114,Y03.x00,用机动车辆碰撞进行加害
141115,Y04.x00,用暴力进行加害
141116,Y05.x00,暴力的性加害
141117,Y06.000,被配偶或伴侣忽视照料和遗弃
141118,Y06.100,被父母忽视照料和遗弃
141119,Y06.200,被熟人或朋友忽视照料和遗弃
141120,Y06.800,被其他特指人员忽视照料和遗弃
141121,Y06.900,被忽视照料和遗弃
141122,Y07.000,被配偶或伴侣虐待
141124,Y07.200,被熟人或朋友虐待
141125,Y07.300,被官方机构虐待
134445,Q87.200x601,桡骨发育不全-血小板减少综合征(TAR综合征)
134446,Q87.200x701,VATER综合征
134447,Q87.202,甲-髌综合征
134448,Q87.203,克利佩尔-特脑纳-韦伯综合征
134449,Q87.204,鲁宾斯坦-塔比综合征
134450,Q87.300,涉及早期过度生长的先天性畸形综合征
134451,Q87.300x301,韦弗综合征(Weaver综合征)
134452,Q87.300x901,普罗特斯综合征(Proteus综合征)
134453,Q87.300x902,CLOVES综合征
134454,Q87.301,贝克威思-威德曼综合征
134455,Q87.302,索托斯综合征
134456,Q87.400,马方综合征
134457,Q87.500,其他先天性畸形综合征，伴有其他骨改变
134458,Q87.800,其他先天性畸形综合征，不可归类在他处者
134460,Q87.800x902,Frasier综合征
134461,Q87.800x903,Denys-Drash综合征
134462,Q87.800x905,Cantrell综合征
134463,Q87.800x907,豹皮综合征(Leopard综合征)
134464,Q87.800x910,肥胖视网膜变性糖尿病综合征(Alstrom综合征)
134465,Q87.800x911,劳-穆-比(Laurence-Moon-Biedl)综合征
134467,Q87.802,策尔韦格综合征
134468,Q87.803,颈-眼-听神经综合征
134469,Q87.805,类马方综合征
134470,Q87.806,先天性歪嘴哭综合征
134472,Q87.808,甲状旁腺功能减低-感音神经性耳聋-肾发育不良综合征
134473,Q87.809,Williams综合征
134474,Q89.000,脾先天性畸形
134475,Q89.001,多囊脾
134476,Q89.002,副脾
134478,Q89.004,先天性脾缺如
134479,Q89.100,肾上腺先天性畸形
134480,Q89.101,异位肾上腺
134482,Q89.200x012,先天性垂体发育异常
134483,Q89.200x203,副甲状腺
134485,Q89.200x601,胸腺发育不全
131495,O71.700,盆腔的产科血肿
130830,O24.200x001,妊娠合并原有营养不良性糖尿病
130831,O24.300,妊娠期原有的糖尿病
130832,O24.300x001,妊娠合并原有糖尿病
130833,O24.301,妊娠期伴原有糖尿病性酮症
130834,O24.400,妊娠期发生的糖尿病
130835,O24.900,妊娠糖尿病
130836,O25.x00,妊娠期营养不良
130837,O25.x01,产褥期营养不良
130838,O26.000,妊娠期体重增加过度
130839,O26.100,妊娠期体重增加过低
130840,O26.200,习惯性流产者的妊娠医疗
130841,O26.300,具有子宫内避孕装置的妊娠
130842,O26.400,妊娠疱疹
130844,O26.501,妊娠期并发低血压综合征
130845,O26.600,妊娠、分娩和产褥期的肝疾患
130846,O26.600x010,妊娠合并肝脓肿
130847,O26.600x011,妊娠合并肝炎
130848,O26.601,妊娠合并肝病
130849,O26.602,妊娠合并肝功能衰竭
130850,O26.603,妊娠合并肝损害
130851,O26.604,妊娠合并肝硬化
130852,O26.605,妊娠合并脂肪肝
130853,O26.606,妊娠期肝内胆汁淤积症
130854,O26.607,妊娠期急性脂肪肝
130855,O26.608,妊娠合并自身免疫性肝炎
130856,O26.609,妊娠合并肝囊肿
130857,O26.700,妊娠、分娩和产褥期耻骨联合的不全脱位
130858,O26.701,妊娠合并耻骨联合分离
126629,L29.802,老年瘙痒症
126631,L30.000,钱币状皮炎
126633,L30.200,皮肤自体致敏
126634,L30.201,念珠菌疹
126635,L30.202,皮肤癣菌疹
126636,L30.203,湿疹样疹
126638,L30.300,感染性皮炎
126639,L30.301,传染性湿疹样皮炎
126640,L30.400,擦烂红斑
126641,L30.400x004,色素性玫瑰疹
126642,L30.500,白色糠疹
126645,L30.801,寒冷性皮炎
126646,L30.802,激素依赖性皮炎
126647,L30.803,季节性大疱性皮炎
126648,L30.804,嗜酸性粒细胞增多性皮病
126650,L30.901,泛发性湿疹
126651,L30.902,湿疹
126652,L30.903,外阴湿疹
126653,L30.904,阴囊湿疹
126655,L40.000,寻常性银屑病
126656,L40.001,斑块状银屑病
126657,L40.002,蛎壳状银屑病
126658,L40.003,钱币形银屑病
126660,L40.101,冯-聪布施病
126661,L40.102,脓疱性银屑病
126662,L40.103,疱疹样脓疱病
126663,L40.200,持续性肢端皮炎
127320,M11.900,结晶性关节病
127321,M12.000,慢性风湿病后关节病(雅库综合征)
127322,M12.100,卡斯钦-贝克病(大骨节病)
127323,M12.200,绒毛结节性滑膜炎（色素沉着的）
127324,M12.200x011,肩关节色素沉着绒毛结节性滑膜炎
129583,N25.900,肾小管功能损害所致的疾患
129584,N26.x00,肾挛缩
129585,N26.x01,肾小球硬化
129586,N26.x02,肾硬化
129588,N27.100,双侧小肾
129589,N27.900,小肾
129590,N28.000,肾缺血和肾梗死
129591,N28.001,肾梗死
129592,N28.002,肾缺血
129593,N28.003,肾动脉闭塞
129594,N28.004,肾动脉栓塞
129595,N28.005,肾动脉血栓形成
129596,N28.100,肾囊肿
129597,N28.101,单纯性肾囊肿
129598,N28.102,获得性肾囊肿
129599,N28.800,肾和输尿管其他特指的疾患
129600,N28.800x001,脂蛋白肾病
129601,N28.801,囊性肾盂炎
129602,N28.802,肾盂扩张
129603,N28.803,肾盂息肉
129604,N28.804,肾盂瘘
129605,N28.805,肾包膜下积液
129606,N28.806,肾出血
129607,N28.807,肾肥大
129608,N28.808,肾钙化
129609,N28.809,肾瘘
129610,N28.810,肾憩室
129611,N28.811,肾危象
129612,N28.812,肾下垂
129613,N28.813,肾炎性肿物
129614,N28.814,肾盏憩室
129615,N28.815,肾肿物
129616,N28.816,肾周积液
129617,N28.817,失盐综合征
129618,N28.818,游走肾
129619,N28.819,自发性肾破裂
129621,N28.821,巨输尿管
129622,N28.822,手术后输尿管瘘
129624,N28.824,输尿管腹壁瘘
129625,N28.825,输尿管坏死
129626,N28.826,输尿管扩张
129628,N28.828,输尿管囊肿
129629,N28.829,输尿管膨出
129630,N28.830,输尿管破裂
129631,N28.831,输尿管憩室
129633,N28.833,输尿管息肉
129635,N28.835,输尿管直肠瘘
129636,N28.836,囊性输尿管炎
129638,N28.838,输尿管周围炎
129639,N28.839,肾周围炎
129640,N28.900,肾和输尿管的疾患
129641,N28.900x004,非传染性肝炎相关性肾病
129643,N28.900x013,继发性肾损害
129644,N28.900x017,高血压肾损害
129645,N28.900x026,IgG相关性肾病
129646,N28.901,肾病
127271,M06.800x051,类风湿性髋关节炎
127272,M06.800x071,类风湿性足关节炎
127273,M06.900,类风湿性关节炎
127274,M06.901,类风湿性肩关节关节炎
127275,M06.902,类风湿性肘关节关节炎
127276,M06.903,类风湿性腕关节关节炎
127277,M06.904,类风湿性手骨间关节关节炎
127278,M06.906,类风湿性膝关节关节炎
127279,M06.907,类风湿性踝关节关节炎
127280,M06.908,类风湿性斜颈
127281,M06.909,类风湿性多部位关节炎
127282,M08.000,幼年型类风湿性关节炎
127283,M08.001,幼年型类风湿因子阴性关节炎
127284,M08.002,幼年型类风湿因子阳性关节炎
127285,M08.100,幼年型关节强硬性脊椎炎
127286,M08.100x092,幼年型脊椎关节炎
127287,M08.200,幼年型关节炎伴有全身性发病
127288,M08.201,幼年型斯蒂尔病
127289,M08.300,幼年型多关节炎（血清反应阴性）
127290,M08.300x001,多关节型儿童类风湿病
127291,M08.301,慢性幼年型多关节炎
127292,M08.400,少关节性幼年型关节炎
127293,M08.800,幼年型关节炎，其他的
127294,M08.800x091,幼年型特发性关节炎
127295,M08.900,幼年型关节炎
127296,M10.000,特发性痛风
127297,M10.000x094,原发性痛风
127298,M10.001+N16.8*,尿酸性肾病
127299,M10.002,痛风性关节炎
127300,M10.003,痛风性滑囊炎
127302,M10.005+N22.8*,痛风性肾结石
127303,M10.100,铅性痛风
127304,M10.200,药物性痛风
127305,M10.300,肾功能损害引起的痛风
127306,M10.400,继发性痛风，其他的
127307,M10.900,痛风
127308,M10.900x093,痛风石
127310,M10.902+H62.8*,耳痛风石
127311,M10.903,痛风结节
127313,M11.100,家族性软骨钙沉着
127315,M11.201,软骨钙质沉着
128252,M62.000,肌肉分离
128253,M62.100,肌肉的其他（非创伤性）破裂
128254,M62.200,肌肉缺血性梗死
128256,M62.202,非创伤性腔隙综合征
128257,M62.203,肌间隙综合征
128258,M62.300,不动综合征（截瘫性）
128259,M62.400,肌肉挛缩
128260,M62.401,肩区肌肉挛缩
128262,M62.403,前臂肌肉挛缩
126430,L03.304,腹股沟蜂窝织炎
126431,L03.305,脐部蜂窝织炎
126432,L03.306,会阴蜂窝织炎
126434,L03.801,头部蜂窝织炎
131496,O71.700x001,分娩伴阔韧带血肿
131497,O71.700x002,分娩伴子宫壁血肿
131498,O71.701,产伤性会阴血肿
131499,O71.702,产伤性盆腔血肿
131500,O71.703,产伤性外阴血肿
131501,O71.704,产伤性阴道血肿
131502,O71.800,产科创伤，其他特指的
131503,O71.801,产伤性腹直肌分离
131504,O71.802,产伤性腰骶神经根损害
131505,O71.900,产科创伤
131506,O72.000,第三产程出血
131507,O72.000x003,胎盘嵌顿伴出血
131508,O72.001,胎盘粘连伴出血
131509,O72.002,胎盘滞留伴出血
131510,O72.003,胎盘植入伴出血
131511,O72.100,即刻产后出血，其他的
131512,O72.101,产后即时出血
131514,O72.201,胎膜滞留伴出血
131515,O72.202,延迟性产后出血
130786,O21.800,并发于妊娠的其他呕吐
130788,O22.000,妊娠期下肢静脉曲张
130789,O22.100,妊娠期生殖器静脉曲张
130790,O22.101,妊娠期会阴静脉曲张
130791,O22.102,妊娠期外阴静脉曲张
130792,O22.103,妊娠期阴道静脉曲张
130793,O22.200,妊娠期血栓性浅静脉炎
130794,O22.300,妊娠期深静脉血栓形成
130795,O22.400,妊娠期痔
130796,O22.500,妊娠期大脑静脉血栓形成
130797,O22.800,妊娠期静脉并发症，其他的
130798,O22.801,妊娠期子宫旁静脉曲张
130799,O22.900,妊娠期静脉并发症
130800,O22.901,妊娠期静脉炎
130801,O22.902,妊娠期静脉血栓形成
131722,O98.300x014,妊娠合并泌尿生殖道支原体感染
131724,O98.302,妊娠合并尖锐湿疣
131725,O98.400,病毒性肝炎并发于妊娠、分娩和产褥期
131726,O98.400x005,妊娠合并乙型丁型病毒性肝炎
131728,O98.400x021,分娩合并病毒性肝炎
131729,O98.400x031,产褥期病毒性肝炎
131730,O98.401,妊娠合并甲型肝炎
131731,O98.402,妊娠合并乙型肝炎
131732,O98.403,妊娠合并丙型肝炎
131734,O98.406,妊娠合并重症病毒性肝炎
131735,O98.500,其他病毒性疾病，并发于妊娠、分娩和产褥期
131736,O98.501,妊娠合并病毒性脑炎
131738,O98.503,妊娠合并巨细胞病毒感染
131739,O98.506,妊娠合并水痘
131740,O98.600,原虫性疾病并发于妊娠、分娩和产褥期
131742,O98.601,妊娠合并弓形虫病
131743,O98.700,HIV并发于妊娠、分娩和产褥期
126664,L40.300,掌跖脓疱病
126665,L40.301,掌跖脓疱性银屑病
126666,L40.400,滴状银屑病
126667,L40.500,关节病型银屑病
126668,L40.501+M07.3*,银屑病性关节炎
126669,L40.502+M09.0*,银屑病性幼年型关节炎
126670,L40.800,银屑病，其他的
126671,L40.801,反常性银屑病
126672,L40.802,红皮病性银屑病
126673,L40.900,银屑病
126674,L41.000,急性苔藓痘疮样糠疹
126675,L41.000x002,急性发热坏死溃疡性痘疮样糠疹
126676,L41.100,慢性苔藓样糠疹
126677,L41.300,小斑块副银屑病
126678,L41.400,大斑块副银屑病
126679,L41.500,网状副银屑病
126680,L41.800,副银屑病，其他的
126681,L41.801,斑状副银屑病
126682,L41.900,副银屑病
126683,L42.x00,玫瑰糠疹
126685,L43.100,大疱性扁平苔藓
126686,L43.200,苔藓样药物反应
126687,L43.300,亚急性（活动性）扁平苔藓
126688,L43.301,热带扁平苔藓
126689,L43.800,扁平苔藓，其他的
126690,L43.900,扁平苔藓
127716,M25.200,连枷状关节
127717,M25.201,关节松弛
127718,M25.300,关节的其他不稳定性疾患
127719,M25.301,关节不稳定
127720,M25.400,关节渗出
127721,M25.401,肩关节积液
127722,M25.402,肩关节肿胀
127723,M25.403,肘关节积液
127724,M25.404,肘关节肿胀
127725,M25.405,腕关节积液
127726,M25.406,腕关节肿胀
137172,S63.500x081,下尺桡关节扭伤
137173,S63.500x082,下尺桡关节损伤
137174,S63.500x101,腕关节三角纤维软骨损伤
137176,S63.600,手指扭伤和劳损
137177,S63.600x001,拇指扭伤
137178,S63.600x002,指骨扭伤
137179,S63.601,指关节扭伤
137180,S63.602,掌指关节扭伤
137182,S63.700x001,腕中关节扭伤
137183,S63.701,手关节扭伤
137184,S64.000,在腕和手水平的尺神经损伤
137185,S64.000x001,腕部尺神经损伤
137186,S64.000x002,手部尺神经损伤
137188,S64.100x001,腕部正中神经损伤
137189,S64.100x002,手部正中神经损伤
137190,S64.200,在腕和手水平的桡神经损伤
137191,S64.200x001,腕部桡神经损伤
137193,S64.300,拇指指神经损伤
137194,S64.400,"手指指神经损伤,其他的"
137195,S64.400x001,指神经损伤
129647,N28.902,输尿管肿物
129648,N30.000,急性膀胱炎
129649,N30.100,间质性膀胱炎（慢性）
126489,L08.907,腹壁软组织感染
126490,L08.908,会阴部软组织感染
126491,L08.909,会阴炎性包块
126493,L08.911,足软组织感染
126494,L10.000,寻常型天疱疮
126495,L10.100,增生型天疱疮
126496,L10.200,落叶型天疱疮
126498,L10.400,红斑性天疱疮
126499,L10.500,药物性天疱疮
135977,S15.000,颈动脉损伤
135978,S15.000x002,创伤性颈动脉瘘
135979,S15.001,颈内动脉裂伤
135980,S15.002,颈总动脉裂伤
135981,S15.003,颈外动脉裂伤
135982,S15.004,创伤性颈动脉瘤
135983,S15.005,创伤性颈动脉海绵窦瘘
135984,S15.100,椎动脉损伤
135985,S15.200,颈外静脉损伤
135986,S15.300,颈内静脉损伤
135987,S15.301,颈内静脉断裂
135988,S15.700,在颈水平的多处血管损伤
135989,S15.700x001,颈部多处血管损伤
135990,S15.800,在颈水平的其他血管损伤
135991,S15.800x002,创伤性椎动静脉瘘
135992,S15.800x003,创伤性甲状腺血管损伤
135993,S15.801,创伤性颈动静脉瘘
135994,S15.900,在颈水平的血管损伤
135995,S15.900x001,颈部血管损伤
135996,S16.x00,在颈水平的肌肉和肌腱损伤
135997,S16.x00x001,颈部肌肉损伤
135998,S16.x00x002,颈部肌腱损伤
135999,S17.000,喉和气管挤压伤
136001,S17.000x002,喉挤压伤
136002,S17.001,气管挤压伤
136003,S17.800,颈部其他部位的挤压伤
136004,S17.801,咽喉挤压伤
136005,S17.900,颈部挤压伤
136007,S18.x00x001,砍头
136008,S19.700,颈部多处损伤
136009,S19.800,颈部其他特指的损伤
136010,S19.800x002,颈部气管损伤
136011,S19.800x004,颈部胸导管损伤
136012,S19.801,咽喉损伤
136015,S20.000,乳房挫伤
136016,S20.100,乳房其他和未特指的浅表损伤
136018,S20.200,胸部挫伤
136019,S20.200x003,胸骨前区挫伤
136020,S20.201,胸壁挫伤
136021,S20.202,肩胛间区挫伤
136023,S20.300x001,胸前壁浅表损伤
136024,S20.301,胸部皮肤擦伤
136025,S20.400,胸后壁其他浅表损伤
136026,S20.400x001,胸后壁浅表损伤
126435,L03.802,头皮蜂窝织炎
126436,L03.900,蜂窝织炎
126437,L03.901,急性淋巴管炎
126438,L04.000,面、头和颈部急性淋巴结炎
126439,L04.001,急性头面部淋巴结炎
126440,L04.002,急性颈部淋巴结炎
126441,L04.003,急性颌下淋巴结炎
126442,L04.100,躯干急性淋巴结炎
126443,L04.200,上肢急性淋巴结炎
126444,L04.201,急性肩淋巴结炎
126445,L04.202,急性腋下淋巴结炎
126446,L04.300,下肢急性淋巴结炎
126447,L04.301,急性髋淋巴结炎
126448,L04.800,急性淋巴结炎，其他部位的
126449,L04.900,急性淋巴结炎
126450,L04.900x002,坏死性淋巴结炎
126452,L04.900x007,亚急性坏死性淋巴结炎
126453,L04.901,急性化脓性淋巴结炎
126454,L04.902,组织细胞坏死性淋巴结炎
126455,L05.000,藏毛囊肿伴有脓肿
126456,L05.000x001,先天性胸壁皮肤窦道伴脓肿
126457,L05.900,藏毛囊肿不伴有脓肿
126458,L05.901,先天性背部皮肤窦道
126459,L08.000,脓皮病
126460,L08.000x001,脓疱性细菌疹
126461,L08.000x005,手浅表性大疱性脓皮病
126462,L08.000x006,下疳样脓皮病
126463,L08.000x007,慢性乳头状溃疡性脓皮病
126464,L08.000x008,头皮糜烂脓疱性皮病
126465,L08.000x009,芽生菌病样脓皮病
126466,L08.000x010,足浅表性大疱性脓皮病
126468,L08.002,脓疱性皮疹
126469,L08.003,坏疽性皮炎
126470,L08.100,红癣
126471,L08.800,皮肤和皮下组织其他特指的局部感染
126473,L08.800x006,臀部感染性窦道
126474,L08.800x008,足跟感染性窦道
126475,L08.800x011,恶性脓皮病
126476,L08.801,皮肤感染性窦道
126478,L08.803,瘢痕感染
126479,L08.804,背部感染性窦道
126480,L08.805,腹壁感染性窦道
126481,L08.900,皮肤和皮下组织的局部感染
126483,L08.901,头面颈部皮肤感染
126484,L08.902,躯干皮肤感染
126487,L08.905,脐炎
127510,M21.800,四肢其他特指的后天性变形
127511,M21.801,后天性锁骨畸形
127512,M21.802,后天性肩胛骨畸形
127513,M21.803,翼状肩胛
127515,M21.805,后天性股骨畸形
127516,M21.806,后天性胫骨畸形
127517,M21.807,后天性腓骨畸形
131744,O98.800,孕产妇其他的传染病和寄生虫病并发于妊娠、分娩和产褥期
131745,O98.800x002,妊娠合并真菌性阴道炎
131746,O98.800x007,妊娠合并菌痢
131747,O98.800x009,妊娠合并沙眼衣原体感染
131748,O98.800x013,妊娠合并真菌性外阴炎
131749,O98.800x032,产褥期寄生虫病
131750,O98.800x033,妊娠合并肺毛霉菌病
131751,O98.800x035,妊娠合并急性胃肠炎
131752,O98.800x036,妊娠合并肠炎
131753,O98.800x037,妊娠合并腹泻
131754,O98.801,妊娠合并脓毒症
131755,O98.802,妊娠合并花斑癣
131756,O98.803,妊娠合并脊髓灰质炎后遗症
131757,O98.804,妊娠合并菌血症
131758,O98.805,妊娠合并利斯特菌病
131759,O98.806,妊娠合并霉菌性阴道炎
131760,O98.808,妊娠合并阴道溶血性链球菌感染
131761,O98.809,妊娠合并阴虱
131762,O98.810,妊娠合并急性传染性肠胃炎
131763,O98.811,妊娠合并传染性肠炎
131764,O98.900,孕产妇的传染病或寄生虫病并发于妊娠、分娩和产褥期
131765,O99.000,贫血并发于妊娠、分娩和产褥期
131766,O99.000x021,分娩合并贫血
140902,W31.x00,接触其他的机械
140903,W32.x00,手枪发射
140904,W33.x00,步枪、猎枪和较大火器发射
140907,W36.x00,高压气罐爆炸和破裂
140908,W37.x00,压缩轮胎、管子和软管爆炸和破裂
140909,W38.x00,压缩装置的爆炸和破裂，其他特指的
140911,W40.x00,材料爆炸，其他的
140912,W41.x00,暴露于高压喷射下
140913,W42.x00,暴露于噪声下
140915,W44.x00,异物进入或穿入眼或自然腔口
141663,Y83.800,外科操作作为病人异常反应或以后并发症的原因，而在操作当时并未提及意外事故，其他特指的
141664,Y83.900,外科操作作为病人异常反应或以后并发症的原因，而在操作当时并未提及意外事故
141665,Y83.900x001,产科病人术后并发症
141666,Y83.900x002,术后晚期并发症
141667,Y83.900x003,胃肠道术后并发症
141668,Y84.000,心导管插入术作为病人异常反应或以后并发症的原因，而在操作当时并未提及意外事故
141669,Y84.000x001,心导管插入术异常反应
141671,Y84.100x001,肾透析后异常反应
141672,Y84.200,放射学操作和放射治疗作为病人异常反应或以后并发症的原因，而在操作当时并未提及意外事故
141673,Y84.200x001,放射学操作和放射治疗后异常反应
137196,S64.700,在腕和手水平的多神经损伤
137197,S64.700x001,腕和手多处神经损伤
137198,S64.800,在腕和手水平的其他神经损伤
137199,S64.900,在腕和手水平的神经的损伤
137200,S64.900x001,腕和手神经损伤
137201,S65.000,在腕和手水平的尺动脉损伤
137202,S65.000x001,手部尺动脉损伤
137203,S65.000x002,腕部尺动脉损伤
137204,S65.100,在腕和手水平的桡动脉损伤
137205,S65.100x001,腕部桡动脉损伤
137206,S65.100x002,手部桡动脉损伤
137207,S65.200,掌浅动静脉弓损伤
137208,S65.300,掌深动静脉弓损伤
137209,S65.400,拇指血管损伤
137210,S65.401,创伤性拇指动脉破裂
137211,S65.500,"手指血管损伤,其他的"
137212,S65.501,创伤性指动脉破裂
137213,S65.700,在腕和手水平的多血管损伤
137214,S65.700x001,腕和手多处血管损伤
137215,S65.800,在腕和手水平的其他血管损伤
137216,S65.900,在腕和手水平的血管的损伤
137217,S65.900x001,腕和手血管损伤
137218,S66.000,在腕和手水平的拇指长屈肌和肌腱损伤
137219,S66.000x001,腕和手拇指长屈肌和肌腱损伤
137220,S66.000x002,腕和手拇指长屈肌损伤
137221,S66.000x003,腕和手拇指长屈肌腱损伤
137222,S66.000x004,腕部拇指长屈肌和肌腱损伤
137223,S66.000x005,腕部拇指长屈肌损伤
138247,T20.200x007,颞部二度烧伤
138249,T20.200x009,耳部二度烧伤
138250,T20.200x010,眼伴头二度烧伤
138252,T20.200x012,眼伴面二度烧伤
138253,T20.201,面部二度烧伤
138255,T20.300x002,头部三度烧伤
138256,T20.300x003,颈部三度烧伤
138257,T20.300x004,头皮三度烧伤
128191,M54.104,腰骶神经根炎
128193,M54.106,神经根痛
128194,M54.107,神经根综合征
128195,M54.200,颈痛
128196,M54.300,坐骨神经痛
128198,M54.500,下背痛
128199,M54.501,第三腰椎横突综合征
128200,M54.502,腰痛
128201,M54.503,腰背痛
128202,M54.504,腰背肌筋膜炎
128203,M54.505,腰肌劳损
128204,M54.507,低背综合征
128206,M54.800,背痛，其他的
128207,M54.801,脊椎源性痛综合征
128208,M54.900,背痛
128209,M60.000,感染性肌炎
128211,M60.000x061,小腿感染性肌炎
136027,S20.700,胸部多处浅表损伤
136028,S20.800,胸部其他和未特指部位的浅表损伤
136029,S20.800x002,胸前缘域浅表损伤
136030,S20.801,胸壁浅表损伤
136031,S20.802,胸部浅表损伤
136033,S21.000,乳房开放性伤口
136034,S21.100,胸前壁开放性伤口
137030,S59.900,前臂损伤
137031,S60.000,手指挫伤不伴有指甲损害
137032,S60.000x001,手指挫伤
137033,S60.100,手指挫伤伴有指甲损害
137034,S60.100x001,手指挫伤伴指甲损伤
137035,S60.200,腕和手其他部位的挫伤
137036,S60.201,腕部挫伤
137037,S60.202,手挫伤
137038,S60.700,腕和手多处浅表损伤
137039,S60.701,手多发浅表损伤
137040,S60.800,腕和手的其他浅表损伤
136246,S30.200x010,创伤性外阴血肿
136247,S30.201,创伤性会阴血肿
136248,S30.202,创伤性阴囊血肿
136249,S30.203,创伤性附睾血肿
136250,S30.205,阴囊挫伤
136251,S30.206,阴茎挫伤
136252,S30.207,阴道挫伤
136253,S30.208,睾丸挫伤
136254,S30.700,腹部、下背和骨盆多处浅表损伤
136255,S30.800,腹部、下背和骨盆其他的浅表损伤
136256,S30.800x001,臀部浅表损伤
136257,S30.800x002,腹上部浅表损伤
136258,S30.800x003,外生殖器浅表损伤
136259,S30.800x004,胁腹浅表损伤
136260,S30.801,腹壁浅表异物
136261,S30.900,腹部、下背和骨盆的浅表损伤
136263,S30.900x002,下背浅表损伤
136264,S30.900x003,骨盆浅表损伤
136265,S31.000,下背和骨盆开放性伤口
136266,S31.000x003,骶骨区开放性损伤
136269,S31.000x006,臀部开放性损伤伴异物
136270,S31.001,创伤性会阴裂伤
136271,S31.002,腰背部皮肤撕脱伤
136272,S31.003,开放性会阴损伤
136274,S31.005,开放性腰背部损伤
136275,S31.006,臀部异物
136276,S31.100,腹壁开放性伤口
136277,S31.100x002,腹上部开放性损伤
136279,S31.100x005,髂区开放性损伤
136280,S31.100x007,阴部开放性损伤
136281,S31.101,开放性季肋部损伤
136282,S31.102,开放性腹股沟损伤
136284,S31.300,阴囊和睾丸开放性伤口
136285,S31.300x001,阴囊开放性损伤
136286,S31.300x002,开放性精囊损伤
136287,S31.301,开放性睾丸损伤
127518,M21.808,布鲁克病
127797,M31.302+J99.1*,韦格纳肉芽肿病累及肺
127798,M31.304+J99.1*,多发性血管炎性肉芽肿病累及肺
127799,M31.305+N08.5*,肉芽肿性血管炎相关肾小球肾炎
127800,M31.400,主动脉弓综合征(高安病)
127801,M31.500,巨细胞动脉炎伴有风湿性多肌痛
127802,M31.600,巨细胞动脉炎，其他的
127803,M31.700,显微镜下多脉管炎
127804,M31.701+N08.5*,ANCA相关性肾炎
127805,M31.702+G63.5*,显微镜下多血管炎性周围神经病
127806,M31.703+N08.5*,血管炎性肾小球肾炎
127807,M31.800,坏死性血管病，其他特指的
127808,M31.801,HCV感染相关血管炎
127809,M31.802,ANCA相关性血管炎
127810,M31.803,低补体血症血管炎
127811,M31.804,系统性血管炎
127812,M31.900,坏死性血管病
127813,M31.900x001,坏死性脉管炎
127814,M32.000,药物性系统性红斑狼疮
127815,M32.100,系统性红斑狼疮，累及器官或系统
127816,M32.100x016,狼疮性关节炎
127817,M32.101+N08.5*,狼疮性肾炎
127818,M32.102+N16.4*,狼疮性肾小管间质肾炎
127819,M32.103+J99.1*,狼疮性肺炎
127820,M32.104+I43.8*,狼疮性心肌病
127821,M32.105+I32.8*,狼疮性心包炎
127823,M32.107+G99.2*,狼疮性脊髓病变
127824,M32.108+K77.8*,狼疮性肝损害
127825,M32.109+I39.8*,利布曼-萨克斯病
127826,M32.110+G73.7*,狼疮性肌病
127827,M32.111+D77*,狼疮性血液系统损害
127829,M32.113+H36.8*,狼疮性视网膜病变
127830,M32.114+G94.8*,狼疮性脑病
127831,M32.115+K67.8*,狼疮性浆膜炎
127832,M32.116+F02.8*,狼疮性痴呆
127833,M32.800,系统性红斑狼疮，其他形式的
127835,M32.901,隐匿性系统性红斑狼疮
127837,M33.001+J99.1*,幼年型皮肌炎累及肺
127839,M33.100x001,儿童皮肌炎
127840,M33.100x004,成人皮肌炎
127841,M33.101,皮肌炎
127842,M33.102+G63.5*,皮肌炎性周围神经病
127844,M33.104,无肌病性皮肌炎
127845,M33.105,异色皮肌炎
127846,M33.200,多肌炎
127847,M33.201+J99.1*,多肌炎伴肺间质纤维化
127848,M33.900,皮多肌炎
128821,M84.100x042,掌骨骨折不连接
128823,M84.100x044,腕骨骨折不连接
141674,Y84.300,休克治疗作为病人异常反应或以后并发症的原因，而在操作当时并未提及意外事故
141675,Y84.300x001,休克治疗后异常反应
141676,Y84.400,液体抽吸术作为病人异常反应或以后并发症的原因，而在操作当时并未提及意外事故
141677,Y84.400x001,液体抽吸术后异常反应
141678,Y84.500,胃或十二指肠探子的插入作为病人异常反应或以后并发症的原因，而在操作当时并未提及意外事故
141679,Y84.500x001,胃或十二指肠探子的插入后异常反应
141680,Y84.600,泌尿道导管插入术作为病人异常反应或以后并发症的原因，而在操作当时并未提及意外事故
141681,Y84.600x001,泌尿道导管插入术后异常反应
141682,Y84.700,血液取样作为病人异常反应或以后并发症的原因，而在操作当时并未提及意外事故
141683,Y84.700x001,血液取样后异常反应
141684,Y84.800,医疗操作作为病人异常反应或以后并发症的原因，而在操作当时并未提及意外事故，其他的
141686,Y84.900,医疗操作作为病人异常反应或以后并发症的原因，而在操作当时并未提及意外事故
141687,Y84.900x001,医疗并发症
141689,Y85.900,运输事故的后遗症，其他和未特指的
141690,Y86.x00,"事故的后遗症,其他的"
141691,Y86.x00x001,意外中毒的晚期效应
141126,Y07.800,被其他特指人员虐待
141127,Y07.900,被虐待
141128,Y07.900x091,被人虐待
141129,Y08.x00,用其他特指的手段进行加害
141130,Y09.x00,用手段进行加害
141132,Y11.x00,镇癫痫药、镇静催眠药、抗帕金森病药和对精神有影响的药物的中毒及暴露于该类药物，不可归类在他处，意图不确定的
141133,Y12.x00,麻醉品和致幻药(致幻剂)的中毒及暴露于该类药物，不可归类在他处，意图不确定的
141880,Z13.800x021,呼吸系统疾病的特殊筛查
141882,Z13.800x031,消化道疾病的特殊筛查
141883,Z13.800x032,牙疾患的特殊筛查
141884,Z13.800x041,肌肉关节疾病的特殊筛查
141885,Z13.800x051,泌尿生殖系疾病的特殊筛查
141886,Z13.800x061,内分泌和代谢疾病的特殊筛查
141888,Z13.900,特殊筛查
141889,Z20.000,接触和暴露于肠道传染病
141890,Z20.001,霍乱接触者
141891,Z20.100,接触和暴露于结核病
141893,Z20.300,接触和暴露于狂犬病
141894,Z20.400,接触和暴露于风疹
141895,Z20.500,接触和暴露于病毒性肝炎
141896,Z20.600,接触和暴露于人类免疫缺陷病毒(HIV)
128212,M60.000x092,热带化脓性肌炎
128213,M60.000x093,肌肉脓肿
128214,M60.001,肩区感染性肌炎
128215,M60.002,上臂感染性肌炎
128216,M60.003,前臂感染性肌炎
128217,M60.004,手感染性肌炎
128218,M60.005,大腿肌间脓肿
128219,M60.006,膝关节肌间脓肿
128220,M60.007,足感染性肌炎
128221,M60.008,腰大肌脓肿
128222,M60.100,间质性肌炎
128223,M60.200,软组织异物肉芽肿，不可归类在他处者
128224,M60.200x091,肌肉肉芽肿
128225,M60.201,滑石粉肉芽肿
128226,M60.800,肌炎，其他的
128227,M60.800x061,腓肠肌炎
128228,M60.800x081,腹壁慢性肌炎
128229,M60.801,坏死性肌炎
128230,M60.802,陈旧性肌炎
128231,M60.803,腰大肌炎
128232,M60.804,增生性肌炎
128233,M60.805,姿势性肌炎
128234,M60.900,肌炎
128235,M60.901,嗜酸性肌筋膜炎
128236,M60.902,肌筋膜炎
128237,M60.903,巨噬细胞肌筋膜炎
128238,M61.000,外伤性骨化性肌炎
128239,M61.000x051,髋关节创伤后骨化性肌炎
128240,M61.100,进行性骨化性肌炎
128241,M61.101,进行性骨化性纤维发育不良
128242,M61.102,弥漫性进行性骨化性多肌炎
128243,M61.200,肌肉麻痹性钙化和骨化
128244,M61.201,肌肉麻痹性骨化
128245,M61.300,与烧伤有关的肌肉钙化和骨化
128246,M61.301,烧伤后肌肉骨化
128247,M61.400,肌肉的其他钙化
128248,M61.500,肌肉的其他骨化
128250,M61.502,骑士骨
128251,M61.900,肌肉钙化和骨化
129291,N01.100x002,"急进型肾炎综合征,局灶性和节段性肾小球损害"
129293,N01.200x001,"急进型肾炎综合征,弥漫性膜性肾小球肾炎"
129294,N01.300,急进型肾炎综合征伴有弥漫性肾小球系膜增生性肾小球肾炎
127451,M20.504,后天性爪形趾
127452,M20.505,鸡趾
127453,M20.506,脚趾挛缩
127454,M20.507,脚趾下垂
127455,M20.508,竖起趾
127456,M20.600,趾后天性变形
127457,M21.000,外翻变形，不可归类在他处者
127458,M21.000x051,后天性髋外翻
127459,M21.000x071,后天性马蹄外翻足
127461,M21.002,后天性膝外翻
127462,M21.003,后天性足外翻
127463,M21.100,内翻变形，不可归类在他处者
136288,S31.400,阴道和外阴开放性伤口
136289,S31.400x001,阴道开放性损伤
136290,S31.400x002,阴蒂开放性损伤
136291,S31.400x003,外阴开放性损伤
136292,S31.401,创伤性外阴裂伤
136293,S31.402,处女膜裂伤
136294,S31.500,外生殖器的开放性伤口，其他和未特指的
136295,S31.501,开放性外生殖器损伤
136296,S31.700,腹部、下背和骨盆多处开放性伤口
136297,S31.800,腹部其他和未特指部位的开放性伤口
136298,S31.800x003,创放性腹部异物
136299,S31.800x011,下背开放性损伤伴骨折
136300,S31.800x012,骨盆开放性损伤伴骨折
136301,S31.800x021,下背开放性损伤伴脱位
137280,S66.601,多发性手屈肌断裂
137281,S66.700,在腕和手水平的多处伸肌和肌腱损伤
137282,S66.700x001,腕和手多处伸肌和肌腱损伤
137283,S66.800,在腕和手水平的其他肌肉和肌腱的损伤
137284,S66.900,在腕和手水平的肌肉和肌腱的损伤
137285,S66.900x001,腕和手肌肉和肌腱损伤
137286,S66.900x002,腕部肌肉损伤
127325,M12.200x021,肘关节色素沉着绒毛结节性滑膜炎
127326,M12.200x031,腕关节色素沉着绒毛结节性滑膜炎
127327,M12.200x051,髋关节色素沉着绒毛结节性滑膜炎
127329,M12.200x071,踝关节色素沉着绒毛结节性滑膜炎
127330,M12.300,复发性风湿病
127331,M12.400,间歇性关节积水
127332,M12.500,创伤性关节病
127333,M12.500x011,肩关节创伤性关节病
127334,M12.500x021,肘关节创伤性关节病
127336,M12.500x051,髋关节创伤性关节病
127337,M12.500x061,膝关节创伤性关节病
127338,M12.500x071,踝关节创伤性关节病
127340,M12.801,短暂性关节炎（病）
127341,M13.000,多关节炎
127342,M13.100,单关节炎
127343,M13.100x011,胸锁关节炎
127344,M13.800,关节炎，其他特指的
127345,M13.800x001,变应性关节炎
127346,M13.802,更年期关节炎
127349,M15.100,赫伯登结节（伴有关节病）
127350,M15.200,布沙尔结节（伴有关节病）
127351,M15.300,继发性多发性关节病
127352,M15.301,创伤后多关节病
127354,M15.401,糜烂性骨关节病
127355,M15.800,多关节病，其他的
127356,M15.801,海加思结节
127357,M15.900,多关节病
127358,M15.900x003,重度多关节病
128824,M84.100x051,股骨骨折不连接
128825,M84.100x052,髋臼骨折不连接
128826,M84.100x061,腓骨骨折不连接
128827,M84.100x062,胫骨骨折不连接
128828,M84.100x063,髌骨骨折不连接
128829,M84.100x071,跖骨骨折不连接
128830,M84.100x072,跟骨骨折不连接
137232,S66.100x004,腕部指屈肌和肌腱损伤
137233,S66.100x005,腕部指屈肌损伤
137234,S66.100x006,腕部指屈肌腱损伤
137235,S66.100x007,手部指屈肌和肌腱损伤
137236,S66.100x008,手部指屈肌损伤
137237,S66.100x009,手部指屈肌腱损伤
137238,S66.200,在腕和手水平的拇指伸肌和肌腱损伤
137239,S66.200x001,腕和手拇指伸肌和肌腱损伤
137240,S66.200x002,腕和手拇指伸肌损伤
137241,S66.200x003,腕和手拇指伸肌腱损伤
137243,S66.200x005,腕部拇指伸肌损伤
137244,S66.200x006,腕部拇指伸肌腱损伤
137245,S66.200x007,手部拇指伸肌和肌腱损伤
137246,S66.200x008,手部拇指伸肌损伤
137247,S66.200x009,手部拇指伸肌腱损伤
137248,S66.300,在腕和手水平的其他手指伸肌和肌腱损伤
137249,S66.300x001,腕和手指伸肌和肌腱损伤
137250,S66.300x002,腕和手指伸肌损伤
137251,S66.300x003,腕和手指伸肌腱损伤
137253,S66.300x005,腕部指伸肌损伤
137254,S66.300x006,腕部指伸肌腱损伤
137255,S66.300x007,手部指伸肌和肌腱损伤
137256,S66.300x008,手部指伸肌损伤
137257,S66.300x009,手部指伸肌腱损伤
137259,S66.400x001,腕和手拇指内在肌和肌腱损伤
137260,S66.400x002,腕和手拇指内在肌损伤
137261,S66.400x003,腕和手拇指内在肌腱损伤
137262,S66.400x004,腕部拇指内在肌和肌腱损伤
137264,S66.400x006,腕部拇指内在肌腱损伤
137265,S66.400x007,手部拇指内在肌和肌腱损伤
137266,S66.400x008,手部拇指内在肌损伤
137267,S66.400x009,手部拇指内在肌腱损伤
137269,S66.500x001,腕和手指内在肌和肌腱损伤
137270,S66.500x002,腕和手指内在肌损伤
137271,S66.500x003,腕和手指内在肌腱损伤
137272,S66.500x004,腕部指内在肌和肌腱损伤
137274,S66.500x006,腕部指内在肌腱损伤
137275,S66.500x007,手部指内在肌和肌腱损伤
137276,S66.500x008,手部指内在肌损伤
141897,Z20.700,接触和暴露于虱病、螨病和其他病虫侵染
141898,Z20.701,接触虱病病虫侵染
141899,Z20.702,接触螨病病虫侵染
141900,Z20.800,接触和暴露于其他传染病
141902,Z20.802,天花接触者
141903,Z20.900,接触和暴露于传染病
141904,Z21.x00,无症状的人类免疫缺陷病毒(HIV)感染状态
141905,Z21.x00x001,无症状人类免疫缺陷病毒阳性
141906,Z22.000,伤寒带菌者
141907,Z22.100,肠道传染病带菌者，其他的
141908,Z22.101,阿米巴病带菌者
141909,Z22.102,鼠伤寒带菌者
141910,Z22.103,霍乱带菌者
141911,Z22.200,白喉带菌者
141912,Z22.300,细菌性疾病带菌者，其他特指的
141913,Z22.301,链球菌带菌者
141914,Z22.302,脑膜炎双球菌带菌者
141915,Z22.303,葡萄球菌带菌者
141916,Z22.400,主要为性传播模式感染的病原携带者
141917,Z22.401,淋病病原携带者
141918,Z22.402,梅毒病原携带者
141919,Z22.600,人T-亲淋巴1型病毒(HTLV-1)感染的病原携带者
141920,Z22.700,潜伏性结核
141921,Z22.800,传染病病原携带者，其他的
141922,Z22.801,风疹传染病病原携带者
141923,Z22.900,传染病病原携带者
141924,Z22.900x001,传染病带菌者
141925,Z23.000,仅为抗霍乱采取必要的免疫
141927,Z23.200,为抗结核采取必要的免疫(BCG)
141928,Z23.300,为抗鼠疫采取必要的免疫
131516,O72.300,产后凝血缺陷
131517,O72.300x002,产后纤维蛋白原缺乏血症
131518,O72.300x003,产后纤维蛋白溶解
131519,O72.301,产后播散性血管内凝血
131521,O73.001,胎盘粘连不伴出血
131522,O73.002,胎盘植入不伴出血
131523,O73.100,部分胎盘和胎膜滞留不伴有出血
131524,O73.101,胎膜滞留不伴出血
131526,O74.000,产程和分娩期间麻醉引起的吸入性肺炎
131527,O74.000x001,分娩期麻醉引起的吸入性肺炎
131529,O74.100,产程和分娩期间麻醉的其他肺部并发症
131530,O74.200,产程和分娩期间麻醉的心脏并发症
131531,O74.200x001,分娩期麻醉相关的心脏停搏
131532,O74.200x002,分娩期麻醉相关的心力衰竭
131534,O74.400,产程和分娩期间局部麻醉的毒性反应
131535,O74.500,产程和分娩期间脊髓和硬膜外麻醉诱发的头痛
131536,O74.600,产程和分娩期间脊髓和硬膜外麻醉的其他并发症
127465,M21.100x051,后天性髋内翻
127466,M21.100x072,后天性踝内翻
127467,M21.101,弓形腿
127468,M21.102,后天性肘内翻
127469,M21.103,髋关节内翻变形
127470,M21.104,后天性膝内翻
127471,M21.105,后天性足内翻
127472,M21.200,屈曲变形
127473,M21.200x001,后天性肢体屈曲变形
127474,M21.200x021,后天性肘关节屈曲变形
127475,M21.200x031,后天性前臂屈曲变形
127476,M21.200x032,后天性腕关节屈曲变形
127477,M21.200x041,后天性手屈曲变形
127478,M21.200x061,后天性膝关节屈曲变形
127479,M21.201,手屈曲畸形
127480,M21.202,膝关节屈曲畸形
127481,M21.300,腕或足（后天性）下垂
127482,M21.301,后天性腕下垂
127483,M21.302,后天性足下垂
127484,M21.400,后天性扁平足(平足)
127485,M21.401,足弓下陷
127486,M21.402,足弓松弛
127488,M21.501,后天性爪形手
127489,M21.502,后天性手畸形
127490,M21.503,后天性爪形足
127491,M21.504,后天性足畸形
127492,M21.505,后天性马蹄内翻足
127493,M21.600,踝和足其他后天性变形
127494,M21.600x071,后天性足变形
127495,M21.600x072,后天性踝变形
127496,M21.601,后天性弓形足
127497,M21.602,足旋前
127498,M21.603,足凹陷
127500,M21.605,踝旋前
127501,M21.700,四肢（后天性）长度不等
127502,M21.700x031,后天性尺骨短缩变形
127503,M21.700x061,后天性胫骨短缩变形
127505,M21.702,后天性前臂短缩畸形
127506,M21.703,后天性股骨短缩畸形
127507,M21.704,后天性大腿短缩畸形
127508,M21.705,后天性髋短缩畸形
128468,M71.003,前臂黏液囊脓肿
128469,M71.004,手黏液囊脓肿
128470,M71.005,骨盆区黏液囊脓肿
128471,M71.006,大腿黏液囊脓肿
128472,M71.007,小腿黏液囊脓肿
128474,M71.009,足黏液囊脓肿
128475,M71.100,感染性滑囊炎，其他的
128476,M71.101,肩区感染性滑囊炎
128477,M71.102,上臂感染性滑囊炎
127729,M25.409,髋关节积液
127730,M25.410,髋关节肿胀
127731,M25.411,膝关节积液
127732,M25.412,膝关节肿胀
127733,M25.413,踝关节积液
127735,M25.415,关节积液
127736,M25.416,关节肿胀
127360,M15.902,全身性骨关节炎
127361,M16.000,原发性双侧髋关节病
127362,M16.100,原发性髋关节病，其他的
127363,M16.101,原发性单侧髋关节病
127364,M16.200,发育异常导致的双侧髋关节病
127365,M16.300,发育异常性髋关节病，其他的
127366,M16.301,发育异常性单侧髋关节病
127367,M16.400,创伤后双侧髋关节病
127368,M16.500,创伤后髋关节病，其他的
127369,M16.501,创伤后单侧髋关节病
127370,M16.600,继发性双侧髋关节病，其他的
127371,M16.700,继发性髋关节病，其他的
127372,M16.701,继发性单侧髋关节病
127373,M16.900,髋关节病
127374,M16.900x002,双侧髋关节骨性关节病
127375,M16.900x011,髋关节周围炎
127376,M16.900x012,髋关节退行性病变
128326,M65.000,腱鞘脓肿
128327,M65.001,肩区腱鞘脓肿
128328,M65.002,上臂腱鞘脓肿
128329,M65.003,前臂腱鞘脓肿
128330,M65.004,手腱鞘脓肿
128331,M65.005,骨盆区腱鞘脓肿
128333,M65.007,小腿腱鞘脓肿
128334,M65.008,踝腱鞘脓肿
128335,M65.009,足腱鞘脓肿
128336,M65.010,特指部位腱鞘脓肿
128337,M65.100,感染性（腱）滑膜炎，其他的
126500,L10.800,天疱疮，其他特指的
126501,L10.800x001,副肿瘤性天疱疮
126503,L10.801,疱疹样天疱疮
126504,L10.900,天疱疮
126505,L11.000,后天性毛囊角化病
126506,L11.100,短暂性棘皮松解皮肤病(格罗弗)
126509,L12.000,大疱性类天疱疮
126510,L12.100,瘢痕性类天疱疮
126511,L12.101,良性黏膜类天疱疮
126512,L12.102+H13.3*,结膜天疱疹
126514,L12.200,儿童期慢性大疱性疾病
126515,L12.201,青少年疱疹样皮炎
126516,L12.202,线状IgA大疱性皮病
126517,L12.300,后天性大疱性表皮松解
126518,L12.800,类天疱疮，其他的
126520,L13.000,疱疹样皮炎
126521,L13.100,角质层下小脓疱性皮炎
126522,L13.101,斯内登-威尔金森病
126524,L13.900,大疱性疾患
126525,L13.901,大疱性皮炎
126526,L20.000,贝尼耶痒疹
126527,L20.800,特应性皮炎，其他的
126528,L20.801,泛发性神经性皮炎
126531,L20.804,婴儿湿疹
126532,L20.806,新生儿湿疹
137277,S66.500x009,手部指内在肌腱损伤
137278,S66.600,在腕和手水平的多处屈肌和肌腱损伤
137279,S66.600x001,腕和手多处屈肌和肌腱损伤
138313,T20.700x011,眼伴颈三度腐蚀伤
138315,T21.000,躯干烧伤
138316,T21.000x011,乳房烧伤
138317,T21.000x021,胸壁烧伤
138318,T21.000x031,腹壁烧伤
138319,T21.000x032,胁腹烧伤
138320,T21.000x033,腹股沟烧伤
138321,T21.000x041,臀部烧伤
138322,T21.000x042,背部烧伤
128263,M62.404,手部肌挛缩
128264,M62.405,臀肌挛缩
128265,M62.406,大腿肌肉挛缩
128266,M62.407,小腿肌肉挛缩
128267,M62.408,踝肌肉挛缩
128268,M62.409,足肌肉挛缩
128269,M62.410,头颈肌挛缩
128270,M62.411,躯干肌挛缩
128271,M62.500,肌肉的消瘦和萎缩，不可归类在他处者
128272,M62.501,上臂肌肉萎缩
128273,M62.502,前臂肌肉萎缩
128274,M62.503,手肌肉萎缩
128275,M62.504,大腿肌萎缩
128276,M62.505,小腿肌肉萎缩
128277,M62.506,咀嚼肌萎缩
128278,M62.507,头颈部肌萎缩
128279,M62.508,单侧肢体肌萎缩
128280,M62.509,弥漫性肌肉萎缩
128281,M62.510,失用性肌肉萎缩
128282,M62.511,原发性肌肉萎缩
128283,M62.512,全身性肌萎缩
128284,M62.513,少肌症
128285,M62.600,肌肉劳损
128286,M62.600x081,陈旧性腰肌劳损
128287,M62.601,上臂肌肉劳损
128289,M62.603,大腿肌肉劳损
128290,M62.604,小腿肌肉劳损
128291,M62.605,头颈部肌肉劳损
128292,M62.606,胸肌劳损
128294,M62.800,肌肉其他特指的疾患
128295,M62.800x002,肌肉血肿
128296,M62.800x051,股四头肌内侧头囊肿
128297,M62.800x053,髂肌囊肿
128299,M62.800x062,腓肠肌肥大
128300,M62.800x081,咬肌肥大
128301,M62.800x095,肌肉脂肪浸润
128302,M62.800x096,肌肉血肿机化
128303,M62.800x097,肌玻璃体变性
128305,M62.800x102,发作性四肢强直
128306,M62.802,大腿肌肥厚
128307,M62.803,横纹肌溶解症
128308,M62.804,后天性肌强直
128311,M62.807,后天性筋膜疝
128312,M62.808,肌肉瘢痕
128313,M62.809,肌肉变性
128314,M62.810,肌肉肥大
131538,O74.800,产程和分娩期间麻醉的其他并发症
131540,O74.900x001,分娩期麻醉并发症
131541,O75.000,产程和分娩期间母体窘迫
131542,O75.100,产程和分娩期间或以后休克
131543,O75.101,产科休克
131544,O75.200,产程期间发热，不可归类在他处者
131545,O75.300,产程期间其他的感染
131546,O75.300x001,分娩期脓毒症
131547,O75.300x002,分娩期宫内感染
131548,O75.400,产科手术和操作的其他并发症
131549,O75.401,产科术后心脏停搏
131550,O75.402,产科术中心脏停搏
131551,O75.403,分娩伴心力衰竭
131552,O75.500,人工破膜后分娩延迟
131553,O75.600,自发或未特指的破膜后分娩延迟
131554,O75.700,以前剖宫产术后的阴道分娩
132327,P36.901,新生儿脓毒症
132328,P36.902,新生儿菌血症
132329,P37.000,先天性结核病
132330,P37.100,先天性弓形虫病
132331,P37.200,新生儿（播散性）利斯特菌病
132332,P37.300,先天性恶性疟
132333,P37.400,先天性疟疾，其他的
132334,P37.500,新生儿念珠菌病
132335,P37.800,先天性传染病和寄生虫病，其他特指的
132336,P37.800x001,新生儿真菌性脑膜炎
132337,P37.800x002,新生儿真菌性脓毒症
132338,P37.900,先天性传染病和寄生虫病
132339,P37.901,先天性寄生虫病
132340,P38.x00,新生儿脐炎伴有或不伴有轻度出血
132342,P38.x01,新生儿脐炎
132343,P39.000,新生儿感染性乳腺炎
132344,P39.100,新生儿结膜炎和泪囊炎
132345,P39.100x003,新生儿眼炎
132346,P39.100x004,新生儿结膜炎
131768,O99.002,妊娠合并全血细胞减少
131769,O99.003,妊娠合并再生障碍性贫血
131770,O99.004,妊娠合并地中海贫血
132562,P81.001,新生儿捂热综合征
132563,P81.800,新生儿其他特指的体温调节障碍
132564,P81.900,新生儿体温调节障碍
132565,P81.901,新生儿脱水热
132567,P83.000,新生儿硬化病(硬肿症)
132568,P83.100,新生儿中毒性红斑
132569,P83.200,非溶血性疾病引起的胎儿水肿
132571,P83.301,新生儿水肿
132572,P83.302,胎儿水肿
132573,P83.400,新生儿乳房肿胀
132574,P83.401,新生儿非感染性乳腺炎
132575,P83.500,先天性鞘膜积液
132576,P83.500x002,先天性睾丸鞘膜积液
132577,P83.500x003,先天性精索鞘膜积液
127737,M25.500,关节痛
127738,M25.501,肩关节痛
127739,M25.502,肘关节痛
127740,M25.503,腕关节痛
127741,M25.504,手骨间关节痛
127742,M25.505,髋关节痛
127743,M25.506,膝关节痛
127744,M25.507,踝关节痛
127745,M25.600,关节僵硬，不可归类在他处者
127746,M25.600x091,关节僵硬
127747,M25.601,肢体僵硬
127748,M25.602,肩关节僵硬
127749,M25.603,肘关节僵硬
127750,M25.604,腕关节僵硬
127751,M25.605,指关节僵硬
127752,M25.606,髋关节僵硬
127753,M25.607,膝关节僵硬
127755,M25.700,骨赘
127756,M25.800,关节疾患，其他特指的
127757,M25.800x092,关节周围骨化
127758,M25.801,多部位关节钙化
127759,M25.802,肩关节钙化
127760,M25.803,肩关节囊肿
127761,M25.804,肘关节囊肿
127762,M25.805,腕关节囊肿
127763,M25.807,髋关节囊肿
127764,M25.808,膝关节囊肿
127765,M25.809,踝关节囊肿
127766,M25.810,关节周围异位骨化
127767,M25.900,关节疾患
127768,M25.900x031,腕关节肿物
127769,M25.900x061,膝关节肿物
127770,M25.901,关节肿物
127771,M30.000,结节性多动脉炎
127772,M30.001+G73.7*,结节性多动脉炎性肌病
127773,M30.002+G63.5*,结节性多动脉炎性多神经病
127774,M30.003+G63.5*,结节性多动脉炎性周围神经病
127775,M30.004,多脉管炎
127776,M30.005+F02.8*,结节性多动脉炎性痴呆
127777,M30.100,多动脉炎伴有肺受累(丘格-斯特劳斯)
127779,M30.101,变应性肉芽肿性血管炎
127780,M30.200,幼年型多动脉炎
127781,M30.300,黏膜皮肤淋巴结综合征(川崎病)
127782,M30.301,IVIG无应答型川崎病
127784,M30.801,多脉管炎重叠综合征
127785,M31.000,过敏性血管炎
127786,M31.000x002,免疫性血管炎
127787,M31.000x005,变应性皮肤血管炎
128759,M79.908,踝软组织疾患
128760,M79.909,足软组织疾患
128762,M80.100,卵巢切除术后骨质疏松伴有病理性骨折
128763,M80.200,失用性骨质疏松伴有病理性骨折
128764,M80.300,手术后吸收不良性骨质疏松伴有病理性骨折
128767,M80.800,骨质疏松伴有病理性骨折，其他的
138258,T20.300x005,面部三度烧伤
126534,L21.000,头皮皮脂溢
126535,L21.001,乳痂
126536,L21.002,头皮糠疹
126537,L21.100,婴儿脂溢性皮炎
126538,L21.800,脂溢性皮炎，其他的
126539,L21.900,脂溢性皮炎
126540,L21.901,脂溢性湿疹
126541,L22.x00,尿布皮炎
126542,L22.x01,银屑病样尿布疹
126543,L23.000,金属引起的变应性接触性皮炎
126544,L23.001,铬变应性接触性皮炎
126545,L23.002,镍变应性接触性皮炎
126546,L23.100,粘贴剂引起的变应性接触性皮炎
126547,L23.101,橡皮膏变应性接触性皮炎
126548,L23.200,化妆品引起的变应性接触性皮炎
126549,L23.300,药物接触皮肤引起的变应性接触性皮炎
126550,L23.400,染料引起的变应性接触性皮炎
126551,L23.500,化学产品引起的变应性接触性皮炎，其他的
126552,L23.501,水泥变应性接触性皮炎
126553,L23.502,塑料变应性接触性皮炎
126554,L23.503,橡胶变应性接触性皮炎
126555,L23.504,杀虫剂变应性接触性皮炎
127577,M23.309,半月板运动过度
127579,M23.311,复发性半月板紊乱
127580,M23.400,膝关节游离体
127581,M23.500,膝的慢性不稳定性疾患
127582,M23.500x091,膝前内侧旋转不稳定
127583,M23.501,陈旧性膝韧带破裂
127584,M23.600,膝韧带的其他自然破裂
127585,M23.601,自发性膝韧带破裂
127586,M23.800,膝关节内紊乱，其他的
137041,S60.800x011,腕和手擦伤
137042,S60.800x012,腕部擦伤
137044,S60.800x022,手部水泡
137045,S60.800x023,腕部水泡
137046,S60.800x031,腕和手虫咬伤
137047,S60.800x032,腕部虫咬伤
137048,S60.800x033,手部虫咬伤
137050,S60.800x042,腕部浅表异物
137051,S60.800x043,手部浅表异物
137052,S60.801,手指浅表异物
137053,S60.900,腕和手的浅表损伤
137055,S60.901,手浅表损伤
137056,S60.902,手擦伤
137057,S61.000,手指开放性伤口不伴有指甲损害
137058,S61.000x001,手指开放性损伤
137059,S61.000x002,拇指开放性损伤
137061,S61.100x001,手指开放性损伤伴指甲损伤
137062,S61.100x002,拇指开放性损伤伴指甲损伤
137063,S61.700,腕和手多处开放性伤口
137064,S61.701,开放性腕部多发损伤
137066,S61.800,腕和手其他部位的开放性伤口
128315,M62.811,肌肉纤颤
128316,M62.812,肌软化
128317,M62.813,肌疝
128319,M62.815,肌张力缺失
128320,M62.817,阔筋膜挛缩症
128321,M62.819,膝关节肌肥大
128322,M62.821,足筋膜挛缩
128323,M62.822,疼痛性肌痉挛综合征
128324,M62.900,肌肉疾患
128325,M62.901,肌肉肿物
129340,N03.300,慢性肾炎综合征伴有弥漫性肾小球系膜增生性肾小球肾炎
129341,N03.300x001,慢性弥漫性系膜增殖性肾小球肾炎
129342,N03.400,慢性肾炎综合征伴有弥漫性毛细血管内增生性肾小球肾炎
129343,N03.500,慢性肾炎综合征伴有弥漫性肾小球系膜毛细血管性肾小球肾炎
129344,N03.500x003,慢性肾小球膜毛细血管性肾小球肾炎
129345,N03.501,膜增殖性肾小球肾炎Ⅰ型
129346,N03.502,膜增殖性肾小球肾炎Ⅲ型
127519,M21.900,四肢后天性变形
127520,M21.900x011,后天性肩关节变形
127521,M21.900x041,后天性腕关节变形
127522,M21.900x051,后天性上肢变形
127523,M21.901,后天性上臂畸形
127524,M21.902,后天性尺骨畸形
127525,M21.903,后天性桡骨畸形
127526,M21.904,后天性前臂畸形
127527,M21.905,后天性掌骨畸形
127528,M21.906,后天性髋关节畸形
127529,M21.907,后天性膝关节畸形
127530,M21.908,后天性下肢畸形
127531,M22.000,复发性髌骨脱位
127532,M22.100,复发性髌骨不全脱位
127533,M22.200,髌股疾患
127535,M22.201,髌骨关节病
127536,M22.300,髌骨的其他紊乱
127537,M22.300x001,髌骨不稳定
127538,M22.301,髌骨滑脱
127539,M22.400,髌骨软骨软化
127541,M22.801,髌骨外侧过度挤压综合征
127542,M22.802,髌骨畸形
127544,M23.000,囊性半月板
127545,M23.000x031,膝内侧半月板囊肿
127547,M23.001,膝半月板囊肿
127548,M23.100,盘状半月板（先天性）
127549,M23.200,陈旧性撕裂或损伤引起的半月板紊乱
127550,M23.200x092,陈旧性桶柄状撕裂
127552,M23.202,陈旧性内侧半月板前角损伤
127553,M23.203,陈旧性后十字韧带损伤
127554,M23.204,陈旧性内侧半月板后角损伤
127556,M23.206,陈旧性膝内侧副韧带损伤
127557,M23.207,陈旧性膝外侧副韧带损伤
127558,M23.208,陈旧性膝外侧半月板前角损伤
127559,M23.209,陈旧性膝外侧半月板后角损伤
132578,P83.600,新生儿脐息肉
132579,P83.800,特发于胎儿和新生儿体被的其他特指的情况
132580,P83.800x004,新生儿硬皮病
132582,P83.800x006,蓝莓松饼状婴儿
132583,P83.800x007,新生儿皮肤附属器息肉
132584,P83.801,新生儿红斑
132585,P83.802,新生儿皮下脂肪坏疽
132586,P83.803,新生儿荨麻疹
132587,P83.900,特发于胎儿和新生儿体被的情况
132588,P83.901,新生儿骶尾肿物
132589,P90.x00,新生儿惊厥
132590,P91.000,新生儿大脑缺血
132591,P91.000x002,新生儿脑梗死
132592,P91.100,新生儿后天性脑室周围囊肿
132593,P91.200,新生儿脑白质软化
132594,P91.300,新生儿大脑兴奋增盛
132595,P91.400,新生儿大脑抑制
132596,P91.500,新生儿昏迷
132597,P91.600,新生儿缺氧缺血性脑病
132598,P91.700,后天性新生儿脑积水
132599,P91.800,新生儿其他特指的大脑障碍
132600,P91.800x001,新生儿脑病
132601,P91.801,新生儿颅内静脉窦血栓形成
132602,P91.802,新生儿中毒性脑病
132603,P91.900,新生儿大脑障碍
132604,P91.900x001,围生期脑损伤
132605,P92.000,新生儿呕吐
132606,P92.001,新生儿贲门松弛
132607,P92.100,新生儿反胃和反刍
132608,P92.100x001,新生儿胃食管反流
132610,P92.300,新生儿喂养不足
132611,P92.400,新生儿喂养过量
132612,P92.500,新生儿母乳喂养困难
132613,P92.800,新生儿的其他喂养问题
132615,P92.800x003,新生儿喂养不耐受
132616,P92.900,新生儿喂养问题
132617,P93.x00,胎儿和新生儿用药引起的反应和中毒
132618,P93.x01,新生儿用药中毒
132620,P94.000,短暂性新生儿重症肌无力
132621,P94.100,先天性张力过高
141693,Y86.x00x003,失火事故的晚期效应
141695,Y87.000,故意自害的后遗症
141696,Y87.100,加害的后遗症
141697,Y87.200,意图不确定事件的后遗症
141698,Y88.000,在治疗中使用药物、药剂和生物制品引起有害效应的后遗症
141699,Y88.100,在手术和医疗操作中对病人的意外事故的后遗症
141701,Y88.300,手术和医疗操作的后遗症作为病人异常反应或以后并发症的原因，而在操作当时并未提及意外事故
139141,T50.500,食欲抑制剂中毒
139142,T50.600,解毒剂和螯合剂中毒，不可归类在他处者
139143,T50.600x001,解酒药中毒
138259,T20.300x006,鼻部三度烧伤
138260,T20.300x007,颞部三度烧伤
138261,T20.300x008,唇部三度烧伤
138262,T20.300x009,耳部三度烧伤
138263,T20.300x010,眼伴头三度烧伤
138264,T20.300x011,眼伴颈三度烧伤
138266,T20.400,头和颈腐蚀伤
138267,T20.400x002,头部腐蚀伤
138268,T20.400x003,颈部腐蚀伤
138269,T20.400x004,头皮腐蚀伤
138270,T20.400x005,面部腐蚀伤
138271,T20.400x006,鼻部腐蚀伤
138272,T20.400x007,颞部腐蚀伤
138273,T20.400x008,唇部腐蚀伤
138274,T20.400x009,耳部腐蚀伤
138275,T20.400x010,眼伴头腐蚀伤
138276,T20.400x011,眼伴颈腐蚀伤
138277,T20.400x012,眼伴面腐蚀伤
138278,T20.401,耳化学性烧伤
138279,T20.500,头和颈一度腐蚀伤
138280,T20.500x002,头部一度腐蚀伤
138281,T20.500x003,颈部一度腐蚀伤
138282,T20.500x004,头皮一度腐蚀伤
138283,T20.500x005,面部一度腐蚀伤
138284,T20.500x006,鼻部一度腐蚀伤
138285,T20.500x007,颞部一度腐蚀伤
138286,T20.500x008,唇部一度腐蚀伤
138287,T20.500x009,耳部一度腐蚀伤
138288,T20.500x010,眼伴头一度腐蚀伤
138289,T20.500x011,眼伴颈一度腐蚀伤
138291,T20.600,头和颈二度腐蚀伤
138292,T20.600x002,头部二度腐蚀伤
138293,T20.600x003,颈部二度腐蚀伤
138294,T20.600x004,头皮二度腐蚀伤
138295,T20.600x005,面部二度腐蚀伤
138297,T20.600x007,颞部二度腐蚀伤
138298,T20.600x008,唇部二度腐蚀伤
138299,T20.600x009,耳部二度腐蚀伤
138300,T20.600x010,眼伴头二度腐蚀伤
138302,T20.600x012,眼伴面二度腐蚀伤
138303,T20.700,头和颈三度腐蚀伤
138304,T20.700x002,头部三度腐蚀伤
138305,T20.700x003,颈部三度腐蚀伤
138306,T20.700x004,头皮三度腐蚀伤
138308,T20.700x006,鼻部三度腐蚀伤
138309,T20.700x007,颞部三度腐蚀伤
138310,T20.700x008,唇部三度腐蚀伤
138311,T20.700x009,耳部三度腐蚀伤
135118,R63.100,烦渴
135119,R63.100x002,多饮
135120,R63.200,贪食
135121,R63.200x002,营养过度
135122,R63.300,喂养困难和照管不当
135123,R63.300x002,喂养困难
137067,S61.800x011,腕和手开放性损伤伴骨折
137068,S61.800x012,手部开放性损伤伴骨折
137069,S61.800x013,腕部开放性损伤伴骨折
137070,S61.800x021,腕和手开放性损伤伴脱位
137071,S61.800x022,手部开放性损伤伴脱位
137072,S61.800x023,腕部开放性损伤伴脱位
137073,S61.800x081,手掌开放性损伤
137074,S61.900,腕和手的开放性伤口
137075,S61.900x002,腕部开放性损伤
137076,S61.900x004,手部爆炸伤
137077,S61.901,开放性手部损伤
137079,S62.000,手舟(舟状)骨骨折
137080,S62.000x001,腕舟骨骨折
137081,S62.010,开放性手舟状骨骨折
137082,S62.100,腕骨骨折，其他特指的
137083,S62.100x011,月骨骨折
137084,S62.100x021,三角骨骨折
137085,S62.100x031,豆骨骨折
137086,S62.100x041,大多角骨骨折
137087,S62.100x051,小多角骨骨折
137088,S62.100x061,头状骨骨折
137089,S62.100x071,钩骨骨折
137090,S62.100x091,腕骨多发性骨折
137091,S62.101,腕骨骨折
137092,S62.110,开放性特指腕骨骨折
137093,S62.111,开放性腕骨骨折
137094,S62.200,第一掌骨骨折
137095,S62.200x011,第一掌骨基底骨折
138103,T12.x00,下肢骨折
138104,T12.x10,开放性下肢骨折
138105,T13.000,下肢浅表损伤
138106,T13.000x011,下肢浅表擦伤
138107,T13.000x021,下肢浅表水疱
138108,T13.000x031,下肢浅表昆虫咬伤
138110,T13.000x051,下肢浅表挫伤
138111,T13.001,下肢血肿
138112,T13.100,下肢开放性伤口
138113,T13.100x003,下肢撕脱伤
137287,S66.900x003,手部肌肉损伤
137289,S67.000,拇指和其他手指挤压伤
137290,S67.000x001,拇指挤压伤
137291,S67.000x003,手指碾挫伤
137292,S67.001,手指挤压伤
137294,S67.800x001,腕部挤压伤
137295,S67.800x003,手部碾挫伤
137296,S67.801,手挤压伤
137297,S68.000,拇指创伤性切断（完全）（部分）
137299,S68.001,拇指完全切断
137301,S68.100x001,单指不全切断
137302,S68.100x002,单指完全离断
137303,S68.200,仅两个或更多手指创伤性切断（完全）（部分）
137304,S68.200x001,多指不全切断
137305,S68.201,多手指完全切断
127560,M23.210,陈旧性膝外侧半月板损伤
127561,M23.211,陈旧性膝关节囊韧带损伤
127562,M23.212,陈旧性膝半月板断裂
127563,M23.213,陈旧性膝半月板损伤
127564,M23.214,陈旧性膝韧带损伤
127565,M23.215,陈旧性膝内多发性损伤
127566,M23.300,半月板紊乱，其他的
127567,M23.300x061,膝外侧半月板紊乱
127568,M23.300x062,膝内侧半月板紊乱
127569,M23.301,内侧半月板前角损伤
127570,M23.302,内侧半月板后角损伤
127571,M23.303,内侧半月板损伤
127572,M23.304,外侧半月板前角损伤
127573,M23.305,外侧半月板后角损伤
127574,M23.306,外侧半月板损伤
127575,M23.307,半月板变性
127576,M23.308,半月板损伤
128538,M72.404,手结节性筋膜炎
128539,M72.405,骨盆区结节性筋膜炎
128540,M72.406,大腿结节性筋膜炎
128541,M72.407,小腿结节性筋膜炎
128542,M72.408,踝结节性筋膜炎
128543,M72.409,足结节性筋膜炎
128544,M72.410,结节性筋膜炎
128545,M72.600,坏死性筋膜炎
128546,M72.601,肩区坏死性筋膜炎
128831,M84.100x073,踝关节骨折不连接
128832,M84.100x074,距骨骨折不连接
128833,M84.100x075,趾骨骨折不连接
128834,M84.100x081,腰椎骨折不连接
128835,M84.200,骨折延迟愈合
128837,M84.300x091,应力性骨折
128838,M84.301,疲劳性骨折
128839,M84.400,病理性骨折，不可归类在他处者
128840,M84.401,自发性骨折
128841,M84.800,骨的其他连续性疾患
128842,M84.801,颅骨分离
128844,M85.000,骨纤维性结构不良（单骨性）
128845,M85.000x001,额骨纤维性结构不良
128846,M85.000x002,枕骨纤维性结构不良
128848,M85.000x007,尺骨纤维结构不良
128850,M85.000x011,锁骨纤维异常增殖症
128851,M85.000x031,桡骨纤维异常增殖症
128853,M85.000x052,髋骨纤维异常增殖症
128854,M85.000x053,骨盆骨纤维结构不良
128855,M85.000x054,坐骨纤维异常增殖症
128856,M85.000x061,胫骨纤维结构不良
128858,M85.000x071,跟骨纤维结构不良
128859,M85.000x081,颅骨纤维增殖症
128860,M85.000x082,肋骨纤维异常增殖症
128861,M85.000x083,颧骨纤维异常增殖症
128863,M85.001,骨纤维异样增殖症
139144,T50.600x002,解毒剂中毒
139145,T50.600x003,螯合剂中毒
139146,T50.700,兴奋药和阿片样物质受体拮抗剂中毒
139147,T50.700x001,兴奋药中毒
139148,T50.700x002,阿片样物质受体拮抗剂中毒
139149,T50.800,诊断性制剂中毒
139150,T50.900,药物、药剂和生物制品中毒，其他和未特指的
139151,T50.900x001,药物中毒
139152,T50.900x002,酸化剂中毒
139153,T50.900x003,碱化剂中毒
139154,T50.900x004,免疫球蛋白中毒
139155,T50.900x005,免疫制剂中毒
139156,T50.900x006,调脂药物中毒
139157,T50.900x007,甲状旁腺激素类中毒
139158,T51.000,乙醇的毒性效应
139159,T51.001,酒精中毒
139160,T51.100,甲醇的毒性效应
139161,T51.200,2-丙醇的毒性效应
139162,T51.200x001,异丙醇中毒
139163,T51.300,杂醇油的毒性效应
139164,T51.300x002,戊基醇中毒
139165,T51.300x003,丁基醇中毒
139166,T51.300x004,丙基醇中毒
139167,T51.800,醇类的毒性效应，其他的
139168,T51.800x001,三氯吡啶醇钠中毒
139169,T51.900,醇的毒性效应
139170,T52.000,石油产品的毒性效应
139171,T52.000x002,石脑油中毒
139172,T52.000x003,煤油中毒
139173,T52.000x004,汽油中毒
139174,T52.000x005,醚中毒
139175,T52.000x006,石油精中毒
139176,T52.100,苯的毒性效应
139177,T52.101,苯中毒
139178,T52.200,苯同类物的毒性效应
139179,T52.200x002,甲苯中毒
139181,T52.300,脂肪族二元醇类的毒性效应
139182,T52.400,酮类的毒性效应
139183,T52.800,毒性效应，其他有机溶剂的
139185,T52.800x002,甲醛水溶液中毒
139187,T52.800x004,正己烷中毒
139188,T52.800x005,香蕉水中毒
139189,T52.800x006,硫酸二甲酯中毒
139191,T53.000,四氯化碳的毒性效应
139192,T53.000x002,四氯代甲烷中毒
139193,T53.100,氯仿的毒性效应
141929,Z23.400,为抗土拉菌病(兔热病)采取必要的免疫
141931,Z23.600,仅为抗白喉采取必要的免疫
141932,Z23.700,仅为抗百日咳采取必要的免疫
141933,Z23.800,为抗其他单一的细菌性疾病采取必要的免疫
141935,Z24.000,为抗脊髓灰质炎采取必要的免疫
141936,Z24.001,接种脊髓灰质炎疫苗
135124,R63.300x003,照管不当
135125,R63.400,异常的体重减轻
135126,R63.500,异常的体重增加
135127,R63.600,进食不足和饮水不足
135128,R63.601,（由于自我忽视引起）进食不足和饮水不足
129297,N01.400x001,"急进型肾炎,毛细血管内增殖性肾炎"
129298,N01.500,急进型肾炎综合征伴有弥漫性肾小球系膜毛细血管性肾小球肾炎
129299,N01.500x001,"急进型肾炎综合征,弥漫性肾小球膜毛细血管性肾小球肾炎"
129300,N01.600,急进型肾炎综合征伴有密集沉积物病
129301,N01.600x001,"急进型肾炎综合征,密集沉积物病"
129302,N01.700,急进型肾炎综合征伴有弥漫性新月形肾小球肾炎
129303,N01.700x001,急进性新月体性肾小球肾炎
129304,N01.800,急进型肾炎综合征，其他的
129305,N01.900,急进型肾炎综合征
129307,N01.900x002,急进性肾小球病
129308,N01.900x003,急进性肾小球肾炎
129309,N02.000,复发性和持续性血尿伴有轻微的肾小球异常
129310,N02.001,血尿，肾小球轻微病变
129311,N02.002,IgA肾病，肾小球轻微病变
129312,N02.100,复发性和持续性血尿伴有局灶性和节段性肾小球损害
129313,N02.101,IgA肾病，局灶和节段性肾小球损害
129314,N02.102,血尿，局灶和节段性肾小球损害
129316,N02.201,IgA肾病，膜性肾小球损害
129317,N02.203,血尿，弥漫性膜性肾小球损害
129318,N02.300,复发性和持续性血尿伴有弥漫性肾小球系膜性增生性肾小球肾炎
129319,N02.301,血尿，弥漫性肾小球系膜增殖性肾小球损害
129321,N02.400,复发性和持续性血尿伴有弥漫性毛细血管内增生性肾小球肾炎
129322,N02.401,血尿，弥漫性毛细血管内增殖性肾炎
129324,N02.502,血尿，膜增殖性肾小球损害
129325,N02.600,复发性和持续性血尿伴有密集沉积物病
129326,N02.700,复发性和持续性血尿伴有弥漫性新月形肾小球肾炎
129327,N02.701,新月体性IgA肾病
129328,N02.702,血尿，新月体(形)肾小球肾炎
129329,N02.800,复发性和持续性血尿，其他的
129331,N02.801,IgA肾病
129332,N02.802,薄基底膜肾病
129333,N02.900,复发性和持续性血尿
129334,N02.900x001,复发性血尿
129335,N02.900x002,持续性血尿
129337,N03.100,慢性肾炎综合征伴有局灶性和节段性肾小球损害
129338,N03.200,慢性肾炎综合征伴有弥漫性膜性肾小球肾炎
129339,N03.200x001,慢性膜性肾小球肾炎
137306,S68.300,手指（一部分）伴有腕和手其他部分的合并创伤性切断
137307,S68.400,手在腕水平的创伤性切断
137308,S68.400x001,手腕部创伤性切断
137309,S68.800,腕和手其他部位的创伤性切断
137310,S68.800x001,掌部创伤性切断
137311,S68.900,腕和手水平的创伤性切断
137312,S69.700,腕和手多处损伤
137313,S69.800,腕和手其他特指的损伤
137314,S69.900,腕和手的损伤
137315,S69.900x001,腕部损伤
137316,S69.900x002,手部损伤
137317,S69.900x003,拇指损伤
137318,S69.900x004,手指损伤
137320,S70.100,大腿挫伤
137321,S70.700,髋和大腿多处浅表损伤
137322,S70.700x001,大腿多处浅表损伤
137323,S70.700x002,髋部多处浅表损伤
137324,S70.800,髋和大腿其他浅表损伤
137325,S70.800x011,髋部擦伤
137327,S70.800x021,髋部水泡
137328,S70.800x022,股部水泡
137329,S70.800x031,髋部虫咬伤
137330,S70.800x032,股部虫咬伤
137331,S70.800x041,髋部浅表异物
137332,S70.800x042,股部浅表异物
137333,S70.900,髋和大腿的浅表损伤
137334,S70.900x001,髋部浅表损伤
137335,S70.900x002,大腿浅表损伤
137336,S70.900x003,股部浅表损伤
137337,S70.901,大腿血肿
137338,S71.000,髋开放性伤口
137339,S71.100,大腿开放性伤口
137340,S71.101,大腿撕脱伤
137342,S71.800,骨盆带其他和未特指部位的开放性伤口
137343,S71.800x011,髋部开放性损伤伴骨折
138381,T21.300x057,外阴三度烧伤
138382,T21.300x091,肛门三度烧伤
138383,T21.400,躯干腐蚀伤
138385,T21.400x021,胸壁腐蚀伤
138386,T21.400x031,腹壁腐蚀伤
138387,T21.400x032,胁腹腐蚀伤
138388,T21.400x033,腹股沟腐蚀伤
128339,M65.200,钙化性肌腱炎
128340,M65.300,扳机指
128341,M65.301,结节性腱鞘病
128342,M65.400,桡骨茎突腱鞘炎(德奎尔万)
128344,M65.800x093,创伤后滑膜炎
128345,M65.802,指肌腱粘连
128346,M65.803,肌腱钙化
128347,M65.804,粘连性肌腱炎
128348,M65.805,趾肌腱粘连
128349,M65.806,应激性髋
128351,M65.900x062,膝关节滑膜皱襞综合征
128352,M65.900x093,狭窄性腱鞘炎
140041,T85.100x004,脊髓电子神经刺激器引起的机械性并发症
140042,T85.200,眼内透镜的机械性并发症
140043,T85.200x001,人工晶体脱位
140044,T85.200x002,人工晶体引起的机械性并发症
140045,T85.201,人工晶体夹持
140046,T85.202,人工晶体移位
140047,T85.300,眼假体装置、植入物和移植物的机械性并发症，其他的
140048,T85.300x001,眼前房引流管脱出
140049,T85.300x003,眼假体眶引起的机械性并发症
140050,T85.300x004,角膜移植物引起的机械性并发症
140051,T85.300x005,眼硅油乳化
140052,T85.300x006,人工泪管移位
140053,T85.300x007,人工泪管阻塞
140054,T85.300x008,巩膜环扎带暴露
140055,T85.300x009,眼假体装置植入物和移植物引起的机械性并发症
140056,T85.301,义眼台暴露
140057,T85.302,玻璃体气体泄漏
140058,T85.303,玻璃体硅油移位
140059,T85.304,人工玻璃体障碍
140060,T85.308,前房植入硅管障碍
139328,T60.400,杀啮齿类剂的毒性效应
139329,T60.401,杀鼠剂中毒
139330,T60.800,农作物杀虫剂的毒性效应，其他的
139331,T60.900,杀虫剂的毒性效应
139332,T60.900x002,农药中毒
139333,T60.900x003,木材防腐剂中毒
139334,T61.000,鱼肉中毒
139335,T61.001,鱼胆中毒
139336,T61.100,鲭亚目鱼中毒
139338,T61.200,鱼和水生贝壳类动物中毒，其他的
139340,T61.200x003,贝类中毒
140264,T90.400x001,眼部开放性损伤后遗症
140266,T90.400x003,眼眶损伤后遗症
140267,T90.400x004,眼部损伤后遗症
140268,T90.401,陈旧性眼损伤
140269,T90.500,颅内损伤后遗症
140270,T90.500x002,脑外伤后遗症
140272,T90.501,陈旧性颅脑损伤
140273,T90.502,陈旧性颅内损伤
140274,T90.503,创伤性癫痫
140275,T90.800,头部其他特指损伤的后遗症
140276,T90.800x002,腭部损伤后遗症
140277,T90.900,头部损伤的后遗症
140279,T91.000,颈部和躯干浅表损伤和开放性伤口后遗症
140280,T91.000x001,颈部浅表损伤后遗症
140282,T91.000x003,颈部开放性损伤后遗症
140283,T91.000x004,躯干开放性损伤后遗症
140284,T91.001,陈旧性颈部和躯干浅表损伤
140285,T91.002,陈旧性开放性颈部和躯干损伤
140287,T91.101,陈旧性脊柱骨折
117864,E83.102,肝含铁血黄素沉积症
117865,E83.103,血色病性心肌病
117866,E83.104+J99.8*,肺含铁血黄素沉积症
117867,E83.200,锌代谢紊乱
117868,E83.200x002,高锌血症
117869,E83.201,肠病性肢端皮炎
117870,E83.300,磷和磷酸酶代谢紊乱
117871,E83.300x007,抗维生素D性佝偻病
117872,E83.300x008+M90.8*,维生素D依赖性佝偻病
117873,E83.300x010,家族性低磷酸盐血症
117874,E83.300x012+M90.8*,维生素D抵抗性骨软化
117875,E83.300x014,低磷酸脂酶症
117876,E83.300x021+M90.8*,低磷抗D性软骨病
117877,E83.301,高磷尿症
117878,E83.302,酸性磷酸酶缺乏
117879,E83.303,磷代谢紊乱
117880,E83.304,低磷血症
118698,F60.302,边缘型人格障碍
118699,F60.400,表演型人格障碍
118700,F60.500,强迫型人格障碍
118701,F60.600,焦虑［回避］型人格障碍
118702,F60.700,依赖型人格障碍
118703,F60.800,人格障碍，其他特指的
118704,F60.800x001,情感性人格
118705,F60.800x002,抑郁性人格
118706,F60.800x003,躁狂性人格
118707,F60.801,妄想狂样人格障碍
118708,F60.802,自恋型人格障碍
117078,E16.300,高血糖素分泌增多
117079,E16.300x001,胰腺内分泌细胞增生伴胰升糖素过多
117080,E16.300x002,胰升糖素分泌过多
117082,E16.301,胰高血糖素血症
117083,E16.400,胃泌素分泌异常
117084,E16.400x003,促胃液素分泌异常
117085,E16.401,高胃泌素血症
117086,E16.402,佐林格-埃利森综合征
117087,E16.800,胰腺内分泌其他特指的疾患
117089,E16.800x002,胰腺生长抑素分泌过多
117090,E16.800x003,胰腺血管活性肠肽分泌过多
117091,E16.800x004,胰腺生长激素释放激素分泌过多
117093,E16.800x007,B型胰岛素抵抗综合征
117094,E16.800x011,糖耐量受损伴周围血管病
117095,E16.800x021,糖耐量受损伴周围血管病及坏疽
117096,E16.800x101,糖耐量受损伴肥胖型高血压
117098,E16.800x103,糖耐量受损伴内脏脂肪沉积增加
117099,E16.800x104,糖耐量受损伴胰岛素抵抗
117101,E16.800x901,糖耐量受损
117102,E16.801,胰岛素抵抗
117103,E16.802,胰腺生长抑素增加
117104,E16.803,代谢综合征
117659,E74.008+I43.1*,心脏糖原贮积症
117660,E74.009,Ⅶ型糖原贮积症
117661,E74.100,果糖代谢紊乱
117662,E74.100x002,原发性果糖尿症
117663,E74.100x004,"果糖-1,6-二磷酸缺乏"
117664,E74.101,遗传性果糖不耐受症
117665,E74.200,半乳糖代谢紊乱
117666,E74.200x002,半乳糖激酶缺乏
117667,E74.201,半乳糖血症
117668,E74.300,肠碳水化合物吸收障碍，其他的
117669,E74.300x001,葡萄糖及半乳糖吸收不良
117670,E74.300x002,肠二糖酶缺乏及二糖吸收不良
117671,E74.300x003,庶糖酶缺乏
117672,E74.400,丙酮酸盐代谢和糖异生紊乱
117673,E74.400x005,丙酮酸脱羧酶缺乏
117674,E74.401,丙酮酸羧化酶缺乏
117675,E74.402,磷酸烯醇丙酮酸羧激酶缺乏
117676,E74.403,丙酮酸脱氢酶缺乏
117677,E74.800,碳水化合物代谢紊乱，其他特指的
117678,E74.800x006,高乳酸血症
117679,E74.800x007,葡萄糖转运体1缺陷
117680,E74.801,肾性糖尿
117681,E74.802,原发性戊糖尿
117682,E74.803,草酸盐沉着症
117683,E74.804,草酸尿
117684,E74.900,碳水化合物代谢紊乱
117685,E74.900x002,多羧酶缺乏
117686,E74.901,糖代谢紊乱
117687,E75.000,GM2神经节苷脂贮积症
117688,E75.000x001,桑德霍夫病(Sandhoff病)
117690,E75.000x003,成年型GM2神经节苷脂贮积症
117691,E75.000x004,幼年型GM2神经节苷脂贮积症
117692,E75.100,"神经节苷脂贮积症,其他的"
117693,E75.100x001,神经节苷脂贮积症
117695,E75.100x004,粘脂贮积病IV型
118501,F40.000,广场恐怖
118502,F40.100,社交恐怖
118503,F40.200,特定的（孤立的）恐怖
118504,F40.200x001,高空恐怖
118505,F40.200x002,动物恐怖
118506,F40.200x003,幽闭恐怖
118508,F40.800,恐怖性焦虑障碍，其他的
118509,F40.900,恐怖性焦虑障碍
118510,F40.901,恐怖状态
130860,O26.800x011,妊娠合并肾病
130861,O26.800x013,妊娠合并慢性肾功能不全
130862,O26.800x015,妊娠合并急性肾功能不全
130863,O26.800x016,妊娠合并输尿管积水
131774,O99.008,妊娠合并贫血
131775,O99.100,血液和造血器官的其他疾病及涉及免疫机制的某些疾患并发于妊娠、分娩和产褥期
140248,T90.200,颅骨和面骨骨折后遗症
140249,T90.200x008,陈旧性颧弓颧骨骨折
140250,T90.200x012,陈旧性颧弓骨折
132224,P22.801,新生儿呼吸困难
133223,Q27.819,先天性头颈部血管畸形
133224,Q27.900,周围血管系统先天性畸形
133225,Q28.000,入脑前血管动静脉畸形
133226,Q28.001,先天性入脑前动静脉瘤
133227,Q28.100,入脑前血管的其他畸形
133228,Q28.103,先天性椎动脉畸形
133229,Q28.104,先天性颈内动脉动脉瘤
133230,Q28.105,先天性基底动脉畸形
133231,Q28.106,先天性入脑前动脉瘤
133232,Q28.200,大脑血管动静脉畸形
133233,Q28.200x006,颅内巨大动静脉畸形
133234,Q28.200x007,涉及功能区的动静脉畸形（Spetzler-Martin3级及以下）
133235,Q28.200x008,涉及功能区的动静脉畸形（Spetzler-Martin3级以上）
133236,Q28.201,先天性大脑动静脉瘤
133237,Q28.202,先天性硬脑膜动静脉瘘
133238,Q28.203,先天性脑动静脉瘘
133239,Q28.300,大脑血管的其他畸形
133240,Q28.300x001,脑血管畸形
133241,Q28.300x005,基底动脉畸形
133242,Q28.300x007,脑静脉畸形
133244,Q28.302,先天性大脑动脉瘤
133245,Q28.303,先天性大脑后动脉缺失
133246,Q28.304,先天性大脑中动脉动脉瘤
133247,Q28.305,先天性小脑动静脉畸形
133249,Q28.800x003,髓内动静脉畸形
133250,Q28.800x004,髓内血管畸形
133251,Q28.800x005,椎体海绵状血管畸形
133252,Q28.800x006,颅骨膜窦
133253,Q28.800x007,支气管动脉畸形
133255,Q28.900,循环系统先天性畸形
133256,Q28.900x001,血管畸形
133257,Q30.000,鼻后孔闭锁
133258,Q30.001,先天性前鼻孔狭窄
133260,Q30.100x001,先天性鼻缺如
133261,Q30.101,鼻发育不良
133262,Q30.200,鼻裂和鼻切迹
133263,Q30.200x001,鼻裂
133264,Q30.201,鼻切迹
133266,Q30.800,鼻的其他先天性畸形
133267,Q30.800x003,先天性鼻头肥大
133268,Q30.800x004,上颌梨状孔发育不良
133269,Q30.800x005,先天性副鼻
133271,Q30.800x007,先天性鼻瘘
133272,Q30.800x008,鼻神经胶质瘤
133273,Q30.801,鼻窦发育异常
133274,Q30.802,鼻窦异常骨间隔
133275,Q30.804,鼻中隔气化
133277,Q30.900,鼻先天性畸形
139365,T63.200,蝎子毒液的毒性效应
139366,T63.300,蜘蛛毒液的毒性效应
139367,T63.400,节肢动物的毒液的毒性效应，其他的
139368,T63.400x002,有毒昆虫咬伤
139369,T63.400x003,有毒昆虫螫伤
139370,T63.400x004,白蛉叮咬
139371,T63.401,蜂蜇伤
139372,T63.402,节肢动物咬伤
139373,T63.500,与鱼接触的毒性效应
139374,T63.500x001,接触鱼后中毒
139375,T63.600,与其他海生动物接触的毒性效应
139376,T63.600x001,接触海蜇后中毒
139377,T63.600x002,接触海葵后中毒
139378,T63.600x003,接触水生贝壳类动物后中毒
139379,T63.600x004,接触海生动物后中毒
139380,T63.600x005,接触海星后中毒
139381,T63.800,与其他有毒动物接触的毒性效应
139382,T63.800x001,两栖动物毒液中毒
139383,T63.900,与有毒动物接触的毒性效应
139384,T64.x00,黄曲霉毒素和其他真菌毒素污染食物的毒性效应
139385,T64.x00x001,黄曲霉毒素中毒
139386,T64.x00x002,真菌毒素污染食物毒性效应
139387,T64.x01,其他真菌毒素污染食物毒性效应
139388,T64.x02,黄曲霉毒素污染食物的毒性效应
139389,T65.000,氰化物的毒性效应
139390,T65.100,士的年及其盐类的毒性效应
132285,P28.800x903,新生儿上呼吸道感染
132286,P28.801,先天性喉喘鸣
132287,P28.900,新生儿的呼吸性情况
132288,P29.000,新生儿心力衰竭
132289,P29.100,新生儿心律失常
132291,P29.300,持久的胎儿循环
132292,P29.301,新生儿持续性肺动脉高压
132293,P29.400,新生儿短暂性心肌缺血
132295,P29.800,起源于围生期其他的心血管疾患
132296,P29.800x201,新生儿心脏生理性杂音
132297,P29.800x901,新生儿循环衰竭
132298,P29.800x902,新生儿心包积液
132300,P29.900,起源于围生期心血管疾患
132301,P35.000,先天性风疹综合征
132302,P35.000x001,先天性风疹肺炎
132303,P35.100,先天性巨细胞病毒感染
132305,P35.300,先天性病毒性肝炎
132306,P35.400,先天性寨卡病毒病
132307,P35.401,先天性寨卡病毒病引起的小头畸形
132308,P35.800,先天性病毒性疾病，其他的
132310,P35.900,先天性病毒性疾病
132312,P36.000,B族链球菌性新生儿脓毒症
132314,P36.101,链球菌性新生儿脓毒症
117105,E16.804,自身免疫性胰岛素受体病
117106,E16.900,胰腺内分泌的疾患
117107,E16.900x002,胰腺内分泌细胞增生
117109,E20.000,特发性甲状旁腺功能减退症
117110,E20.100,假性甲状旁腺功能减退症
117111,E20.800,甲状旁腺功能减退症，其他的
117112,E20.801,继发性甲状旁腺功能减退症
117113,E20.802,先天性甲状旁腺功能减退症
117114,E20.900,甲状旁腺功能减退症
117115,E20.900x004+G73.5*,甲状旁腺功能减低合并肌病
117116,E20.901,甲状旁腺性手足搐搦
117117,E20.902+H28.1*,甲状旁腺功能减退症性白内障
117118,E21.000,原发性甲状旁腺功能亢进症
117119,E21.000x007,股骨囊性纤维性骨炎
117120,E21.001,甲状旁腺增生
117121,E21.002,全身囊性纤维性骨炎
117122,E21.003,下颌骨囊性纤维性骨炎
117123,E21.004,脊柱囊性纤维性骨炎
117124,E21.005,上肢骨囊性纤维性骨炎
117125,E21.006,下肢骨囊性纤维性骨炎
118071,F04.x00x901,器质性遗忘综合征
118072,F05.000,谵妄，描述为并非附加于痴呆的
118073,F05.000x001,药物中毒性意识障碍（包括谵妄状态）
118074,F05.001,老年性谵妄
118075,F05.100,谵妄，附加于痴呆的
118076,F05.101,老年痴呆性谵妄
118077,F05.800,谵妄，其他的
118078,F05.801,癫痫性意识障碍
118079,F05.802,手术后谵妄
118080,F05.900,谵妄
131950,O99.700x031,产褥期皮肤和皮下组织的疾病
131951,O99.701,妊娠合并过敏性皮炎
131952,O99.702,妊娠合并黑棘皮病
131953,O99.703,妊娠合并红皮病
131954,O99.704,妊娠合并疖肿
131955,O99.705,妊娠合并结节性红斑
131957,O99.707,妊娠合并银屑病
131958,O99.708,妊娠合并皮炎
131959,O99.709,妊娠合并荨麻疹
131960,O99.710,妊娠合并湿疹
131961,O99.711,妊娠合并痒疹
131963,O99.800x012,妊娠合并原位肿瘤
131964,O99.800x014,妊娠合并交界性肿瘤
131965,O99.800x016,妊娠合并垂体瘤
131967,O99.800x018,妊娠合并脑肿瘤
131968,O99.800x019,妊娠合并血管瘤
131970,O99.800x022,分娩合并原位肿瘤
131971,O99.800x023,分娩合并良性肿瘤
131972,O99.800x024,分娩合并交界性肿瘤
131973,O99.800x031,产褥期恶性肿瘤
131777,O99.100x012,妊娠合并血液和造血器官疾病
131778,O99.100x013,妊娠合并涉及免疫机制疾患
131779,O99.100x022,分娩合并血液和造血器官疾病
131780,O99.100x023,分娩合并涉及免疫机制疾患
131781,O99.100x032,产褥期血液和造血器官疾病
131782,O99.100x033,产褥期涉及免疫机制疾患
131783,O99.101,妊娠合并血小板减少
131784,O99.102,妊娠合并血小板减少性紫癜
131785,O99.103,妊娠合并过敏性紫癜
131786,O99.104,妊娠合并血友病
131787,O99.105,妊娠合并凝血功能异常
131788,O99.106,妊娠合并脾功能亢进
131789,O99.107,妊娠合并家族性红细胞增多症
131790,O99.108,妊娠合并类白血病反应
131791,O99.109,妊娠合并抗磷脂抗体综合征
131792,O99.200,内分泌、营养和代谢疾病并发于妊娠、分娩和产褥期
131793,O99.200x002,妊娠合并多囊卵巢
131794,O99.200x011,妊娠合并内分泌、营养和代谢疾病
131795,O99.200x014,产褥期低蛋白血症
131796,O99.200x017,妊娠合并低钠血症
131797,O99.200x018,妊娠合并单纯性肥胖
131798,O99.200x021,分娩合并内分泌、营养和代谢疾病
131799,O99.200x031,产褥期内分泌、营养和代谢疾病
131800,O99.201,妊娠合并21-羟化酶缺乏症
131801,O99.202,妊娠合并垂体侏儒
131802,O99.203,妊娠合并代谢性酸中毒
131804,O99.205,妊娠合并低钾血症
131805,O99.206,妊娠合并杜宾-约翰逊综合征
131806,O99.207,妊娠合并肥胖症
131809,O99.210,妊娠合并高泌乳素血症
131810,O99.211,妊娠合并高雄激素血症
131811,O99.212,妊娠合并高脂血症
131812,O99.213,妊娠合并饥饿性酮症
131814,O99.215,妊娠合并甲状腺功能减退
131815,O99.216,妊娠合并甲状腺功能亢进
131816,O99.217,妊娠合并甲状腺功能障碍
131817,O99.218,妊娠合并甲状腺炎
131818,O99.219,妊娠合并甲状腺肿
131820,O99.221,妊娠合并尿崩症
132627,P94.900,新生儿肌张力疾患
132628,P95.x00,胎儿死亡
132629,P96.000,先天性肾衰竭
132631,P96.000x002,新生儿尿毒症
140186,T86.801,移植角膜排斥反应
140187,T86.802,舌移植皮瓣坏死
140188,T86.803,移植肺排斥反应
140189,T86.804,移植胰排斥反应
140190,T86.805,移植骨排斥反应
140192,T86.807,皮瓣移植感染
133278,Q31.000,喉蹼
133279,Q31.100,先天性声门下狭窄
133280,Q31.200,喉发育不全
133281,Q31.300,喉膨出
133282,Q31.301,先天性喉囊肿
133283,Q31.500,先天性喉软骨软化病
133284,Q31.800,喉的其他先天性畸形
133286,Q31.800x004,先天性喉节突出
133287,Q31.800x005,先天性声门闭合不良
133515,Q43.200x003,巨膀胱-小结肠-肠蠕动不良综合征
133516,Q43.201,先天性结肠扩张
133517,Q43.300,先天性肠固定畸形
133518,Q43.300x201,先天性肠粘连
133519,Q43.300x901,先天性杰克逊膜
133520,Q43.301,先天性肠旋转不良
133521,Q43.400,肠重复畸形
133522,Q43.401,结肠重复畸形
133523,Q43.402,双阑尾
133524,Q43.403,小肠重复畸形
133525,Q43.404,直肠重复畸形
133526,Q43.500,异位肛门
133527,Q43.600,直肠和肛门先天性瘘
133528,Q43.601,先天性肛瘘
133529,Q43.602,先天性直肠瘘
133530,Q43.700,永存泄殖腔
133531,Q43.800,肠的其他特指先天性畸形
133532,Q43.800x006,先天性小结肠
133533,Q43.800x008,先天性游离盲肠
133534,Q43.800x009,先天性空肠异位
133535,Q43.800x012,先天性小肠发育异常
133536,Q43.800x014,先天性十二指肠憩室
133537,Q43.800x015,先天性小肠憩室
133538,Q43.800x017,先天性盲肠憩室
133539,Q43.800x018,先天性乙状结肠憩室
133540,Q43.800x019,先天性直肠憩室
133542,Q43.802,先天性小肠黏膜异位
133543,Q43.803,小左结肠综合征
133544,Q43.804,先天性巨十二指肠
133546,Q43.806,盲肠异位
133547,Q43.807,先天性盲袢综合征
133548,Q43.808,先天性巨阑尾
133549,Q43.809,间位结肠
133550,Q43.810,先天性短结肠
133552,Q43.812,先天性长结肠
133553,Q43.900,肠先天性畸形
133554,Q43.901,先天性肛门畸形
130627,O04.800,完全性或未特指的医疗性流产，伴有其他并发症
130629,O04.800x041,医疗性流产并发肾衰竭
130630,O04.800x061,医疗性流产并发子宫颈裂伤
130631,O04.801,医疗性流产并发会阴裂伤
130633,O04.900,完全性或未特指的医疗性流产，无并发症
130634,O04.900x001,医疗性流产
130635,O04.901,中期人工流产
130636,O04.902,晚期人工流产
130637,O04.905,早期人工流产
140288,T91.102,陈旧性颈椎骨折
140290,T91.104,陈旧性腰椎骨折
140291,T91.200,胸和骨盆的其他骨折后遗症
140292,T91.200x002,陈旧性骶骨骨折
140293,T91.200x005,陈旧性胸骨骨折
140294,T91.201,陈旧性肋骨骨折
140295,T91.202,陈旧性骨盆骨折
140296,T91.204,陈旧性髋臼骨折
140297,T91.205,陈旧性耻骨骨折
140298,T91.206,陈旧性尾骨骨折
140299,T91.300,脊髓损伤后遗症
140300,T91.300x002,颈部脊髓损伤后遗症
140301,T91.300x003,胸部脊髓损伤后遗症
140302,T91.300x004,腰部脊髓损伤后遗症
140303,T91.301,陈旧性脊髓损伤
140304,T91.400,胸内器官损伤后遗症
140305,T91.401,陈旧性胸内器官损伤
140306,T91.500,腹内和盆腔器官损伤后遗症
140307,T91.500x001,腹内器官损伤后遗症
140308,T91.500x003,盆腔器官损伤后遗症
140309,T91.501,陈旧性腹内器官损伤
140310,T91.502,陈旧性盆腔器官损伤
140311,T91.800,颈部和躯干其他特指损伤的后遗症
140312,T91.800x001,膈神经损伤后遗症
140313,T91.800x002,陈旧性环枢椎脱位
140314,T91.800x003,陈旧性颈椎脱位
133298,Q32.102,先天性气管狭窄
133299,Q32.200,先天性支气管软化
133300,Q32.300,先天性支气管狭窄
133301,Q32.400,支气管的其他先天性畸形
133302,Q32.400x002,先天性支气管发育不全
133303,Q32.400x004,先天性支气管憩室
133304,Q32.400x005,气管支气管巨大症
133306,Q32.402,先天性支气管闭锁
133307,Q33.000,先天性囊性肺
133308,Q33.002,先天性肺囊状腺样畸形
133309,Q33.003,先天性支气管囊肿
133311,Q33.200,肺分离
133312,Q33.300,肺不发生
133313,Q33.301,先天性肺叶缺如
133314,Q33.400,先天性支气管扩张
133316,Q33.600,肺发育不全和发育异常
133318,Q33.800x001,肺奇静脉裂
133320,Q33.900,肺先天性畸形
133321,Q34.000,胸膜异常
133322,Q34.100,纵隔先天性囊肿
133323,Q34.800,呼吸系统其他特指的先天性畸形
133324,Q34.801,先天性鼻咽闭锁
133326,Q35.100,硬腭裂
133327,Q35.101,双侧部分硬腭裂
133328,Q35.300,软腭裂
133329,Q35.301,软腭穿孔
133330,Q35.302,隐性腭裂
133331,Q35.500,硬腭裂伴有软腭裂
131974,O99.800x032,产褥期原位肿瘤
131975,O99.800x033,产褥期良性肿瘤
131976,O99.800x034,产褥期交界性肿瘤
132827,Q13.900,眼前段先天性畸形
132828,Q14.000,玻璃体先天性畸形
132829,Q14.000x006,眼永存胚胎血管膜
132830,Q14.001,先天性玻璃体发育异常
132831,Q14.002,先天性玻璃体混浊
132832,Q14.003,永存原发性玻璃体增生症
132833,Q14.100,视网膜先天性畸形
132834,Q14.100x003,晶状体血管膜
132835,Q14.101,视网膜发育不良
132837,Q14.103,先天性视网膜动脉瘤
132838,Q14.104,先天性视网膜劈裂症
132839,Q14.200,视神经盘先天性畸形
132840,Q14.200x001,先天性视神经乳头缺损
132841,Q14.200x002,先天性视神经乳头小凹
132842,Q14.200x004,先天性视神经乳头发育不全
132843,Q14.200x005,有髓鞘视神经纤维
132844,Q14.201,牵牛花综合征
132845,Q14.202,视盘发育不良
132846,Q14.203,视盘小凹
132847,Q14.300,脉络膜先天性畸形
132848,Q14.300x001,先天性脉络膜畸形
132849,Q14.301,先天性脉络膜缺损
132850,Q14.800,眼后段其他的先天性畸形
132851,Q14.801,眼底缺损
132852,Q14.900,眼后段先天性畸形
132853,Q15.000,先天性青光眼
132854,Q15.000x001,先天性水眼(眼积水)
132855,Q15.002,先天性球形角膜伴青光眼
132856,Q15.003,新生儿青光眼
132857,Q15.004,婴幼儿型青光眼
132859,Q15.800,眼其他特指的先天性畸形
132860,Q15.801,先天性大角膜
132861,Q15.802,先天性小角膜
132862,Q15.803,先天性球形角膜
133106,Q25.408,主动脉窦动脉瘤
133107,Q25.500,肺动脉闭锁
133108,Q25.600,肺动脉狭窄
133109,Q25.601,先天性肺动脉瓣上狭窄
133111,Q25.700x006,先天性肺动脉瘤
133112,Q25.700x007,先天性肺动脉起源于升主动脉
133113,Q25.700x008,先天性肺动脉扩张
133114,Q25.700x011,先天性支气管动脉肺动脉瘘
133116,Q25.701,先天性肺动静脉瘘
133117,Q25.702,先天性肺动脉发育不全
133118,Q25.703,先天性肺动脉缺如
133119,Q25.704,先天性肺动脉异常
133120,Q25.705,肺动脉吊带
133122,Q25.800x002,先天性头臂动脉畸形
133123,Q25.800x003,先天性颈总动脉狭窄
133124,Q25.800x004,先天性左锁骨下动脉畸形
140193,T86.808,移植皮瓣坏死
140194,T86.809,眼硅胶排斥反应
140195,T86.810,眼植入物排斥反应
140196,T86.811,尿道悬吊带排斥
140197,T86.900,移植器官和组织的失败和排斥
140198,T87.000,上肢再植（部位）的并发症
140199,T87.001,上肢再植术后感染
140916,W45.x00,异物或物体经皮肤进入
140917,W46.x00,接触皮下注射器针头
140918,W49.x00,暴露于其他的无生命机械性力量下
140919,W50.x00,被别人殴打、踢、拧、咬或抓伤
140920,W51.x00,撞到别人或意外被别人碰撞
140921,W52.x00,被蜂拥人群挤压、推挤或踏踩
140922,W53.x00,被鼠咬伤
140923,W54.x00,被狗咬伤或抓伤
140924,W55.x00,被其他哺乳动物咬伤或抓伤
140925,W56.x00,接触海生动物的损伤
140926,W57.x00,被无毒昆虫和其他无毒节肢动物咬伤或蜇伤
140927,W58.x00,被鳄鱼或短吻鳄咬伤或抓伤
140928,W59.x00,被其他爬行动物咬伤或压伤
140929,W60.x00,接触植物荆棘和刺以及锐利叶片的损伤
140930,W64.x00,暴露于其他的有生命机械性力量下
140931,W65.x00,在浴盆内淹溺和沉没
140932,W66.x00,落入浴盆后淹溺和沉没
140933,W67.x00,在游泳池中淹溺和沉没
140934,W68.x00,落入游泳池后淹溺和沉没
140935,W69.x00,在自然水域中淹溺和沉没
140937,W73.x00,淹溺和沉没，其他特指的
140938,W74.x00,淹溺和沉没
140939,W75.x00,在床上意外窒息和绞窄
140940,W76.x00,意外悬吊和绞窄，其他的
140942,W78.x00,吸入胃内容物
140943,W79.x00,吸入或咽下食物引起的呼吸道梗阻
140944,W80.x00,吸入和咽下其他物体引起的呼吸道梗阻
140945,W81.x00,被封闭于或陷入低氧环境
140946,W83.x00,对呼吸的威胁，其他特指的
140948,W85.x00,暴露于输电线路下
140949,W86.x00,暴露于其他特指的电流下
140950,W87.x00,暴露于电流下
140951,W88.x00,暴露于电离辐射下
140953,W90.x00,暴露于其他非电离辐射下
140954,W91.x00,暴露于辐射下
140955,W92.x00,暴露于人为原因的过热环境下
140956,W93.x00,暴露于人为原因的过冷环境下
140958,W99.x00,暴露于其他人为环境因素下
140959,X00.x00,暴露于房屋或建筑结构内的无控制性火焰下
140960,X01.x00,暴露于房屋或建筑结构外的无控制性火焰下
133211,Q27.807,先天性脾血管畸形
130638,O05.000,"不完全性流产，其他的,并发生殖道和盆腔感染"
130639,O05.100,"不完全性流产，其他的,并发延迟或过度出血"
130640,O05.200,"不完全性流产，其他的,并发栓塞"
130641,O05.300,"不完全性流产，其他的,伴有其他和未特指的并发症"
130642,O05.301,其他不完全性流产伴有并发症
130643,O05.400,"不完全性流产，其他的,无并发症"
130644,O05.500,完全性流产，其他的，并发生殖道和盆腔感染
130645,O05.600,完全性流产，其他的，并发延迟或过度出血
130646,O05.700,完全性流产，其他的，并发栓塞
130647,O05.800,完全性流产，其他的，伴有其他的并发症
130648,O05.801,其他完全性流产伴有并发症
132708,Q04.803,先天性脑透明隔异常
132709,Q04.900,脑先天性畸形
132710,Q04.902,先天性脑发育异常
132711,Q05.000,颈段脊柱裂伴有脑积水
132712,Q05.000x002,颈段脊髓脊膜膨出伴脑积水
132713,Q05.100,胸段脊柱裂伴有脑积水
132714,Q05.100x002,胸段脊髓脊膜膨出伴脑积水
132715,Q05.200,腰段脊柱裂伴有脑积水
132716,Q05.200x002,腰段脊髓脊膜膨出伴脑积水
132717,Q05.300,骶段脊柱裂伴有脑积水
132718,Q05.300x002,骶段脊髓脊膜膨出伴脑积水
132720,Q05.400x001,脊髓脊膜膨出伴脑积水
132721,Q05.500,颈段脊柱裂不伴有脑积水
132722,Q05.500x002,颈段脊髓脊膜膨出
132724,Q05.600x002,胸段脊髓脊膜膨出
132725,Q05.700,腰段脊柱裂不伴有脑积水
132726,Q05.700x002,腰骶段脊柱裂
132727,Q05.700x003,腰段脊髓脊膜膨出
132730,Q05.800,骶段脊柱裂不伴有脑积水
132731,Q05.801,骶椎椎板裂
132732,Q05.900,脊柱裂
132733,Q05.900x002,脊柱裂伴脊膜膨出
132734,Q05.900x006,特发性脊髓疝
132736,Q05.901,脑脊膜膨出
132737,Q05.902,脊膜脊髓膨出
132738,Q06.000,无脊髓畸形
132739,Q06.100,脊髓发育不全和发育异常
132741,Q06.200,脊髓纵裂
132742,Q06.300,先天性马尾畸形，其他的
132743,Q06.400,脊髓积水
132744,Q06.400x002,先天性椎管积水
132746,Q06.800x002,双脊髓畸形
132747,Q06.800x003,先天性脊髓低位
132748,Q06.800x005,椎管内肠源性囊肿
132749,Q06.801,先天性脊髓栓系综合征
132750,Q06.900,脊髓先天性畸形
132752,Q07.000,阿-基综合征
133332,Q35.500x004,先天性双侧三度腭裂
133333,Q35.501,单侧硬腭裂伴软腭裂
133335,Q35.700,腭垂裂
133336,Q35.900,腭裂
133337,Q35.901,双侧完全性腭裂
133338,Q35.902,单侧完全性腭裂
133339,Q35.903,不完全性腭裂
133340,Q35.907,口鼻瘘
133341,Q36.000,双侧唇裂
133342,Q36.001,双侧完全唇裂
133343,Q36.002,双侧混合型唇裂
133344,Q36.003,双侧不完全唇裂
133345,Q36.004,双侧Ⅰ度唇裂
133346,Q36.005,双侧Ⅱ度唇裂
133347,Q36.006,双侧Ⅲ度唇裂
133348,Q36.100,正中唇裂
133349,Q36.900,单侧唇裂
133350,Q36.900x003,先天性唇裂术后继发畸形
133351,Q36.901,单侧完全唇裂
133352,Q36.902,单侧不完全唇裂
133353,Q36.903,隐性单侧唇裂
133354,Q36.904,单侧Ⅰ度唇裂
133355,Q36.905,单侧Ⅱ度唇裂
133356,Q36.906,单侧Ⅲ度唇裂
133357,Q37.000,硬腭裂伴有双侧唇裂
133358,Q37.100,硬腭裂伴有单侧唇裂
133359,Q37.200,软腭裂伴有双侧唇裂
134364,Q85.900x014,足错构瘤
134365,Q85.900x015,胸壁错构瘤
134366,Q85.900x016,外阴错构瘤
134367,Q85.900x019,胆囊错构瘤
134368,Q85.900x022,神经皮肤综合征
134369,Q85.900x023,横纹肌间质错构瘤
134370,Q85.900x024,毛囊皮脂腺囊性错构瘤
134371,Q85.900x025,毛盘瘤
133594,Q45.002,胰腺发育不全
133595,Q45.003,胰腺缺如
133596,Q45.100,环状胰腺
133597,Q45.200,胰腺先天性囊肿
133598,Q45.300,胰腺和胰管的其他先天性畸形
133600,Q45.300x103,十二指肠异位胰腺
133601,Q45.300x104,胃内异位胰腺
133602,Q45.300x105,空肠异位胰腺
133603,Q45.300x901,先天性多囊胰
133604,Q45.300x902,胰腺分裂症
133606,Q45.301,异位胰腺
133607,Q45.800,消化系统其他特指的先天性畸形
133608,Q45.801,肝脾异位
133609,Q45.802,胰胆管合流异常
133611,Q50.000,先天性无卵巢
133612,Q50.000x011,先天性单侧卵巢缺如
133613,Q50.000x021,先天性双侧卵巢缺如
133614,Q50.100,发育性卵巢囊肿
133616,Q50.300,卵巢的其他先天性畸形
133617,Q50.300x101,先天性卵巢条索状
133618,Q50.301,副卵巢
133620,Q50.303,小卵巢
133125,Q25.900,大动脉先天性畸形
133126,Q26.000,先天性腔静脉狭窄
133127,Q26.000x001,先天性上下腔静脉狭窄
133128,Q26.000x002,先天性上腔静脉狭窄
133129,Q26.000x003,先天性下腔静脉狭窄
133130,Q26.000x004,先天性下腔静脉闭锁
133131,Q26.100,永存左上腔静脉
133132,Q26.200,肺静脉连接完全异常
133133,Q26.200x001,完全型肺静脉异位引流
133134,Q26.200x002,"完全性肺静脉异位引流,混合型"
133135,Q26.200x003,"完全性肺静脉异位引流,心内型"
133136,Q26.200x004,"完全性肺静脉异位引流,心上型"
133137,Q26.200x005,"完全性肺静脉异位引流,心下型"
133138,Q26.300,肺静脉连接部分异常
133139,Q26.301,肺静脉闭锁
133140,Q26.302,肺体静脉间异常侧支静脉
133141,Q26.400,肺静脉连接异常
133142,Q26.500,门静脉连接异常
133143,Q26.500x001,先天性门静脉畸形
133144,Q26.600,门静脉-肝动脉瘘
133145,Q26.800,大静脉的其他先天性畸形
133146,Q26.800x001,"部分型肺静脉异位引流,镰刀综合征"
133147,Q26.800x002,先天性下腔静脉入左房
133149,Q26.800x004,先天性左上腔静脉入左房
133150,Q26.800x005,先天性双下腔静脉
133151,Q26.800x006,先天性右上腔静脉缺如
133153,Q26.800x008,先天性下腔静脉缺如
133154,Q26.800x010,先天性双上腔静脉
133155,Q26.801,先天性肺静脉狭窄
133156,Q26.900,大静脉先天性畸形
133157,Q26.901,上腔静脉畸形
119427,G41.800,癫痫持续状态，其他的
119428,G41.801,慢波睡眠中持续棘慢复合波癫痫
119429,G41.802,全面性癫痫持续状态
119430,G41.806,局灶性癫痫持续状态
119431,G41.807,局灶性癫痫持续性先兆
119433,G43.000,偏头痛不伴有先兆［普通偏头痛］
118709,F60.900,人格障碍
118710,F61.x00,混合型和其他人格障碍
118712,F62.000,灾难性经历后的持久性人格改变
118713,F62.100,精神科疾病后持久性人格改变
118714,F62.800,持久性人格改变，其他的
118715,F62.900,人格改变，持久性的
118717,F63.100,病理性纵火［纵火狂］
118718,F63.200,病理性偷窃［偷窃狂］
118719,F63.300,拔毛狂
118721,F63.800x001,病理性网络使用
118722,F63.801,青少年网络成瘾
118723,F63.900,习惯和冲动障碍
133213,Q27.809,先天性小肠血管畸形
133214,Q27.810,先天性大肠血管畸形
133215,Q27.811,先天性肠系膜血管畸形
133216,Q27.812,先天性腹腔动脉畸形
133217,Q27.813,先天性子宫血管畸形
133218,Q27.814,先天性卵巢血管畸形
133219,Q27.815,先天性睾丸血管畸形
133220,Q27.816,先天性盆腔血管畸形
133222,Q27.818,先天性下肢血管畸形
134229,Q78.800,骨软骨发育不良，其他特指的
134230,Q78.900,骨软骨发育不良
134231,Q78.900x001,软骨营养障碍
134232,Q78.900x002,先天性软骨增生
134233,Q78.900x003,增生性软骨营养障碍
134234,Q78.900x004,骨骼发育不良
134235,Q78.901,多发性骨骼发育不全
134236,Q79.000,先天性膈疝
134237,Q79.100,膈的其他先天性畸形
134238,Q79.101,先天性膈畸形
134239,Q79.102,先天性膈膨升
134240,Q79.103,先天性膈缺如
134241,Q79.200,脐疝
134242,Q79.201,先天性脐膨出
134243,Q79.300,腹裂
134244,Q79.301,先天性腹壁缺损
134245,Q79.400,干梅腹综合征
134246,Q79.500,腹壁的其他先天性畸形
134247,Q79.501,先天性脐畸形
134248,Q79.600,埃勒斯-当洛斯综合征
134249,Q79.800,肌肉骨骼系统的其他先天性畸形
134250,Q79.800x004,先天性跟腱短缩
134251,Q79.800x005,胸大肌缺损并指综合征(Poland综合征)
134253,Q79.800x007,纤维肌性发育不良
134254,Q79.801,肯林卡综合征
134255,Q79.803,波伦综合征
134256,Q79.804,先天性肌萎缩
134257,Q79.805,先天性胸大肌缺如
134259,Q80.000,寻常性鱼鳞病
134260,Q80.100,性联鱼鳞病
134261,Q80.200,片层状鱼鳞癣
134262,Q80.200x002,胶样婴儿
134263,Q80.300,先天性大疱性鱼鳞病样红皮病
134264,Q80.400,斑色胎儿
134266,Q80.800x001,非大疱型红皮病型鱼鳞病
134267,Q80.900,先天性鱼鳞病
134268,Q81.000,单纯性大疱性表皮松解症
134269,Q81.100,致死性大疱性表皮松解症
134271,Q81.800,大疱性表皮松解症，其他的
134272,Q81.900,大疱性表皮松解症
134273,Q82.000,遗传性淋巴水肿
134274,Q82.100,着色性干皮病
134275,Q82.200,肥大细胞增生病
134277,Q82.300,色素失调症
134279,Q82.500,先天性非肿瘤性痣
132753,Q07.800,神经系统其他特指的先天性畸形
132755,Q07.800x901,先天性臂丛神经移位
132756,Q07.800x902,先天性面瘫
132757,Q07.800x903,先天性脑神经异常支配性疾病
133828,Q63.102,马蹄形肾
133829,Q63.103,分叶肾
133830,Q63.200,异位肾
133831,Q63.201,肾旋转不良
133832,Q63.203,异位肾盂
133833,Q63.300,增生性和巨大肾
133834,Q63.301,先天性巨大肾
133835,Q63.302,先天性增生性肾
133836,Q63.800,肾的其他特指先天性畸形
133837,Q63.800x101,先天性肾盏憩室
133838,Q63.800x902,双肾盂
133839,Q63.801,先天性肾结石
133840,Q63.900,肾先天性畸形
133841,Q64.000,尿道上裂
133842,Q64.100,膀胱外翻
133843,Q64.100x091,异位膀胱
133844,Q64.200,先天性后尿道瓣
140251,T90.201,陈旧性颅骨骨折
140252,T90.202,陈旧性鼻骨骨折
140253,T90.203,陈旧性颧骨骨折
140254,T90.204,陈旧性上颌骨骨折
140255,T90.205,陈旧性下颌骨骨折
140256,T90.206,陈旧性颌骨骨折
140257,T90.207,陈旧性颏部骨折
140258,T90.208,陈旧性面骨骨折
140259,T90.300,脑神经损伤后遗症
140260,T90.300x003,视神经损伤后遗症
140261,T90.301,陈旧性脑神经损伤
140262,T90.302,陈旧性面神经损伤
140263,T90.400,眼和眶损伤后遗症
140975,X17.x00,接触热的发动机、机械和工具
140976,X18.x00,接触其他热的金属
140977,X19.x00,接触其他的热和烫的物质
140978,X20.x00,接触毒蛇和蜥蜴
140979,X21.x00,接触毒蜘蛛
140980,X22.x00,接触蝎子
140982,X24.x00,接触蜈蚣和（热带）有毒的千足虫
140983,X25.x00,接触其他有毒的节肢动物
140984,X26.x00,接触有毒的海生动物和植物
140986,X28.x00,接触其他特指的有毒植物
140987,X29.x00,接触有毒动物或植物
140988,X30.x00,暴露于过度自然热下
140989,X31.x00,暴露于过度自然冷下
140990,X32.x00,暴露于阳光下
140992,X34.000,地震受害者
140993,X34.100,海啸受害者
140994,X34.800,地震其他特定影响的受害者
140997,X35.x00,火山爆发受害者
140998,X36.x00,雪崩、山崩和其他地面运动受害者
140999,X37.x00,灾难性暴风雨受害者
141000,X38.x00,洪水受害者
133621,Q50.400,输卵管胚胎性囊肿
133622,Q50.401,苗勒管囊肿
130679,O07.900,企图流产失败，其他的，无并发症
130680,O07.900x001,企图流产失败
130681,O08.000,流产、异位妊娠和葡萄胎妊娠后生殖道和盆腔感染
130682,O08.000x002,流产后卵巢炎
130683,O08.000x004,流产后输卵管炎
130684,O08.000x005,流产后输卵管卵巢炎
130685,O08.000x006,流产后脓毒症
130686,O08.000x007,葡萄胎妊娠后盆腔感染
130687,O08.000x009,异位妊娠后生殖道感染
130688,O08.000x010,葡萄胎妊娠后生殖道感染
130689,O08.000x011,流产后发热
130690,O08.002,流产后腹膜炎
130691,O08.004,流产后盆腔感染
130692,O08.005,流产后子宫内膜炎
130693,O08.006,异位妊娠后盆腔感染
130694,O08.100,流产、异位妊娠和葡萄胎妊娠后的延迟或过度出血
130695,O08.100x002,流产后出血
130696,O08.100x003,异位妊娠后出血
130697,O08.100x004,葡萄胎妊娠后出血
130698,O08.101,流产后播散性血管内凝血
130699,O08.102,流产后过度出血
130700,O08.103,葡萄胎妊娠后过度出血
130701,O08.104,异位妊娠后播散性血管内凝血
130702,O08.105,异位妊娠后腹腔内出血
130703,O08.106,异位妊娠后过度出血
130704,O08.200,流产、异位妊娠和葡萄胎妊娠后的栓塞
130705,O08.200x001,流产后栓塞
130707,O08.200x003,葡萄胎妊娠后栓塞
130708,O08.202,流产后羊水栓塞
130709,O08.203,流产后空气栓塞
130710,O08.204,流产后肺栓塞
130712,O08.300x003,流产后循环性虚脱
130713,O08.300x004,葡萄胎妊娠后休克
130714,O08.301,流产后休克
140061,T85.309,巩膜环扎带障碍
140062,T85.310,角膜缝线外露
140063,T85.311,角膜移植片溶解
140064,T85.312,义眼座外露
140066,T85.401,乳房假体障碍
140067,T85.500,胃肠道假体装置、植入物和移植物的机械性并发症
140068,T85.500x001,胆管假体引起的机械性并发症
140070,T85.500x003,胃肠道植入物引起的机械性并发症
140071,T85.501,胆总管内支架脱出
140072,T85.600,内部假体装置、植入物和移植物，其他特指的机械性并发症
140815,V86.900,非交通事故中全地带或其他越野机动车上的乘员的损伤
140817,V87.100,机动车辆和两轮或三轮机动车之间碰撞造成的人员损伤（交通性），其他的
118724,F64.000,易性症
118725,F64.000x001,"易性症,男"
118726,F64.000x002,"易性症,女"
118727,F64.100,双重异装症
118729,F64.800,性身份障碍，其他的
118730,F64.900,性身份障碍
118731,F65.000,恋物症
118732,F65.100,恋物性异装症
118733,F65.200,露阴症
118734,F65.300,窥淫症
118735,F65.400,恋童症
118736,F65.500,施虐受虐症
118737,F65.500x001,施虐症
118738,F65.500x002,受虐症
118739,F65.600,性偏好多相障碍
118740,F65.800,性偏好障碍，其他的
118741,F65.900,性偏好障碍
118742,F66.000,性成熟障碍
118743,F66.100,自我不和谐的性取向
118744,F66.200,性关系障碍
118745,F66.800,性心理发育障碍，其他的
118746,F66.900,性心理发育障碍
118747,F68.000,由于心理原因渲染的躯体症状
118748,F68.000x001,赔偿神经症
118749,F68.100,有意制造或伪装的躯体或心理性的症状或残疾［做作性障碍］
118750,F68.100x001,做作性障碍
118751,F68.800,成人人格和行为障碍，其他特指的
118752,F69.x00,成人人格和行为障碍
118753,F70.000,轻度精神发育迟缓，无或轻微行为缺陷的
118754,F70.000x001,轻度精神发育迟滞
118755,F70.100,轻度精神发育迟缓，需要加以关注或治疗的显著行为缺陷
118757,F70.900,轻度精神发育迟缓，未提及行为缺陷的
118758,F71.000,中度精神发育迟缓，无或轻微行为缺陷的
118759,F71.000x001,中度精神发育迟滞
119684,G60.300,特发性进行性神经病
119685,G60.800,遗传性和特发性神经病，其他的
119686,G60.800x001,感觉性多发性神经病
119687,G60.800x002,里吉综合征
119688,G60.800x003,"色素沉着,水肿,多发性神经病综合征"
119689,G60.800x004,遗传性感觉性神经病
119691,G60.800x006,莫旺病(Morvan病)
119692,G60.800x007,巨轴索神经病
118081,F05.901,感染性精神病
118082,F05.902,急性脑病综合征
118083,F06.000,器质性幻觉症
118084,F06.100,器质性紧张性障碍
118086,F06.300,器质性心境［情感］障碍
118087,F06.300x002,器质性躁狂障碍
118089,F06.300x020,器质性抑郁障碍
118090,F06.300x021,卒中后抑郁
118091,F06.300x030,器质性混合型情感障碍
134280,Q82.500x005,蒙古斑
134281,Q82.501,单侧痣
134282,Q82.502,粉刺样痣
134283,Q82.503,葡萄酒色斑
134284,Q82.504,葡萄酒色痣
134515,Q90.100,三体性21，（同源）嵌合体（有丝分裂不分离），唐氏综合征
134516,Q90.200,三体性21，易位，唐氏综合征
134517,Q90.900,唐氏综合征(先天愚型)
134518,Q91.000,三体性18，减数分裂不分离，爱德华兹综合征
134519,Q91.100,三体性18，（同源）嵌合体（有丝分裂不分离），爱德华兹综合征
134520,Q91.200,三体性18，易位，爱德华兹综合征
134521,Q91.300,爱德华兹综合征
134522,Q91.400,三体性13，减数分裂不分离，帕套综合征
134523,Q91.500,三体性13，（同源）嵌合体（有丝分裂不分离），帕套综合征
134524,Q91.600,三体性13，易位，帕套综合征
134525,Q91.700,帕套综合征
134526,Q92.000,全染色体三体性，减数分裂不分离
134527,Q92.100,全染色体三体性，（同源）嵌合体（有丝分裂不分离）
134528,Q92.200,常染色体大部分三体性
134530,Q92.400,常染色体仅出现于前中期的重复
134531,Q92.500,常染色体伴有其他复杂性重排的重复
134533,Q92.700,常染色体三倍体和多倍体
134534,Q92.800,常染色体其他特指的三体性和部分三体型
134535,Q92.900,常染色体三体性和部分三体型
134537,Q93.100,全染色体单体性，（同源）嵌合体（有丝分裂不分离）
134538,Q93.200,环状染色体或双着丝粒染色体替换
134539,Q93.300,染色体4短臂缺失
134540,Q93.400,染色体5短臂缺失
134541,Q93.500,染色体其他部分缺失
134543,Q93.501,天使综合征
131555,O75.700x001,剖宫产后阴道分娩
131556,O75.800,产程和分娩的其他特指并发症
131557,O75.800x002,分娩期血尿
131558,O75.800x004,分娩期子宫颈水肿
131560,O75.900,产程和分娩并发症
131561,O80.000,头位顺产
131562,O80.100,臀位顺产
131563,O80.800,单胎顺产，其他的
131565,O81.000,低位产钳术
131566,O81.100,中位产钳术
131567,O81.200,中位产钳术伴有旋转
131568,O81.300,产钳术，其他的
131570,O81.400,借助真空吸引器分娩
131571,O81.401,吸引器助产分娩
131572,O81.500,同时借助产钳和真空吸引器分娩
131574,O82.100,经急症剖宫产术的分娩
131575,O82.200,经剖宫产子宫切除术的分娩
141001,X39.x00,暴露于其他的自然力量下
141002,X40.x00,非阿片样镇痛药、解热药和抗风湿药的意外中毒及暴露于该类药物
141003,X41.x00,镇癫痫药、镇静催眠药、抗帕金森病药和对精神有影响的药物的意外中毒及暴露于该类药物，不可归类在他处者
141004,X42.x00,麻醉品和致幻药(致幻剂)意外中毒及暴露于该类药物，不可归类在他处者
141005,X43.x00,作用于自主神经系统的其他药物的意外中毒及暴露于该类药物
141006,X44.x00,药物、药剂和生物制品的意外中毒及暴露于该类物质，其他的
141007,X45.x00,酒精的意外中毒及暴露于酒精
141008,X46.x00,有机溶剂和卤素烃及其蒸气的意外中毒及暴露于该类物质
141009,X47.000,意外中毒暴露于燃烧发动机排气中产生的一氧化碳
141010,X47.100,意外中毒暴露于使用的气体排放的一氧化碳
141011,X47.200,意外中毒暴露于其他家用燃料中的一氧化碳
141012,X47.300,意外中毒暴露于其他来源中的一氧化碳
141013,X47.400,意外中毒暴露于不明气体中的一氧化碳
141014,X47.800,意外中毒暴露于其他特殊气体和蒸汽
141015,X47.900,意外中毒暴露于未特指气体和蒸汽
141016,X47.900x091,家庭火炉的一氧化碳意外中毒
134297,Q82.800x016,全身性血管瘤病
134298,Q82.800x017,大头、假性视盘水肿及多发性血管瘤病
134300,Q82.800x019,类着色性干皮病
134301,Q82.801,蓝色橡皮-疱痣综合征
134302,Q82.802,良性家族性天疱疮
134303,Q82.803,毛囊角化病
134304,Q82.804,汗管角化症
134305,Q82.805,疣状肢端角化症
134306,Q82.806,遗传性掌跖角化症
134308,Q82.808,异常手掌皱褶
134309,Q82.809,弹性组织瘤
134310,Q82.810,弹性纤维假黄瘤
134313,Q82.900,皮肤先天性畸形
134314,Q83.000,先天性无乳房和乳头
134315,Q83.100,副乳房
134316,Q83.100x001,副乳腺囊性增生
134317,Q83.100x002,副乳腺腺病
134319,Q83.300,副乳头
134320,Q83.800,乳房的其他先天性畸形
134321,Q83.800x004,先天性小乳
134323,Q83.801,乳房异位
134324,Q83.802,先天性乳头内陷
134325,Q83.803,乳房发育不良
134326,Q83.900,乳房先天性畸形
134327,Q84.000,先天性秃发
134329,Q84.101,先天性念珠状发
134330,Q84.200,毛发的其他先天性畸形
134331,Q84.201,先天性多毛症
134332,Q84.202,先天性眉畸形
140818,V87.200,小汽车和轻型货车或篷车之间碰撞造成的人员损伤（交通性）
140819,V87.300,小汽车和公共汽车之间碰撞造成的人员损伤（交通性）
140820,V87.400,小汽车和重型运输车之间碰撞造成的人员损伤（交通性）
140822,V87.600,火车或铁路车辆和小汽车之间碰撞造成的人员损伤（交通性）
140823,V87.700,机动车辆之间碰撞造成的人员损伤（交通性），其他特指的
140824,V87.800,涉及机动车辆非碰撞性运输事故中的人员损伤（交通性），其他特指的
140825,V87.900,涉及非机动车辆（碰撞性）（非碰撞性）运输事故中的人员损伤（交通性），其他特指的
140826,V88.000,小汽车和两轮或三轮机动车之间碰撞造成的人员损伤，非交通性
140827,V88.100,机动车辆和两轮或三轮机动车之间碰撞造成的人员损伤，非交通性，其他的
140828,V88.200,小汽车和轻型货车或篷车之间碰撞造成的人员损伤，非交通性
140829,V88.300,小汽车和公共汽车之间碰撞造成的人员损伤，非交通性
140830,V88.400,小汽车和重型运输车之间碰撞造成的人员损伤，非交通性
140832,V88.600,火车或铁路车辆和小汽车之间碰撞造成的人员损伤，非交通性
140833,V88.700,机动车辆之间碰撞造成的人员损伤，非交通性，其他特指的
140834,V88.800,涉及机动车辆非碰撞性运输事故中的人员损伤，非交通性，其他特指的
140836,V89.000,机动车辆事故中的人员损伤，非交通性
140837,V89.100,非机动车辆事故中的人员损伤，非交通性
140838,V89.200,机动车辆事故中的人员损伤，交通性
140839,V89.200x091,机动车交通事故
140840,V89.200x092,机动车辆失控引起的交通事故
140841,V89.200x093,机动车相撞
140842,V89.300,非机动车辆事故中的人员损伤，交通性
140843,V89.900,车辆事故中的人员损伤
140315,T91.800x004,腰丛神经损伤后遗症
140316,T91.800x005,骶丛神经损伤后遗症
140317,T91.800x006,陈旧性脊柱脱位
140318,T91.800x007,躯干神经损伤后遗症
140320,T91.800x009,脊柱损伤后遗症
140321,T91.800x010,陈旧性颈部和躯干损伤
140322,T91.802,陈旧性躯干神经损伤
140323,T91.803,陈旧性脊柱韧带扭伤
140325,T91.900x002,会阴损伤后遗症
140326,T91.900x003,躯干损伤后遗症
141028,X47.900x913,硫化氢意外中毒
141029,X47.900x915,氨气意外中毒
141030,X47.900x916,液化石油气意外中毒
118092,F06.301,癫痫性情感障碍
118093,F06.302,颅脑外伤性情感障碍
118094,F06.400,器质性焦虑障碍
118095,F06.400x003,卒中后焦虑
118096,F06.500,器质性分离性障碍
118097,F06.600,器质性情绪不稳定［衰弱］障碍
118098,F06.700,轻度认知障碍
118099,F06.800,脑损害和功能障碍及躯体疾病引起的其他特指的精神障碍
118100,F06.800x002,胆道感染所致精神障碍
118101,F06.800x003,胆道术后精神障碍
118102,F06.800x004,低血糖所致精神障碍
118103,F06.800x005,肺结核所致精神障碍
118104,F06.800x006,肺气肿所致精神障碍
118105,F06.800x007,肺炎所致精神障碍
118106,F06.800x008,肝硬化所致精神障碍
118107,F06.800x009,感冒所致精神障碍
118108,F06.800x010,高热所致精神障碍
118109,F06.800x011,高血压所致精神障碍
118110,F06.800x012,过敏性紫癜所致精神障碍
118111,F06.800x013,甲状腺功能亢进所致精神障碍
118112,F06.800x014,疟疾所致精神障碍
118113,F06.800x015,肾炎所致精神障碍
118114,F06.800x016,细菌性痢疾所致精神障碍
118115,F06.800x017,心脏病所致精神障碍
118116,F06.800x018,营养不良所致精神障碍
118117,F06.800x019,有害气体中毒后精神障碍
118118,F06.800x020,中暑伴发精神障碍
118119,F06.800x021,系统性红斑狼疮所致的精神障碍
118121,F06.800x024,一氧化碳中毒所致精神障碍
118122,F06.800x025,肠伤寒所致精神障碍
118123,F06.800x026,血管性认知功能障碍
118124,F06.800x027,认知障碍
118127,F06.800x034,物理因素所致精神障碍
118128,F06.800x037,肝脑病变所致精神障碍
118129,F06.800x038,心脏病（心力衰竭）所致精神障碍
118950,G04.905,急性神经根脊髓炎
118951,G04.906,室管膜炎
118952,G04.907,局灶性脑炎
118953,G04.908,脊髓炎
118954,G04.909,急性脊髓炎
118955,G04.910,上行性脊髓炎
118957,G04.912,神经根脊髓炎
118958,G04.913,脑炎
118959,G04.914,脑膜脑炎
118960,G04.915,脑炎性假瘤
132864,Q16.000,先天性无（耳）郭
132865,Q16.100,先天性（外）耳道缺如、闭锁和狭窄
132866,Q16.101,先天性外耳道缺如
132868,Q16.103,先天性外耳道狭窄
131576,O82.201,经剖宫产子宫切除术的单胎分娩
131577,O82.800,经其他剖宫产术的单胎分娩
131578,O82.900,经剖宫产术分娩
131579,O83.000,胎臀牵引术
131580,O83.100,臀位助产，其他特指的
131581,O83.101,臀位助产的单胎分娩
131582,O83.200,"手法助产的分娩,其他的"
131583,O83.300,腹腔妊娠中能活胎儿的分娩
132632,P96.100,母体使用成瘾药物所致的新生儿脱瘾性症状
132633,P96.100x001,新生儿撤药综合征（母亲药瘾）
132634,P96.100x002,新生儿药物戒断综合征（母亲药瘾）
132635,P96.200,新生儿使用治疗性药物所致的脱瘾性症状
132636,P96.300,新生儿宽颅缝
132637,P96.301,新生儿颅骨软化
132638,P96.400,妊娠终止，影响到胎儿和新生儿
132639,P96.500,子宫内操作的并发症，不可归类在他处者
132640,P96.800,起源于围生期其他特指的情况
132641,P96.800x101,新生儿颤抖
132642,P96.800x904,高危儿
132643,P96.801,新生儿多器官功能损害
132644,P96.802,新生儿缺血缺氧性肾损害
132645,P96.803,新生儿死亡
132646,P96.804,新生儿休克
132647,P96.900,起源于围生期的情况
132648,P96.900x001,新生儿反应低下
132649,Q00.000,无脑儿
132650,Q00.000x001,无脑畸形
132651,Q00.100,颅脊柱裂
132652,Q00.200,枕骨裂脑露畸形
132654,Q00.200x201,闭合性枕骨裂脑露畸形
132655,Q01.000,额部脑膨出
132656,Q01.100,鼻根部脑膨出
132657,Q01.200,枕部脑膨出
132658,Q01.800,脑膨出，其他部位的
132659,Q01.800x101,顶骨脑膨出
132661,Q01.800x301,鼻部脑膨出
132662,Q01.800x401,鼻咽脑膨出
132663,Q01.801,先天性枕骨大孔疝
132665,Q01.900x001,脑膜脑膨出
132667,Q01.901,先天性脑疝
132668,Q02.x00,小头畸形
132669,Q03.000,西尔维于斯导水管(中脑导水管)畸形
132670,Q03.001,西尔维于斯导水管狭窄
132672,Q03.100,第四脑室正中孔和第四脑室外侧孔闭锁
132673,Q03.101,第四脑室外侧孔闭锁
132674,Q03.102,第四脑室孔闭塞综合征
132675,Q03.103,第四脑室正中孔闭锁
132677,Q03.900,先天性脑积水
132678,Q04.000,胼胝体先天性畸形
132679,Q04.000x011,胼胝体发育不全
132680,Q04.100,无嗅脑畸形
132681,Q04.200,前脑无裂畸形
134333,Q84.300,甲缺如
134334,Q84.400,先天性白甲
134335,Q84.500,指甲增大和增生
134336,Q84.501,先天性甲肥厚
134337,Q84.502,趾甲增大和增生
134338,Q84.600,指甲的其他先天性畸形
134339,Q84.600x001,先天性趾甲畸形
134340,Q84.600x002,先天性指甲畸形
134342,Q84.600x004,先天性杵状甲
134343,Q84.601,先天性甲营养不良
134344,Q84.602,趾甲的其他先天性畸形
134345,Q84.800,体被的其他特指先天性畸形
134346,Q84.800x012,先天性皮肤缺失
134347,Q84.801,先天性皮肤发育不全
134348,Q84.900,体被先天性畸形
134349,Q85.000,神经纤维瘤病（非恶性）
134350,Q85.100,结节性硬化症
134351,Q85.800,斑痣性错构瘤病，其他的不可归类在他处者
134352,Q85.801,息肉-色素沉着-脱发-爪甲营养不良综合征
134353,Q85.802,波伊茨-耶格综合征
134354,Q85.804,冯·希佩尔-林道综合征
134355,Q85.805,斯特奇-卡利舍-韦伯综合征
134356,Q85.806,脑膜血管瘤病
134357,Q85.900,斑痣性错构瘤病
134358,Q85.900x002,肠错构瘤
134359,Q85.900x006,甲状腺错构瘤
134360,Q85.900x008,前臂错构瘤
134361,Q85.900x009,乳房错构瘤
134362,Q85.900x012,面部错构瘤
130650,O06.000,不完全性流产，并发生殖道和盆腔感染
130651,O06.100,不完全性流产，并发延迟或过度出血
130652,O06.200,不完全性流产，并发栓塞
130653,O06.300,不完全性流产，伴有其他的并发症
130655,O06.400,不完全性流产，无并发症
130656,O06.500,完全性流产，并发生殖道和盆腔感染
130657,O06.600,完全性流产，并发延迟或过度出血
130658,O06.700,完全性流产，并发栓塞
130660,O06.801,未特指的流产伴有并发症
130661,O06.900,完全性流产，无并发症
130662,O07.000,医疗性流产失败，并发生殖道和盆腔感染
130663,O07.000x001,医疗性流产失败并发盆腔感染
130665,O07.100,医疗性流产失败，并发延迟或过度出血
130666,O07.100x001,医疗性流产失败并发出血
130667,O07.200,医疗性流产失败，并发栓塞
130668,O07.200x001,医疗性流产失败并发栓塞
130670,O07.300x001,医疗性流产失败并发代谢紊乱
130671,O07.300x002,医疗性流产失败并发休克
130672,O07.400,医疗性流产失败，无并发症
130673,O07.401,人工流产失败
141031,X47.900x917,总烃油蒸气意外中毒
141032,X47.900x918,经管道分发的气体意外中毒
141033,X48.x00,杀虫剂的意外中毒及暴露于杀虫剂
141034,X49.x00,化学制品和有害物质的意外中毒及暴露于该类物质，其他的
141035,X50.x00,操劳过度和剧烈或重复运动
141036,X51.x00,旅行和运动
141037,X52.x00,长期滞留在失重环境下
141038,X53.x00,食物缺乏
141039,X54.x00,水缺乏
141040,X57.x00,贫困
141041,X58.x00,暴露于其他特指的因素下
141042,X59.000,暴露于未特指因素导致的骨折
141043,X59.900,暴露于因素导致其他的损伤
141044,X59.900x091,复合性外伤
141045,X59.900x092,骨折
141046,X59.900x093,军训中意外损伤
141047,X59.900x094,暴露
141048,X59.900x095,体育活动中受伤
141049,X59.900x096,意外事故
141050,X59.900x097,工作中的意外损伤
141051,X60.x00,非阿片样镇痛药、解热药和抗风湿药的故意自毒及暴露于该类药物
141052,X61.x00,镇癫痫药、镇静催眠药、抗帕金森病药和对精神有影响的药物的故意自毒及暴露于该类药物，不可归类在他处者
141053,X62.x00,麻醉品和致幻药(致幻剂)故意自毒及暴露于该类药物，不可归类在他处者
141054,X63.x00,作用于自主神经系统的其他药物的故意自毒及暴露于该类药物
141056,X65.x00,酒精的故意自毒及暴露于酒精
141058,X67.000,暴露于内燃机排放的一氧化碳的故意自毒
141059,X67.100,暴露于使用气体中的一氧化碳的故意自毒
141060,X67.200,暴露于其他家用燃料中的一氧化碳的故意自毒
141062,X67.400,暴露于未特指来源中的一氧化碳的故意自毒
141063,X67.800,暴露于其他气体和蒸气的故意自毒
141064,X67.900,暴露于未特指气体和蒸气的故意自毒
141065,X67.900x091,管道分发的气体自杀
141067,X67.900x093,二氧化硫自杀
141068,X67.900x094,氧化氮类自杀
141069,X67.900x095,催泪气体(催泪瓦斯)自杀
134373,Q85.900x027,平滑肌错构瘤
134374,Q85.900x028,神经毛囊错构瘤
134376,Q85.900x030,下肢错构瘤
134377,Q85.900x031,外耳道错构瘤
134378,Q85.900x032,精囊错构瘤
134379,Q85.900x034,背部错构瘤
134380,Q85.900x035,腮腺错构瘤
134382,Q85.900x037,耳错构瘤
134383,Q85.900x038,腭部错构瘤
132869,Q16.200,无咽鼓管
132870,Q16.300,听小骨先天性畸形
132871,Q16.301,砧镫关节异常
132872,Q16.400,中耳其他的先天性畸形
132873,Q16.401,中耳缺失
132874,Q16.500,内耳先天性畸形
132875,Q16.501,大前庭导水管综合征
132876,Q16.900,引起听力缺陷的耳先天性畸形
132877,Q16.901,先天性无耳
132878,Q17.000,副耳廓
132879,Q17.000x003,先天性副耳垂
132880,Q17.000x005,先天性颊部副耳
132881,Q17.001,多耳畸形
132882,Q17.002,先天性耳赘
132883,Q17.003,先天性耳前附件
132884,Q17.100,巨耳畸形
132885,Q17.200,小耳畸形
132886,Q17.300,畸形耳，其他的
132887,Q17.300x002,先天性尖耳
132888,Q17.300x004,先天性卷曲耳
132889,Q17.300x005,先天性扁平耳
132891,Q17.301,杯状耳
132892,Q17.302,先天性耳廓畸形
132893,Q17.303,先天性耳垂畸形
132894,Q17.400,移位耳
133967,Q68.401,先天性腓骨弯曲
133968,Q68.402,先天性胫骨弯曲
133969,Q68.500,先天性腿长骨弯曲
133970,Q68.501,先天性弓形腿
133971,Q68.800,肌肉骨骼的其他特指先天性变形
133972,Q68.800x006,先天性桡骨小头半脱位
133973,Q68.800x014,先天性前臂畸形
133974,Q68.800x015,先天性桡骨畸形
133975,Q68.800x016,先天性尺骨畸形
133976,Q68.800x018,先天性胫骨假关节
133977,Q68.800x019,先天性腓骨假关节
133978,Q68.800x020,先天性胫腓骨假关节
133980,Q68.800x022,先天性尺桡关节脱位
133981,Q68.800x023,先天性肘关节挛缩
133982,Q68.800x024,先天性多发性关节挛缩症
133983,Q68.800x025,先天性下肢关节挛缩
133984,Q68.801,先天性关节畸形
133986,Q68.803,先天性高肩胛症
133987,Q68.804,先天性肩胛骨变形
133988,Q68.805,先天性锁骨变形
133989,Q68.807,先天性上肢畸形
133991,Q68.809,先天性肘关节畸形
133992,Q68.810,先天性肘关节脱位
133993,Q68.811,先天性肘外翻
133994,Q68.812,先天性下肢畸形
133995,Q68.813,先天性踝关节畸形
133997,Q69.100,副拇指
133998,Q69.200,副趾
133999,Q69.200x001,副（足母）趾
134000,Q69.900,多指(趾)畸形
134002,Q69.900x002,多趾
134003,Q70.000,指融合
132683,Q04.300x011,先天性大脑萎缩
132684,Q04.300x021,先天性下丘脑萎缩
132685,Q04.300x031,先天性小脑萎缩
132686,Q04.300x502,先天性双侧外侧裂综合征
132687,Q04.301,大脑皮层发育不全
132688,Q04.302,巨脑回
132689,Q04.303,脑发育不全
132690,Q04.304,脑回小
132691,Q04.305,无脑回
132692,Q04.306,朱伯特综合征
133761,Q55.901,男性生殖器官发育不全
133762,Q56.000,两性畸形，不可归类在他处者
133763,Q56.001,女性男性化
133764,Q56.002,卵睾体
133765,Q56.100,男性假两性畸形，不可归类在他处者
140962,X03.x00,暴露于房屋或建筑结构外的控制性火焰下
140963,X04.x00,暴露于高度易燃材料的起火下
140964,X05.x00,暴露于睡衣的起火或焚毁下
140965,X06.x00,暴露于其他衣着用品和装饰品的起火或焚毁下
140966,X08.x00,暴露于其他特指的烟、火和火焰下
140967,X09.x00,暴露于烟、火和火焰下
140968,X10.x00,接触热饮料、食物和动植物油
140969,X11.x00,接触热自来水
140971,X13.x00,接触蒸气和热蒸气
140972,X14.x00,接触热空气和气体
140973,X15.x00,接触热的家用器具
141702,Y88.300x001,手术和医疗操作的后遗症
141703,Y89.000,依法处置的后遗症
141704,Y89.100,作战行动的后遗症
141706,Y90.000,血中酒精水平低于20mg/100ml
141707,Y90.100,血中酒精水平在20~39mg/100ml
141708,Y90.200,血中酒精水平在40~59mg/100ml
141710,Y90.400,血中酒精水平在80~99mg/100ml
141711,Y90.500,血中酒精水平在100~119mg/100ml
141712,Y90.600,血中酒精水平在120~199mg/100ml
141714,Y90.800,血中酒精水平在240mg/100ml或以上
141715,Y90.900,血中存在酒精
141716,Y91.000,轻度酒精中毒
141717,Y91.100,中度酒精中毒
141718,Y91.200,严重酒精中毒
141719,Y91.300,极严重的酒精中毒
141720,Y91.900,酒精影响
141722,Y96.x00,与工作有关的情况
141723,Y97.x00,与环境污染有关的情况
141724,Y98.x00,与生活方式有关的情况
141726,Z00.001,健康查体
141727,Z00.100,儿童常规健康检查
141728,Z00.200,儿童快速生长期的检查
141729,Z00.300,青春发育期的检查
141731,Z00.400,一般精神科检查，不可归类在他处者
141732,Z00.401,精神科全面检查
130674,O07.402,药物流产失败
130675,O07.500,"企图流产失败,其他或未特指的，并发生殖道和盆腔感染"
130676,O07.600,企图流产失败，其他的，并发延迟或过度出血
130677,O07.700,企图流产失败，其他的，并发栓塞
130678,O07.800,企图流产失败，其他的，伴有其他的并发症
131621,O87.801,产褥期外阴静脉曲张
131622,O87.802,产褥期下肢静脉曲张
131624,O87.900x003,产褥期血栓形成
131625,O87.901,产褥期静脉炎
131626,O88.000,产科空气栓塞
131627,O88.100,羊水栓塞
131628,O88.101,妊娠过敏样综合征
131629,O88.200,产科血凝块栓塞
131630,O88.201,产科肺栓塞
131631,O88.300,产科脓血性和脓毒性栓塞
131632,O88.300x001,产科脓血性栓塞
131633,O88.300x002,产科脓毒性栓塞
131634,O88.800,产科栓塞，其他的
131635,O88.800x001,产科脂肪栓塞
131636,O89.000,产褥期中麻醉的肺部并发症
131637,O89.000x001,产褥期麻醉相关的吸入性肺炎
131638,O89.000x002,产褥期麻醉相关的胃内容物或分泌物吸入
131639,O89.000x003,产褥期麻醉相关的门德尔松综合征
131640,O89.000x004,产褥期麻醉相关的肺压力性萎陷
131641,O89.100,产褥期中麻醉的心脏并发症
131642,O89.100x001,产褥期麻醉相关的心脏停搏
131643,O89.100x002,产褥期麻醉相关的心力衰竭
131645,O89.300,产褥期中局部麻醉的中毒反应
133845,Q64.200x001,尿道瓣膜
133846,Q64.200x021,前尿道瓣膜
133847,Q64.300,尿道和膀胱颈的其他闭锁和狭窄
133849,Q64.302,先天性尿道闭锁
133850,Q64.303,先天性尿道狭窄
133851,Q64.304,先天性膀胱尿道口处狭窄
133852,Q64.400,脐尿管畸形
133853,Q64.400x301,先天性脐尿管憩室
133855,Q64.401,脐尿管瘘
133856,Q64.402,脐尿管囊肿
133857,Q64.403,脐尿管未闭
133858,Q64.500,膀胱和尿道先天性缺如
133859,Q64.501,尿道缺如
133860,Q64.502,膀胱缺如
133862,Q64.700,膀胱和尿道的其他先天性畸形
133863,Q64.700x201,先天性膀胱脱垂
133864,Q64.700x601,先天性巨尿道
133866,Q64.700x801,先天性尿道空洞性脊髓突出
133867,Q64.700x901,先天性脐膀胱瘘
133868,Q64.700x902,先天性膀胱疝
133869,Q64.700x904,先天性尿道粘膜脱垂
133870,Q64.701,先天性尿道畸形
134384,Q85.900x039,膝部错构瘤
134385,Q85.900x040,肢体错构瘤
134386,Q85.900x041,颅内错构瘤
134387,Q85.900x042,下丘脑错构瘤病
134388,Q85.900x043,硬脊膜下错构瘤
134389,Q85.900x044,胆管错构瘤
134390,Q85.900x045,盆腔错构瘤
134391,Q85.900x046,眼睑错构瘤
134392,Q85.900x047,会阴错构瘤
134393,Q85.900x048,小汗腺血管错构瘤
134394,Q85.900x049,色素血管性斑痣性错构瘤病
134395,Q85.900x051,骨错构瘤
134396,Q85.900x052,椎管内错构瘤
134397,Q85.900x057,软骨间叶性错构瘤
134398,Q85.901,肺错构瘤
134399,Q85.902,腹膜后错构瘤
134400,Q85.903,肾错构瘤
134401,Q85.904,支气管错构瘤
134402,Q85.905,鼻错构瘤
134403,Q85.906,胃错构瘤
134404,Q85.907,脾错构瘤
134405,Q85.908,胸膜错构瘤
134406,Q85.909,错构瘤病
134407,Q85.910,脑错构瘤
134408,Q85.911,肝错构瘤
134409,Q85.912,胰腺错构瘤
134410,Q85.913,结肠错构瘤
134411,Q85.914,婴儿纤维性错构瘤
134412,Q85.915,乳腺错构瘤
134413,Q86.000,胎儿酒精综合征（畸形的）
134414,Q86.100,胎儿乙内酰脲综合征
134415,Q86.200,苄丙酮香豆素引起的同质异形
134416,Q86.800,已知的外源性原因引起的其他先天性畸形综合征
134417,Q87.000,主要影响面部外貌的先天性畸形综合征
134419,Q87.000x301,隐眼综合征(Frasher综合征)
134420,Q87.000x501,哈勒曼-斯特雷夫综合征(Hallerman-Streiff综合征)
134421,Q87.000x904,腭心面综合征(Velo-Cardio-Facia综合征)
134423,Q87.000x906,默比乌斯综合征(Moebius综合征)
134424,Q87.000x907,短指-球状晶体异位综合征(马尔凯萨尼综合征)
134426,Q87.001,戈尔登哈尔综合征
131430,O69.200,产程和分娩并发其他脐带缠绕
131431,O69.200x006,脐带狭窄
131432,O69.200x007,脐带扭转
131433,O69.201,脐带过长
131434,O69.202,脐带绕臂
131435,O69.203,脐带绕踝
131436,O69.204,脐带绕肩
131438,O69.206,脐带绕手
131439,O69.207,脐带绕腿
131440,O69.208,脐带真结
130715,O08.302,异位妊娠后休克
130717,O08.400x003,流产后肾小管坏死
130718,O08.400x004,异位妊娠后肾衰竭
119434,G43.100,偏头痛伴有先兆［典型偏头痛］
119435,G43.100x002,偏头痛性先兆(偏头痛等位症)
119436,G43.100x005,有迁延性先兆的偏头痛
119437,G43.100x006,有先兆急性发作的偏头痛
119438,G43.100x011,典型先兆不伴头痛
119439,G43.102,基底动脉型偏头痛
119440,G43.103,典型先兆伴非偏头痛性头痛
119441,G43.105,家族性偏瘫性偏头痛
119442,G43.106,散发性偏瘫性偏头痛
119443,G43.200,偏头痛状态
119444,G43.300,复杂性偏头痛
119445,G43.800,偏头痛，其他的
119446,G43.800x002,眼肌麻痹型偏头痛
119447,G43.801,持续性先兆不伴脑梗死
119448,G43.802,腹型偏头痛
119449,G43.803,视网膜性偏头痛
119450,G43.804,儿童周期性综合征
119451,G43.900,偏头痛
119452,G44.000,丛集性头痛综合征
119454,G44.000x004,慢性阵发性偏头痛
119455,G44.001,慢性偏头痛
119456,G44.002,复发性丛集性头痛
119457,G44.003,慢性丛集性头痛
119458,G44.004,神经性头痛
119459,G44.005,神经血管性头痛
119460,G44.100,血管性头痛，不可归类在他处者
119461,G44.100x004,颈源性头痛(颈神经后支源性头痛)
119462,G44.200,紧张型头痛
119463,G44.200x003,发作性紧张型头痛
119464,G44.200x005,慢性紧张型头痛不伴颅骨膜压痛
119465,G44.201,少发复发性紧张型头痛
119467,G44.204,频发复发性紧张型头痛
119468,G44.205,频发复发性紧张型头痛伴颅骨膜压痛
119469,G44.207,慢性紧张型头痛
119470,G44.208,慢性紧张型头痛伴颅骨膜压痛
119471,G44.300,慢性创伤后头痛
119473,G44.800,头痛综合征，其他特指的
119474,G44.800x001,自发性低颅压综合征(原发性低颅压)
119475,G44.800x002,急性外伤后头痛
119476,G44.800x006,慢性每日头痛
119478,G45.001,基底动脉尖综合征
119479,G45.002,椎-基底动脉供血不足
119480,G45.003,椎-基底动脉盗血综合征
119481,G45.004,后循环缺血
119483,G45.100x002,颈内动脉缺血
119484,G45.101,颈内动脉供血不足
119485,G45.102,颈动脉闭塞综合征
119486,G45.200,多发性和双侧入脑前动脉综合征
120493,H20.100x002,慢性虹膜炎
120495,H20.102,肉芽肿性葡萄膜炎
120496,H20.200,晶体诱发性虹膜睫状体炎
141733,Z00.500,器官和组织的可能供者接受的检查
141734,Z00.500x001,对器官供者的检查
141735,Z00.600,为临床研究项目的正常比较和对照接受的检查
141736,Z00.800,一般性检查，其他的
141737,Z01.000,眼和视力检查
141738,Z01.001,眼检查
141739,Z01.002,视觉检查
141740,Z01.100,耳和听力检查
141741,Z01.101,耳检查
141742,Z01.102,听力检查
141743,Z01.200,牙科检查
141744,Z01.300,血压检查
141745,Z01.400,妇科学（一般性）（常规）检查
141746,Z01.400x001,妇科检查
141747,Z01.500,诊断性皮肤试验和致敏试验
141748,Z01.501,变态反应试验
141749,Z01.502,为细菌性疾病皮肤试验
141750,Z01.503,为过敏性疾病皮肤试验
141751,Z01.600,放射学检查，不可归类在他处者
141752,Z01.600x001,胸部X线检查
134285,Q82.505,胎记
134286,Q82.506,血管痣
134287,Q82.507,疣状表皮痣
134288,Q82.508,小汗腺痣
134289,Q82.800,皮肤的其他特指先天性畸形
134290,Q82.800x001,先天性弹性纤维假黄瘤
134291,Q82.800x003,先天性掌跖角化病
134292,Q82.800x004,先天性掌皱褶异常
134293,Q82.800x006,先天性腋蹼
134294,Q82.800x010,毛发苔藓
134295,Q82.800x011,先天性面部皮肤松弛
134296,Q82.800x015,血管瘤病
131305,O60.001,先兆早产不伴分娩
131306,O60.100,提前自然临产伴有早产
131307,O60.100x001,早产伴分娩
131308,O60.100x002,早产伴自然临产经剖宫产
131310,O60.300,早产不伴有自然临产
131311,O60.300x001,早产经剖宫产
131312,O60.300x002,早产经引产
131313,O61.000,医疗性引产失败
131315,O61.000x002,前列腺素引产失败
131316,O61.100,器械引产失败
131318,O61.900,引产失败
131319,O62.000,原发性宫缩乏力
131320,O62.001,宫颈扩张失败
131322,O62.101,产程活跃期受阻
131323,O62.200,宫缩乏力，其他的
131324,O62.201,宫缩乏力
131325,O62.202,子宫松弛
131326,O62.300,急产
131328,O62.400x005,协调性子宫收缩过强
131329,O62.400x006,子宫痉挛性狭窄环
131330,O62.400x007,不协调性子宫收缩过强
131331,O62.401,高张力子宫功能不良
131332,O62.402,宫颈痉挛
133871,Q64.702,双尿道
133872,Q64.703,双尿道口
133873,Q64.704,先天性尿道直肠瘘
133874,Q64.705,先天性尿道憩室
133875,Q64.706,异位尿道口
133876,Q64.707,双膀胱
133878,Q64.800,泌尿系统的其他特指先天性畸形
133879,Q64.800x001,先天性尿道旁裂
133880,Q64.900,泌尿系统先天性畸形
133881,Q65.000,先天性髋脱位，单侧
133882,Q65.100,先天性髋脱位，双侧
133883,Q65.200,先天性髋脱位
133884,Q65.300,先天性髋半脱位，单侧
133885,Q65.400,先天性髋半脱位，双侧
133886,Q65.500,先天性髋半脱位
133887,Q65.600,不稳定髋
133888,Q65.600x011,先天性单侧髋关节不稳定
133889,Q65.600x021,先天性双侧髋关节不稳定
133890,Q65.800,髋的其他先天性变形
133891,Q65.800x004,先天性髋关节外展挛缩
133892,Q65.801,先天性髋关节发育不良
133893,Q65.802,先天性髋臼发育不良
133894,Q65.803,先天性髋内翻
133895,Q65.804,先天性髋外翻
133896,Q65.900,髋先天性变形
130938,O28.500,孕产妇产前筛查的染色体和遗传所见
130939,O28.501,产前染色体筛查异常
130940,O28.502,唐氏筛查高风险
130941,O28.800,孕产妇产前筛查的其他异常所见
130942,O28.900,孕产妇产前筛查异常所见
130944,O29.000x001,妊娠期麻醉相关的吸入性肺炎
130945,O29.000x002,妊娠期麻醉相关的胃内容物吸入
130946,O29.000x003,妊娠期麻醉相关的门德尔松综合征
130948,O29.000x005,妊娠期麻醉相关的分泌物吸入
130949,O29.100,妊娠期间麻醉的心脏并发症
141017,X47.900x092,煤气管道气体意外中毒
141018,X47.900x093,燃气热水器气体意外中毒
141020,X47.900x095,二氧化硫意外中毒
141021,X47.900x096,氧化氮类意外中毒
141022,X47.900x097,催泪气(泪气)意外中毒
141023,X47.900x098,氟利昴意外中毒
141024,X47.900x099,砷化氢意外中毒
141025,X47.900x910,一氧化碳意外中毒
141027,X47.900x912,氯气意外中毒
141766,Z02.500,为参加体育运动接受的检查
141767,Z02.600,为保险目的接受的检查
141768,Z02.700,医学证明书的发给
141771,Z03.000,可疑结核病的观察
141772,Z03.100,可疑恶性肿瘤的观察
141773,Z03.101,可疑甲状腺恶性肿瘤观察
130719,O08.400x005,葡萄胎妊娠后肾衰竭
130720,O08.401,流产后肾衰竭
130721,O08.500,流产、异位妊娠和葡萄胎妊娠后的代谢疾患
130722,O08.600,流产、异位妊娠和葡萄胎妊娠后的盆腔器官和组织损伤
130723,O08.600x004,流产后子宫颈裂伤
130724,O08.600x005,异位妊娠后子宫破裂
130725,O08.600x006,流产后盆腔器官损伤
130726,O08.601,人工流产后肠穿孔
130727,O08.602,人工流产后子宫穿孔
130728,O08.603,人工流产后子宫韧带血肿
130729,O08.604,人工流产并发穹隆穿孔
130730,O08.700,流产、异位妊娠和葡萄胎妊娠后的其他静脉并发症
130731,O08.800,流产、异位妊娠和葡萄胎妊娠后的其他并发症
130732,O08.800x006,腹腔妊娠后胎盘残留
130733,O08.800x007,流产后失血性贫血
130734,O08.801,流产后腹痛
130735,O08.802,流产后宫颈粘连
130736,O08.803,流产后宫腔粘连
130737,O08.805,流产后心脏停搏
130738,O08.806,异位妊娠后宫颈粘连
131671,O90.900,产褥期并发症
131672,O91.000,与分娩有关的乳头感染
131673,O91.001,产褥期乳头感染
131674,O91.100,与分娩有关的乳房脓肿
131675,O91.100x001,妊娠期化脓性乳腺炎
131676,O91.101,产褥期乳腺脓肿
131678,O91.200,与分娩有关的非化脓性乳腺炎
131679,O91.200x001,妊娠期实质性乳腺炎
131681,O91.200x004,妊娠期乳房淋巴管炎
131682,O91.200x005,产褥期实质性乳腺炎
131683,O91.200x007,产褥期间质性乳腺炎
131684,O91.200x008,产褥期乳房淋巴管炎
131685,O91.201,产褥期乳腺炎
131687,O92.000,与分娩有关的乳头内缩
131688,O92.100,与分娩有关的乳头皲裂
131689,O92.100x001,产褥期乳头皲裂
131691,O92.300,无乳
131692,O92.400,乳汁过少
131693,O92.500,泌乳抑制
131694,O92.500x001,治疗性无乳
131695,O92.500x002,继发性无乳
131696,O92.600,乳溢
131697,O92.700,哺乳的其他和未特指的疾患
131698,O92.700x002,产褥期乳汁淤积
131700,O94.x00,妊娠、分娩和产褥期并发症的后遗症
131701,O95.x00,产科死亡
131703,O96.100,间接产科原因的死亡，发生于分娩后42天以上一年以内
131704,O96.900,未特指产科原因的死亡，发生于分娩后42天以上一年以内
131705,O97.000,直接产科原因后遗症的死亡
120497,H20.200x001,晶状体相关性葡萄膜炎
120498,H20.800,虹膜睫状体炎，其他的
120499,H20.801,眼色素层脑膜炎
120500,H20.802,创伤性虹膜睫状体炎
120501,H20.803,Fuchs综合征
119693,G60.800x010,遗传性感觉自主神经病
119694,G60.801,先天性无痛无汗症
119695,G60.802,感觉性周围神经病
119696,G60.803,遗传性压力易感性周围神经病
119698,G60.900x001,遗传性周围神经病
119699,G61.000,吉兰-巴雷［格林-巴利］综合征
119700,G61.000x003,急性运动轴索性神经病
119701,G61.000x004,急性炎性脱髓鞘性多发神经根神经病
119702,G61.000x005,急性运动感觉轴索性神经病
119703,G61.000x006,急性感觉神经病
119704,G61.001,费舍综合征
119705,G61.002,吉兰-巴雷综合征轴索型
119706,G61.003,吉兰-巴雷综合征脱髓鞘型
119707,G61.100,血清性神经病变
119708,G61.800,炎性多神经病，其他的
119709,G61.800x003,获得性多灶性感觉运动神经病
119710,G61.800x004,急性感觉运动神经病
119711,G61.800x005,亚急性感觉神经病
119712,G61.800x006,亚急性或慢性感觉运动神经病
119713,G61.801,慢性炎症性脱髓鞘性多发性神经病
119714,G61.900,炎性多神经病
119715,G62.000,药物性多神经病
119716,G62.001,药物性周围神经病
119717,G62.100,酒精性多神经病
119719,G62.101,酒精中毒性周围神经病
119720,G62.200,毒性物质引起的多神经病，其他的
119721,G62.200x001,化学性多神经病
119722,G62.200x003,中毒性多神经病
119723,G62.201,有机磷中毒迟发性神经病
119725,G62.800x005,感觉神经元病
119726,G62.800x007,血管炎相关神经病
119727,G62.800x008,轴索性周围神经病
119728,G62.800x009,小纤维神经病
119730,G62.804,运动性周围神经病
119731,G62.805,混合性周围神经病
119732,G62.806,感染性周围神经病
119733,G62.807,免疫相关性周围神经病
119735,G62.809,创伤性周围神经病
119736,G62.810,后天获得性周围神经病
119737,G62.900,多神经病
119738,G62.900x002,末梢神经病(末梢神经炎)
119740,G62.900x004,炎性和中毒性神经病
119741,G62.900x011,痛性周围神经病
119742,G62.901,周围神经病
119743,G62.908,多灶性感觉运动神经病
131334,O62.404,子宫难产
131335,O62.405,子宫强直性收缩
131336,O62.406,先兆子宫破裂
131337,O62.800,产力异常，其他的
131338,O62.900,产力异常
131339,O63.000,第一期（产程）延长
131340,O63.001,活跃期停滞
131341,O63.002,活跃期延长
131342,O63.003,潜伏期延长
131343,O63.100,第二期（产程）延长
131344,O63.200,多胎妊娠中的第二个及以上胎儿的延迟分娩
131345,O63.201,多胎延迟性分娩
131346,O63.900,滞产
131347,O63.901,产程延长
131348,O64.000,胎头旋转不全引起的梗阻性分娩
131349,O64.001,持续性枕横位难产
131350,O64.002,持续性枕后位难产
131351,O64.100,臀先露引起的梗阻性分娩
131352,O64.100x002,足先露引起的梗阻性分娩
131353,O64.100x003,膝先露难产
131354,O64.101,臀先露难产
131355,O64.200,面先露引起的梗阻性分娩
131356,O64.200x002,颏先露引起的梗阻性分娩
131357,O64.300,额先露引起的梗阻性分娩
131358,O64.301,额先露难产
131359,O64.400,肩先露引起的梗阻性分娩
131584,O83.400,毁胎手术分娩
131585,O83.800,助产的单胎分娩，其他特指的
131586,O83.900,助产的单胎分娩
131587,O84.000,多胎分娩均为顺产
131588,O84.100,多胎分娩均借助产钳和真空吸引器
131589,O84.200,多胎分娩均经剖宫产术
131590,O84.800,多胎分娩，其他的
131591,O84.900,多胎分娩
131593,O85.x00x006,产褥期菌血症
131594,O85.x01,产褥期腹膜炎
131595,O85.x03,产褥期子宫内膜炎
131596,O86.000,产科手术伤口的感染
131598,O86.002,剖宫产后伤口感染
131599,O86.100,分娩后生殖道的其他感染
131600,O86.100x002,产褥期子宫颈炎
131601,O86.101,产褥期输卵管-卵巢炎
131603,O86.200,分娩后泌尿道感染
131604,O86.201,产褥期泌尿系感染
131605,O86.300,分娩后其他泌尿生殖道感染
131607,O86.400,分娩后不明原因的发热
131609,O86.401,产褥期不明原因发热
131610,O86.402,产褥期未特指的感染
131611,O86.800,产褥感染，其他特指的
131613,O86.801,产褥期丹毒
131614,O86.802,产褥期盆腔炎
131615,O87.000,产褥期血栓性浅静脉炎
131616,O87.100,产褥期深静脉血栓形成
131617,O87.200,产褥期痔
141774,Z03.102,可疑乳腺恶性肿瘤的观察
141775,Z03.103,可疑前列腺恶性肿瘤的观察
141776,Z03.200,可疑精神和行为障碍的观察
141777,Z03.300,可疑神经系统疾患的观察
141778,Z03.400,可疑心肌梗死的观察
141779,Z03.500,可疑心血管病的观察，其他的
141780,Z03.500x001,可疑心血管病的观察
141781,Z03.501,可疑冠心病观察
141782,Z03.600,摄入物质引起可疑毒性效应的观察
141783,Z03.600x001,可疑摄入物质引起毒性效应的观察
141784,Z03.800,可疑疾病和情况的观察，其他的
141785,Z03.800x001,新型冠状病毒肺炎疑似病例
141786,Z03.800x701,可疑新生儿疾病的观察
141787,Z03.800x711,可疑新生儿感染情况的观察
141788,Z03.800x721,可疑新生儿神经病学的观察
141789,Z03.800x731,可疑新生儿呼吸情况的观察
141790,Z03.801,可疑青光眼观察
141791,Z03.802,可疑颈动脉瘤观察
141792,Z03.803,可疑新生儿红细胞增多症观察
141793,Z03.900,可疑疾病和情况的观察
141794,Z03.900x001,未见异常
141795,Z04.000,接受血中酒精和血中药物检验
141796,Z04.001,血中酒精检验
141797,Z04.002,血中药物检验
141798,Z04.100,交通事故后接受的检查和观察
141799,Z04.200,工作事故后接受的检查和观察
141800,Z04.300,"事故后接受的检查和观察,其他的"
141801,Z04.400,嫌疑强奸和诱奸后接受的检查和观察
141802,Z04.500,加害性损伤后接受的检查和观察，其他的
141804,Z04.601,精神医学鉴定
141805,Z04.800,为其他特指原因接受的检查和观察
141806,Z04.900,接受检查和观察
141807,Z08.000,恶性肿瘤手术后的随诊检查
141809,Z08.200,恶性肿瘤化学治疗后的随诊检查
141810,Z08.700,恶性肿瘤联合治疗后的随诊检查
141811,Z08.800,恶性肿瘤其他治疗后的随诊检查
141812,Z08.800x001,恶性肿瘤中医治疗后的随诊检查
131372,O65.100,均小骨盆引起的梗阻性分娩
131373,O65.101,均小骨盆难产
131374,O65.200,骨盆入口狭窄引起的梗阻性分娩
131376,O65.300,骨盆出口和中腔狭窄引起的梗阻性分娩
131377,O65.300x002,男性骨盆难产
131378,O65.301,漏斗骨盆难产
131379,O65.400,胎盆不称引起的梗阻性分娩
131381,O65.500,母体盆腔器官异常引起的梗阻性分娩
131382,O65.500x002,子宫瘢痕引起的梗阻性分娩
131706,O97.100,间接产科原因后遗症的死亡
140845,V91.x00,船舶事故引起的其他损伤
140846,V92.x00,与水上运输有关的非船舶事故的淹溺和沉没
140847,V93.x00,非船舶事故的船上事故，未引起淹溺和沉没
140848,V94.x00,水上运输事故，其他的
140849,V95.000,直升机事故伤及乘员
140850,V95.100,超轻型、轻型或动力滑翔机事故伤及乘员
140851,V95.200,有固定机翼的私人飞机事故伤及乘员，其他的
140852,V95.300,有固定机翼的商用飞机事故伤及乘员
140853,V95.400,航天飞行器事故伤及乘员
140854,V95.800,飞行器事故伤及乘员，其他的
140855,V95.900,飞行器事故伤及乘员
140856,V95.900x091,飞行器事故
141626,Y78.100,与有害事件有关的放射学治疗和康复装置（非手术的）
141627,Y78.200,与有害事件有关的放射学假体和其他植入物、材料和附件装置
141628,Y78.300,与有害事件有关的放射学手术器械、材料和装置（包括缝线）
141629,Y78.800,与有害事件有关的放射学多用途装置，不可归类在他处者
141630,Y79.000,与有害事件有关的矫形外科诊断和监测装置
141631,Y79.100,与有害事件有关的矫形外科治疗和康复装置（非手术的）
141633,Y79.300,与有害事件有关的矫形外科手术器械、材料和装置（包括缝线）
141634,Y79.800,与有害事件有关的矫形外科多用途装置，不可归类在他处者
141635,Y80.000,与有害事件有关的理疗诊断和监测装置
141637,Y80.200,与有害事件有关的理疗假体和其他植入物、材料和附件装置
141638,Y80.300,与有害事件有关的理疗手术器械、材料和装置（包括缝线）
141639,Y80.800,与有害事件有关的理疗多用途装置，不可归类在他处者
141641,Y81.100,与有害事件有关的普通外科和整形外科治疗和康复装置（非手术的）
141642,Y81.200,与有害事件有关的普通外科和整形外科假体和其他植入物、材料和附件装置
141643,Y81.300,与有害事件有关的普通外科和整形外科手术器械、材料和装置（包括缝线）
141645,Y82.000,与有害事件有关的其他的医疗诊断和监测装置
141647,Y82.200,与有害事件有关的其他的医疗假体和其他植入物、材料和附件装置
141649,Y82.800,与有害事件有关的其他的医疗多用途装置，不可归类在他处者
141650,Y83.000,全器官移植手术作为病人异常反应或以后并发症的原因，而在操作当时并未提及意外事故
141651,Y83.000x001,器官移植手术后异常反应
120757,H35.400x006,视网膜铺路石状变性
120758,H35.400x007,视网膜网状变性
120759,H35.500,遗传性视网膜变性
120760,H35.500x003,遗传性视网膜营养障碍
120761,H35.500x004,眼底黄色斑点症(Stargardt病)
120762,H35.500x005,色素性视网膜炎
120763,H35.500x006,毯样视网膜营养障碍
120764,H35.500x007,白点状视网膜营养障碍
120765,H35.500x008,色素性视网膜营养障碍
118961,G04.916,脑炎性肿物
118962,G04.917,脑炎性病变
118963,G04.918,椎管内炎性肿物
118964,G04.919,小脑炎
118965,G04.920,复发性多灶性炎性脑病
118966,G04.921,脑干炎
118967,G04.922,脑性发热
118968,G06.000,颅内脓肿和肉芽肿
118969,G06.000x001,小脑脓肿
118970,G06.000x002,额叶脓肿
118971,G06.000x003,顶叶脓肿
118972,G06.000x004,颞叶脓肿
118973,G06.000x005,枕叶脓肿
118974,G06.000x007,基底节脓肿
118975,G06.000x008,丘脑脓肿
118976,G06.000x009,下丘脑脓肿
118977,G06.000x011,半卵圆中心脓肿
118978,G06.000x012,胼胝体脓肿
118979,G06.000x013,中脑脓肿
118980,G06.000x014,脑桥脓肿
118981,G06.000x015,延髓脓肿
118982,G06.000x018,颅内硬脑膜外肉芽肿
118983,G06.000x020,颅内硬脑膜下肉芽肿
118984,G06.000x021,侧窦周围脓肿
118985,G06.000x022,耳源性脑脓肿
118986,G06.001,脑脓肿
118987,G06.002,脑肉芽肿
118990,G06.005,颅内炎性肉芽肿
118991,G06.006,颅内感染
118992,G06.008,硬脑膜下脓肿
118993,G06.009,硬脑膜外脓肿
118995,G06.100x002,椎管内脓肿
118996,G06.100x003,脊髓脓肿
118997,G06.100x004,脊髓肉芽肿
118998,G06.100x006,硬脊膜外肉芽肿
119000,G06.100x009,椎管内感染
119001,G06.101,椎管内肉芽肿
119002,G06.102,硬脊膜下脓肿
119003,G06.103,硬脊膜外脓肿
119004,G06.200,硬膜外和硬膜下脓肿
119006,G06.201,硬膜下脓肿
119007,G06.202,硬膜下肉芽肿
119008,G06.203,硬膜外脓肿
119009,G08.x00,颅内和椎管内的静脉炎和血栓性静脉炎
119010,G08.x00x001,化脓性失状窦血栓形成
119012,G08.x00x003,化脓性乙状窦血栓形成
131619,O87.301,产褥期大脑静脉窦血栓形成
131620,O87.800,产褥期其他的静脉并发症
132380,P52.300,胎儿和新生儿的脑室内（非创伤性）出血
132381,P52.400,胎儿和新生儿大脑内（非创伤性）出血
132382,P52.500,胎儿和新生儿蛛网膜下（非创伤性）出血
132383,P52.600,胎儿和新生儿小脑（非创伤性）和后颅凹出血
132384,P52.600x001,新生儿小脑出血（非创伤性）
132385,P52.600x002,新生儿后颅凹出血（非创伤性）
132386,P52.800,胎儿和新生儿其他颅内（非创伤性）出血
132387,P52.801,非创伤性新生儿硬膜外出血
132388,P52.802,非创伤性新生儿硬膜下出血
132389,P52.900,胎儿和新生儿的颅内（非创伤性）出血
132390,P53.x00,胎儿和新生儿出血性疾病
132391,P53.x00x001,新生儿出血病
132392,P53.x00x002,新生儿维生素K缺乏性出血症
132393,P54.000,新生儿呕血
132394,P54.100,新生儿黑粪症
132395,P54.200,新生儿直肠出血
132396,P54.300,新生儿胃肠道出血，其他的
132397,P54.300x001,新生儿胃肠道出血
132398,P54.300x002,新生儿胃出血
132399,P54.300x003,新生儿肠出血
132400,P54.400,新生儿肾上腺出血
132401,P54.500,新生儿皮肤出血
132402,P54.600,新生儿阴道出血
132403,P54.800,新生儿出血，其他特指的
132404,P54.800x002,新生儿结膜出血
133767,Q56.300,假两性畸形
133768,Q56.400,性别不清
133769,Q60.000,单侧肾缺如
133770,Q60.100,双侧肾缺如
133771,Q60.200,肾缺如
133772,Q60.300,单侧肾发育不全
133773,Q60.400,双侧肾发育不全
133774,Q60.400x001,双侧肾不发育
133776,Q60.501,先天性肾萎缩
133777,Q60.600,波特综合征
133778,Q61.000,先天性单个肾囊肿
133779,Q61.100,多囊肾，常染色体隐性
133781,Q61.300,多囊肾
133782,Q61.400,肾发育不良
133783,Q61.401,肾多囊性发育不良
133784,Q61.402,多囊肾（进展型）
133785,Q61.403,多囊性肾病
133787,Q61.500,髓部囊性肾
133788,Q61.800,囊性肾病，其他的
133790,Q61.900,囊性肾病
133791,Q61.901,麦克尔-格鲁贝尔综合征
133793,Q62.100,输尿管闭锁和狭窄
133794,Q62.100x802,先天性单侧输尿管闭锁
133795,Q62.100x902,先天性双侧输尿管闭锁
131384,O65.800,母体骨盆异常引起的梗阻性分娩，其他的
131385,O65.900,母体骨盆异常引起的梗阻性分娩
131386,O66.000,肩难产引起的梗阻性分娩
131387,O66.001,肩位难产
131388,O66.100,双胎交锁引起的梗阻性分娩
131389,O66.101,双胎交锁难产
131390,O66.200,特大胎儿引起的梗阻性分娩
131391,O66.201,巨大儿难产
131392,O66.300,胎儿的其他异常引起的梗阻性分娩
131393,O66.300x001,联体双胎引起的梗阻性分娩
131394,O66.300x002,胎儿水肿引起的梗阻性分娩
131395,O66.300x003,胎儿骶部畸胎瘤引起的梗阻性分娩
131396,O66.300x004,胎儿脊髓脊膜膨出引起的梗阻性分娩
131397,O66.300x005,胎儿肿瘤引起的梗阻性分娩
131398,O66.300x006,胎儿腹水引起的梗阻性分娩
131399,O66.300x007,胎儿脑积水引起的梗阻性分娩
131400,O66.400,试产失败
131401,O66.401,试产失败后剖宫产
131402,O66.500,真空吸引器和产钳应用失败
131403,O66.500x001,真空吸引器应用失败
131404,O66.500x002,产钳应用失败
131405,O66.800,梗阻性分娩，其他特指的
131407,O66.901,难产
131408,O67.000,产时出血伴有凝血缺陷
131409,O67.000x002,分娩期弥散性血管内凝血
131410,O67.800,产时出血，其他的
131411,O67.900,产时出血
131412,O68.000,产程和分娩并发胎儿心率异常
131414,O68.002,分娩并发胎儿心率异常
131415,O68.003,急性胎心型胎儿宫内窘迫
131416,O68.100,产程和分娩并发在羊水中伴有胎粪
131418,O68.200,产程和分娩并发胎儿心率异常并在羊水中伴有胎粪
131419,O68.201,急性混合型胎儿宫内窘迫
131420,O68.300,产程和分娩并发胎儿应激反应的生物化学证据
131422,O68.800,产程和分娩并发胎儿应激反应的其他证据
131423,O68.900,产程和分娩并发胎儿的应激反应
131424,O68.901,急性胎儿宫内窘迫
131425,O69.000,产程和分娩并发脐带脱垂
131427,O69.002,脐带先露
131428,O69.100,产程和分娩并发脐带绕颈并伴有受压
131647,O89.500,产褥期中脊髓和硬膜外麻醉的其他并发症
131648,O89.600,产褥期中插管失败或困难
131649,O89.800,产褥期中麻醉的其他并发症
131650,O89.900,产褥期中麻醉并发症
131651,O90.000,剖宫产术的伤口破裂
131653,O90.101,产褥期继发性会阴撕裂
131654,O90.102,会阴切开伤口裂开
141652,Y83.100,人工内部装置植入手术作为病人异常反应或以后并发症的原因，而在操作当时并未提及意外事故
141653,Y83.100x001,人工内部装置植入手术后异常反应
141071,X67.x00,气体和蒸气的故意自毒及暴露于该类物质，其他的
141072,X68.x00,杀虫剂的故意自毒及暴露于杀虫剂
141073,X69.x00,化学制品和有害物质的故意自毒及暴露于该类物质，其他的
141074,X70.x00,用悬吊、绞勒和窒息方式故意自害
141075,X71.x00,用淹溺和沉没方式故意自害
141076,X72.x00,用手枪发射方式故意自害
141077,X73.x00,用步枪、猎枪和大型火器发射方式故意自害
141078,X74.x00,用其他的火器发射方式故意自害
141079,X75.x00,用爆炸物方式故意自害
141823,Z09.400,骨折治疗后的随诊检查
141824,Z09.700,"随诊检查,其他情况的联合治疗后的"
141825,Z09.800,"随诊检查,其他情况的其他治疗后的"
141826,Z09.801,冠状动脉介入治疗后随诊检查
141827,Z09.802,人工流产后随诊检查
141828,Z09.803,异位妊娠治疗后随诊检查
141829,Z09.804,蛛网膜下腔出血治疗后随诊检查
141830,Z09.900,"随诊检查,其他的情况治疗后的"
141831,Z09.900x001,治疗后的随诊检查
141832,Z10.000,职业性健康检查
141834,Z10.200,军队的常规一般性健康查体
141835,Z10.300,体育比赛队的常规一般性健康查体
141836,Z10.800,常规一般性健康查体，其他限定人群的
141837,Z11.000,肠道传染病的特殊筛查
141839,Z11.200,细菌性疾病的特殊筛查，其他的
141840,Z11.300,主要为性传播模式的传染病的特殊筛查
141841,Z11.400,人类免疫缺陷病毒(HIV)的特殊筛查
141843,Z11.600,特殊筛查，其他原虫病和蠕虫病的
141844,Z11.800,传染病和寄生虫病的特殊筛查，其他的
141845,Z11.800x001,雅司病的特殊筛查
141846,Z11.801,螺旋体病特殊筛选检查
141848,Z11.803,真菌病特殊筛选检查
141849,Z11.900,传染病和寄生虫病的特殊筛查
141850,Z11.901,传染病特殊筛查
141851,Z11.902,寄生虫病特殊筛查
141853,Z12.100,肠道肿瘤的特殊筛查
141854,Z12.200,呼吸器官肿瘤的特殊筛查
141855,Z12.300,乳房肿瘤的特殊筛查
141856,Z12.400,宫颈肿瘤的特殊筛查
141858,Z12.600,膀胱肿瘤的特殊筛查
141859,Z12.800,肿瘤的特殊筛查，其他部位的
141860,Z12.900,特殊筛查，肿瘤的
141861,Z12.900x001,肿瘤的特殊筛查
119013,G08.x00x004,乙状窦栓塞
119014,G08.x00x005,乙状窦血栓性静脉炎
119015,G08.x00x006,化脓性海绵窦血栓形成
119016,G08.x00x007,海绵窦血栓性静脉炎
119017,G08.x00x008,海绵窦炎
119018,G08.x00x009,化脓性横窦血栓形成
119936,G90.800,自主神经系统的其他疾患
119937,G90.800x001,交感神经炎
119938,G90.800x002,直立不耐受
119939,G90.800x003,直立性调节障碍
119940,G90.800x004,β受体亢进综合征(β受体过敏综合征)
119941,G90.800x005,胆碱能神经功能亢进
119942,G90.801,交感神经链综合征
119943,G90.900,自主神经系统疾患
119944,G90.900x001,自主神经功能紊乱
134005,Q70.100,蹼状指
134006,Q70.200,趾融合
134007,Q70.201,先天性并趾伴骨连接
134008,Q70.300,蹼状趾
134009,Q70.400,多指(趾)和并指(趾)畸形
134010,Q70.400x001,并指和多指
134011,Q70.400x002,并趾和多趾
134012,Q70.900,并指(趾)畸形
134013,Q70.900x001,并指
134014,Q70.900x002,并趾
134015,Q70.901,指关节粘连
134016,Q71.000,上肢先天性完全缺如
134017,Q71.100,上臂和前臂先天性缺如伴有手的存在
134018,Q71.200,前臂和手的先天性缺如
134019,Q71.200x001,先天性前臂缺如
134020,Q71.200x002,先天性手缺如
134021,Q71.300,手和手指的先天性缺如
134022,Q71.300x021,先天性拇指缺如
134023,Q71.300x031,先天性指缺如
134025,Q71.400,桡骨纵向短小缺陷
134026,Q71.401,先天性桡骨缺如
134027,Q71.500,尺骨纵向短小缺陷
134028,Q71.501,先天性尺骨缺如
134030,Q71.800,上肢的其他短小缺陷
134031,Q71.801,先天性短上肢
134032,Q71.802,先天性桡尺骨缺如
134033,Q71.900,上肢短小缺陷
131056,O34.403,妊娠合并宫颈糜烂
131057,O34.404,妊娠合并宫颈息肉
131058,O34.405,妊娠合并宫颈狭窄
131059,O34.406,妊娠合并宫颈肿瘤
131061,O34.500x001,妊娠合并子宫扭转
131062,O34.500x002,妊娠合并子宫嵌顿
131063,O34.500x005,妊娠合并子宫腺肌病
131064,O34.500x007,妊娠合并腹壁子宫内膜异位症
131065,O34.501,妊娠合并子宫后倾
131067,O34.503,妊娠合并子宫内膜异位症
131068,O34.600,为阴道异常给予的孕产妇医疗
133797,Q62.103,先天性输尿管膀胱开口处狭窄
133798,Q62.104,先天性输尿管狭窄
133799,Q62.200,先天性巨输尿管
133800,Q62.201,先天性输尿管扩张
133801,Q62.202,单纯性输尿管膨出
133802,Q62.300,肾盂和输尿管的其他梗阻性缺陷
133803,Q62.300x101,异位输尿管疝
133804,Q62.300x301,先天性输尿管息肉
133805,Q62.300x901,先天性输尿管疝
133806,Q62.300x902,先天性梗阻性肾病
133807,Q62.300x903,先天性泌尿道梗阻
133808,Q62.300x904,肾盂输尿管连接部瓣膜
133809,Q62.300x905,输尿管瓣膜
133810,Q62.301,先天性输尿管积水
133811,Q62.400,输尿管缺如
133812,Q62.400x001,先天性输尿管不发育
133813,Q62.400x002,先天性无输尿管
133815,Q62.600,输尿管错位
133816,Q62.601,下腔静脉后输尿管
133817,Q62.602,先天性输尿管开口移位
133818,Q62.700,先天性膀胱-输尿管-肾反流
133819,Q62.700x001,先天性膀胱输尿管反流
133820,Q62.700x101,先天性单侧膀胱输尿管反流
133821,Q62.700x201,先天性双侧膀胱输尿管反流
133822,Q62.800,输尿管的其他先天性畸形
133823,Q63.000,副肾
133824,Q63.001,重复肾
133825,Q63.002,双肾双肾盂
133826,Q63.100,分叶肾、融合肾和马蹄形肾
133827,Q63.101,融合肾
130864,O26.801,妊娠合并肾病综合征
130865,O26.802,妊娠合并肾衰竭
130866,O26.803,妊娠合并肾积水
130867,O26.804,妊娠合并肾小球肾炎
141753,Z01.600x002,乳房X线照相
141754,Z01.700,实验室检查
141755,Z01.800,特殊检查，其他特指的
141756,Z01.800x001,喉镜检查
141757,Z01.800x002,腹腔镜检查
141759,Z01.800x004,脑电图检查
141760,Z01.900,特殊检查
141761,Z02.000,为入学接受的检查
141762,Z02.100,就业前接受的检查
141764,Z02.300,征兵中新兵接受的检查
141765,Z02.400,为办驾驶执照接受的检查
139207,T53.700x001,氯酚中毒
139208,T53.900,脂环烃和芳香族烃的卤素衍生物的毒性效应
139210,T54.000x002,苯酚中毒
139211,T54.100,腐蚀性有机化合物的毒性效应，其他的
139212,T54.200,腐蚀性酸和酸样物质的毒性效应
139213,T54.201,硫酸中毒
139215,T54.203,亚硝酸中毒
139216,T54.300,腐蚀性碱和碱样物质的毒性效应
131655,O90.200,产科伤口的血肿
131656,O90.201,产后会阴伤口血肿
131657,O90.202,产后阴道伤口血肿
131658,O90.300,产褥期心肌病
131660,O90.400x002,产褥期肝肾综合征
131661,O90.500,产后甲状腺炎
131662,O90.800,产褥期的其他并发症，不可归类在他处者
131663,O90.800x004,产褥期尿潴留
131664,O90.800x005,产褥期肾炎
131665,O90.800x006,产褥期胎盘息肉
131666,O90.800x007,剖宫产后子宫切口愈合不良
131667,O90.800x008,会阴侧切伤口愈合不良
131668,O90.800x009,会阴裂伤伤口愈合不良
131669,O90.801,产后子宫复旧不良
131670,O90.802,剖宫产后伤口愈合不良
132438,P59.000,与早产有关的新生儿黄疸
132439,P59.100,胆汁浓缩综合征
132440,P59.200,肝细胞损害所致的新生儿黄疸，其他和未特指的
132441,P59.201,新生儿肝炎
132442,P59.202,婴儿肝炎综合征
132443,P59.203,胎儿或新生儿巨细胞肝炎
132444,P59.300,母乳抑制剂所致的新生儿黄疸
132445,P59.301,新生儿母乳性黄疸
132446,P59.800,新生儿黄疸，其他特指原因所致的
132447,P59.801,新生儿病理性黄疸
132448,P59.900,新生儿黄疸
132449,P59.901,新生儿高胆红素血症
132450,P59.902,新生儿生理性黄疸
132452,P61.000,短暂性新生儿血小板减少
132453,P61.001,新生儿血小板减少性紫癜
132454,P61.100,新生儿红细胞增多症
132455,P61.200,早产性贫血
132456,P61.300,胎儿失血所致的先天性贫血
132458,P61.401,新生儿贫血
132459,P61.500,短暂性新生儿中性粒细胞减少
132460,P61.600,短暂性新生儿凝血疾患，其他的
132461,P61.601,新生儿低凝血酶原血症
132462,P61.800,围生期血液疾患，其他特指的
132464,P70.000,母亲伴有妊娠糖尿病的婴儿综合征
132465,P70.100,糖尿病母亲的婴儿综合征
132466,P70.200,新生儿糖尿病
132468,P70.400,新生儿低血糖症，其他的
132469,P70.400x001,新生儿低血糖症
132470,P70.400x002,新生儿短暂性低血糖症
132473,P70.801,新生儿高血糖症
131825,O99.300,精神障碍和神经系统疾病并发于妊娠、分娩和产褥期
131826,O99.300x012,妊娠合并神经系统疾病
131827,O99.300x016,妊娠合并颅内动脉瘤
131828,O99.300x021,分娩合并精神和行为障碍
141862,Z12.901,肿瘤的基因筛查
141863,Z13.000,血液及造血器官疾病和某些涉及免疫机制的疾患的特殊筛查
141864,Z13.000x001,血液及造血器官疾病的特殊筛查
141865,Z13.001,免疫机制疾患特殊筛查
141866,Z13.100,糖尿病的特殊筛查
141867,Z13.200,营养疾患的特殊筛查
141868,Z13.300,精神和行为障碍的特殊筛查
131441,O69.209,双胎脐带缠绕
131442,O69.210,脐带假结
131443,O69.300,产程和分娩并发脐带过短
131444,O69.301,脐带过短
131445,O69.400,产程和分娩并发前置血管
131446,O69.401,脐带血管前置
131447,O69.500,产程和分娩并发脐带的血管损害
131448,O69.500x003,脐带血栓形成
131449,O69.500x004,脐带静脉曲张
131450,O69.501,脐带挫伤
131451,O69.503,脐带血肿
131452,O69.800,产程和分娩并发其他的脐带并发症
131453,O69.800x004,脐带水肿
131454,O69.800x005,脐带绕颈不伴受压
131455,O69.802,脐带囊肿
131456,O69.804,脐带帆状附着
131457,O69.900,产程和分娩并发脐带并发症
131458,O69.900x001,分娩伴脐带并发症
131459,O70.000,分娩时Ⅰ度会阴裂伤
131460,O70.000x002,分娩时会阴裂伤累及阴唇系带
131461,O70.000x003,分娩时会阴裂伤累及皮肤
131463,O70.100,分娩时Ⅱ度会阴裂伤
131464,O70.100x002,分娩时会阴裂伤累及盆底
131465,O70.100x003,分娩时会阴裂伤累及会阴肌肉
131466,O70.100x004,分娩时会阴裂伤累及阴道肌肉
131468,O70.200,分娩时Ⅲ度会阴裂伤
131469,O70.200x001,分娩时会阴裂伤累及阴道直肠隔
131470,O70.200x003,分娩时会阴裂伤累及肛门括约肌
131471,O70.300,分娩时Ⅳ度会阴裂伤
131473,O70.300x002,分娩时会阴裂伤累及直肠粘膜
131474,O70.900,分娩时会阴裂伤
131475,O71.000,产程开始前子宫破裂
131476,O71.001,分娩前子宫破裂
131478,O71.100x001,分娩期子宫破裂
131480,O71.200,产后子宫内翻
131481,O71.201,产后子宫外翻
131482,O71.202,分娩并发子宫内翻
131483,O71.300,宫颈的产科裂伤
131484,O71.301,产伤性宫颈裂伤
131486,O71.401,产伤性中上三分之一阴道裂伤
131487,O71.402,产伤性阴道后穹隆裂伤
131488,O71.403,分娩伴阴道沟裂伤
131490,O71.500x004,分娩伴盆腔器官损伤
131069,O34.600x004,妊娠合并阴道肿瘤
131070,O34.600x005,妊娠合并阴道囊肿
131071,O34.600x006,妊娠合并阴道斜隔
131072,O34.601,妊娠合并双阴道畸形
131073,O34.602,妊娠合并阴道横隔
131074,O34.603,妊娠合并阴道狭窄
131075,O34.604,妊娠合并阴道纵隔
131076,O34.700,为外阴和会阴异常给予的孕产妇医疗
131077,O34.700x002,妊娠合并外阴水肿
131078,O34.700x004,妊娠合并会阴瘢痕
131079,O34.700x005,妊娠合并外阴瘢痕
131080,O34.701,妊娠伴外阴畸形
131081,O34.800,为盆腔器官其他异常给予的孕产妇医疗
131082,O34.800x004,妊娠合并输卵管扭转
131083,O34.800x005,妊娠合并输卵管系膜囊肿
131084,O34.800x006,妊娠合并卵巢肿瘤
131085,O34.800x010,妊娠合并泡状附件
131086,O34.800x011,妊娠合并附件肿物
131087,O34.800x012,妊娠合并盆腔子宫内膜异位
120502,H20.804,虹膜脓肿
120503,H20.900,虹膜睫状体炎
120504,H20.900x002,虹膜炎
120505,H20.900x004,葡萄膜炎(色素膜炎)
120506,H20.900x006,陈旧性葡萄膜炎
120507,H20.901,角膜葡萄膜炎
120508,H21.000,前房积血
120509,H21.002,虹膜出血
120510,H21.003,睫状体出血
120511,H21.100,虹膜和睫状体的其他血管疾患
120513,H21.102,虹膜红变
120514,H21.103,睫状体新生血管
120515,H21.104,前房角新生血管
120516,H21.200,虹膜和睫状体变性
120518,H21.200x006,虹膜半透明
120519,H21.200x007,瞳孔缘变性
120520,H21.200x008,特发性虹膜萎缩
120521,H21.200x009,进行性虹膜萎缩
120522,H21.201,虹膜萎缩
120524,H21.203,虹膜劈裂症
120525,H21.204,睫状体变性
120526,H21.300,虹膜睫状体和前房囊肿
120528,H21.300x006,外伤植入性虹膜囊肿
120529,H21.300x007,寄生虫性虹膜囊肿
120530,H21.300x008,炎症渗出性睫状体囊肿
120531,H21.300x009,外伤植入性睫状体囊肿
120533,H21.300x011,炎症渗出性前房囊肿
120534,H21.300x012,外伤植入性前房囊肿
120535,H21.300x013,寄生虫性前房囊肿
120536,H21.301,虹膜囊肿
120537,H21.302,睫状体囊肿
120538,H21.303,前房囊肿
120540,H21.401,瞳孔闭锁
120541,H21.402,瞳孔闭合
139217,T54.300x002,氢氧化钾毒性效应
139218,T54.300x003,氢氧化钠毒性效应
139219,T54.301,苛性碱中毒
139220,T54.900,腐蚀性物质的毒性效应
139221,T54.900x002,卤水中毒
139222,T55.x00,皂类和洗涤剂的毒性效应
139223,T55.x00x001,皂类中毒
139224,T55.x00x002,清洁剂中毒
139225,T55.x00x003,洗涤剂中毒
139226,T56.000,铅及其化合物的毒性效应
139227,T56.000x002,铅化合物中毒
139228,T56.000x003,四乙基铅中毒
139229,T56.001,铅中毒
139230,T56.100,汞及其化合物的毒性效应
139231,T56.100x002,汞化合物中毒
139232,T56.101,汞中毒
139233,T56.200,铬及其化合物的毒性效应
139234,T56.200x001,铬中毒
139235,T56.200x002,铬化合物中毒
139236,T56.300,镉及其化合物的毒性效应
139237,T56.300x001,镉中毒
139238,T56.300x002,镉化合物中毒
139239,T56.400,铜及其化合物的毒性效应
139240,T56.400x002,铜化合物中毒
139241,T56.401,铜中毒
139242,T56.500,锌及其化合物的毒性效应
139243,T56.500x001,锌中毒
139244,T56.500x002,锌化合物中毒
139245,T56.600,锡及其化合物的毒性效应
139246,T56.600x001,锡中毒
139248,T56.700,铍及其化合物的毒性效应
139249,T56.700x002,铍化合物中毒
139250,T56.800,金属的毒性效应，其他的
139251,T56.800x001,钒中毒
139253,T56.800x003,铀中毒
139254,T56.800x004,铀化合物中毒
139255,T56.800x005,羰基镍中毒
139256,T56.800x006,铟中毒
139257,T56.800x007,铟化合物中毒
139259,T56.801,铊中毒
139260,T56.900,金属的毒性效应
131360,O64.401,肩先露难产
131361,O64.500,复合先露引起的梗阻性分娩
131363,O64.800,"胎位不正和先露异常引起的梗阻性分娩,其他的"
131364,O64.801,高直后位难产
131365,O64.802,高直前位难产
131367,O64.900,胎位不正和先露异常引起的梗阻性分娩
131368,O65.000,变形骨盆引起的梗阻性分娩
131370,O65.000x002,类人猿骨盆难产
132170,P12.300,产伤引起的头皮挫伤
132171,P12.400,新生儿头皮监测性损伤
132172,P12.800,头皮产伤，其他的
132174,P12.900,头皮产伤
132175,P13.000,产伤引起的颅骨骨折
131829,O99.300x022,分娩合并神经系统疾病
131830,O99.300x031,产褥期合并精神障碍
131831,O99.300x032,产褥期神经系统疾病
131832,O99.301,妊娠合并多发性脑神经疾病
131834,O99.303,妊娠合并脊髓病
131835,O99.304,妊娠合并面神经麻痹
131836,O99.305,妊娠合并面神经炎
131837,O99.306,妊娠合并癫痫
131838,O99.307,妊娠合并焦虑症
131839,O99.308,妊娠合并截瘫
131840,O99.309,妊娠合并脑瘫
131841,O99.310,妊娠合并重症肌无力
131842,O99.311,妊娠合并精神病
131843,O99.312,妊娠合并精神障碍
131844,O99.313,妊娠合并强迫症
131845,O99.314,妊娠合并智力障碍
131846,O99.315,妊娠合并多发性硬化
131847,O99.400,循环系统疾病并发于妊娠、分娩和产褥期
131848,O99.400x004,妊娠合并肺动脉高压
131849,O99.400x008,妊娠合并心力衰竭
131850,O99.400x010,妊娠合并大动脉炎
131851,O99.400x011,妊娠合并循环系统疾病
131852,O99.400x021,分娩合并循环系统疾病
131853,O99.400x022,妊娠合并交界性心动过速
131854,O99.400x023,妊娠合并左心衰竭
131855,O99.400x027,妊娠合并心房颤动（心房纤颤）
131856,O99.400x030,妊娠合并心室肥厚
131857,O99.400x031,妊娠合并感染性心包炎
131858,O99.400x032,产褥期肺动脉高压
131860,O99.400x034,产褥期循环系统疾病
131861,O99.401,产褥期脑血管病
131862,O99.402,产褥期心功能不全
131863,O99.403,妊娠合并窦性心动过速
131865,O99.405,妊娠合并二尖瓣脱垂
131866,O99.406,妊娠合并房性期前收缩
131867,O99.407,妊娠合并频发室性期前收缩
131868,O99.408,妊娠合并风湿性心脏病
131870,O99.410,妊娠合并室上性心动过速
131871,O99.411,妊娠合并室性心动过速
132693,Q04.307,先天性脑萎缩
132694,Q04.400,视（神经）中隔发育不良
132695,Q04.500,巨脑
132696,Q04.600,先天性大脑囊肿
132698,Q04.601,脑穿通畸形
132699,Q04.602,脑裂畸形
132700,Q04.603,先天性第三脑室囊肿
132701,Q04.604,先天性蛛网膜囊肿
132704,Q04.800x003,先天性胡桃脑
132705,Q04.800x005,先天性第五六脑室
132706,Q04.801,先天性巨大硬脊膜囊
132707,Q04.802,先天性脑灰质异位症
131491,O71.501,产伤性膀胱损伤
131492,O71.502,产伤性尿道裂伤
131493,O71.600,伤及骨盆关节和韧带的产科损害
131494,O71.601,产伤性耻骨联合分离
132277,P28.401,阻塞性新生儿呼吸暂停
132278,P28.402,早产儿呼吸暂停
132279,P28.500,新生儿呼吸衰竭
132280,P28.800,新生儿其他特指的呼吸性情况
132281,P28.800x101,新生儿鼻塞
132282,P28.800x201,新生儿插管后声门下狭窄
132283,P28.800x202,新生儿后天性声门下狭窄
132284,P28.800x901,新生儿周期性呼吸
131707,O97.900,产科原因后遗症的死亡
131708,O98.000,结核并发于妊娠、分娩和产褥期
131709,O98.000x021,分娩合并结核病
131710,O98.000x031,产褥期结核病
131711,O98.001,妊娠合并结核病
131712,O98.100,梅毒并发于妊娠、分娩和产褥期
131713,O98.100x021,分娩合并梅毒
131714,O98.100x031,产褥期梅毒
131715,O98.101,妊娠合并梅毒
131716,O98.200,淋病并发于妊娠、分娩和产褥期
131717,O98.200x021,分娩合并淋病
131718,O98.200x031,产褥期淋病
131719,O98.201,妊娠合并淋病
131720,O98.300,主要为性传播模式的其他感染并发于妊娠、分娩和产褥期
131721,O98.300x013,妊娠合并生殖道沙眼衣原体感染
132497,P74.201,新生儿低钠血症
132498,P74.202,新生儿高钠血症
132500,P74.301,新生儿高钾血症
132501,P74.302,新生儿低钾血症
132502,P74.400,新生儿其他的暂时性电解质失调
132505,P74.403,新生儿呼吸性碱中毒
132506,P74.500,新生儿暂时性酪氨酸血症
132507,P74.501,新生儿高酪氨酸血症
132509,P74.800x003,新生儿乳糖代谢紊乱
132510,P74.801,新生儿低磷血症
132511,P74.802,新生儿低蛋白血症
132512,P74.900,新生儿暂时性代谢紊乱
132513,P76.000,胎粪堵塞综合征
132515,P76.200,浓缩乳汁引起的肠梗阻
132516,P76.800,新生儿其他特指的肠梗阻
132517,P76.801,新生儿肠麻痹
132518,P76.900,新生儿肠梗阻
132520,P77.x01,新生儿坏死性小肠结肠炎
132521,P78.000,围生期肠穿孔
132522,P78.000x003,新生儿空肠穿孔
132523,P78.000x004,新生儿回肠穿孔
132524,P78.000x005,新生儿结肠穿孔
132526,P78.000x007,新生儿直肠穿孔
132527,P78.001,新生儿肠穿孔
120542,H21.403,虹膜膨隆
120543,H21.500,虹膜和睫状体的其他粘连和破裂
120544,H21.500x003,虹膜根部离断
120545,H21.500x004,虹膜前粘连
120546,H21.500x011,瞳孔前粘连
120547,H21.500x013,虹膜后粘连
120548,H21.500x015,睫状体脱离
120549,H21.501,虹膜离断
120550,H21.502,虹膜粘连
120551,H21.503,睫状体离断
120552,H21.504,瞳孔后粘连
120553,H21.505,瞳孔移位
120554,H21.506,前房角后退
120555,H21.507,前房角粘连
120556,H21.508,前房角破裂
120557,H21.510,陈旧性虹膜睫状体炎
120558,H21.800,虹膜和睫状体其他特指的疾患
120559,H21.800x001,前房积液
120560,H21.801,虹膜前增殖膜
120561,H21.802,虹膜脱出
117632,E72.900,氨基酸代谢紊乱
117633,E72.900x002,氨基酸尿
117634,E72.900x004,低氨基酸尿症
117635,E72.900x006,氨基酸代谢病
117636,E72.901,低氨基酸血症
117637,E72.902,高氨基酸尿症
117638,E73.000,先天性乳糖缺乏
117639,E73.100,继发性乳糖缺乏
117640,E73.800,"乳糖不耐受,其他的"
120766,H35.500x009,卵黄性视网膜营养障碍
120767,H35.501,视网膜色素变性
120768,H35.502,视网膜营养障碍
120769,H35.503,施塔加特病
120770,H35.600,视网膜出血
120771,H35.601,黄斑出血
120772,H35.602,眼底出血
120773,H35.700,视网膜层分离
120774,H35.700x005,视网膜神经上皮层脱离
120776,H35.702,视网膜色素上皮脱离
120777,H35.703,创伤性脉络膜视网膜病
120778,H35.800,视网膜其他特指的疾患
120779,H35.800x005,急性视网膜坏死综合征
120780,H35.800x008,外伤性视网膜病
120782,H35.800x010,肾病性视网膜病
120783,H35.800x011,黑色素瘤相关性视网膜病
120784,H35.801,继发性视网膜病变
120785,H35.802,眼缺血综合征
120787,H35.804,黄斑囊样水肿
120788,H35.805,视网膜萎缩
120789,H35.806,视网膜黑变病
120790,H35.807,视网膜前机化膜
120791,H35.808,视网膜坏死
120793,H35.900,视网膜疾患
120794,H40.000,可疑青光眼
120795,H40.000x001,交界性青光眼
120796,H40.000x002,青光眼临床前期
120797,H40.000x004,青光眼术后眼压失控
132176,P13.100,颅骨的其他产伤
132177,P13.200,股骨产伤
132178,P13.300,长骨的产伤，其他的
132179,P13.301,产伤致新生儿肱骨骨折
132180,P13.400,产伤引起的锁骨骨折
132181,P13.800,骨骼其他部位的产伤
132182,P13.801,产伤致新生儿肋骨骨折
132183,P13.900,骨骼产伤
132184,P14.000,产伤引起的埃尔布麻痹
132185,P14.100,产伤引起的克隆普克麻痹
132186,P14.200,产伤引起的膈神经麻痹
132187,P14.300,臂丛神经的产伤，其他的
132188,P14.800,周围神经系统其他部位的产伤
132189,P14.800x001,新生儿喉返神经麻痹
132190,P14.800x002,新生儿桡神经麻痹
132191,P14.900,周围神经系统的产伤
132192,P15.000,肝的产伤
132193,P15.100,脾的产伤
132194,P15.200,产伤引起的胸骨乳突损伤
132195,P15.201,产伤致新生儿斜颈
132196,P15.300,眼的产伤
132197,P15.400,面部产伤
132198,P15.500,外生殖器产伤
132199,P15.600,产伤引起的皮下脂肪坏死
132200,P15.800,产伤，其他特指的
132201,P15.800x004,新生儿软组织挤压伤
132202,P15.801,产伤致新生儿咽部损伤
132203,P15.802,产伤致新生儿肛门裂伤
132204,P15.803,产伤致新生儿足挫伤
132205,P15.804,产伤致新生儿皮肤损伤
132206,P15.900,产伤
132207,P15.901,新生儿挤压综合征
132209,P20.100,在产程和分娩中首先察觉到的子宫内低氧症
132211,P20.901,新生儿子宫内低氧酸中毒
132212,P21.000,严重的出生窒息
132213,P21.100,轻度和中度出生窒息
132215,P21.102,新生儿轻度出生窒息
132216,P21.900,出生窒息
132217,P21.900x002,新生儿低氧血症
132218,P22.000,新生儿呼吸窘迫综合征
132220,P22.100,新生儿短暂性呼吸急促
132221,P22.100x003,新生儿肺水肿
132222,P22.101,新生儿湿肺
132223,P22.800,新生儿的其他呼吸窘迫
132405,P54.800x003,新生儿心包积血
132407,P54.802,新生儿鼻出血
132408,P54.900,新生儿出血
132409,P55.000,胎儿和新生儿的Rh同种免疫
132410,P55.000x002,新生儿Rh血型不合溶血性贫血
132412,P55.002,新生儿RH溶血症
132413,P55.100,胎儿和新生儿的ABO同种免疫
132414,P55.101,新生儿ABO溶血性黄疸
132416,P55.800,胎儿和新生儿其他的溶血性疾病
141813,Z08.800x002,恶性肿瘤免疫治疗后的随诊检查
141814,Z08.800x003,恶性肿瘤分子靶向治疗后的随诊检查
141815,Z08.800x004,恶性肿瘤内分泌治疗后的随诊检查
141816,Z08.900,恶性肿瘤的治疗后的随诊检查
141817,Z09.000,"随诊检查,其他情况手术后的"
141818,Z09.000x001,手术后随诊检查
141819,Z09.001,"肠镜下息肉切除术后,随诊检查"
141820,Z09.100,"随诊检查,其他情况放射治疗后的"
141821,Z09.200,"随诊检查,其他情况化学治疗后的"
141822,Z09.300,心理治疗后的随诊检查
139274,T57.200x001,锰中毒
139275,T57.200x002,锰化合物中毒
139276,T57.300,氰化氢的毒性效应
139277,T57.800,无机物质的毒性效应，其他特指的
139278,T57.800x002,钡化合物中毒
139280,T57.900,无机物的毒性效应
139281,T58.x00,一氧化碳的毒性效应
139282,T59.000,氧化氮类的毒性效应
139283,T59.000x001,氮气中毒
139284,T59.100,二氧化硫的毒性效应
139285,T59.101,烟雾中毒
139286,T59.200,甲醛的毒性效应
139287,T59.300,催泪气体的毒性效应
139288,T59.400,氯气的毒性效应
139289,T59.401,氯气中毒
139290,T59.500,氟气和氟化氢的毒性效应
139291,T59.500x001,氟气中毒
139292,T59.500x002,氟化合物中毒
139293,T59.600,硫化氢的毒性效应
139294,T59.601,硫化氢中毒
139295,T59.700,二氧化碳的毒性效应
139297,T59.800x001,沼气中毒
139298,T59.800x002,液化石油气中毒
139299,T59.800x004,天然气中毒
139300,T59.800x005,溴甲烷中毒
139301,T59.800x006,芥子气中毒
139302,T59.800x007,光气中毒
139303,T59.800x008,一甲胺中毒
139304,T59.800x009,溴丙烷中毒
139306,T59.801,氨气中毒
139307,T59.802,液化气中毒
139308,T59.803,总烃油蒸气中毒
139309,T59.900,气体、烟雾和蒸气的毒性效应
139310,T59.900x001,刺激性气体中毒
139312,T59.900x003,挥发剂中毒
139313,T59.900x004,混合性气体中毒
139314,T59.900x005,窒息性气体中毒
139316,T60.000x003,辛硫磷中毒
139317,T60.000x004,氨基甲酸酯杀虫剂中毒
139318,T60.001,有机磷中毒
139319,T60.002,敌敌畏中毒
139320,T60.100,卤化杀虫剂的毒性效应
139321,T60.101,溴氰菊酯中毒
132528,P78.002,胎粪性腹膜炎
132529,P78.100,新生儿腹膜炎，其他的
132530,P78.100x001,新生儿腹膜炎
132531,P78.200,吞咽母血引起的新生儿呕血和黑粪
132532,P78.200x001,新生儿咽下综合征
132533,P78.300,非传染性新生儿腹泻
132534,P78.300x001,新生儿非感染性腹泻
132535,P78.300x002,非感染新生儿性肠炎
132536,P78.300x003,新生儿生理性腹泻
132537,P78.300x005,非感染性新生儿结肠炎
132538,P78.800,围生期消化系统疾患，其他特指的
132539,P78.800x004,新生儿贲门失弛缓
132540,P78.800x005,新生儿幽门痉挛
132541,P78.800x006,新生儿便秘
132542,P78.800x007,新生儿阑尾炎
132543,P78.800x008,新生儿胆汁淤积症
132544,P78.800x009,新生儿胃穿孔
141654,Y83.200,吻合、分流或移植手术作为病人异常反应或以后并发症的原因，而在操作当时并未提及意外事故
141655,Y83.200x001,"吻合,搭桥或移植外科手术后异常反应"
141656,Y83.300,外造口形成手术作为病人异常反应或以后并发症的原因，而在操作当时并未提及意外事故
141657,Y83.300x001,外造口形成的外科手术后异常反应
141659,Y83.400x001,脊柱恻弯术后脱钩
141660,Y83.500,肢体截肢术作为病人异常反应或以后并发症的原因，而在操作当时并未提及意外事故
141661,Y83.500x001,肢体截肢术后异常反应
139079,T47.200,刺激性轻泻剂中毒
139080,T47.200x002,芦荟中毒
139081,T47.300,盐水和渗透性轻泻剂中毒
139082,T47.300x001,渗透性轻泻剂中毒
139083,T47.400,"轻泻剂中毒,其他的"
139084,T47.400x001,肠弛缓药中毒
139085,T47.500,助消化药中毒
139087,T47.700,催吐药中毒
139088,T47.800,主要影响胃肠系统的其他制剂中毒
139089,T47.900,主要影响胃肠系统的制剂中毒
139091,T48.100,骨骼肌松弛剂(神经肌肉阻滞剂)中毒
139092,T48.200,主要作用于肌肉的其他和未特指制剂中毒
139094,T48.300,镇咳剂中毒
139095,T48.400,祛痰剂中毒
139096,T48.500,抗感冒药中毒
139099,T48.600x003,舒喘宁中毒
139100,T48.601,氨茶碱中毒
139101,T48.602,氨氯地平中毒
139102,T48.603,克仑特罗中毒
139104,T48.701,呼吸系统制剂中毒
139105,T49.000,局部抗真菌、抗感染和消炎药中毒，不可归类在他处者
120799,H40.002,前房角狭窄
120800,H40.100,原发性开角型青光眼
120801,H40.100x001,开角型青光眼
120802,H40.100x004,残余性青光眼
120803,H40.101,色素性青光眼
120804,H40.102,假性囊膜剥脱综合征
120805,H40.103,正常眼压性青光眼
120806,H40.200,原发性闭角型青光眼
120807,H40.200x006,急性闭角性青光眼急性发作期
120808,H40.200x007,急性闭角型青光眼间歇期
120809,H40.200x009,急性闭角型青光眼临床前期
120810,H40.200x010,急性闭角型青光眼先兆期
120811,H40.200x011,急性闭角型青光眼慢性期
120813,H40.202,慢性闭角型青光眼
120814,H40.203,原发性急性闭角型青光眼
120815,H40.300,继发于眼外伤的青光眼
120816,H40.400,继发于眼部炎症的青光眼
120817,H40.401,虹膜睫状体炎继发性青光眼
120818,H40.403,青光眼睫状体炎综合征
120819,H40.500,继发于其他眼部疾患的青光眼
117881,E83.305,磷酸酶过少症
117882,E83.306,低碱性磷酸酶血症
117883,E83.307+M90.8*,低磷性骨软化症
117884,E83.308+M90.8*,低磷性佝偻病
117885,E83.309,高磷酸盐血症
117886,E83.400,镁代谢紊乱
117887,E83.401,低镁血症
117888,E83.402,高镁血症
117890,E83.500,钙代谢紊乱
117891,E83.500x001,低钙血性惊厥
119945,G90.900x002,植物神经功能紊乱
119946,G91.000,交通性脑积水
119948,G91.000x003,感染性脑积水
119949,G91.100,梗阻性脑积水
119950,G91.100x002,中脑导水管梗阻
119951,G91.100x003,孤立性第四脑室(第四脑室积水)
119953,G91.300,创伤后脑积水
119954,G91.301,创伤后硬脑膜下积液
119955,G91.800,脑积水，其他的
119956,G91.800x001,继发性脑积水
119957,G91.800x003,脑外脑积水
119959,G91.800x006,蛛网膜下腔出血后脑积水
119960,G91.801,耳源性脑积水
119961,G91.802,硬脑膜下积液
119962,G91.900,脑积水
119964,G92.x00x002,急性中毒性脑病
119965,G92.x00x003,慢性中毒性脑病
119966,G92.x01,一氧化碳中毒性脑病
119968,G93.000,大脑囊肿
119969,G93.000x002,脑囊肿
119970,G93.000x006,小脑囊肿
119971,G93.000x007,侧脑室囊肿
119972,G93.000x009,脉络丛囊肿
132417,P55.800x002,新生儿血型不合溶血病（Duffy系统）
132418,P55.801,新生儿MN溶血症
132419,P55.900,胎儿和新生儿的溶血性疾病
132420,P56.000,同种免疫引起的胎儿水肿
132421,P56.900,溶血性疾病引起的胎儿水肿，其他和未特指的
132422,P57.000,同种免疫引起的核黄疸
132423,P57.800,核黄疸，其他特指的
132424,P57.900,核黄疸
132425,P57.901,新生儿胆红素脑病
132426,P58.000,挫伤引起的新生儿黄疸
132427,P58.100,出血引起的新生儿黄疸
132428,P58.200,感染引起的新生儿黄疸
132429,P58.300,红细胞增多引起的新生儿黄疸
132430,P58.400,自母体传给或新生儿服用的药物或毒素引起的新生儿黄疸
132431,P58.401,母体传新生儿黄疸
132432,P58.402,服用药物致新生儿黄疸
132433,P58.403,毒素致新生儿黄疸
132434,P58.500,吞咽母血引起的新生儿黄疸
132435,P58.800,过度溶血引起的新生儿黄疸，其他特指的
132436,P58.800x001,新生儿葡萄糖-6-磷酸脱氢酶(G6PD)缺乏性溶血性贫血
132437,P58.900,过度溶血引起的新生儿黄疸
133488,Q42.300,肛门先天性缺如、闭锁和狭窄，不伴有瘘
133489,Q42.301,肛门先天性狭窄，不伴有瘘
133491,Q42.800,大肠其他部位的先天性缺如、闭锁和狭窄
133492,Q42.800x002,先天性结肠缺如
133494,Q42.801,阑尾闭锁
133495,Q42.802,阑尾缺如
133496,Q42.803,先天性结肠闭锁
133497,Q42.900,大肠先天性缺如、闭锁和狭窄
133498,Q42.901,先天性大肠闭锁
133500,Q42.903,先天性大肠缺如
133501,Q43.000,麦克尔憩室
133502,Q43.001,先天性卵黄管囊肿
133503,Q43.002,先天性脐窦
133504,Q43.003,先天性脐瘘
133506,Q43.100,先天无神经节性巨结肠(赫希施斯普龙病)
133507,Q43.101,先天性短段型巨结肠
133508,Q43.102,先天性长段型巨结肠
133510,Q43.104,先天性超短段型巨结肠
133511,Q43.105,先天性巨结肠类源病
133512,Q43.106,先天性全结肠型巨结肠
133514,Q43.200x002,巨结肠类缘病
130869,O26.900,与妊娠有关的情况
130870,O26.900x001,孕<5周
130871,O26.900x101,孕5周
130872,O26.900x102,孕6周
130873,O26.900x103,孕7周
130874,O26.900x104,孕8周
130876,O26.900x106,孕10周
130877,O26.900x107,孕11周
139322,T60.200,"杀虫剂的毒性效应,其他未特指的"
139323,T60.200x001,杀蟑螂药中毒
139324,T60.300,除莠剂和杀真菌药的毒性效应
139325,T60.300x001,除莠剂中毒
139326,T60.300x002,杀真菌药中毒
139327,T60.300x003,氯乙酸中毒
131429,O69.101,脐带绕颈
132225,P22.900,新生儿的呼吸窘迫
132226,P23.000,病毒组引起的先天性肺炎
132227,P23.000x001,新生儿病毒性肺炎
132228,P23.100,衣原体性先天性肺炎
132229,P23.200,葡萄球菌性先天性肺炎
132230,P23.300,B族链球菌性先天性肺炎
132231,P23.400,大肠杆菌性先天性肺炎
132232,P23.500,假单胞菌性先天性肺炎
132233,P23.600,先天性肺炎，其他细菌性病原体引起的
132234,P23.600x001,新生儿支原体肺炎
132235,P23.600x002,新生儿流感嗜血杆菌肺炎
132236,P23.600x003,新生儿肺炎杆菌肺炎
132237,P23.600x004,新生儿链球菌肺炎（非B族）
132238,P23.800,先天性肺炎，其他病原体引起的
132239,P23.900,先天性肺炎
132240,P24.000,新生儿吸入胎粪
132241,P24.001,新生儿胎粪吸入综合征
132242,P24.002,新生儿胎粪吸入性肺炎
132243,P24.100,新生儿吸入羊水和黏液
132244,P24.101,新生儿羊水吸入性肺炎
132245,P24.102,新生儿羊水吸入综合征
132246,P24.200,新生儿吸入血液
132247,P24.300,新生儿吸入奶和反流食物
132248,P24.800,新生儿吸入综合征，其他的
132250,P24.901,新生儿吸入性肺炎
132251,P25.000,起源于围生期的间质肺气肿
132252,P25.100,起源于围生期的气胸
132254,P25.300,起源于围生期的心包积气
132255,P25.800,起源于围生期的与间质肺气肿有关的其他情况
132256,P25.801,新生儿肺大疱
132257,P26.000,起源于围生期的气管支气管出血
132259,P26.800,起源于围生期的其他肺出血
132260,P26.900,起源于围生期的肺出血
132261,P27.000,威尔逊-米基迪综合征
132262,P27.000x001,肺发育未成熟
132264,P27.800,起源于围生期的其他慢性呼吸性疾病
132265,P27.801,新生儿通气机肺
132266,P27.802,先天性肺纤维化
132267,P27.900,起源于围生期的慢性呼吸性疾病
132269,P28.100,新生儿其他和未特指的肺不张
132270,P28.102,新生儿肺不张
132272,P28.300,新生儿原发性睡眠呼吸暂停
139106,T49.000x003,碘酒中毒
139107,T49.000x005,新洁尔灭中毒
139108,T49.001,甲酚中毒
139109,T49.002,氯化亚汞中毒
139110,T49.003,来苏中毒
139111,T49.100,止痒药中毒
139112,T49.200,局部收敛药和局部去污剂中毒
139113,T49.200x001,局部收敛药中毒
139114,T49.201,局部去污剂中毒
139115,T49.300,润滑药、缓和药和保护药中毒
139116,T49.300x001,润滑剂中毒
139117,T49.300x002,缓和剂中毒
139118,T49.300x003,胃粘膜保护剂中毒
139119,T49.400,角质层分离药、角质层增生药和其他毛发治疗的药物和制剂中毒
139120,T49.400x001,角质层分离药中毒
139121,T49.400x002,角质层增生药中毒
139122,T49.400x003,毛发治疗的药物和制剂中毒
139123,T49.500,眼科用药和制剂中毒
139124,T49.600,耳鼻喉科药物和制剂中毒
139125,T49.700,牙科药物中毒，局部应用的
139126,T49.700x001,口腔科局部药物中毒
139127,T49.800,局部制剂中毒，其他的
141869,Z13.300x002,精神发育迟滞的特殊筛查
141870,Z13.300x003,忧郁症的特殊筛查
141871,Z13.400,童年时某些发育障碍的特殊筛查
141872,Z13.400x001,发育障碍的特殊筛查
141873,Z13.500,眼和耳疾患的特殊筛查
141874,Z13.500x001,细菌性结膜炎的特殊筛查
141875,Z13.501,眼疾患特殊筛查
141877,Z13.700,先天性畸形、变形和染色体异常的特殊筛查
141878,Z13.800,疾病和疾患的特殊筛查，其他特指的
141879,Z13.800x011,神经系统疾病的特殊筛查
139342,T61.800,海产品的毒性效应，其他的
139343,T61.900,海产品的毒性效应
139344,T62.000,摄入蘑菇类的毒性效应
139346,T62.000x002,蕈类中毒
139347,T62.001,食入毒蘑菇中毒
139348,T62.002,牛肝菌中毒
139349,T62.100,摄入浆果类的毒性效应
139351,T62.200,摄入其他植物（或植物的某些部分）的毒性效应
139353,T62.200x003,植物类中毒
139354,T62.202,龙葵果中毒
139356,T62.800x002,亚硝酸盐中毒
139357,T62.801,苦杏仁中毒
139358,T62.802,扁豆中毒
139359,T62.900,摄入食物中有害物质的毒性效应
139360,T62.900x002,食物中毒
139361,T63.000,蛇毒液的毒性效应
139362,T63.001,毒蛇咬伤
139364,T63.100x001,蜥蜴毒液中毒
119973,G93.000x010,外侧裂蛛网膜囊肿
119974,G93.000x011,颅骨板障内蛛网膜囊肿
119975,G93.000x012,鞍上蛛网膜囊肿
119976,G93.000x013,桥小脑角蛛网膜囊肿
119977,G93.000x014,蛛网膜憩室
119978,G93.000x015,颅内囊肿
119979,G93.001,蛛网膜囊肿
119980,G93.002,透明隔囊肿
119981,G93.003,后天性脑穿通畸形
119982,G93.004,第四脑室囊肿
119983,G93.005,硬膜下囊肿
119984,G93.100,缺氧性脑损害，不可归类在他处者
119985,G93.100x002,脑缺氧症
119986,G93.101,肺性脑病
119987,G93.102,缺氧缺血性脑病
119988,G93.200,良性颅内高压
119989,G93.200x003,弥漫性颅内压增高
119990,G93.200x004,局限性颅内压增高
119991,G93.201,良性颅内压增高综合征
119992,G93.300,病毒感染后疲劳综合征
119993,G93.300x002,良性肌痛性脑脊髓炎
119994,G93.301,肌痛性脑脊髓炎
119995,G93.400,脑病
119996,G93.400x001,白质灰质性脑病
119997,G93.400x002,弥散性脑病
119998,G93.400x004,枕叶脑白质病变
120000,G93.400x006,脑干病变
117126,E21.100,继发性甲状旁腺功能亢进症，不可归类在他处者
117127,E21.100x001,继发性甲状旁腺功能亢进
117128,E21.200,甲状旁腺功能亢进症，其他的
117130,E21.300,甲状旁腺功能亢进症
117131,E21.300x002,甲状旁腺激素升高
117132,E21.300x003+M14.1*,甲状旁腺功能亢进症性晶体性关节病
131089,O34.800x014,妊娠合并卵巢囊肿蒂扭转
131090,O34.800x015,妊娠合并卵巢肿瘤蒂扭转
131091,O34.800x017,妊娠合并输卵管积水
131092,O34.800x018,妊娠合并卵巢黄体囊肿破裂
131093,O34.800x019,妊娠合并附件扭转
131095,O34.800x022,妊娠合并输卵管卵巢囊肿
131096,O34.801,妊娠合并膀胱膨出
131097,O34.802,妊娠合并卵巢囊肿
131098,O34.803,妊娠合并盆底僵直
131099,O34.804,妊娠合并悬垂腹
131101,O34.806,妊娠合并卵巢扭转
131102,O34.807,妊娠合并卵巢子宫内膜异位症
131103,O34.900,为盆腔器官异常给予的孕产妇医疗
131105,O35.002,胎儿侧脑室增宽
131106,O35.003,胎儿脊柱裂
131107,O35.004,胎儿脑发育异常
131108,O35.005,胎儿脑积水
131109,O35.006,胎儿脑脊膜膨出
130878,O26.900x108,孕12周
130879,O26.900x109,孕13周
130880,O26.900x201,孕14周
130881,O26.900x202,孕15周
130882,O26.900x203,孕16周
130883,O26.900x204,孕17周
130884,O26.900x205,孕18周
130885,O26.900x206,孕19周
130886,O26.900x301,孕20周
130887,O26.900x302,孕21周
130888,O26.900x303,孕22周
130889,O26.900x304,孕23周
130890,O26.900x305,孕24周
130891,O26.900x306,孕25周
130892,O26.900x401,孕26周
130893,O26.900x402,孕27周
130894,O26.900x403,孕28周
130895,O26.900x404,孕29周
130896,O26.900x405,孕30周
130897,O26.900x406,孕31周
130898,O26.900x407,孕32周
130899,O26.900x408,孕33周
130900,O26.900x501,孕34周
130901,O26.900x502,孕35周
130902,O26.900x503,孕36周
130903,O26.900x504,孕37周
130904,O26.900x505,孕38周
130905,O26.900x506,孕39周
130906,O26.900x507,孕40周
130907,O26.900x508,孕41周
130908,O26.900x509,孕42周
130909,O26.900x510,孕>42周
130910,O26.900x601,孕0次
130911,O26.900x602,孕1次
130912,O26.900x603,孕2次
130913,O26.900x604,孕3次
130914,O26.900x605,孕4次
130915,O26.900x606,孕5次
130916,O26.900x607,孕6次
130917,O26.900x608,孕7次
130918,O26.900x609,孕8次
130919,O26.900x610,孕9次
130920,O26.900x611,孕10次
130921,O26.900x701,产0次
130924,O26.900x704,产3次
130925,O26.900x705,产4次
130926,O26.900x706,产5次
130927,O26.900x707,产6次
130929,O26.900x709,产8次
130930,O26.900x710,产9次
130931,O26.900x711,产10次
130932,O28.000,孕产妇产前筛查的血液学异常所见
130934,O28.200,孕产妇产前筛查的细胞学异常所见
130935,O28.300,孕产妇产前筛查的超声波异常所见
130936,O28.300x001,脐动脉血流比值升高
131821,O99.222,妊娠合并肾上腺皮质功能减退
131823,O99.224,妊娠合并先天性肾上腺皮质增生
131824,O99.225,妊娠合并原发性醛固酮增多症
139261,T56.900x002,金属烟热
132274,P28.302,阻塞性新生儿睡眠呼吸暂停
132275,P28.303,未特指新生儿睡眠呼吸暂停
132276,P28.400,新生儿的其他呼吸暂停
133289,Q31.802,先天性声门关闭不全
133290,Q31.803,先天性声带沟
133291,Q31.804,先天性喉闭锁
133293,Q31.806,先天性喉狭窄
133294,Q31.900,喉先天性畸形
133295,Q32.000,先天性气管软化
133296,Q32.100,气管的其他先天性畸形
133297,Q32.101,先天性气管发育异常
132474,P70.900,胎儿和新生儿的暂时性碳水化合物代谢疾患
132475,P71.000,新生儿牛乳性低钙血症
132476,P71.100,新生儿低钙血症，其他的
132477,P71.100x001,新生儿低钙血症
132478,P71.200,新生儿低镁血症
132479,P71.300,新生儿手足搐搦不伴有钙或镁的缺乏
132480,P71.300x001,新生儿手足搐搦
132481,P71.400,暂时性新生儿甲状旁腺功能减退症
132482,P71.800,暂时性新生儿钙和镁代谢紊乱，其他的
132483,P71.900,新生儿的暂时性钙和镁代谢紊乱
132484,P71.901,新生儿暂时性镁代谢紊乱
132485,P71.902,新生儿暂时性钙代谢紊乱
132486,P72.000,新生儿甲状腺肿，不可归类在他处者
132487,P72.100,新生儿暂时性甲状腺功能亢进症
132489,P72.200x001,新生儿甲状腺功能减退症
132490,P72.800,新生儿其他特指的暂时性内分泌疾患
132491,P72.900,新生儿暂时性内分泌疾患
132492,P74.000,新生儿晚期代谢性酸中毒
132493,P74.001,新生儿短暂性代谢性酸中毒
132494,P74.002,新生儿呼吸性酸中毒
132495,P74.100,新生儿脱水
133555,Q44.000,胆囊缺如、不发育和发育不全
133556,Q44.001,先天性胆囊不发育
133557,Q44.002,先天性胆囊发育不全
133558,Q44.003,胆囊分隔
133560,Q44.100,胆囊的其他先天性畸形
133561,Q44.100x002,先天性肝内胆囊
133562,Q44.100x003,胆囊重复畸形
133563,Q44.101,先天性胆囊闭锁
133565,Q44.200,胆管闭锁
133566,Q44.200x003,先天性胆总管下端闭锁
133569,Q44.301,先天性胆管闭塞性黄疸
133570,Q44.400,先天性胆总管囊肿
133571,Q44.500,胆管的其他先天性畸形
133573,Q44.500x006,胆管重复畸形
133574,Q44.500x007,先天性肝内胆管囊状扩张症(Caroli病)
133575,Q44.500x008,先天性胃内胆管异位
133576,Q44.501,先天性胆总管畸形
132158,P11.300,面神经产伤
132159,P11.400,脑神经的产伤，其他的
132118,P04.800x001,母体有机磷中毒新生儿
132160,P11.500,脊柱和脊髓的产伤
132161,P11.500x002,新生儿脊髓损伤
132162,P11.500x003,新生儿脊柱损伤
132163,P11.900,中枢神经系统的产伤
132164,P11.900x001,新生儿中枢神经系统损伤
132165,P12.000,产伤引起的头颅血肿
132166,P12.000x001,新生儿头颅血肿
132167,P12.100,产伤引起的热带毛孢子菌病
132168,P12.200,产伤引起的颅骨腱膜下出血
132169,P12.201,产伤引起的帽状腱膜下血肿
133097,Q25.400x012,先天性主动脉窦畸形
133098,Q25.400x013,先天性主动脉左房分流
133099,Q25.401,先天性高主动脉弓
133100,Q25.402,先天性双主动脉弓
133101,Q25.403,先天性主动脉窦动脉瘤破裂
133102,Q25.404,先天性主动脉弓断离
133103,Q25.405,先天性主动脉弓发育不良
133104,Q25.406,先天性主动脉扩张
117828,E80.200,卟啉症，其他的
117829,E80.200x001,卟啉病(紫质病)
117830,E80.200x004,急性间歇性卟啉病
117831,E80.200x005,急性间歇性肝卟啉病
117832,E80.200x006,卟啉病神经病
117833,E80.200x007,X连锁显形原卟啉病
117834,E80.200x008,假性卟啉病
117835,E80.201,三羧基卟啉病
117836,E80.202,混合型卟啉病
117837,E80.203,遗传性粪卟啉病
117838,E80.300,过氧化氢酶和过氧化物酶缺陷
117840,E80.301,过氧化物酶缺乏
117841,E80.302,δ-氨基酮戊酸脱水酶缺陷型卟啉病
117842,E80.400,吉尔伯特综合征
117843,E80.500,克里格勒-纳贾综合征
117845,E80.600,胆红素代谢紊乱，其他的
117846,E80.600x005,体质性高胆红素血症
117847,E80.600x006,胆红素排泄障碍
117848,E80.600x007,肝炎后高胆红素血症
117850,E80.601,迪宾-约翰逊综合征
117851,E80.602,先天性高胆红素血症
117852,E80.603,罗托综合征
117853,E80.700,胆红素代谢紊乱
117854,E83.000,铜代谢紊乱
117855,E83.000x005,毛发纽结型门克病
117857,E83.001,肝豆状核变性
117858,E83.002,门克斯综合征
117859,E83.003+F02.8*,肝豆状核变性痴呆
117860,E83.100,铁代谢紊乱
117861,E83.100x006+M14.5*,血色素沉着型关节病
117863,E83.101,血色病
131110,O35.007,胎儿脑囊肿
131111,O35.008,胎儿神经管缺陷
131112,O35.009,胎儿无脑畸形
131113,O35.010,胎儿Dandy-walker综合征
131114,O35.100,为胎儿（可疑）染色体异常给予的孕产妇医疗
131115,O35.101,胎儿染色体异常
131116,O35.102,胎儿先天愚型
131977,O99.800x111,妊娠合并眼和附器疾病
131978,O99.800x112,妊娠合并耳和乳突疾病
131979,O99.800x113,妊娠合并高度近视
131980,O99.800x114,妊娠合并视网膜病
131981,O99.800x115,妊娠合并黄斑区囊肿
131982,O99.800x116,妊娠合并视野缺损
131983,O99.800x121,分娩合并眼和附器疾病
131984,O99.800x122,分娩合并耳和乳突疾病
131985,O99.800x131,产褥期眼和附器疾病
131987,O99.800x211,妊娠合并肌肉骨骼系统和结缔组织疾病
131988,O99.800x213,妊娠合并硬皮病
131989,O99.800x215,妊娠合并腰椎间盘突出
131990,O99.800x216,妊娠合并强直性脊柱炎
131991,O99.800x217,产褥期股内收肌腱炎
131992,O99.800x221,分娩合并肌肉骨骼系统和结缔组织疾病
131993,O99.800x231,产褥期肌肉骨骼系统和结缔组织疾病
131994,O99.800x312,妊娠合并外阴白斑
131995,O99.800x314,妊娠合并尿道结石
131996,O99.800x315,妊娠合并肾小管酸中毒
131997,O99.800x316,妊娠合并输尿管结石
131999,O99.800x318,妊娠合并卵巢过度刺激综合征
132000,O99.800x319,妊娠期前庭大腺囊肿
132001,O99.800x321,分娩合并泌尿生殖系统疾病
132002,O99.800x331,产褥期泌尿生殖系统疾病
132004,O99.800x412,妊娠合并先天性心脏病
132005,O99.800x413,妊娠合并先天性脑血管畸形
132006,O99.800x414,妊娠合并先天性房间隔缺损
117642,E74.000,糖原贮积病
117643,E74.000x006,肝磷酸化酶缺乏
117644,E74.000x007,安德森病
117646,E74.000x009,福布斯病
117647,E74.000x010,赫尔病
117648,E74.000x011,麦卡德尔病
117649,E74.000x012,蓬佩病
117651,E74.000x016+I43.1*,Danon病
117652,E74.001,Ⅰ型糖原贮积症
117653,E74.002,葡萄糖-6-磷酸酶缺乏
117654,E74.003,Ⅱ型糖原贮积症
117655,E74.004,Ⅲ型糖原贮积症
117657,E74.006+K77.8*,肝糖原贮积症
117658,E74.007+G73.6*,糖原贮积症肌病
139263,T57.000,砷及其化合物的毒性效应
139264,T57.000x001,砷中毒
139265,T57.000x002,砷化合物中毒
139266,T57.000x003,砷化氢中毒
139268,T57.100x001,磷中毒
139269,T57.100x002,磷化合物中毒
139270,T57.100x003,磷化氢中毒
139271,T57.100x004,磷化锌中毒
139272,T57.100x005,磷化铝中毒
139273,T57.200,锰及其化合物的毒性效应
140200,T87.100,下肢再植（部位）的并发症
140201,T87.101,下肢再植术后感染
140202,T87.200,再植身体部位的并发症，其他的
140203,T87.300,截断术残端的神经瘤
140204,T87.300x001,创伤性神经瘤
140205,T87.300x002,指创伤性神经瘤
140206,T87.400,截断术残端的感染
140207,T87.500,截断术残端的坏死
140208,T87.600,截断术残端的其他和未特指的并发症
140209,T87.600x002,截断术残端挛缩
140210,T87.600x003,截断术残端血肿
140211,T87.600x004,截断术残端水肿
140212,T87.601,截肢残端溃疡
140213,T87.602,残端综合征
140214,T88.000,免疫接种后的感染
140215,T88.100,免疫接种后的其他并发症，不可归类在他处者
140216,T88.100x002,免疫接种后皮疹
140217,T88.101,疫苗接种反应
140218,T88.102,免疫接种后反应
140220,T88.300,麻醉引起的恶性高热
140221,T88.400,插管失败或困难
140222,T88.400x001,插管失败
140223,T88.400x002,插管困难
140225,T88.500x001,麻醉后低体温
140226,T88.501,麻醉意外
140227,T88.600,适当应用正确药物或药剂的有害效应引起的过敏性休克
140228,T88.601,药物过敏性休克
140230,T88.700x002,药物不良反应
140231,T88.700x003,避孕药药物反应
140232,T88.700x004,药物超敏综合征
140233,T88.700x007,氨茶碱药物反应
140235,T88.700x012,苯妥英钠药物反应
140236,T88.700x014,草酸爱司西酞普兰药物反应
140237,T88.701,药物过敏反应
140238,T88.702,类固醇激素并发症
140239,T88.703,维甲酸综合征
140241,T88.800x001,医源性脊髓损伤
140242,T88.900,手术和医疗的并发症
140243,T88.901,超声治疗并发症
140244,T90.000,头部浅表损伤后遗症
140245,T90.100,头部开放性伤口后遗症
140246,T90.101,陈旧性眼睑损伤
140247,T90.102,创伤后唇缺损
133577,Q44.502,先天性胆管畸形
133578,Q44.503,先天性胆总管扩张
133579,Q44.504,先天性胆管扩张症
133580,Q44.505,卡罗莱综合征
133581,Q44.600,肝囊性病
133582,Q44.601,多囊肝
133583,Q44.700,肝的其他先天性畸形
133584,Q44.700x002,阿拉杰里综合征(Alagille综合征)
133585,Q44.700x003,肝异位
133586,Q44.700x004,先天性多囊肝
133587,Q44.701,先天性肝内胆管发育不良征
133588,Q44.702,先天性肝脏畸形
133589,Q44.703,先天性肝纤维化
133590,Q44.704,肝发育不良
133591,Q44.705,先天性肝囊肿
133592,Q45.000,胰腺缺如、不发育和发育不全
133593,Q45.001,胰腺不发育
139066,T46.600,抗高脂血症和抗动脉硬化药中毒
139067,T46.600x001,抗动脉硬化药中毒
139068,T46.700,周围血管扩张剂中毒
139069,T46.700x001,复方降压片中毒
139070,T46.700x002,烟酸中毒
139071,T46.800,抗静脉曲张药（包括硬化剂）中毒
139072,T46.800x001,抗静脉曲张药中毒
139073,T46.900,主要影响心血管系统的其他制剂中毒
139074,T46.900x001,乌头碱中毒
139075,T46.901,主要影响心血管系统制剂中毒
139076,T47.000,组胺H2受体拮抗剂中毒
139077,T47.100,抗酸药和抗胃分泌药中毒，其他的
139078,T47.100x001,抗酸药和抗胃分泌药类中毒
140017,T84.700x001,矫形外科假体装置植入物和移植物引起的感染
140018,T84.701,下颌骨假体植入感染
140020,T84.800x003,膝关节内固定术后疼痛
140021,T84.800x005,髋关节内固定术后疼痛
140022,T84.800x007,关节内固定术后疼痛
140023,T84.800x009,关节置换术后异位骨化
140024,T84.800x010,关节内固定术后异位骨化
140025,T84.801,腕假体装置术后皮肤破溃
140027,T84.803,脊柱内固定术后疼痛
140028,T84.804,脊柱内固定物排斥
140029,T84.805,人工关节置换术后疼痛
140030,T84.806,髋关节置换术后疼痛
140032,T84.900,内部矫形外科假体装置、植入物和移植物的并发症
140033,T84.901,鼻咽部内固定装置障碍
140035,T85.001,脑室腹腔分流管障碍
140036,T85.002,脑室腹腔分流管脱位
140037,T85.003,脑室腹腔分流管阻塞
140038,T85.100,神经系统植入的电子刺激器的机械性并发症
140039,T85.100x001,脑电子神经刺激器引起的机械性并发症
135749,S06.206,弥漫性轴索损伤
135750,S06.211,开放性脑挫伤
135751,S06.300,局部脑损伤
135752,S06.300x001,局灶性大脑损伤
135753,S06.300x002,局灶性小脑损伤
135754,S06.300x011,局灶性大脑挫伤伴出血
135755,S06.300x021,局灶性小脑挫伤伴出血
135756,S06.300x031,局灶性大脑挫伤伴血肿
135757,S06.300x032,局灶性大脑挫伤伴大量出血
135758,S06.300x041,局灶性小脑挫伤伴血肿
135759,S06.300x042,局灶性小脑挫伤伴大量出血
135760,S06.300x081,局灶性大脑挫裂伤
135761,S06.300x082,局灶性小脑挫裂伤
135763,S06.302,创伤性脑血肿
135764,S06.310,开放性局灶性脑损伤
135765,S06.400,硬膜外出血
135766,S06.401,创伤性闭合性硬膜外血肿
136776,S44.200,在上臂水平的桡神经损伤
136777,S44.200x001,上臂桡神经损伤
136778,S44.300,腋神经损伤
136779,S44.400,肌皮神经损伤
136780,S44.500,在肩和上臂水平的皮感觉神经损伤
136781,S44.500x001,臂内侧皮神经损伤
136782,S44.501,上臂皮感觉神经损伤
136783,S44.700,在肩和上臂水平的多神经损伤
136784,S44.700x001,肩和上臂多处神经损伤
136785,S44.701,上臂多发神经损伤
136786,S44.800,在肩和上臂水平的其他神经损伤
136787,S44.800x001,肩胛上神经损伤
117261,E27.100,原发性肾上腺皮质功能减退症
117262,E27.100x003,自身免疫性肾上腺炎
117263,E27.101,艾迪生病
117264,E27.200,艾迪生病危象
117265,E27.200x003,肾上腺危象
117267,E27.400,肾上腺皮质功能减退症，其他和未特指的
117268,E27.400x005,肾上腺皮质萎缩
117269,E27.400x006,肾上腺皮质功能不全
117270,E27.401,肾上腺出血
117271,E27.402,肾上腺坏死
117273,E27.404,三发性肾上腺皮质功能减退症
117274,E27.405,醛固酮缺乏症
117275,E27.406,肾上腺钙化
117276,E27.407,肾上腺皮质功能减退症
117277,E27.500,肾上腺髓质功能亢进
117279,E27.501,肾上腺髓质增生
117280,E27.800,肾上腺其他特指的疾患
117281,E27.800x005,肾上腺增生
117282,E27.800x010,肾上腺结节性增生
117284,E27.800x021,肾上腺病变
117285,E27.801,肾上腺囊肿
117286,E27.802,肾上腺脓肿
117287,E27.803,肾上腺皮质增生
135839,S09.904,耳损伤
135840,S09.905,耳廓损伤
135841,S09.906,舌损伤
135842,S09.907,唾液腺损伤
135843,S10.000,咽喉挫伤
135844,S10.000x003,咽部挫伤
135845,S10.001,喉挫伤
135846,S10.002,声带挫伤
120215,H02.808,陈旧性眼睑异物
120216,H02.809,后天性眼外眦畸形
120217,H02.810,眼睑出血
120218,H02.811,眼睑黑变病
120219,H02.812,眼睑囊肿
120220,H02.813,眼睑新生物
120221,H02.900,眼睑疾患
120223,H02.901,眼睑肿物
120224,H04.000,泪腺炎
120225,H04.000x004,慢性泪腺肥大
120226,H04.001,急性泪腺炎
120227,H04.002,慢性泪腺炎
120228,H04.003,泪腺炎性假瘤
120229,H04.100,泪腺的其他疾患
120230,H04.101,泪液分泌过少
120231,H04.102,泪腺脱垂
120232,H04.103,干眼综合征
120233,H04.104,泪腺萎缩
120234,H04.105,泪腺囊肿
120235,H04.200,溢泪
120236,H04.300,泪道急性炎症
120237,H04.300x004,泪囊炎
120238,H04.300x005,泪小管炎
120239,H04.302,急性泪囊炎
120240,H04.303,泪囊脓肿
120241,H04.304,急性泪囊周围炎
120242,H04.305,急性泪小管炎
120243,H04.400,泪道慢性炎症
120244,H04.401,慢性泪囊炎
120245,H04.402,慢性泪小管炎
120246,H04.500,泪道狭窄和关闭不全
120247,H04.500x001,泪小点闭塞
120248,H04.500x004,泪道狭窄
120250,H04.502,泪小点外翻
120251,H04.503,鼻泪管阻塞
120252,H04.504,鼻泪管闭锁
120253,H04.505,泪小管阻塞
120254,H04.506,泪小点狭窄
120255,H04.507,泪石
120257,H04.509,泪道阻塞
120258,H04.600,泪道的其他改变
120259,H04.600x003,泪囊粘液囊肿
120260,H04.601,泪囊囊肿
120261,H04.602,泪囊瘘
120263,H04.604,泪管肉芽肿
120264,H04.800,泪器系的其他疾患
120265,H04.800x002,泪小管息肉
120267,H04.801,泪小管断裂
120268,H04.900,泪器系疾患
120269,H04.900x001,泪腺肿物
120270,H04.901,泪囊肿物
120271,H05.000,眼眶急性炎症
120272,H05.000x002,眼眶脓肿
120274,H05.001,眶蜂窝织炎
120275,H05.002,眼球筋膜炎
120276,H05.003,眼眶骨髓炎
113716,C80.904,恶性肿瘤恶病质，未特指
113717,C80.905,复合癌，未特指
113718,C81.000,结节性淋巴细胞为主型霍奇金淋巴瘤
113719,C81.100,结节性硬化型（经典型）霍奇金淋巴瘤
113720,C81.200,混合细胞型（经典型）霍奇金淋巴瘤
113721,C81.300,淋巴细胞减少型（经典型）霍奇金淋巴瘤
113722,C81.400,富淋巴细胞性（经典型）霍奇金淋巴瘤
113723,C81.700,经典型霍奇金淋巴瘤，其他类型的
113724,C81.701,霍奇金副肉芽肿
113725,C81.702,霍奇金肉芽肿
113726,C81.703,霍奇金肉瘤
110695,A19.100,多个部位的急性粟粒型结核
110696,A19.200,急性粟粒型结核
110697,A19.200x001,急性血行播散性结核
110698,A19.800,"粟粒型结核,其他的"
110699,A19.801,亚急性血行播散型肺结核
110700,A19.802,慢性血行播散型肺结核
110701,A19.803,亚急性血行播散型结核
110702,A19.900,粟粒型结核
110703,A19.900x004,全身血行播散性结核
110704,A19.900x005,结核性多浆膜腔积液
110705,A19.901,结核性多浆膜炎
110706,A19.902,全身性粟粒型结核
110707,A20.000,腺鼠疫(腹股沟淋巴结鼠疫)
110708,A20.000x001,腺鼠疫
110709,A20.100,蜂窝织皮下型鼠疫
110711,A20.200,肺鼠疫
110712,A20.300,脑膜炎型鼠疫
110714,A20.800,鼠疫，其他形式的
110715,A20.800x004,肠鼠疫
110716,A20.800x005,眼鼠疫
110717,A20.801,顿挫性鼠疫
110718,A20.802,无症状鼠疫
110720,A20.900,鼠疫
110721,A20.900x002,鼠疫菌病(鼠疫耶尔森菌病)
111869,B37.101+J17.2*,念珠菌性肺炎
111871,B37.200x003,肢端念珠菌病
111872,B37.200x005+H62.2*,念珠菌性外耳炎
111873,B37.201,念珠菌性指甲炎
111874,B37.202,念珠菌性趾甲炎
111875,B37.203,念珠菌性甲沟炎
111877,B37.205,皮肤念珠菌病
111878,B37.300+N77.1*,外阴和阴道念珠菌病
111879,B37.300x002+N77.1*,真菌性外阴炎
111881,B37.302+N77.1*,念珠菌性外阴阴道炎
111882,B37.400,泌尿生殖系部位的念珠菌病，其他的
111883,B37.400x001+N37.0*,泌尿道念珠菌病
111884,B37.401+N37.0*,念珠菌性尿道口炎
111886,B37.500+G02.1*,念珠菌性脑膜炎
111887,B37.600+I39.8*,念珠菌性心内膜炎
117289,E27.805,肾上腺皮质结节样增生
117290,E27.806,皮质醇结合球蛋白异常
117291,E27.807,大结节性肾上腺皮质增生
117292,E27.808,原发性色素性结节性肾上腺皮质增生
117293,E27.809,肾上腺囊肿伴囊内出血
117294,E27.810,肾上腺假性囊肿
117295,E27.900,肾上腺的疾患
117296,E27.901,肾上腺肿物
117297,E28.000,雌激素过多
117298,E28.100,雄激素过多
117299,E28.200,多囊卵巢综合征
117300,E28.200x003,卵巢硬化性囊性综合征
117301,E28.300,原发性卵巢功能衰竭
117302,E28.300x001,早发绝经
117303,E28.300x002,卵巢功能减退
117304,E28.300x005,女性性腺功能低下
117305,E28.300x008,抗卵巢综合征
117306,E28.301,卵巢早衰
117307,E28.302,雌激素减少
117308,E28.303,卵巢功能衰竭
117309,E28.800,卵巢功能障碍，其他的
117310,E28.800x002,卵巢功能亢进
117311,E28.900,卵巢功能障碍
117312,E29.000,睾丸功能亢进
117313,E29.000x002,男性性腺功能亢进
117314,E29.001,睾丸激素分泌过多
117315,E29.002,雄激素分泌过多
117316,E29.100,睾丸功能减退症
118239,F13.800,使用镇静剂或催眠剂质引起的其他精神和行为障碍
118240,F13.900,使用镇静剂或催眠剂引起的精神和行为障碍
118241,F14.000,急性可卡因中毒引起的精神和行为障碍
118242,F14.000x001,可卡因急性中毒
118244,F14.100x001,可卡因非成瘾性滥用
118245,F14.200,使用可卡因引起的依赖综合征
117517,E65.x12,盆腔脂肪增多症
117518,E65.x13,硬膜外脂肪过多症
117519,E66.000,过度热能引起的肥胖症
117521,E66.200,极度肥胖症伴有小泡性肺换气不足
117522,E66.201,极度肥胖伴低通气综合征
117523,E66.800,肥胖症，其他的
117525,E66.900,肥胖症
117527,E66.901,重度肥胖
117528,E66.902+N08.4*,肥胖相关性肾病
117530,E67.100,高胡萝卜素血症
117531,E67.200,大剂量维生素B6综合征
117532,E67.300,维生素D过多症
117533,E67.800,营养过度，其他特指的
117535,E70.000,典型的苯丙酮酸尿
117536,E70.000x002,苯丙酮酸性精神幼稚病
117537,E70.100,高苯丙酮酸尿，其他的
117538,E70.100x001,苯丙酮尿症
135519,S01.300x071,中耳开放性损伤
135520,S01.300x081,耳蜗开放性损伤
135521,S01.301,开放性外耳道损伤
135522,S01.302,开放性耳后损伤伴异物
135523,S01.400,颊和颞下颌区开放性伤口
135524,S01.400x011,颊部开放性损伤
135525,S01.400x021,上颌开放性损伤
135526,S01.400x031,腭部开放性损伤
135527,S01.401,开放性颞下颌损伤
135528,S01.500,唇和口腔开放性伤口
135529,S01.500x001,口腔开放性损伤
135530,S01.500x021,口腔黏膜开放性损伤
135531,S01.500x022,脸颊内部开放性损伤
135532,S01.500x042,舌和口底开放性损伤
135533,S01.500x051,上腭开放性损伤
135535,S01.501,舌裂伤
135536,S01.502,开放性舌部损伤
135537,S01.503,牙龈裂伤
135538,S01.504,开放性唇部损伤
135539,S01.505,软腭穿通伤
135540,S01.506,唇裂伤
135541,S01.700,头部多处开放性伤口
135542,S01.800,头部其他部位的开放性伤口
135543,S01.800x011,开放性脑损伤伴颅骨骨折
135544,S01.800x021,开放性脑损伤伴颈椎脱位
135545,S01.800x031,开放性脑损伤
135546,S01.800x083,头骨开放性损伤
135547,S01.800x085,面部异物
135548,S01.800x086,前额开放性损伤
135549,S01.800x087,下颚开放性损伤
135550,S01.801,开放性颅内异物
135551,S01.802,面部裂伤
135552,S01.803,开放性面部损伤
135553,S01.804,开放性腮腺管断裂
135555,S02.000,颅骨穹隆骨折
135556,S02.000x003,颞骨鳞部骨折
135557,S02.000x004,额骨和颞骨鳞部骨折
136574,S37.200x024,混合型膀胱破裂
136576,S37.201,创伤性膀胱破裂
136577,S37.211,开放性膀胱破裂
136578,S37.300,尿道损伤
136579,S37.300x004,尿道完全断裂
136581,S37.300x011,尿道膜部损伤
136582,S37.300x021,尿道阴茎部损伤
136583,S37.300x031,尿道前列腺部损伤
136584,S37.300x081,尿道球部断裂
136585,S37.300x082,尿道球部挫裂伤
135779,S06.610,开放性蛛网膜下隙出血
135780,S06.700,颅内损伤伴有延长的昏迷
135781,S06.700x001,闭合性颅脑损伤轻型
135783,S06.700x003,闭合性颅脑损伤重型
135784,S06.700x004,闭合性颅脑损伤特重型
135785,S06.700x005,开放性颅脑损伤轻型
121425,I07.100,三尖瓣关闭不全
121427,I07.200,三尖瓣狭窄伴有关闭不全
121428,I07.200x001,风湿性三尖瓣狭窄伴关闭不全
121429,I07.800,"三尖瓣疾病,其他的"
121430,I07.900,三尖瓣疾病
121431,I07.900x001,风湿性三尖瓣病
121432,I08.000,二尖瓣和主动脉瓣的疾患
121433,I08.000x001,风湿性二尖瓣主动脉瓣联合瓣膜病
121434,I08.000x002,风湿性二尖瓣狭窄伴主动脉瓣关闭不全
121435,I08.000x003,风湿性二尖瓣关闭不全伴主动脉瓣狭窄
122326,I61.101,脑叶出血
122327,I61.200,大脑半球的脑内出血
122328,I61.200x001,大脑半球出血
122329,I61.300,脑干的脑内出血
122330,I61.300x002,脑干出血
122331,I61.300x003,延髓出血
122332,I61.300x004,中脑出血
122333,I61.301,脑桥出血
122334,I61.400,小脑的脑内出血
122335,I61.400x001,小脑出血
122336,I61.400x002,小脑扁桃体出血
122337,I61.400x003,小脑蚓部出血
122338,I61.500,脑内出血，脑室内
122339,I61.500x002,侧脑室出血
142259,Z43.600x002,输尿管造口维护
142260,Z43.601,肾造口维护
142261,Z43.602,取除肾盂造瘘管
142262,Z43.603,取除输尿管支架
142263,Z43.604,尿道造口维护
142264,Z43.700,人工阴道维护
142265,Z43.800,"人工造口的维护,其他的"
142266,Z43.801,脑室引流管维护
142267,Z43.802,关闭动静脉造口
142268,Z43.900,人工造口的维护
142270,Z44.000,人工臂的（完全）（部分）安装和调整
142271,Z44.000x001,人工臂安装
142272,Z44.000x002,人工臂调整
142274,Z44.100x001,人工腿的安装
142275,Z44.100x002,人工腿的调整
142276,Z44.200,人工眼的安装和调整
142277,Z44.200x002,人工眼的调整
142278,Z44.201,安装义眼
142279,Z44.300,外部假乳房的安装和调整
142281,Z44.800x001,骨折外固定装置的安装
142282,Z44.800x002,骨折外固定装置的调整
142283,Z44.900,"安装和调整,外部假体装置的"
142284,Z45.000,心脏装置的调整和管理
142285,Z45.001,安装心脏起搏器
142286,Z45.002,更换心脏起搏器
142288,Z45.005,更换心脏起搏器脉冲发生器
142289,Z45.006,起搏器安装术后调整
142290,Z45.100,输注泵的调整和管理
142291,Z45.101,取除输注泵
120277,H05.004,眼眶内脓肿
120278,H05.005,眼眶骨膜炎
117384,E34.900,内分泌疾患
117385,E34.900x003,激素失调
117386,E34.901+G73.5*,内分泌病性肌病
117387,E34.902+M82.1*,内分泌病性骨质疏松
117389,E40.x00,夸希奥科病［恶性营养不良病］
117390,E41.x00,营养性消瘦
117391,E41.x01,重度营养不良伴消瘦
117392,E42.x00,消瘦性夸希奥科病
117393,E43.x00,重度蛋白质-能量营养不良
135315,R86.900x003,精液标本异常
135316,R86.901,精子异常
135317,R86.902,前列腺分泌物异常
135318,R86.903,弱精子症
135319,R87.000,女性生殖器官标本的酶水平异常
135320,R87.100,女性生殖器官标本的激素水平异常
135321,R87.200,女性生殖器官标本的其他药物、药剂和生物制剂水平异常
135322,R87.300,女性生殖器官标本的主要为非药用性物质的水平异常
135324,R87.500,女性生殖器官标本的异常的微生物学所见
135325,R87.600,女性生殖器官标本的异常的细胞学所见
135326,R87.700,女性生殖器官标本的异常的组织学所见
135327,R87.800,女性生殖器官标本的其他异常所见
135328,R87.900,女性生殖器官标本的异常所见
135329,R87.900x001,子宫颈标本异常
135331,R87.900x003,外阴标本异常
135332,R89.000,器官、系统和组织标本的酶水平异常，其他的
135334,R89.200,器官、系统和组织标本的其他药物、药剂和生物制剂水平异常，其他的
135335,R89.300,"器官、系统和组织标本的主要为非药用性物质的水平异常,其他的"
135336,R89.400,器官、系统和组织标本的异常的免疫学所见，其他的
135338,R89.600,"器官、系统和组织标本的异常的细胞学所见,其他的"
135339,R89.700,"器官、系统和组织标本的异常的组织学所见,其他的"
135340,R89.800,器官、系统和组织标本的其他异常所见，其他的
135341,R89.900,器官、系统和组织标本的异常所见，其他的
135343,R89.900x002,滑膜液标本异常
135344,R89.900x003,伤口分泌物标本异常
135345,R90.000,颅内占位性病变
135346,R90.000x003,脑干占位性病变
135348,R90.800x003,脑沟增宽
135349,R90.801,脑超声波图异常
135350,R90.803,脑缺血灶
135351,R90.804,脑软化灶
135352,R90.805,垂体柄增粗
135353,R90.806,脊髓占位性病变
117539,E70.100x004,苯丙氨酸羟化酶缺乏症
117540,E70.101,高苯丙氨酸血症
117541,E70.102,四氢生物蝶呤缺乏症
117542,E70.200,酪氨酸代谢紊乱
117543,E70.201,高酪氨酸血症
117544,E70.202,黑尿酸症
117545,E70.203,褐黄病
117546,E70.204,酪氨酸尿症
117547,E70.205,原发性酪氨酸血症
117548,E70.300,白化病
117549,E70.300x003,切迪阿克-施泰因布林克-东综合征(Chediak-Steinbrinck-Higashi综合征)
117550,E70.300x004,克罗斯综合征(Cross综合征)
117551,E70.300x005,赫日曼斯基-普德拉克综合征(Hermansky-Pudlak综合征)
117552,E70.301,瓦登伯格综合征
117553,E70.302,眼白化病
117554,E70.800,芳香氨基酸代谢紊乱，其他的
117555,E70.800x001,组氨酸血症
117556,E70.800x002,色氨酸代谢紊乱
117557,E70.800x003,组氨酸代谢紊乱
117558,E70.900,芳香氨基酸代谢紊乱
117559,E71.000,槭糖尿病
117560,E71.100,支链氨基酸代谢紊乱，其他的
117561,E71.100x003,高缬氨酸血症
117562,E71.100x004,异缬氨酸血症
117563,E71.100x005,甲基丙二酸尿症
117564,E71.101,丙酸血症
117565,E71.102,甲基丙二酸血症
117566,E71.103,异戊酸血症
117567,E71.200,支链氨基酸代谢紊乱
117568,E71.300,脂肪酸代谢紊乱
117569,E71.300x005,继发性肉碱缺乏症
118445,F31.600,双相情感障碍，目前为混合性发作
118447,F31.800,"双相情感障碍,其他的"
118448,F31.800x001,复发性躁狂发作
118449,F31.800x002,双相情感障碍2型
118450,F31.800x003,难治性双相情感障碍
118452,F31.802,"双相情感障碍,快速循环型"
136515,S36.402,创伤性空肠破裂
136516,S36.403,创伤性回肠破裂
136518,S36.405,十二指肠损伤
136519,S36.411,开放性小肠破裂
136520,S36.412,开放性十二指肠破裂
136521,S36.413,开放性空肠破裂
136522,S36.414,开放性回肠破裂
136524,S36.500x011,升结肠损伤
136525,S36.500x021,横结肠损伤
136526,S36.500x031,降结肠损伤
136528,S36.500x091,结肠多处损伤
136529,S36.500x092,阑尾损伤
136530,S36.500x093,盲肠损伤
136531,S36.501,创伤性结肠破裂
136532,S36.511,开放性结肠破裂
135786,S06.700x006,开放性颅脑损伤中型
135787,S06.700x007,开放性颅脑损伤重型
135788,S06.700x008,开放性颅脑损伤特重型
135789,S06.710,开放性颅内损伤伴长时间昏迷
135790,S06.800,颅内损伤，其他的
135791,S06.800x002,创伤性脑内血肿
135792,S06.800x004,创伤性小脑血肿
135793,S06.800x005,创伤性小脑挫伤
135794,S06.800x007,创伤性颅内血肿
135795,S06.800x009,创伤性颅内动脉瘤
135796,S06.800x010,创伤性脑梗塞
135797,S06.800x011,创伤性颅内积气
135798,S06.800x012,创伤性脑积水
135799,S06.800x013,创伤性硬脑膜下积液
135800,S06.801,创伤性小脑出血
135801,S06.802,创伤性脑出血
135802,S06.803,创伤性脑干出血
135803,S06.804,创伤性颅内出血
135804,S06.805,创伤性颅内海绵窦损伤
135805,S06.811,开放性脑出血
135806,S06.812,开放性脑干出血
135807,S06.813,开放性小脑出血
135808,S06.814,开放性颅内出血
135810,S06.901,脑干损伤
135811,S06.910,开放性颅内损伤
135812,S06.911,开放性脑干损伤
135813,S06.912,开放性颅内海绵窦损伤
135814,S07.000,面部挤压伤
135815,S07.100,颅骨挤压伤
135816,S07.800,头部其他部位的挤压伤
135817,S07.900,头部挤压伤
135818,S08.000,头皮撕脱
135819,S08.100,耳创伤性切断
135821,S08.801,创伤性鼻切断
135822,S08.900,头部的创伤性切断
135823,S09.000,头部血管损伤，不可归类在他处者
135824,S09.000x001,头部血管损伤
135825,S09.100,头部肌肉和肌腱损伤
135827,S09.101,头部肌腱损伤
135828,S09.200,耳鼓膜创伤性破裂
135829,S09.700,头部多处损伤
135830,S09.800,头部其他特指的损伤
136837,S46.800x007,肩胛下肌肌腱损伤
136838,S46.801,创伤性冈上肌断裂
136839,S46.802,创伤性三角肌断裂
136840,S46.900,在肩和上臂水平的肌肉和肌腱的损伤
136842,S46.900x002,肩和上臂肌腱损伤
136843,S47.x00,肩和上臂挤压伤
136844,S47.x00x002,肩部挤压伤
136845,S47.x01,上臂挤压伤
136846,S48.000,肩关节处创伤性切断
136848,S48.100x001,上臂切断
117326,E29.900,睾丸功能障碍
117327,E30.000,青春期延迟
117328,E30.000x003,性发育迟缓
142292,Z45.200,血管通路装置的调整和管理
142293,Z45.201,取除下腔静脉滤器
142294,Z45.202,取除输液港
142295,Z45.300,植入性听力装置的调整和管理
142296,Z45.301,安装人工耳蜗
142297,Z45.302,调整人工耳蜗装置
142298,Z45.303,取除人工耳蜗装置
142299,Z45.304,取除鼓膜置管
142300,Z45.800,调整和管理，其他植入装置的
142301,Z45.800x002,脊柱侧弯术后生长棒调节
142302,Z45.800x006,除颤器更换
142303,Z45.800x007,腹膜透析管取出
142304,Z45.800x011,骨内固定装置调整
142305,Z45.801,安装发音钮
142306,Z45.802,取除喉模
142307,Z45.803,取除胃内支架
143133,Z95.300,具有异种心脏瓣膜
143134,Z95.300x002,二尖瓣生物瓣置换状态
143135,Z95.300x003,主动脉瓣生物瓣置换状态
143136,Z95.300x004,三尖瓣生物瓣置换状态
143137,Z95.400,具有其他心脏瓣膜置换
143138,Z95.500,具有冠状血管成形术植入物和移植物
143139,Z95.500x002,冠状血管成形术后状态
143140,Z95.501,冠状动脉支架植入后状态
143141,Z95.800,具有其他心脏和血管植入物和移植物
143142,Z95.800x001,血管置换术后状态
143143,Z95.800x003,周围血管支架植入术后状态
143144,Z95.800x004,血管支架植入术后状态
143145,Z95.800x005,心脏介入封堵术后状态
110669,A18.819+M36.8*,结缔组织结核
110670,A18.820+I39.8*,心内膜结核
110671,A18.821+I41.0*,心肌结核
110672,A18.822+I68.1*,结核性脑动脉炎
110674,A19.000x001,"血行播散性肺结核（初治,单耐药）涂阳培阳"
110675,A19.000x002,"血行播散性肺结核（初治,单耐药）涂阴培阳"
110676,A19.000x003,"血行播散性肺结核（初治,多耐药）涂阳培阳"
110678,A19.000x005,"血行播散性肺结核（初治,广泛耐药）涂阳培阳"
110679,A19.000x006,"血行播散性肺结核（初治,广泛耐药）涂阴培阳"
110680,A19.000x007,"血行播散性肺结核（初治,耐多药）涂阳培阳"
110682,A19.000x009,"血行播散性肺结核（初治,药物敏感）涂阳培阳"
110683,A19.000x010,"血行播散性肺结核（初治,药物敏感）涂阴培阳"
110686,A19.000x013,"血行播散性肺结核（复治,多耐药）涂阳培阳"
110687,A19.000x014,"血行播散性肺结核（复治,多耐药）涂阴培阳"
135354,R90.807,白质病变
135355,R91.x00,肺诊断性影像检查的异常所见
135356,R91.x00x001,肺部阴影
135357,R91.x00x005,肺门增大
135358,R91.x01,肺钱币形损害
135359,R91.x03,肺占位性病变
136369,S33.500x011,腰骶关节扭伤
136370,S33.501,腰部扭伤
136371,S33.502,腰椎扭伤
136372,S33.600,骶髂关节扭伤和劳损
136373,S33.600x001,骶髂关节扭伤
136374,S33.601,骶部关节扭伤
136375,S33.700,腰椎和骨盆其他和未特指部位的扭伤和劳损
136376,S33.700x001,骶尾韧带劳损
136378,S33.700x003,腰部关节扭伤
136379,S33.701,骶髂区扭伤
136380,S33.702,耻骨联合扭伤
135572,S02.103,筛窦骨折
135573,S02.111,开放性颅底骨骨折
135574,S02.112,开放性枕骨骨折
135575,S02.113,开放性颞骨骨折
135576,S02.114,开放性筛窦骨折
135577,S02.200,鼻骨骨折
135578,S02.201,鼻中隔骨折
135579,S02.211,开放性鼻骨骨折
135580,S02.300,眶底骨折
135581,S02.300x002,眶底粉碎性骨折
135582,S02.311,开放性眶底骨折
135583,S02.400,颧骨和上颌骨骨折
135584,S02.400x001,颧弓骨折
135585,S02.400x003,上颌骨骨折
135586,S02.400x005,上颌窦骨折
135587,S02.401,颧骨骨折
135588,S02.411,开放性上颌骨骨折
135589,S02.412,开放性颧骨骨折
135592,S02.501,创伤性牙齿脱落
135593,S02.600,下颌骨骨折
135594,S02.600x011,髁突骨折
135595,S02.600x021,髁突下部骨折
135596,S02.600x031,下颌骨冠突骨折
135598,S02.600x051,颌骨角骨折
135599,S02.600x061,下颌骨纤维软骨体骨折
135600,S02.600x081,下颌骨体骨折
135601,S02.600x091,下颌骨复合骨折
135603,S02.612,开放性髁状突骨折
135604,S02.700,累及颅骨和面骨的多处骨折
135605,S02.700x001,颅骨多发性骨折
135606,S02.700x002,颅骨和面骨多发性骨折
135608,S02.701,多发性面骨骨折
135609,S02.711,开放性多发性面骨骨折
135610,S02.712,开放性多发性颅骨骨折
135612,S02.800x003,上腭骨折
135613,S02.801,眶骨骨折
135614,S02.802,牙槽骨骨折
135615,S02.803,腭骨折
135616,S02.810,特指开放性颅骨和面骨骨折
136534,S36.600x003,直肠多处损伤
136535,S36.601,创伤性直肠破裂
136536,S36.611,开放性直肠破裂
136537,S36.700,多个腹内器官损伤
136538,S36.701,创伤性腹内多器官破裂
136539,S36.800,腹内器官损伤，其他的
136540,S36.800x022,肠系膜损伤
136541,S36.801,腹膜损伤
136542,S36.802,肠系膜裂伤
136543,S36.803,创伤性腹膜后血肿
136544,S36.810,开放性特指腹内器官损伤
136545,S36.811,开放性肠系膜血肿
136546,S36.812,开放性肠系膜裂伤
136547,S36.813,开放性腹膜后血肿
136548,S36.814,开放性大网膜破裂
136549,S36.900,腹内器官的损伤
136550,S36.901,创伤性肠破裂
136551,S36.910,开放性腹内器官损伤
136552,S37.000,肾损伤
136553,S37.000x012,肾囊挫伤
136554,S37.000x013,肾盂挫伤
136555,S37.000x015,肾包膜下血肿
136556,S37.000x016,肾盂积血
136557,S37.000x022,肾囊破裂
136558,S37.000x023,肾盂裂伤
136559,S37.000x031,肾粉碎伤
136560,S37.000x032,肾蒂损伤
136561,S37.001,创伤性肾破裂
136562,S37.002,肾挫伤
136563,S37.003,创伤性肾血肿
136564,S37.004,创伤性肾周血肿
136565,S37.010,开放性肾损伤
136566,S37.011,开放性肾破裂
136567,S37.100,输尿管损伤
136568,S37.101,创伤性输尿管断裂
136569,S37.111,开放性输尿管断裂
136570,S37.200,膀胱损伤
136571,S37.200x011,膀胱挫伤
136572,S37.200x022,腹膜外膀胱破裂
137604,S83.500x001,膝关节十字韧带断裂
137605,S83.500x002,膝关节十字韧带扭伤
137606,S83.500x003,膝关节十字韧带损伤
137607,S83.500x011,膝关节前十字韧带扭伤
137609,S83.500x021,膝关节后十字韧带扭伤
137610,S83.500x022,膝关节后十字韧带损伤
137611,S83.500x031,膝关节前十字韧带部分断裂
137613,S83.500x041,膝关节后十字韧带部分断裂
136789,S44.900x001,肩和上臂神经损伤
136790,S44.901,上臂神经损伤
136792,S45.001,创伤性腋动脉破裂
136793,S45.100,肱动脉损伤
136795,S45.200,腋或肱静脉损伤
136796,S45.200x002,肱静脉损伤
136797,S45.201,创伤性腋静脉损伤
136798,S45.300,在肩和上臂水平的浅表静脉损伤
117329,E30.001,第二性征发育不全
117330,E30.002,幼稚型子宫
117331,E30.100,性早熟
117332,E30.100x002,真性性早熟
117333,E30.101,周围性性早熟
117334,E30.102,早发月经
117335,E30.103,青春期发育过早
117336,E30.800,"青春期疾患,其他的"
117337,E30.801,乳腺过早发育
117338,E30.900,青春期疾患
117339,E31.000,自身免疫性多腺体衰竭
117340,E31.001,施密特综合征
117341,E31.002,自身免疫性多内分泌腺病综合征
117342,E31.100,多腺体功能亢进
117343,E31.800,多腺体功能障碍，其他的
117344,E31.900,多腺体功能障碍
117345,E31.901,多发性内分泌腺病
117346,E32.000,持续性胸腺增生
117347,E32.000x003,胸腺肥大
117348,E32.001,胸腺增生
117349,E32.002,先天性胸腺肥大
117350,E32.100,胸腺脓肿
117351,E32.800,胸腺病，其他的
117352,E32.800x001,胸腺淋巴体质
117353,E32.800x004,胸腺咽管瘘
117354,E32.800x005,胸腺咽管囊肿
117355,E32.801,胸腺囊肿
117356,E32.802,胸腺萎缩
117357,E32.900,胸腺病
117358,E34.000,类癌瘤综合征
117359,E34.100,肠激素分泌过多，其他的
117360,E34.200,异位激素分泌，不可归类在他处者
117361,E34.300,身材矮小症，不可归类在他处者
117362,E34.300x002,侏儒症
117363,E34.300x003,体质性身材矮小症
117364,E34.300x006,社会心理性矮小症
117366,E34.302,家族性身材矮小症
117367,E34.303,原基性矮小症
117368,E34.304,生长激素不反应性侏儒症
117369,E34.305,拉伦氏综合征
117371,E34.500,雄激素抵抗综合征
117372,E34.500x001,睾丸女性化
117373,E34.500x002,男性假两性畸形伴睾丸女性化
117375,E34.501,赖芬斯坦综合征
117376,E34.800,内分泌疾患，其他特指的
117377,E34.800x005,坏死性唾液腺组织化生
117378,E34.800x006,妖精貌综合征
117379,E34.801,松果体囊肿
117380,E34.802,松果体功能障碍
117382,E34.804,多诺霍综合征
117383,E34.805,松果体区肿物
118288,F15.600x004,氯胺酮所致的遗忘综合征
118290,F15.700x001,含有咖啡因的兴奋剂所致的残留性和迟发性精神病性障碍
118291,F15.700x002,咖啡因所致的残留性和迟发性精神病性障碍
110688,A19.000x015,"血行播散性肺结核（复治,广泛耐药）涂阳培阳"
110689,A19.000x016,"血行播散性肺结核（复治,广泛耐药）涂阴培阳"
110690,A19.000x017,"血行播散性肺结核（复治,耐多药）涂阳培阳"
110691,A19.000x018,"血行播散性肺结核（复治,耐多药）涂阴培阳"
110692,A19.000x019,"血行播散性肺结核（复治,药物敏感）涂阳培阳"
110693,A19.000x020,"血行播散性肺结核（复治,药物敏感）涂阴培阳"
110694,A19.001,急性血行播散型肺结核
111624,B17.101,急性黄疸型丙型病毒性肝炎
111625,B17.102,急性重型丙型病毒性肝炎
111626,B17.103,亚急性重型丙型病毒性肝炎
111627,B17.200,急性戊型肝炎
111628,B17.200x004,病毒性肝炎戊型急性无黄疸型
111629,B17.200x005,病毒性肝炎戊型急性重型
111630,B17.202,急性黄疸型戊型病毒性肝炎
111631,B17.203,急性淤胆型戊型病毒性肝炎
111632,B17.204,急性重型戊型病毒性肝炎
111633,B17.205,亚急性重型戊型病毒性肝炎
111634,B17.800,急性病毒性肝炎，其他特指的
111635,B17.800x001,病毒性肝炎重叠感染
111636,B17.800x002,病毒性肝炎双重感染
111637,B17.800x003,病毒性肝炎三重感染（三重以上）
111638,B17.801,急性病毒性肝炎混合感染
111640,B17.900,急性病毒性肝炎
111641,B17.900x002,病毒性肝炎急性淤胆型
111642,B17.900x004,病毒性肝炎急性无黄疸型
111643,B17.900x005,病毒性肝炎急性重型（暴发型）
111645,B17.902,急性黄疸型病毒性肝炎
110914,A39.502+I39.8*,脑膜炎球菌性心内膜炎
110915,A39.503+I41.0*,脑膜炎球菌性心肌炎
110916,A39.504+I52.0*,脑膜炎球菌性心炎
110918,A39.801+H13.1*,脑膜炎球菌性结膜炎
110919,A39.802+G05.0*,脑膜炎球菌性脑炎
110920,A39.803+G05.0*,脑膜炎球菌性脊髓脊膜炎
110923,A39.900,脑膜炎球菌感染
110924,A40.000,A族链球菌性脓毒症
110925,A40.100,B族链球菌性脓毒症
110926,A40.200,D族链球菌和肠球菌所致脓毒症
110927,A40.300,肺炎链球菌性脓毒症
110929,A40.900,链球菌性脓毒症
110930,A40.901+N08.0*,链球菌性脓毒症性肾小球病变
110931,A40.903+N16.0*,链球菌性脓毒症性肾小管-间质病变
110933,A41.100,葡萄球菌性脓毒症，其他特指的
135617,S02.811,开放性眶骨骨折
135618,S02.812,开放性牙槽骨骨折
135619,S02.813,开放性腭骨折
135620,S02.900,颅骨和面骨骨折
135621,S02.900x002,颅骨骨折
135622,S02.901,面骨骨折
135623,S02.902,颅骨凹陷性骨折
135624,S02.911,开放性颅骨骨折
135625,S02.912,开放性面骨骨折
135626,S03.000,颌关节脱位
135627,S03.000x001,颌软骨脱位
135628,S03.100,鼻中隔软骨脱位
136642,S39.600,腹内器官伴有盆腔器官的损伤
136643,S39.700,腹部、下背和骨盆其他多处损伤
136644,S39.800,腹部、下背和骨盆其他特指的损伤
136645,S39.800x001,腹部软组织损伤
136646,S39.800x002,下背软组织损伤
136647,S39.800x003,骨盆软组织损伤
136648,S39.800x004,腹部和下背及骨盆软组织损伤
136649,S39.800x005,臀部软组织损伤
136650,S39.900,腹部、下背和骨盆损伤
136651,S39.900x002,下背损伤
136652,S39.900x004,腹股沟损伤
135847,S10.003,颈部食管挫伤
135849,S10.100,咽喉其他和未特指的浅表损伤
135850,S10.101,咽血肿
135851,S10.102,咽喉浅表损伤
135852,S10.700,颈部多处浅表损伤
135853,S10.800,颈部其他部位的浅表损伤
135854,S10.801,会厌浅表损伤
135855,S10.900,颈部的浅表损伤
135856,S10.901,颈部挫伤
135857,S10.902,颈部异物
135858,S11.000,颈部开放性伤口累及喉和气管
135860,S11.002,开放性喉损伤
135861,S11.003,开放性颈部气管断裂
135862,S11.004,喉气管贯通伤
135863,S11.100,颈部开放性伤口累及甲状腺
135865,S11.200,颈部开放性伤口累及咽和颈部食管
135866,S11.201,开放性咽部损伤
135867,S11.202,开放性颈部食管损伤
135868,S11.700,颈部多处开放性伤口
135870,S11.800x011,颈部开放性损伤伴颈椎骨折
135871,S11.800x021,颈部开放性损伤伴颈椎脱位
135872,S11.800x081,会厌开放性损伤
135873,S11.800x082,锁骨上区开放性损伤
135875,S12.000,第一颈椎骨折
135876,S12.000x002,寰椎骨折
135877,S12.010,开放性第一颈椎骨折
135878,S12.100,第二颈椎骨折
135879,S12.100x002,枢椎骨折
135881,S12.110,开放性第二颈椎骨折
135882,S12.200,颈椎的骨折，其他特指的
135883,S12.200x011,颈椎骨折C3
136800,S45.300x002,肩部浅表静脉损伤
136801,S45.301,上臂浅表静脉损伤
136802,S45.700,在肩和上臂水平的多处血管损伤
136803,S45.700x001,肩和上臂多处血管损伤
136804,S45.701,上臂多发血管损伤
136805,S45.800,在肩和上臂水平的其他血管损伤
136806,S45.900,在肩和上臂水平的血管的损伤
136807,S45.900x001,肩和上臂血管损伤
136808,S46.000,肩回旋套肌肉和肌腱损伤
136809,S46.000x001,肩袖肌腱损伤
136810,S46.002,肩袖损伤
136811,S46.100,二头肌长头肌肉和肌腱损伤
136812,S46.100x001,肱二头肌长头肌肉损伤
136813,S46.100x003,肱二头肌长头肌肉和肌腱损伤
136814,S46.101,二头肌长头肌腱损伤
136815,S46.200,二头肌其他部位肌肉和肌腱损伤
136816,S46.200x001,肱二头肌肌肉损伤
136817,S46.200x002,肱二头肌肌腱损伤
136818,S46.200x003,肱二头肌肌肉和肌腱损伤
136820,S46.300,三头肌肌肉和肌腱损伤
136821,S46.300x001,肱三头肌肌肉损伤
136822,S46.300x002,肱三头肌肌腱损伤
136823,S46.300x003,肱三头肌肌肉和肌腱损伤
136824,S46.301,创伤性肱三头肌断裂
136825,S46.700,在肩和上臂水平的多处肌肉和肌腱损伤
136827,S46.700x002,肩和上臂多处肌腱损伤
136828,S46.701,肩多发肌腱损伤
136829,S46.702,上臂多发肌腱损伤
136830,S46.800,在肩和上臂水平的其他肌肉和肌腱损伤
136831,S46.800x001,三角肌损伤
136833,S46.800x003,冈上肌肌腱损伤
136834,S46.800x004,冈下肌肌肉损伤
136835,S46.800x005,冈下肌肌腱损伤
136836,S46.800x006,肩胛下肌肌肉损伤
137860,S96.800x002,趾肌腱损伤
137861,S96.801,趾肌腱断裂
137862,S96.900,在踝和足水平的肌肉和肌腱的损伤
137863,S96.900x002,踝和足肌肉和肌腱损伤
137865,S97.100,足趾挤压伤
137866,S97.800,踝和足其他部位的挤压伤
137867,S97.800x002,踝和足挤压伤
137868,S97.801,足挤压伤
137870,S98.000x001,踝部切断
137871,S98.100,一个足趾的创伤性切断
137872,S98.100x001,单趾切断
118246,F14.300,使用可卡因引起的戒断状态
118248,F14.400x001,伴有谵妄的可卡因戒断状态
118249,F14.500,使用可卡因引起的精神性障碍
118250,F14.600,使用可卡因引起的遗忘综合征
118292,F15.700x003,苯丙胺类兴奋剂所致的残留性和迟发性精神病性障碍
118293,F15.700x004,氯胺酮所致的残留性和迟发性精神病性障碍
117579,E71.309,长链3-羟酰基辅酶A脱氢酶缺乏症
117580,E71.310,多种酰基辅酶A脱氢酶缺乏症
117581,E72.000,氨基酸转移紊乱
117582,E72.001,甘氨酸尿症
117583,E72.002,范科尼综合征
117584,E72.003,胱氨酸尿症
117585,E72.004,哈特纳普病
117586,E72.005,洛氏综合征
117587,E72.006+N29.8*,胱氨酸沉积病性肾损害
117588,E72.007,赖氨酸尿蛋白不耐受症
117589,E72.100,载硫氨基酸代谢紊乱
117590,E72.100x003,胱硫醚尿症
117591,E72.100x004,高胱氨酸尿症
117592,E72.100x005,蛋氨酸血症
117593,E72.100x006,亚硫酸盐氧化酶缺乏症
117594,E72.100x007,同型半胱氨酸尿症
117595,E72.101,高同型半胱氨酸血症
117596,E72.102,同型半胱氨酸血症
117597,E72.200,尿素循环代谢紊乱
117598,E72.200x002,一过性高氨血症
117599,E72.200x004,精氨酸血症
117600,E72.200x007,先天性高氨血症
117601,E72.200x008,尿素循环障碍
117602,E72.201,高氨血症
117603,E72.202,瓜氨酸血症
117604,E72.203,精氨基琥珀酸尿症
117605,E72.204,精氨酸酶缺乏症
117607,E72.300,赖氨酸和羟赖氨酸代谢紊乱
117608,E72.300x001,羟赖氨酸血症
117609,E72.300x002,高赖氨酸血症
117611,E72.302,戊二酸血症
117612,E72.303,戊二酸尿症
117614,E72.305,戊二酸血症Ⅱ型
117615,E72.306,戊二酸血症Ⅲ型
117616,E72.400,鸟氨酸代谢紊乱
117617,E72.400x001,鸟氨酸血症I型
117619,E72.401,高鸟胺酸血症-高氨血症-高瓜胺酸血症候群
117620,E72.402,鸟氨酸氨甲酰基转移酶缺乏症
117621,E72.500,甘油酸代谢紊乱
117622,E72.500x001,高羟氨酸血症
117624,E72.500x003,高脯氨酸血症II型
117625,E72.500x004,非酮病性高甘胺酸血症
117626,E72.500x005,肌氨酸血症
117627,E72.800,氨基酸代谢紊乱，其他特指的
117629,E72.800x002,直链氨基酸代谢障碍
117630,E72.800x004,β氨基酸代谢紊乱
117631,E72.800x005,γ氨基酸代谢紊乱
137410,S74.900x001,髋部神经损伤
137411,S74.900x002,大腿神经损伤
110934,A41.100x002,表皮葡萄球菌脓毒症
110935,A41.101,凝固酶阴性葡萄球菌脓毒症
110936,A41.200,葡萄球菌性脓毒症
110937,A41.300,流感嗜血杆菌性脓毒症
110938,A41.400,厌氧菌性脓毒症
110939,A41.400x001,产气荚膜杆菌脓毒症
110940,A41.500,革兰氏阴性病原体性脓毒症，其他的
110941,A41.500x083,革兰阴性杆菌脓毒症
110942,A41.500x087,粘球杆菌脓毒症
110943,A41.501,大肠杆菌脓毒症
110944,A41.502,铜绿假单胞菌脓毒症
110945,A41.503,克雷伯杆菌脓毒症
110946,A41.504,阴沟肠杆菌脓毒症
110947,A41.505,变形杆菌脓毒症
110948,A41.506,不动杆菌属性脓毒症
111841,B35.600,股癣
111842,B35.600x002,腹股沟癣
111843,B35.800,皮肤癣菌病，其他的
111844,B35.800x002,肉芽肿性皮肤癣菌病
111845,B35.800x003,面癣
111846,B35.800x004,腋毛癣
111847,B35.801,播散性皮真菌病
111848,B35.900,皮肤癣菌病
111849,B35.901,黄癣
111850,B36.000,花斑癣
111851,B36.000x001,花斑癣(花斑糠疹)
111852,B36.000x003,马拉色菌毛囊炎
111853,B36.100,黑癣
111854,B36.200,白癣
111855,B36.200x001,皮肤毛孢子菌病
111856,B36.300,黑色发结节病
111857,B36.300x002,毛结节菌病
111858,B36.800,浅部真菌病，其他特指的
111859,B36.801,播散性阿萨希毛孢子菌感染
111861,B36.901,皮肤真菌感染
111862,B36.902+H62.2*,耳真菌病
111863,B36.903+H62.2*,真菌性外耳道炎
111864,B37.000,念珠菌性口炎
111866,B37.002,念珠菌性口角炎
111868,B37.100,肺念珠菌病
122340,I61.500x003,第三脑室出血
122342,I61.500x005,多个脑室出血
122343,I61.500x006,继发性脑室出血
122344,I61.500x007,原发性脑室出血
122345,I61.500x008,脑室出血
122347,I61.600x001,多灶性脑出血
122348,I61.800,脑内出血，其他的
122349,I61.800x001,脑穿支动脉出血
122350,I61.801,间脑出血
122351,I61.802,丘脑出血
122352,I61.803,丘脑下部出血
122354,I61.900x002,脑出血
122355,I61.900x004,脑出血血肿扩大
122356,I61.900x005,脑静脉闭塞后出血
122358,I61.900x007,脑肿瘤卒中
135884,S12.200x021,颈椎骨折C4
135885,S12.200x031,颈椎骨折C5
135886,S12.200x041,颈椎骨折C6
135887,S12.200x051,颈椎骨折C7
135888,S12.210,开放性特指颈椎骨折
135889,S12.700,颈椎多处骨折
135890,S12.710,开放性多发性颈椎骨折
135891,S12.800,颈部其他部位的骨折
135892,S12.803,舌骨断裂
135893,S12.813,开放性舌骨断裂
135894,S12.814,开放性环状软骨断裂
135895,S12.815,开放性气管软骨断裂
135896,S12.900,颈部的骨折
135897,S12.900x001,颈椎骨折
135898,S12.900x003,颈椎神经弓骨折
135899,S12.900x004,颈椎棘突骨折
135900,S12.900x005,颈椎横突骨折
136905,S52.500x001,桡骨远端骨折
136906,S52.500x002,桡骨茎突骨折
136907,S52.500x003,桡骨远端骨骺分离
136908,S52.500x011,科雷骨折
136909,S52.500x021,巴顿骨折
136910,S52.500x022,史密斯骨折
136911,S52.500x091,桡骨关节内骨折
136912,S52.501,屈曲型桡骨下端骨折
136913,S52.502,伸直型桡骨下端骨折
136914,S52.510,开放性桡骨下端骨折
136915,S52.600,尺骨和桡骨下端均骨折
136916,S52.600x001,尺骨远端骨折伴桡骨远端骨折
111802,B33.200,病毒性心炎
111803,B33.200x001+I32.1*,柯萨奇病毒性心包炎
111804,B33.200x002+I39.8*,柯萨奇病毒性心内膜炎
111806,B33.201+I41.1*,新生儿无菌性心肌炎
111808,B33.300x001,逆转录病毒感染
111809,B33.400+J17.1*,汗坦病毒（心）-肺综合征(HPS)(HCPS)
111810,B33.400x001+J17.1*,汉坦病毒心肺综合征
111811,B33.800,病毒性疾病，其他特指的
111813,B33.802,奥耶斯基病毒（伪狂犬病毒（PRV））感染
111814,B34.000,腺病毒感染
111815,B34.100,肠病毒感染
111816,B34.101,柯萨奇病毒感染
111817,B34.102,艾柯病毒感染
111819,B34.300,细小病毒感染
111820,B34.300x002,细小病毒B19感染
111821,B34.400,乳头多瘤空泡病毒感染
111823,B34.400x002,人乳头瘤病毒感染
111824,B34.800,病毒性感染，其他的
111825,B34.800x002,副流感病毒感染
111826,B34.800x003,呼吸道合胞病毒感染
111827,B34.800x004,尼帕病毒感染
111828,B34.801,鼻病毒感染
118251,F14.700,使用可卡因引起的残留性和迟发性精神病性障碍
118252,F14.800,使用可卡因质引起的其他精神和行为障碍
118253,F14.900,使用可卡因引起的精神和行为障碍
118254,F15.000,使用其他兴奋剂（包括咖啡因）急性中毒引起的精神和行为障碍
118255,F15.000x002,含有咖啡因的兴奋剂急性中毒
118256,F15.000x003,苯丙胺类兴奋剂急性中毒
118257,F15.000x004,氯胺酮急性中毒
118258,F15.100,有害性使用其他兴奋剂（包括咖啡因）引起的精神和行为障碍
118259,F15.100x001,含有咖啡因的兴奋剂有害使用
118260,F15.100x002,咖啡因的有害使用
118261,F15.100x003,苯丙胺类兴奋剂的有害使用
118262,F15.100x004,氯胺酮的有害使用
118263,F15.200,使用其他兴奋剂（包括咖啡因）引起的依赖综合征
118264,F15.200x001,含有咖啡因的兴奋剂依赖综合征
118265,F15.200x002,咖啡因依赖综合征
118266,F15.200x003,苯丙胺类兴奋剂依赖综合征
118267,F15.200x004,氯胺酮依赖综合征
118268,F15.300,使用其他兴奋剂（包括咖啡因）引起的戒断状态
118269,F15.300x001,含有咖啡因的兴奋剂戒断状态
118270,F15.300x002,咖啡因戒断状态
118271,F15.300x003,苯丙胺类兴奋剂戒断状态
118272,F15.300x004,氯胺酮戒断状态
118274,F15.400x001,伴有谵妄的含有咖啡因兴奋剂戒断状态
118275,F15.400x002,伴有谵妄的咖啡因戒断状态
118276,F15.400x003,伴有谵妄的苯丙胺类兴奋剂戒断状态
118277,F15.400x004,伴有谵妄的氯胺酮戒断状态
118279,F15.500x001,含有咖啡因的兴奋剂所致的精神病性障碍
118280,F15.500x002,咖啡因所致的精神病性障碍
118281,F15.500x003,苯丙胺类兴奋剂所致的精神病性障碍
118282,F15.500x004,氯胺酮所致的精神病性障碍
118283,F15.501,苯丙胺类中毒性精神病
118285,F15.600x001,含有咖啡因的兴奋剂所致的遗忘综合征
118286,F15.600x002,咖啡因所致的遗忘综合征
118287,F15.600x003,苯丙胺类兴奋剂所致的遗忘综合征
119132,G23.101,进行性核上性麻痹
119133,G23.200,帕金森型多系统萎缩
119135,G23.800,基底核变性疾病，其他特指的
119136,G23.800x005,家族性特发性基底节钙化症(Fahr病)
119137,G23.800x006,齿状红核苍白球丘脑底核萎缩症
118453,F31.803,非典型双相情感障碍
118454,F31.900,双相情感障碍
137412,S75.000,股动脉损伤
137413,S75.000x002,股浅动脉损伤
137414,S75.000x003,股深动脉损伤
137415,S75.000x004,创伤性股动脉瘤
137416,S75.000x005,创伤性股假性动脉瘤
137417,S75.001,创伤性股深动脉破裂
137418,S75.100,在髋和大腿水平的股静脉损伤
137419,S75.100x001,股静脉损伤
136587,S37.301,创伤性尿道断裂
136588,S37.302,尿道挫伤
136590,S37.310,开放性尿道损伤
136591,S37.400,卵巢损伤
136592,S37.410,开放性卵巢损伤
136593,S37.500,输卵管损伤
136594,S37.510,开放性输卵管损伤
136595,S37.600,子宫损伤
136596,S37.600x002,创伤性子宫破裂
136597,S37.601,创伤性宫颈裂伤
136598,S37.602,创伤性子宫穿孔
136599,S37.610,开放性子宫损伤
136600,S37.700,多个盆腔器官损伤
136601,S37.710,开放性盆腔多个器官损伤
136602,S37.800,盆腔器官损伤，其他的
136603,S37.801,输精管损伤
136604,S37.802,精囊损伤
136605,S37.803,肾上腺损伤
136606,S37.804,前列腺损伤
136607,S37.810,开放性特指盆腔器官损伤
136608,S37.811,开放性输精管损伤
136609,S37.813,开放性肾上腺损伤
136610,S37.814,开放性前列腺损伤
136611,S37.900,盆腔器官的损伤
136612,S37.910,开放性盆腔器官损伤
136613,S38.000,外生殖器挤压伤
136615,S38.100,腹部、下背和骨盆其他和未特指部位的挤压伤
136616,S38.100x002,腹部挤压伤
136617,S38.100x003,下背挤压伤
136619,S38.101,腹部、下背和骨盆挤压伤
136620,S38.200,外生殖器创伤性切断
136621,S38.200x001,大阴唇切断
136622,S38.200x002,小阴唇切断
136624,S38.200x004,阴囊离断
136625,S38.200x005,睾丸离断
136626,S38.200x006,外阴切断
136628,S38.300x001,躯干切断
136629,S38.300x002,腹部切断
136630,S38.301,创伤性腹背部切断
136631,S38.302,创伤性下背切断
136632,S38.303,创伤性骨盆切断
136633,S39.000,腹部、下背和骨盆肌肉和肌腱损伤
136634,S39.000x001,腹部肌肉损伤
136637,S39.000x004,下背肌腱损伤
136638,S39.000x005,骨盆肌肉损伤
136639,S39.000x006,骨盆肌腱损伤
136640,S39.001,腹直肌断裂
122359,I61.900x008,凝血功能障碍性脑出血
122360,I61.901,大脑中动脉出血
122361,I61.902,高血压脑出血
122362,I61.903,脑血肿
122363,I61.904,出血性脑软化
122364,I61.905,脑血管破裂
122365,I62.000,非创伤性硬膜下出血
122366,I62.000x005,亚急性非创伤性硬脑膜下出血
122367,I62.001,急性非创伤性硬膜下血肿
122368,I62.003,慢性硬膜下血肿
122369,I62.100,非创伤性硬膜外出血
122370,I62.100x001,急性非创伤性硬脑膜外出血
122371,I62.100x003,亚急性非创伤性硬脑膜外出血
122372,I62.100x004,慢性非创伤性硬膜外血肿
122373,I62.101,硬膜外血肿
122374,I62.900,颅内出血（非创伤性）
122376,I63.000,入脑前动脉血栓形成引起的脑梗死
122377,I63.001,基底动脉血栓形成脑梗死
122378,I63.002,颈动脉血栓形成脑梗死
122379,I63.003,椎动脉血栓形成脑梗死
122380,I63.100,入脑前动脉栓塞引起的脑梗死
122381,I63.101,基底动脉栓塞脑梗死
122382,I63.102,颈动脉栓塞脑梗死
122383,I63.103,椎动脉栓塞脑梗死
122384,I63.200,入脑前动脉的闭塞或狭窄引起的脑梗死
122385,I63.201,颈内动脉狭窄脑梗死
122386,I63.202,颈总动脉狭窄脑梗死
122388,I63.204,颈动脉闭塞脑梗死
122389,I63.205,基底动脉闭塞脑梗死
122390,I63.206,基底动脉狭窄脑梗死
123367,I97.101,瓣膜置换术后心脏功能衰竭
123369,I97.200,乳房切除术后淋巴水肿综合征
123370,I97.800,循环系统的其他操作后疾患，不可归类在他处者
123372,I97.800x002,动脉导管未闭封堵术后残余分流
123373,I97.800x004,上肢动脉穿刺后痉挛
123374,I97.800x005,室间隔缺损修补术后残余分流
123375,I97.800x006,手术后腹主动脉阻塞
123376,I97.800x008,房间隔缺损修补术后残余分流
143148,Z95.801,周围血管成形术后状态
143149,Z95.900,具有心脏和血管植入物和移植物
143150,Z96.000,具有泌尿生殖器植入物
143151,Z96.001,输尿管内支架
143153,Z96.101,人工晶体植入术后
143154,Z96.102,带晶状体眼的人工晶体植入术后
143155,Z96.200,具有耳科学和听力学植入物
143157,Z96.200x005,镫骨装置植入状态
143158,Z96.201,人工耳蜗植入
143159,Z96.300,具有人工喉
143160,Z96.400,具有内分泌科植入物
111830,B35.000,须癣和头癣
111831,B35.000x001,癣菌性须疮
111832,B35.001,头癣
111833,B35.002,须癣
111834,B35.003,脓癣
111835,B35.100,甲癣
111836,B35.100x002,皮肤癣菌性甲床炎
111837,B35.200,手癣
111838,B35.300,脚癣
111839,B35.400,体癣
111840,B35.500,叠瓦癣
112862,C41.009,鼻骨恶性肿瘤
112863,C41.010,颧骨恶性肿瘤
112864,C41.011,上颌骨恶性肿瘤
112865,C41.012,眉弓恶性肿瘤
112866,C41.100,下颌骨恶性肿瘤
112867,C41.100x002,髁突恶性肿瘤
112868,C41.200,脊柱恶性肿瘤
112869,C41.200x005,椎骨恶性肿瘤
112870,C41.201,颈椎恶性肿瘤
112871,C41.202,胸椎恶性肿瘤
112872,C41.203,腰椎恶性肿瘤
112873,C41.300,肋骨、胸骨和锁骨恶性肿瘤
112874,C41.300x002,锁骨恶性肿瘤
112875,C41.301,胸骨恶性肿瘤
112876,C41.302,肋骨恶性肿瘤
112877,C41.400,盆骨、骶骨和尾骨恶性肿瘤
112878,C41.400x008,髋关节恶性肿瘤
112879,C41.400x009,髋臼恶性肿瘤
112880,C41.401,盆骨恶性肿瘤
112881,C41.402,髋骨恶性肿瘤
112882,C41.403,骶骨恶性肿瘤
112883,C41.404,耻骨恶性肿瘤
112884,C41.405,尾骨恶性肿瘤
112885,C41.406,髂骨恶性肿瘤
112886,C41.800,骨和关节软骨交搭跨越恶性肿瘤的损害
112888,C41.900,骨和关节软骨恶性肿瘤
123312,I89.006,小肠淋巴管扩张
123314,I89.008,阴囊淋巴水肿
123315,I89.009,非丝虫性象皮肿
123316,I89.010,淋巴回流障碍
123317,I89.100,淋巴管炎
123318,I89.100x002,慢性淋巴管炎
123320,I89.800,淋巴管和淋巴结其他特指的非感染性疾患
123321,I89.800x002,非丝虫性乳糜胸
123322,I89.800x006,乳糜性腹水
123323,I89.800x007,乳糜性胸水
123325,I89.800x011,脂肪黑变性网状细胞增多
123326,I89.800x012,乳糜回流障碍
123327,I89.800x013,乳糜反流
123328,I89.800x014,乳糜瘘
123329,I89.800x015,颈部乳糜瘘
123331,I89.800x017,继发性乳糜胸
123332,I89.800x018,肺淋巴回流淤滞
123333,I89.800x019,腹膜后乳糜囊肿
123334,I89.800x020,颈部乳糜囊肿
123336,I89.800x022,腋窝乳糜囊肿
118455,F31.901,双相情感障碍Ⅰ型
118456,F31.902,躁郁症
118457,F32.000,轻度抑郁发作
118458,F32.000x002,不伴有躯体症状的轻度抑郁发作
118459,F32.000x011,伴有躯体症状的轻度抑郁发作
118460,F32.100,中度抑郁发作
118461,F32.100x002,不伴有躯体症状的中度抑郁发作
118462,F32.100x011,伴有躯体症状的中度抑郁发作
118463,F32.200,不伴有精神病性症状的重度抑郁发作
118464,F32.300,伴有精神病性症状的重度抑郁发作
118465,F32.301,抑郁性精神病
118466,F32.800,抑郁发作，其他的
118467,F32.800x001,抑郁性木僵
118468,F32.800x002,难治性抑郁症
118469,F32.801,更年期抑郁症
118470,F32.802,非典型抑郁症
118471,F32.900,抑郁发作
118472,F32.901,抑郁状态
118473,F32.902,反应性抑郁症
118474,F33.000,复发性抑郁障碍，目前为轻度发作
118475,F33.000x002,"复发性抑郁障碍,目前为伴有躯体症状的轻度发作"
118476,F33.000x011,"复发性抑郁障碍,目前为不伴有躯体症状的轻度发作"
118477,F33.100,复发性抑郁障碍，目前为中度发作
118478,F33.100x002,"复发性抑郁障碍,目前为伴有躯体症状的中度发作"
118479,F33.100x011,"复发性抑郁障碍,目前为不伴有躯体症状的中度发作"
118480,F33.200,复发性抑郁障碍，目前为不伴有精神病性症状的重度发作
118482,F33.400,复发性抑郁障碍，目前为缓解状态
118483,F33.800,复发性抑郁障碍，其他的
118485,F34.000,环性气质
118486,F34.001,环性心境人格
118487,F34.002,情感性人格障碍
118488,F34.100,恶劣心境
118489,F34.101,神经官能性抑郁症
118491,F34.800,持久的心境［情感］障碍，其他的
118492,F34.900,心境［情感］障碍，持久的
118493,F38.000,单次发作的心境［情感］障碍，其他的
118495,F38.001,混合性情感发作
118496,F38.100,复发性心境［情感］障碍，其他的
118497,F38.100x001,复发心境(情感)障碍
118498,F38.100x002,复发性短暂性抑郁障碍
118500,F39.x00,心境［情感］障碍
119369,G40.306,青少年失神癫痫
119370,G40.307,肌阵挛失神癫痫
119371,G40.308,全面惊厥性癫痫持续状态
119372,G40.309,良性新生儿惊厥
119373,G40.310,进行性肌阵挛性癫痫
119375,G40.400,"全身性癫痫和癫痫综合征,其他的"
136641,S39.002,开放性腰大肌断裂
137665,S85.900x001,小腿血管损伤
137666,S86.000,跟腱损伤
137667,S86.001,跟腱断裂
137668,S86.100,在小腿水平的后部肌群的其他肌肉和肌腱损伤
137669,S86.100x001,小腿后部肌群和肌腱损伤
137670,S86.100x002,小腿后部肌群肌肉损伤
137671,S86.100x003,小腿后部肌群肌腱损伤
137672,S86.200,在小腿水平的前部肌群的肌肉和肌腱损伤
137673,S86.200x002,小腿前部肌群肌腱损伤
137674,S86.201,小腿水平前部肌群肌腱损伤
136849,S48.900,在肩和上臂水平的创伤性切断
136850,S49.700,肩和上臂多处损伤
136851,S49.800,肩和上臂其他特指的损伤
136852,S49.900,肩和上臂损伤
136853,S49.900x001,肩部损伤
136854,S49.901,上臂损伤
136855,S50.000,肘挫伤
136856,S50.100,前臂其他和未特指部位的挫伤
136857,S50.101,前臂挫伤
136858,S50.700,前臂的多处浅表损伤
136859,S50.701,前臂多处擦伤
136860,S50.800,前臂的其他浅表损伤
136861,S50.800x011,前臂擦伤
136862,S50.800x021,前臂水泡
136863,S50.800x031,前臂虫咬伤
136864,S50.800x041,前臂浅表异物
136865,S50.800x081,肘关节浅表损伤
136866,S50.900,前臂浅表损伤
136867,S50.901,肘浅表损伤
136868,S51.000,肘开放性伤口
136869,S51.700,前臂多处开放性伤口
136871,S51.800x011,前臂开放性损伤伴骨折
136872,S51.800x021,前臂开放性损伤伴脱位
136873,S51.900,前臂开放性伤口
136874,S51.901,开放性前臂损伤
136876,S52.000x001,肘关节骨折
136877,S52.000x002,尺骨近端骨折
136878,S52.000x012,尺骨鹰嘴骨骺分离
136879,S52.000x021,尺骨冠突骨折
136882,S52.002,蒙特贾骨折脱位
136883,S52.010,开放性尺骨上端骨折
136884,S52.011,开放性鹰嘴骨折
136885,S52.100,桡骨上端骨折
136887,S52.100x002,桡骨近端骨骺分离
136888,S52.100x012,桡骨头骨骺分离
136889,S52.100x091,桡骨近端多发性骨折
136890,S52.101,桡骨头骨折
136891,S52.102,桡骨颈骨折
136893,S52.200,尺骨干骨折
136894,S52.200x011,孟氏骨折
136895,S52.201,尺骨骨折
136896,S52.210,开放性尺骨干骨折
143161,Z96.401,胰岛素泵植入状态
143162,Z96.500,具有牙根和下颌骨植入物
143163,Z96.600,具有矫形外科关节植入物
143164,Z96.600x001,具有关节置入物
143165,Z96.600x011,具有肩关节置入物
143166,Z96.600x031,具有腕关节置入物
143167,Z96.600x061,具有踝关节置入物
143169,Z96.602,人工膝关节
143170,Z96.603,人工肘关节
143171,Z96.700,具有其他骨和腱的植入物
143172,Z96.701,颅骨板植入物
143173,Z96.800,具有其他特指的功能性植入物
143174,Z96.900,具有功能性植入物
143175,Z97.000,具有人工眼
143176,Z97.000x001,义眼
143177,Z97.000x002,人工义眼托植入状态
143179,Z97.100x001,具有人工肢体
143180,Z97.200,具有假牙装置（完全）（部分）
143181,Z97.200x001,具有假牙装置
143182,Z97.300,具有眼镜和接触镜
143183,Z97.300x002,具有接触镜
143184,Z97.301,配戴眼镜
143185,Z97.400,具有外部助听器
143186,Z97.500,子宫内具有避孕装置
143187,Z97.500x001,具有子宫内避孕装置
143188,Z97.800,具有其他特指的装置
143189,Z98.000,肠搭桥术和吻合术状态
143190,Z98.000x001,肠搭桥状态
143191,Z98.000x002,肠吻合状态
143192,Z98.100,关节固定术状态
143193,Z98.200,具有脑脊液引流装置
143194,Z98.200x001,脑脊液分流状态
142308,Z45.804,更换胆管支架
142309,Z45.805,取除胆管支架
142310,Z45.806,取除宫颈管支架
142311,Z45.807,安装阴道模具
142312,Z45.900,植入装置的调整和管理
142314,Z46.100,助听器的安装和调整
142315,Z46.200,有关神经系统和特种感觉的其他装置的安装和调整
142316,Z46.200x001,取出神经系统治疗装置
142318,Z46.201,听觉代替装置
142319,Z46.202,视觉代替装置
142320,Z46.300,假牙装置的安装和调整
142321,Z46.300x001,假牙的安装和调整
142322,Z46.400,正牙装置的安装和调整
111647,B17.904,急性肝炎，未特指
111648,B18.000,慢性乙型病毒性肝炎，伴有δ因子
111649,B18.001,慢性乙型丁型病毒性肝炎
111651,B18.003,慢性乙型丁型病毒性肝炎中度
111652,B18.004,慢性乙型丁型病毒性肝炎重度
111653,B18.100,慢性乙型病毒性肝炎，不伴有δ因子
123337,I89.800x023,胸壁乳糜囊肿
123338,I89.800x024,躯干乳糜囊肿
123339,I89.800x025,盆腔乳糜囊肿
123340,I89.800x026,会阴区乳糜囊肿
123342,I89.800x028,腹壁乳糜囊肿
123343,I89.800x029,腰背部乳糜囊肿
123344,I89.800x030,臀部乳糜囊肿
123345,I89.800x031,下肢乳糜囊肿
123346,I89.800x032,子宫乳糜反流
123347,I89.800x033,阴道乳糜反流
123348,I89.801,肠系膜乳糜囊肿
123349,I89.802,淋巴管瘘
123350,I89.803,非丝虫性乳糜性腹水
123351,I89.804,胸导管断裂
123352,I89.806,淋巴结钙化
123353,I89.807,乳糜胸
123354,I89.900,淋巴管和淋巴结非感染性疾患
123355,I95.000,特发性低血压
123356,I95.100,直立性低血压
123357,I95.101,体位性低血压
123358,I95.200,药物性低血压
123359,I95.800,低血压，其他的
123360,I95.800x001,慢性低血压
123361,I95.900,低血压
123362,I97.000,心脏切开术后综合征
123363,I97.000x002,心包切开术后综合征
123364,I97.001,心脏手术后低心排综合征
123365,I97.100,心脏外科手术后的其他功能性障碍
123366,I97.100x004,手术后心力衰竭伴肺水肿
124465,K06.000x002,局部性牙龈退缩
124466,K06.000x003,感染后牙龈退缩
124467,K06.000x004,手术后牙龈退缩
124468,K06.100,牙龈增厚
124469,K06.100x001,牙龈增生
124470,K06.100x002,药物性牙龈增生
124472,K06.200,与创伤有关的牙龈和无牙牙槽嵴损害
124473,K06.800,牙龈和无牙牙槽嵴其他特指的疾患
124474,K06.800x009,牙周巨细胞肉芽肿
143010,Z90.200,肺(部分)后天性缺失
143011,Z90.200x001,后天性肺(部分)缺失
143012,Z90.300,胃部分后天性缺失
143014,Z90.400,消化道其他部分后天性缺失
143015,Z90.400x001,后天性结肠(部分)缺失
143016,Z90.400x002,后天性消化道部分缺失
143017,Z90.400x003,后天性胆囊缺失
143019,Z90.402,食管部分切除术后状态
143020,Z90.403,小肠部分切除术后状态
143021,Z90.404,全结肠切除术后状态
143022,Z90.405,结肠部分切除术后状态
143025,Z90.500,肾后天性缺失
143026,Z90.500x001,手术后肾缺失
143027,Z90.600,泌尿道其他部分后天性缺失
119376,G40.400x001,婴儿痉挛症(West综合征)
119377,G40.400x002,伦诺克斯-加斯托综合征(Lennox-Gastaut综合征)
137614,S83.500x042,膝关节后十字韧带完全断裂
137615,S83.501,膝关节十字韧带劳损
137616,S83.600,膝的其他和未特指部位的扭伤和劳损
137617,S83.600x002,膝关节损伤
137618,S83.600x003,创伤性膝关节积血
137619,S83.600x004,胫腓近端关节扭伤
137620,S83.600x005,胫腓近端关节损伤
137621,S83.600x006,胫腓近端韧带扭伤
137622,S83.600x007,胫腓近端韧带损伤
137623,S83.601,膝关节扭伤
137624,S83.602,胫腓韧带上端撕裂
137625,S83.603,上胫腓关节扭伤
137626,S83.700,膝的多处结构的损伤
137627,S83.700x001,膝外侧半月板伴副韧带损伤
137628,S83.700x002,膝外侧半月板伴十字韧带损伤
137629,S83.700x003,膝关节多处损伤
137630,S83.700x004,膝内侧半月板伴副韧带损伤
137631,S83.700x005,膝内侧半月板伴十字韧带损伤
137632,S83.700x006,膝关节多处韧带损伤
137633,S84.000,在小腿水平的胫神经损伤
137634,S84.000x001,胫后神经损伤
137635,S84.000x002,胫神经损伤
137636,S84.100,在小腿水平的腓神经损伤
137637,S84.100x001,腓神经损伤
137638,S84.200,在小腿水平的皮感觉神经损伤
137639,S84.200x001,小腿皮感觉神经损伤
137641,S84.700x001,小腿多处神经损伤
137642,S84.800,在小腿水平的其他神经损伤
137643,S84.800x001,腓总神经损伤
137646,S84.900x001,小腿神经损伤
137647,S85.000,腘动脉损伤
137648,S85.100,胫动脉损伤（前）（后）
137649,S85.100x001,胫动脉损伤
137650,S85.100x002,胫前动脉损伤
137652,S85.102,创伤性胫后动脉血栓形成
137653,S85.200,腓动脉损伤
137654,S85.300,在小腿水平的大隐静脉损伤
137656,S85.400,在小腿水平的小隐静脉损伤
137657,S85.400x001,小腿小隐静脉损伤
137658,S85.500,腘静脉损伤
137659,S85.700,在小腿水平的多处血管损伤
137661,S85.800,在小腿水平的其他血管损伤
137662,S85.800x001,胫后血管损伤
137663,S85.801,创伤性胫后动静脉损伤
137664,S85.900,在小腿水平的血管的损伤
138642,T26.401,眼球烧伤
138644,T26.500x002,眼睑腐蚀伤
136897,S52.211,开放性尺骨骨折
136898,S52.300,桡骨干骨折
136899,S52.300x011,盖氏骨折
136900,S52.310,开放性桡骨干骨折
136902,S52.400x001,桡尺骨骨干骨折
136903,S52.410,开放性尺骨桡骨骨干骨折
136904,S52.500,桡骨下端骨折
137920,T01.800,累及其他复合身体部位的开放性伤口
137921,T01.800x001,身体复合部位的开放性损伤
137922,T01.900,多处开放性伤口
137923,T01.901,多发性穿刺伤
137924,T01.902,多发性动物咬伤
137925,T01.903,多发性切割伤
137926,T01.904,多发性撕裂伤
137927,T02.000,累及头部伴有颈部的骨折
137928,T02.000x001,头和颈骨折
137929,T02.010,开放性头部伴颈部骨折
137930,T02.100,累及胸部伴有下背和骨盆的骨折
137931,T02.100x001,躯干多发性骨折
118294,F15.800,使用其他兴奋剂（包括咖啡因）引起的其他精神和行为障碍
118295,F15.900,使用其他兴奋剂（包括咖啡因）引起的精神和行为障碍
118296,F15.900x001,含有咖啡因的兴奋剂所致的精神和行为障碍
118297,F15.900x002,咖啡因所致的精神和行为障碍
118298,F15.900x003,苯丙胺类兴奋剂所致的精神和行为障碍
118299,F15.900x004,氯胺酮所致的精神和行为障碍
118301,F16.000x002,致幻剂急性中毒
118302,F16.100,有害性使用致幻剂引起的精神和行为障碍
118303,F16.100x002,致幻剂非成瘾性滥用
118304,F16.200,使用致幻剂引起的依赖综合征
118305,F16.300,使用致幻剂引起的戒断状态
118307,F16.400x001,伴有谵妄的致幻剂戒断状态
118308,F16.500,使用致幻剂引起的精神性障碍
118309,F16.600,使用致幻剂引起的遗忘综合征
118310,F16.700,使用致幻剂引起的残留性和迟发性精神病性障碍
118312,F16.900,使用致幻剂引起的精神和行为障碍
118313,F17.000,使用烟草急性中毒引起的精神和行为障碍
118314,F17.000x001,烟草急性中毒
118315,F17.100,有害性使用烟草引起的精神和行为障碍
118317,F17.200,使用烟草引起的依赖综合征
118318,F17.300,使用烟草引起的戒断状态
118319,F17.400,使用烟草引起的戒断状态伴有谵妄
118321,F17.500,使用烟草引起的精神性障碍
118322,F17.600,使用烟草引起的遗忘综合征
118323,F17.700,使用烟草引起的残留性和迟发性精神病性障碍
118324,F17.800,使用烟草质引起的其他精神和行为障碍
111654,B18.100x007,病毒性肝炎乙型慢性淤胆型
111656,B18.104,慢性轻度乙型病毒性肝炎
111657,B18.105,慢性中度乙型病毒性肝炎
111658,B18.106,慢性重度乙型病毒性肝炎
111660,B18.200,慢性丙型病毒性肝炎
111661,B18.200x009,病毒性肝炎丙型慢性淤疸型
111662,B18.201,慢性黄疸型丙型病毒性肝炎
111663,B18.202,慢性轻度丙型病毒性肝炎
111664,B18.203,慢性中度丙型病毒性肝炎
111665,B18.204,慢性重度丙型病毒性肝炎
111666,B18.205+N08.0*,丙型肝炎相关性肾炎
111667,B18.800,慢性病毒性肝炎，其他的
111668,B18.800x001,病毒性肝炎三重感染（三重以上）（慢性轻度）
111669,B18.800x002,病毒性肝炎三重感染（三重以上）（慢性中度）
111670,B18.800x003,病毒性肝炎三重感染（三重以上）（慢性重度）
111671,B18.800x004,病毒性肝炎三重感染（三重以上）（慢性重型）
111672,B18.800x005,慢性戊型病毒性肝炎
111673,B18.801,慢性轻度重叠感染型病毒性肝炎
111674,B18.802,慢性重叠型病毒性肝炎
111675,B18.803,慢性重型重叠型病毒性肝炎
111676,B18.804,慢性混合型病毒性肝炎
111677,B18.805,慢性重型混合型病毒性肝炎
111678,B18.900,慢性病毒性肝炎
112666,C18.300,结肠肝曲恶性肿瘤
112668,C18.500,结肠脾曲恶性肿瘤
112669,C18.600,降结肠恶性肿瘤
112670,C18.700,乙状结肠恶性肿瘤
112672,C18.800x002,盲肠及升结肠恶性肿瘤
112673,C18.801,降结肠乙状结肠恶性肿瘤
112674,C18.802,升结肠横结肠恶性肿瘤
112675,C18.803,横结肠降结肠恶性肿瘤
112676,C18.900,结肠恶性肿瘤
112678,C18.901,结肠腺瘤恶变
112679,C19.x00,直肠乙状结肠连接处恶性肿瘤
112680,C19.x01,结肠和直肠恶性肿瘤
112681,C20.x00,直肠恶性肿瘤
112682,C20.x00x003,直肠多处恶性肿瘤
112684,C21.000,肛门恶性肿瘤
112685,C21.100,肛管恶性肿瘤
112686,C21.101,肛门括约肌恶性肿瘤
112687,C21.200,泄殖腔肛源区恶性肿瘤
112689,C21.801,直肠肛管恶性肿瘤
112953,C44.400x004,头皮恶性肿瘤
112954,C44.401,颈部皮肤恶性肿瘤
112955,C44.500,躯干皮肤恶性肿瘤
112956,C44.501,乳房皮肤恶性肿瘤
112957,C44.502,胸部皮肤恶性肿瘤
143028,Z90.600x002,后天性膀胱缺失
143029,Z90.600x003,后天性输尿管缺失
143030,Z90.700,生殖器官后天性缺失
143031,Z90.700x002,后天性阴囊缺失
143032,Z90.700x003,后天性龟头缺失
143033,Z90.700x005,后天性阴茎缺失
143034,Z90.700x006,后天性卵巢缺失
143035,Z90.701,子宫切除术后状态
143036,Z90.702,子宫部分切除术后状态
143037,Z90.703,宫颈切除术后状态
143038,Z90.704,单侧卵巢切除术后状态
143039,Z90.705,双侧卵巢切除术后状态
143040,Z90.706,单侧输卵管卵巢切除术后状态
143041,Z90.707,双侧输卵管卵巢切除术后状态
143042,Z90.708,前列腺切除术后状态
143043,Z90.709,睾丸切除术后状态
143044,Z90.800,"器官后天性缺失,其他的"
143045,Z90.800x002,后天性肋骨缺失
143046,Z91.000,非药物和生物制品过敏个人史
143047,Z91.100,不服从医疗和医疗制度个人史
143048,Z91.200,个人卫生不良个人史
143049,Z91.300,有害健康的作息安排个人史
143050,Z91.400,心理创伤个人史，不可归类在他处者
143051,Z91.400x001,心理创伤史
143052,Z91.500,自我伤害个人史
143053,Z91.500x001,假自杀史
143054,Z91.500x003,自杀企图史
143056,Z91.600,"身体创伤个人史,其他的"
143057,Z91.601,损伤个人史
143058,Z91.700,女性生殖器官切割史
143060,Z91.800x001,铅中毒史
143061,Z91.800x002,吸烟史
143062,Z92.000,避孕个人史
143063,Z92.000x001,避孕史
143064,Z92.001,输卵管绝育史
143065,Z92.100,长期（近期）使用抗凝血药个人史
143066,Z92.200,长期（近期）使用其他药剂个人史
143068,Z92.201,使用阿司匹林个人史
143069,Z92.300,辐射照射个人史
143070,Z92.300x001,放射治疗史
143072,Z92.401,脑血管手术史
112626,C15.802,食管中下段恶性肿瘤
112627,C15.900,食管恶性肿瘤
112628,C15.900x003,食管多处恶性肿瘤
112629,C16.000,贲门恶性肿瘤
112630,C16.000x003,贲门口恶性肿瘤
112631,C16.000x004,胃角恶性肿瘤
112633,C16.002,食管胃连接处恶性肿瘤
112634,C16.100,胃底恶性肿瘤
112635,C16.200,胃体恶性肿瘤
112636,C16.300,幽门窦恶性肿瘤
112637,C16.301,胃窦恶性肿瘤
112639,C16.401,幽门前恶性肿瘤
138645,T26.500x003,眼周区腐蚀伤
138646,T26.600,角膜和结合膜囊腐蚀伤
138647,T26.600x001,角膜和结膜腐蚀伤
138649,T26.600x003,结膜腐蚀伤
138650,T26.601,角膜伴结膜酸性烧伤
138651,T26.602,角膜化学性烧伤
138652,T26.603,角膜碱性烧伤
138653,T26.604,角膜酸性烧伤
137873,S98.200,两个或更多足趾的创伤性切断
137874,S98.200x001,两趾切断
137875,S98.200x002,多趾切断
137876,S98.300,足其他部位的创伤性切断
137877,S98.400,足创伤性切断
137878,S99.700,踝和足多处损伤
137879,S99.700x001,足部多处损伤
137880,S99.700x002,踝部多处损伤
137881,S99.800,踝和足其他特指的损伤
137882,S99.800x001,足部软组织撕脱伤
137883,S99.900,踝和足损伤
137884,S99.900x001,足部损伤
137885,S99.900x002,踝部损伤
137886,T00.000,累及头部伴有颈部的浅表损伤
137887,T00.000x001,头和颈浅表损伤
137888,T00.100,累及胸部伴有腹部、下背和骨盆的浅表损伤
137889,T00.100x001,胸伴腹和下背及骨盆浅表损伤
137890,T00.200,累及上肢多个部位的浅表损伤
137891,T00.200x001,上肢多处浅表损伤
137892,T00.300,累及下肢多个部位的浅表损伤
137893,T00.300x001,下肢多处浅表损伤
137895,T00.600x001,上肢和下肢多处浅表损伤
137896,T00.800,累及身体其他复合部位的浅表损伤
137897,T00.800x001,身体复合部位的浅表损伤
137898,T00.900,多处浅表损伤
137899,T00.900x002,多处皮肤浅表擦伤
137901,T00.900x004,多处皮肤浅表青肿
137902,T00.900x005,多处皮肤浅表挫伤
137903,T00.900x006,多处皮肤浅表血肿
137905,T00.901,多处挫伤
137906,T00.902,多处皮肤破损
137907,T01.000,累及头部伴有颈部的开放性伤口
137908,T01.000x001,头和颈开放性损伤
137909,T01.100,累及胸部伴有腹部、下背和骨盆的开放性伤口
137911,T01.101,开放性胸腹损伤
137912,T01.200,累及上肢多个部位的开放性伤口
137913,T01.200x001,上肢多处开放性损伤
137915,T01.300x001,下肢多处开放性损伤
137917,T01.302,下肢多处裂伤
137918,T01.600,累及上肢伴有下肢多个部位的开放性伤口
137919,T01.600x001,上肢和下肢多处开放性损伤
118325,F17.900,使用烟草引起的精神和行为障碍
118326,F18.000,使用挥发性溶剂急性中毒引起的精神和行为障碍
118327,F18.000x001,挥发性溶剂急性中毒
118328,F18.100,有害性使用挥发性溶剂引起的精神和行为障碍
118329,F18.100x001,挥发性溶剂的有害使用
118330,F18.200,使用挥发性溶剂引起的依赖综合征
118331,F18.300,使用挥发性溶剂引起的戒断状态
118332,F18.400,使用挥发性溶剂引起的戒断状态伴有谵妄
118333,F18.500,使用挥发性溶剂引起的精神性障碍
118334,F18.600,使用挥发性溶剂引起的遗忘综合征
118335,F18.700,使用挥发性溶剂引起的残留性和迟发性精神病性障碍
119195,G25.200x006,周围神经病性震颤
119196,G25.200x007,肌张力障碍性震颤
119197,G25.200x008,静止性震颤
119198,G25.200x009,姿势性震颤
119199,G25.201,意向性震颤
119200,G25.202,动作性震颤
119201,G25.300,肌阵挛
119202,G25.300x002,药物性肌阵挛
119203,G25.300x003,非进展性脑病的肌阵挛持续状态
119204,G25.300x004,睡眠肌阵挛
137420,S75.100x002,髋部股静脉损伤
137421,S75.100x003,大腿股静脉损伤
137422,S75.200,在髋和大腿水平的大隐静脉损伤
137423,S75.200x001,大腿大隐静脉损伤
137424,S75.700,在髋和大腿水平的多血管损伤
137426,S75.700x002,大腿多处血管损伤
137427,S75.800,在髋和大腿水平的其他血管损伤
137428,S75.900,在髋和大腿水平血管的损伤
137429,S75.900x001,髋部血管损伤
137431,S75.901,创伤性股动静脉瘘
137432,S76.000,髋部肌肉和肌腱损伤
137433,S76.000x002,髋部肌肉损伤
137434,S76.000x003,髋部肌腱损伤
137435,S76.100,四头肌和肌腱损伤
137437,S76.100x002,股四头肌肌肉损伤
137438,S76.100x003,股四头肌肌腱损伤
137439,S76.100x004,髌腱断裂
137440,S76.101,股四头肌腱断裂
137441,S76.102,髌韧带损伤
137443,S76.200x002,大腿内收肌肌肉损伤
137444,S76.200x003,大腿内收肌肌腱损伤
137445,S76.300,在大腿水平的后部肌群和肌腱损伤
137447,S76.300x002,大腿后部肌群肌肉损伤
137448,S76.301,大腿后部肌腱损伤
137449,S76.400,在大腿水平的其他和未特指的肌肉和肌腱损伤
137450,S76.401,大腿肌腱损伤
137451,S76.402,大腿肌断裂
112958,C44.503,腹部皮肤恶性肿瘤
112959,C44.504,背部皮肤恶性肿瘤
112960,C44.505,肩胛区皮肤恶性肿瘤
112961,C44.506,臀部皮肤恶性肿瘤
112962,C44.507,肛门皮肤恶性肿瘤
112963,C44.508,肛周皮肤恶性肿瘤
112964,C44.509,腹股沟皮肤恶性肿瘤
112965,C44.600,上肢（包括肩）皮肤恶性肿瘤
112966,C44.601,肩部皮肤恶性肿瘤
112967,C44.602,上臂皮肤恶性肿瘤
112968,C44.603,前臂皮肤恶性肿瘤
112969,C44.604,肘部皮肤恶性肿瘤
112970,C44.605,腕部皮肤恶性肿瘤
112971,C44.606,手皮肤恶性肿瘤
112972,C44.700,下肢（包括髋）皮肤恶性肿瘤
112973,C44.701,髋部皮肤恶性肿瘤
112974,C44.702,大腿皮肤恶性肿瘤
112975,C44.703,小腿皮肤恶性肿瘤
112976,C44.704,膝部皮肤恶性肿瘤
112977,C44.705,腘窝皮肤恶性肿瘤
112978,C44.706,踝部皮肤恶性肿瘤
112979,C44.707,足皮肤恶性肿瘤
112980,C44.800,皮肤交搭跨越恶性肿瘤的损害
112981,C44.900,皮肤恶性肿瘤
112982,C44.901,汗腺恶性肿瘤
112983,C45.000,胸膜间皮瘤
112984,C45.100,腹膜间皮瘤
112985,C45.100x005,腹膜壁层间皮瘤
112986,C45.101,肠系膜间皮瘤
112987,C45.102,结肠系膜间皮瘤
112988,C45.103,网膜间皮瘤
112989,C45.200,心包间皮瘤
112990,C45.700,间皮瘤，其他部位的
112991,C45.700x002,腹膜后间皮瘤
112993,C45.701,肺间皮瘤
110001,A00.000,霍乱，由于O1群霍乱弧菌，霍乱生物型所致
110002,A00.000x001,古典生物型霍乱
110004,A00.100x001,埃尔托生物型霍乱
110005,A00.900,霍乱
110006,A00.900x002,霍乱轻型
110007,A00.900x003,霍乱中型
110008,A00.900x004,霍乱重型
110010,A01.000,伤寒
110011,A01.000x004,伤寒复发
110013,A01.000x006,伤寒迁延型
110014,A01.000x007,伤寒逍遥型
110015,A01.000x008,伤寒并发腹膜炎
110016,A01.000x009,伤寒并发肠穿孔
110017,A01.000x010,伤寒并发肠出血
110018,A01.000x011,伤寒并发中毒性肝炎
110020,A01.000x014,伤寒并发胆囊炎
110021,A01.000x016+I41.0*,伤寒并发中毒性心肌炎
110022,A01.000x017,伤寒轻型
110023,A01.000x018,伤寒普通型
112640,C16.402,幽门管恶性肿瘤
112641,C16.500,胃小弯恶性肿瘤
112642,C16.600,胃大弯恶性肿瘤
112643,C16.800,胃交搭跨越恶性肿瘤的损害
112644,C16.800x002,胃体和胃窦及胃大弯恶性肿瘤
112645,C16.800x003,胃底及胃体恶性肿瘤
112646,C16.801,贲门胃底恶性肿瘤
112647,C16.802,贲门胃体恶性肿瘤
112648,C16.803,胃窦胃体恶性肿瘤
112649,C16.804,胃底胃体恶性肿瘤
112650,C16.900,胃恶性肿瘤
112651,C16.900x003,胃多处恶性肿瘤
112652,C16.902,胃溃疡癌变
112653,C16.903,残胃恶性肿瘤
112654,C17.000,十二指肠恶性肿瘤
112656,C17.200,回肠恶性肿瘤
112657,C17.300,麦克尔憩室恶性肿瘤
112658,C17.800,小肠交搭跨越恶性肿瘤的损害
112659,C17.801,十二指肠及空肠恶性肿瘤
112660,C17.900,小肠恶性肿瘤
112661,C17.900x002,小肠多处恶性肿瘤
112662,C18.000,盲肠恶性肿瘤
112663,C18.001,回盲部恶性肿瘤
112664,C18.100,阑尾恶性肿瘤
112665,C18.200,升结肠恶性肿瘤
113606,C79.500x032,腰椎继发恶性肿瘤
113607,C79.501,骨髓继发恶性肿瘤
113608,C79.502,颅骨继发恶性肿瘤
113609,C79.503,面骨继发恶性肿瘤
113610,C79.504,颌骨继发恶性肿瘤
113611,C79.505,下颌骨继发恶性肿瘤
113612,C79.506,躯干骨继发恶性肿瘤
113614,C79.508,下肢骨继发恶性肿瘤
113615,C79.509,脊柱继发恶性肿瘤
113616,C79.600,卵巢继发性恶性肿瘤
113617,C79.700,肾上腺继发性恶性肿瘤
113619,C79.800x202,输卵管继发恶性肿瘤
113620,C79.800x205,子宫角继发恶性肿瘤
113621,C79.800x206,子宫体继发恶性肿瘤
113622,C79.800x209,子宫颈继发恶性肿瘤
113623,C79.800x211,子宫旁继发恶性肿瘤
113625,C79.800x214,子宫韧带继发恶性肿瘤
113626,C79.800x215,子宫圆韧带继发恶性肿瘤
113627,C79.800x216,子宫阔韧带继发恶性肿瘤
113628,C79.800x218,子宫卵巢韧带继发恶性肿瘤
112889,C41.900x001,骨恶性肿瘤
112890,C41.901,关节软骨恶性肿瘤
112891,C43.000,唇恶性黑色素瘤
112892,C43.100,眼睑（包括眦）恶性黑色素瘤
112893,C43.100x001,眼睑恶性黑色素瘤
112895,C43.200,耳和外耳道恶性黑色素瘤
112896,C43.200x001,耳廓恶性黑色素瘤
134677,R10.401,肠绞痛
134678,R10.402,腹痛
134679,R11.x00,恶心和呕吐
134680,R11.x01,周期性呕吐
134681,R11.x02,恶心
134682,R11.x03,呕吐
134683,R12.x00,胃灼热
134684,R12.x00x002,反酸
134685,R13.x00,吞咽困难
134686,R14.x00,胃肠气胀及有关情况
134687,R14.x00x001,胃胀气
134688,R14.x00x002,嗳气
134689,R14.x00x003,气胀痛
134690,R14.x00x006,腹胀
134691,R14.x00x007,肠胀气
134692,R15.x00,大便失禁
134693,R16.000,肝大，不可归类在他处者
119139,G23.801,橄榄体脑桥小脑萎缩
119140,G23.802,原发性基底节钙化
119141,G23.803,皮质基底节变性
119142,G23.804,神经源性直立性低血压
119143,G23.900,基底核变性疾病
119144,G24.000,药物性张力失常
119145,G24.100,特发性家族性张力失常
119146,G24.101,扭转痉挛
119147,G24.102,特发性肌张力异常
119148,G24.103,多巴胺反应性肌张力障碍
119149,G24.104,特发性扭转性肌张力障碍
119150,G24.105,原发性肌张力障碍
119151,G24.106,原发性遗传性肌张力不全
119152,G24.200,特发性非家族性张力失常
119153,G24.200x001,婴儿大脑性手足徐动型轻瘫
119154,G24.200x003,运动诱发性肌张力障碍
119155,G24.201,继发性肌张力障碍
119156,G24.202,症状性肌张力障碍
119158,G24.300x002,痉挛性颈后倾
119159,G24.300x003,痉挛性颈前倾
119160,G24.300x004,痉挛性颈侧倾
119161,G24.400,特发性口面运动障碍
119163,G24.400x003,单纯口下颌张力障碍
119164,G24.400x004,睑痉挛-口下颌肌张力障碍
119166,G24.500x002,梅热睑痉挛(Meige综合征)
119168,G24.800,张力失常，其他的
119169,G24.800x008,非运动诱发性肌张力障碍
119170,G24.801,发作性肌张力障碍
119171,G24.804,局灶型肌张力障碍
119172,G24.805,节段型肌张力障碍
119174,G24.807,全身型肌张力障碍
119175,G24.808,偏身型肌张力障碍
119176,G24.900,张力失常
119177,G24.900x003,肌张力障碍
119179,G24.902,运动障碍
119180,G25.000,特发性震颤
119181,G25.000x002,家族性震颤
119182,G25.000x003,单纯头部震颤
119183,G25.000x004,单纯面部震颤
137453,S76.700x001,髋和大腿多处肌肉和肌腱损伤
137454,S77.000,髋部挤压伤
137455,S77.100,大腿挤压伤
137456,S77.200,髋伴有大腿挤压伤
137457,S78.000,髋部创伤性切断
137458,S78.100,在髋和膝关节之间水平的创伤性切断
137459,S78.100x001,大腿部切断
137460,S78.900,髋和大腿水平的创伤性切断
137461,S79.700,髋和大腿多处损伤
137462,S79.701,多发性大腿损伤
137463,S79.800,髋和大腿其他特指的损伤
137464,S79.800x001,髋关节周围软组织损伤
137465,S79.900,髋和大腿损伤
137466,S79.900x001,髋部损伤
137467,S79.901,大腿损伤
137468,S79.902,髋周软组织损伤
137469,S80.000,膝挫伤
137470,S80.100,小腿其他和未特指部位的挫伤
137471,S80.100x002,小腿血肿
138446,T21.700x054,会阴三度腐蚀伤
138447,T21.700x055,阴囊三度腐蚀伤
138448,T21.700x056,睾丸三度腐蚀伤
138449,T21.700x057,外阴三度腐蚀伤
138450,T21.700x091,肛门三度腐蚀伤
138451,T22.000,肩和上肢的烧伤，除外腕和手
138452,T22.000x001,肩和上肢烧伤
138453,T22.000x002,上肢烧伤
138454,T22.000x003,肩部烧伤
138455,T22.000x004,肩胛区烧伤
138456,T22.000x005,臂烧伤
138457,T22.000x006,腋烧伤
137676,S86.300x001,腓侧肌群和肌腱损伤
137677,S86.300x002,腓侧肌群肌肉损伤
137678,S86.300x003,腓侧肌群肌腱损伤
137680,S86.300x005,腓骨长短肌损伤
137681,S86.300x006,创伤性腓骨肌腱滑脱
137682,S86.301,小腿水平腓侧肌群肌腱损伤
137684,S86.700x001,小腿多处肌肉和肌腱损伤
137685,S86.700x002,胫腓肌腱断裂
137686,S86.701,小腿水平多发性肌腱损伤
137687,S86.800,在小腿水平的其他肌肉和肌腱损伤
137688,S86.900,在小腿水平的肌肉和肌腱的损伤
137690,S87.000,膝挤压伤
137691,S87.800,小腿其他和未特指部位的挤压伤
137692,S87.801,小腿挤压伤
137695,S88.100,在膝和踝之间水平的创伤性切断
137696,S88.100x001,小腿部切断
137697,S88.900,小腿水平的创伤性切断
137699,S89.800,小腿其他特指的损伤
137700,S89.900,小腿损伤
137701,S90.000,踝挫伤
137702,S90.100,趾挫伤不伴有趾甲损坏
110025,A01.000x020,伤寒再燃
123377,I97.800x009,右室外管道狭窄
123378,I97.800x010,右室流出道疏通术后残余狭窄
123379,I97.800x011,左室流出道疏通术后残余狭窄
123380,I97.800x013,心脏瓣膜置换术后瓣周漏
123381,I97.800x014,房间隔缺损封堵术后残余分流
123382,I97.800x015,室间隔缺损封堵术后残余分流
123383,I97.800x016,心脏机械瓣膜置换术后功能障碍
123384,I97.800x017,生物瓣膜置换术后功能衰竭
123385,I97.800x018,手术后乳糜胸
123386,I97.800x020,二尖瓣闭式扩张术后再狭窄
123387,I97.801,手术后淋巴水肿
123388,I97.802,手术后会阴部静脉回流障碍
123389,I97.803,手术后心力衰竭
123390,I97.804,人工动静脉瘘瘤形成
123391,I97.900,循环系统的操作后疾患
123392,I99.x00,循环系统其他疾患
123393,I99.x01,循环系统疾患
123395,J00.x00x004,急性鼻炎
123396,J00.x00x006,感染性鼻炎
123397,J00.x00x007,感染性鼻咽炎
123398,J00.x00x008,急性卡他性鼻炎
123399,J01.000,急性上颌窦炎
123400,J01.001,急性化脓性上颌窦炎
123401,J01.100,急性额窦炎
123402,J01.200,急性筛窦炎
123403,J01.300,急性蝶窦炎
123404,J01.400,急性全鼻窦炎
123405,J01.800,急性鼻窦炎，其他的
123407,J01.900x003,急性鼻窦脓肿
123408,J01.901,急性化脓性鼻窦炎
123409,J02.000,链球菌性咽炎
123411,J02.801,病毒性咽炎
123412,J02.802,病毒性咽喉痛
123414,J02.900x002,急性化脓性咽峡炎
123415,J02.900x005,急性咽喉痛
123416,J02.901,急性化脓性咽炎
123417,J02.902,急性咽峡炎
123418,J02.903,溃疡性咽炎
123420,J03.000,链球菌性扁桃体炎
123421,J03.800,"急性扁桃体炎,其他特指病原体引起的"
123423,J03.900x001,扁桃体残根炎
123424,J03.900x006,急性滤泡性扁桃体炎
123425,J03.901,急性化脓性扁桃体炎
123426,J03.902,急性腺样体炎
123428,J04.000x004,急性感染性喉炎
124536,K07.200x011,错??畸形安氏I类
124537,K07.200x012,错??畸形安氏Ⅱ类
124539,K07.200x014,深覆盖
124540,K07.201,覆咬合
124541,K07.202,前牙开??
124542,K07.203,牙弓中线偏离
112897,C43.200x003,耳恶性黑色素瘤
112898,C43.201,外耳道恶性黑色素瘤
112899,C43.300,面部恶性黑色素瘤
112900,C43.302,鼻恶性黑色素瘤
112901,C43.400,头皮和颈部恶性黑色素瘤
112902,C43.400x002,头皮恶性黑色素瘤
112903,C43.401,颈部恶性黑色素瘤
112904,C43.500,躯干恶性黑色素瘤
112905,C43.501,乳房恶性黑色素瘤
112906,C43.502,胸壁恶性黑色素瘤
112907,C43.503,腹壁恶性黑色素瘤
112908,C43.504,腹股沟恶性黑色素瘤
112909,C43.505,背部恶性黑色素瘤
112910,C43.506,臀部恶性黑色素瘤
112911,C43.507,肛门恶性黑色素瘤
112912,C43.508,肛周恶性黑色素瘤
112913,C43.600,上肢（包括肩）恶性黑色素瘤
112914,C43.600x002,手指恶性黑色素瘤
112915,C43.601,肩部恶性黑色素瘤
112916,C43.602,上臂恶性黑色素瘤
112917,C43.603,前臂恶性黑色素瘤
112918,C43.604,肘部恶性黑色素瘤
112920,C43.606,手恶性黑色素瘤
112921,C43.700,下肢（包括髋）恶性黑色素瘤
112922,C43.700x001,下肢恶性黑色素瘤
112923,C43.701,髋恶性黑色素瘤
112924,C43.702,大腿恶性黑色素瘤
112925,C43.703,小腿恶性黑色素瘤
112926,C43.704,膝部恶性黑色素瘤
112927,C43.705,腘部恶性黑色素瘤
113846,C85.900x030,腹股沟淋巴瘤
113847,C85.900x031,乳腺淋巴瘤
113849,C85.900x036,甲状腺淋巴瘤
113850,C85.900x037,脊髓淋巴瘤
113851,C85.900x038,淋巴瘤结内侵及
113852,C85.900x039,淋巴瘤结外侵及
113853,C85.900x040,颈淋巴瘤
113854,C85.900x041,心脏淋巴瘤
113856,C85.900x043,肾淋巴瘤
113857,C85.901,复合性霍奇金和非霍奇金淋巴瘤
113858,C86.000,结外NK/T细胞淋巴瘤，鼻型
113859,C86.100,肝脾T细胞淋巴瘤
113861,C86.300,皮下血管炎样T细胞淋巴瘤
113862,C86.400,原始NK细胞淋巴瘤
113863,C86.500,血管免疫母细胞性T细胞淋巴瘤
113865,C86.601,淋巴瘤样丘疹病
113866,C86.602,原发性皮肤间变性大细胞淋巴瘤
113867,C86.603,原发性皮肤CD30+间变性大细胞淋巴瘤
113868,C88.000,瓦尔登斯特伦巨球蛋白血症
113869,C88.000x002,高粘滞综合征
124477,K06.800x014,种植体周围黏膜炎
124478,K06.800x015,白血病的龈病损
119185,G25.000x006,单纯手震颤
119186,G25.000x007,儿童的战栗发作
119187,G25.000x008,红核震颤
119188,G25.000x009,原发性震颤
119189,G25.100,药物性震颤
119190,G25.200,震颤，其他特指型的
119191,G25.200x002,小脑性震颤
119192,G25.200x003,任务特异性震颤
119193,G25.200x004,原发性书写震颤
119194,G25.200x005,直立性震颤
120136,G97.101,腰椎穿刺术后头痛
120137,G97.200,脑室分流后颅内低压
120138,G97.800,神经系统的其他操作后疾患
120139,G97.800x001,手术后马尾神经损伤
120140,G97.800x002,手术后脑膜膨出
120141,G97.800x003,手术后肢体功能障碍
120142,G97.800x004,手术后瘫痪
120143,G97.800x005,手术后颅内积气
119378,G40.400x003,早发性肌阵挛性脑病
119379,G40.400x005,早期婴儿癫痫性脑病伴暴发抑制
119380,G40.400x008,肌阵挛癫痫伴破碎肌红纤维
119381,G40.401,儿童期弥漫性慢棘-慢波（小发作变异型）癫痫性脑病
119382,G40.402,婴儿早期肌阵挛性脑病
119383,G40.403,肌阵挛站立不能发作性癫痫
119384,G40.404,婴儿严重肌阵挛性癫痫
119385,G40.405,韦斯特综合征
119386,G40.406,大田原综合征
119388,G40.500x001,慢性进行性部分癫痫持续状态(Rasmussen综合征)
119389,G40.500x003,间脑性癫痫(自主神经性癫痫)
119390,G40.500x008,睡眠癫痫
119392,G40.502,特发性光敏性枕叶癫痫
119393,G40.503,拉斯穆森综合征
119394,G40.504,儿童期慢性进行性部分连续性癫痫
119395,G40.505,药源性癫痫发作
119397,G40.601,癫痫大发作伴小发作
119398,G40.700,癫痫小发作，不伴有大发作
119399,G40.700x001,癫痫小发作(典型失神发作)
119400,G40.700x002,癫痫小发作(非典型失神发作)
119402,G40.800x003,简单部分性癫痫伴躯体感觉症状
119403,G40.800x004,症状性癫痫(继发性癫痫)
119404,G40.800x008,呕吐型癫痫
119406,G40.800x013,觉醒时伴有全面强直阵挛性发作的癫痫
119407,G40.801,反射性癫痫
119408,G40.802,视觉敏感性癫痫
119409,G40.803,原发性阅读性癫痫
119410,G40.804,婴儿游走性部分性发作
119412,G40.900,癫痫
119413,G40.900x005,癫痫性脑病
119414,G40.903+F02.8*,癫痫性痴呆
137704,S90.300,足的其他和未特指部位的挫伤
137705,S90.300x001,副舟骨损伤
137706,S90.300x002,距骨骨软骨损伤
137707,S90.300x003,距骨后三角骨损伤
137708,S90.301,足挫伤
137709,S90.700,踝和足多处浅表损伤
137710,S90.800,踝和足的其他浅表损伤
137711,S90.800x011,踝和足擦伤
137712,S90.800x012,踝部擦伤
137713,S90.800x013,足部擦伤
137714,S90.800x021,踝足部水泡
137715,S90.800x022,踝部水泡
137716,S90.800x023,足部水泡
137717,S90.800x031,踝和足虫咬伤
137718,S90.800x032,踝部虫咬伤
137719,S90.800x033,足部虫咬伤
137720,S90.800x041,踝和足浅表异物
137721,S90.800x042,踝部浅表异物
137722,S90.800x043,足部浅表异物
137723,S90.900,踝和足的浅表损伤
137724,S90.900x002,踝部浅表损伤
137725,S90.900x003,足部浅表损伤
137726,S90.901,趾甲血肿
137727,S91.000,踝开放性伤口
137728,S91.100,趾开放性伤口不伴有趾甲损坏
138709,T29.200,多个部位烧伤，述及的烧伤不超过二度
138710,T29.200x001,多处二度烧伤
138711,T29.300,多个部位烧伤，述及的烧伤至少有一处三度烧伤
138712,T29.300x001,多处三度烧伤
138713,T29.400,多个部位腐蚀伤
138714,T29.500,多个部位腐蚀伤，述及的腐蚀伤不超过一度
138715,T29.500x001,多处一度腐蚀伤
138717,T29.600x001,多处二度腐蚀伤
138718,T29.700,多个部位腐蚀伤，述及的腐蚀伤至少有一处三度腐蚀伤
137932,T02.110,开放性多发性躯干骨折
137934,T02.200x001,单上肢多发性骨折
137936,T02.300,累及单下肢多个部位的骨折
137937,T02.300x001,单下肢多发性骨折
137938,T02.310,开放性多发性单下肢骨折
137939,T02.400,累及双上肢多个部位的骨折
137941,T02.410,开放性多发性双上肢骨折
137942,T02.500,累及双下肢多个部位的骨折
137943,T02.500x001,双下肢多发性骨折
137944,T02.510,开放性多发性双下肢骨折
137946,T02.600x001,上肢伴下肢多发性骨折
137947,T02.600x011,上肢伴下肢多发性开放性骨折
137948,T02.610,开放性多发性肢体骨折
137949,T02.700,累及胸部伴有下背和骨盆及四肢的骨折
137951,T02.710,开放性胸部伴有下背和骨盆及四肢骨折
124543,K07.204,咬合异常
124544,K07.205,反??
124545,K07.300,牙位置异常
124546,K07.300x003,牙齿位置异常
124547,K07.300x005,牙齿间隙
124548,K07.300x006,牙齿扭转
124549,K07.300x007,牙齿移位
142323,Z46.500,回肠造口术或其他肠道用具的安装和调整
142324,Z46.500x001,回肠造口的安装和调整
142325,Z46.501,更换空肠造口导管
142326,Z46.502,调整或更换回肠造口导管
142327,Z46.503,调整或更换结肠造口导管
142328,Z46.600,泌尿装置的安装和调整
142329,Z46.600x001,取出输尿管D-J管
142330,Z46.601,更换肾盂造瘘导管
142331,Z46.602,更换输尿管支架
142332,Z46.603,更换膀胱造瘘导管
142333,Z46.700,矫形外科用装置的安装和调整
142334,Z46.701,调整外固定支架
142335,Z46.800,安装和调整，其他特指装置的
142336,Z46.800x001,为肾透析半永久静脉拔管
142337,Z46.800x002,为肾透析的临时静脉拔管
142338,Z46.900,安装和调整
142339,Z47.000,涉及骨折板和其他内固定装置的随诊医疗
142340,Z47.000x002,取出内固定装置
142341,Z47.001,取除骨折内固定装置
142342,Z47.800,矫形外科的随诊医疗，其他特指的
142343,Z47.800x003,合成植入物植入术后随诊医疗
142344,Z47.800x004,乳房假体植入术后随诊医疗
142345,Z47.800x005,隆鼻术后随诊医疗
142347,Z47.800x007,耳再造术后随诊医疗
142348,Z47.800x008,乳房英捷尔法勒注射术后随诊医疗
142349,Z47.800x009,尿道下裂术后随诊医疗
142351,Z47.800x011,乳房再造术后随诊医疗
142352,Z47.800x012,磨削术后随诊医疗
142353,Z47.800x013,阴道再造术后随诊医疗
142354,Z47.800x014,下颌骨延长器植入术后随诊医疗
142357,Z47.800x017,重睑术后随诊医疗
142358,Z47.800x018,吸脂术后随诊医疗
143196,Z98.800x001,鼻咽术后
143197,Z98.800x002,扁桃体术后
143199,Z98.800x004,气管术后
143200,Z98.800x005,肺术后
143201,Z98.800x006,胸腔闭式引流术后
143202,Z98.800x007,腺样体术后
143204,Z98.800x102,牙龈术后
143205,Z98.800x103,舌术后
143206,Z98.800x104,咽术后
143207,Z98.800x105,咽腭成形术后
143208,Z98.800x107,食管术后
124479,K06.801,牙龈化脓性肉芽肿
124480,K06.802,巨细胞性牙龈瘤
124481,K06.803,牙龈瘤
124482,K06.804,牙龈出血
124483,K06.805,牙龈瘘管
124484,K06.806,牙龈溃疡
124485,K06.807,牙龈息肉
124486,K06.808,牙槽嵴松弛
124487,K06.809,纤维性牙龈瘤
124488,K06.810,龈沟赘生物
124489,K06.900,牙龈和无牙牙槽嵴疾患
124490,K06.901,牙龈肿物
124491,K07.000,颌大小的主要畸形
124492,K07.000x002,上颌骨纤维增生
124493,K07.000x004,下颌骨增生
124494,K07.000x007,巨上颌
124495,K07.000x008,小下颌
124496,K07.000x009,小上颌
124497,K07.000x011,颏后缩
124498,K07.000x012,方颏畸形
124499,K07.000x013,颏部畸形
124500,K07.002,巨颌症
124501,K07.003,颌骨发育不全
124502,K07.004,上颌骨骨质增生
124503,K07.005,上颌骨发育不全
124504,K07.006,下颌骨骨质增生
124505,K07.007,下颌发育不全
124506,K07.008,下颌角肥大
124507,K07.009,下颌角肥大伴咬肌肥大
124508,K07.010,小颌畸形
124509,K07.011,小颏畸形
124510,K07.012,唇腭裂术后颌骨发育不全
124511,K07.100,颌-颅底关系异常
124512,K07.100x008,错??畸形骨性I类
124513,K07.100x009,错??畸形骨性Ⅱ类
124514,K07.100x010,错??畸形骨性Ⅲ类
124515,K07.100x011,颏部前突
124516,K07.100x012,上颌前突下颌后缩
124517,K07.100x014,上颌后缩下颌前突
124519,K07.100x016,短面综合征
124521,K07.101,偏颌畸形
124522,K07.102,双突颌畸形
124523,K07.103,上颌后缩
124524,K07.104,上颌前突
124525,K07.105,上下颌前突畸形
124526,K07.106,下颌后缩
124528,K07.108,下颌前突
124529,K07.109,颌后缩
124530,K07.110,颌骨不对称
124531,K07.200,牙弓关系异常
124533,K07.200x002,后牙锁合
124534,K07.200x003,前牙反??
124535,K07.200x005,深覆??
121377,H93.300,听神经疾患
121378,H93.301,听神经炎
121380,H93.800x001,耳廓血肿机化
121381,H93.900,耳疾患
121382,H93.900x001,耳甲腔囊肿
121383,H93.901,耳后肿物
121384,H95.000,乳突切除术后空腔的复发性胆脂瘤
119415,G41.000,癫痫大发作持续状态
119416,G41.000x002,癫痫全面性强直-阵挛发作持续状态
119417,G41.000x003,癫痫阵挛发作持续状态
119418,G41.000x004,癫痫强直性发作持续状态
119419,G41.000x005,癫痫肌阵孪发作持续状态
119420,G41.001,全面性强直阵挛性癫痫持续状态
119421,G41.100,癫痫小发作持续状态
119422,G41.101,失神性癫痫持续状态
119423,G41.200,复杂部分性癫痫持续状态
119424,G41.200x002,癫痫偏侧抽搐状态伴偏侧轻瘫
119425,G41.200x003,边缘叶性癫痫持续状态
120424,H16.803,细菌性角膜炎
120425,H16.804,化脓性角膜炎
120426,H16.805,神经麻痹性角膜炎
120427,H16.900,角膜炎
120428,H17.000,粘连性白斑
120429,H17.100,角膜混浊，其他中心性
120430,H17.800,角膜瘢痕和混浊，其他的
120431,H17.801,角膜白斑
120432,H17.802,角膜云翳
120433,H17.803,角膜斑翳
120434,H17.900,角膜瘢痕和混浊
120435,H17.901,角膜瘢痕
138654,T26.605,结膜酸性烧伤
138655,T26.700,腐蚀伤伴有导致眼球破裂和破坏
138656,T26.700x001,眼部腐蚀伤伴眼球破裂
138657,T26.800,眼和附器其他部位腐蚀伤
138658,T26.800x001,巩膜腐蚀伤
138659,T26.900,眼和附器腐蚀伤
138661,T26.901,眼球酸性烧伤
138662,T26.902,眼球碱性烧伤
138663,T27.000,喉和气管烧伤
138664,T27.000x002,喉部烧伤
138665,T27.000x003,气管烧伤
138667,T27.100x001,喉和气管及肺烧伤
138668,T27.200,呼吸道其他部位的烧伤
138669,T27.200x001,胸腔烧伤
138670,T27.300,呼吸道烧伤
138671,T27.400,喉和气管腐蚀伤
138673,T27.402,气管化学性烧伤
138674,T27.500,累及喉和气管及肺的腐蚀伤
138675,T27.500x001,喉和气管及肺腐蚀伤
138677,T27.600x001,胸腔腐蚀伤
138678,T27.700,呼吸道腐蚀伤
138679,T28.000,口和咽烧伤
138680,T28.000x002,口腔烧伤
138681,T28.000x003,咽部烧伤
138682,T28.100,食管烧伤
138684,T28.200x001,胃部烧伤
138685,T28.200x002,消化道烧伤
138686,T28.300,泌尿生殖器官内部烧伤
138687,T28.300x001,阴道和子宫烧伤
138688,T28.300x002,阴道烧伤
138690,T28.400,内部器官的烧伤，其他和未特指的
137952,T02.800,累及身体其他复合部位的骨折
137953,T02.800x001,身体复合部位的骨折
137954,T02.810,开放性身体特指复合部位骨折
137955,T02.900,多处骨折
137956,T02.910,开放性多发性骨折
137957,T03.000,累及头部伴有颈部的脱位、扭伤和劳损
137958,T03.000x001,头和颈脱位
137959,T03.000x002,头和颈扭伤
137960,T03.000x003,头和颈损伤
137961,T03.100,累及胸部伴有下背和骨盆的脱位、扭伤和劳损
137962,T03.100x001,胸伴下背及骨盆脱位
137963,T03.100x002,胸伴下背及骨盆扭伤
137964,T03.100x003,胸伴下背及骨盆损伤
137965,T03.200,累及上肢多个部位的脱位、扭伤和劳损
137966,T03.200x001,上肢多处脱位
137968,T03.200x003,上肢多处损伤
137969,T03.300,累及下肢多个部位的脱位、扭伤和劳损
137970,T03.300x001,下肢多处脱位
137971,T03.300x002,下肢多处扭伤
137972,T03.300x003,下肢多处损伤
137973,T03.400,累及上肢伴有下肢多个部位的脱位、扭伤和劳损
137974,T03.400x001,上肢和下肢多处脱位
137975,T03.400x002,上肢和下肢多处扭伤
137976,T03.400x003,上肢和下肢多处损伤
137977,T03.800,累及身体其他复合部位的脱位、扭伤和劳损
137978,T03.800x001,身体复合部位的脱位
134750,R21.x00x001,过敏性皮疹
134751,R21.x00x003,痤疮样皮疹
134753,R21.x01,非特异性斑疹
134754,R21.x02,皮疹
134755,R22.000,头部的局部肿胀、肿物和肿块
134756,R22.000x003,面部肿胀
134757,R22.000x004,头部肿胀
134759,R22.002,头皮肿物
134760,R22.003,鼻部肿物
134761,R22.004,颊部肿物
134762,R22.005,面部肿物
134763,R22.006,耳部肿物
119205,G25.400,药物性舞蹈症
119207,G25.500x003,发作性运动诱发性舞蹈手足徐动症(阵发性运动神经源性运动障碍)
119208,G25.500x005,老年性舞蹈病
119210,G25.502,神经棘红细胞增多症
119211,G25.600,药物性抽搐和其他器质性原因的抽搐
119212,G25.600x001,药物性抽搐
119214,G25.800,锥体束外和运动疾患，其他特指的
119215,G25.800x001,不安腿综合征(不宁腿综合征)
119217,G25.800x005,非药物性静坐不能
119218,G25.802,僵人综合征
119219,G25.803,静坐不能（药物引起）（治疗引起）
143210,Z98.800x109,壶腹术后
143211,Z98.800x110,贲门术后
143212,Z98.800x111,胆道术后
143213,Z98.800x112,胆囊术后
143214,Z98.800x114,腹膜术后
143215,Z98.800x115,肝术后
143216,Z98.800x116,空肠术后
143217,Z98.800x117,胰腺术后
143218,Z98.800x118,结肠术后
143219,Z98.800x119,回肠术后
143220,Z98.800x120,肛管术后
143222,Z98.800x122,直肠术后
143223,Z98.800x123,阑尾术后
112690,C21.802,直肠肛门恶性肿瘤
112691,C22.000,肝细胞癌
112692,C22.001,肝恶性细胞瘤
112693,C22.100,肝内胆管癌
112695,C22.200,肝母细胞瘤
112696,C22.300,肝血管肉瘤
112697,C22.301,肝巨噬细胞肉瘤
112698,C22.400,肝的其他肉瘤
112699,C22.700,肝恶性肿瘤，其他特指的
112700,C22.900,肝恶性肿瘤
112701,C23.x00,胆囊恶性肿瘤
112702,C24.000,肝外胆管恶性肿瘤
112703,C24.000x007,肝门胆管恶性肿瘤
112704,C24.001,肝管恶性肿瘤
112705,C24.002,胆管恶性肿瘤
112706,C24.003,胆总管恶性肿瘤
112707,C24.004,胆囊管恶性肿瘤
112708,C24.100,法特壶腹恶性肿瘤
112709,C24.101,法特壶腹周围恶性肿瘤
112710,C24.800,胆道交搭跨越恶性肿瘤的损害
112711,C24.800x001,肝内及肝外胆管恶性肿瘤
112713,C25.000,胰头恶性肿瘤
112714,C25.100,胰体恶性肿瘤
112715,C25.200,胰尾恶性肿瘤
112716,C25.300,胰管恶性肿瘤
112717,C25.400,胰腺内分泌的恶性肿瘤
112719,C25.700,胰其他部位的恶性肿瘤
112720,C25.701,胰颈恶性肿瘤
112721,C25.800,胰交搭跨越恶性肿瘤的损害
112723,C25.801,胰体胰尾部恶性肿瘤
112724,C25.802,胰颈胰体部恶性肿瘤
112725,C25.803,胰头胰颈部恶性肿瘤
112726,C25.900,胰恶性肿瘤
112727,C26.000,肠道部位的恶性肿瘤
112728,C26.100,脾恶性肿瘤
112730,C26.800x001,小肠及结肠恶性肿瘤
113665,C79.800x847,髂窝继发恶性肿瘤
113666,C79.800x862,癌性淋巴管炎
113668,C79.801,口腔继发恶性肿瘤
113670,C79.803,咽继发恶性肿瘤
113671,C79.804,扁桃体继发恶性肿瘤
113672,C79.805,甲状腺继发恶性肿瘤
121386,H95.100,乳突切除术后的其他疾患
121387,H95.101,乳突切除术后空腔肉芽形成
121388,H95.102,乳突切除术后空腔感染
143073,Z92.402,脑肿瘤切除史
143074,Z92.500,康复措施个人史
143075,Z92.600,肿瘤化疗个人史
143076,Z92.800,个人史，其他医疗的
143077,Z92.800x001,电除颤史
143078,Z92.800x002,电复律史
143079,Z92.900,医疗个人史
143080,Z93.000,气管造口状态
143081,Z93.100,胃造口状态
143082,Z93.200,回肠造口状态
143083,Z93.201,空肠造口状态
143084,Z93.300,结肠造口状态
143085,Z93.400,胃肠道的其他人工造口状态
143086,Z93.500,膀胱造口状态
143087,Z93.600,泌尿道的其他人工造口状态
143088,Z93.601,肾造口术状态
143090,Z93.603,尿道造口状态
143091,Z93.800,"人工造口状态,其他的"
143092,Z93.900,人工造口状态
143093,Z94.000,肾移植状态
143094,Z94.001,自体肾移植状态
143095,Z94.002,异体肾移植状态
143096,Z94.100,心脏移植状态
143097,Z94.200,肺移植状态
143098,Z94.300,心和肺移植状态
143099,Z94.300x001,心肺移植状态
143100,Z94.400,肝移植状态
143101,Z94.500,皮肤移植状态
143102,Z94.500x001,自体皮肤移植状态
143103,Z94.500x003,皮管移植状态
143104,Z94.500x004,皮瓣移植状态
143105,Z94.500x005,原皮回植状态
143106,Z94.500x006,皮瓣舒平状态
143107,Z94.500x007,皮瓣延迟状态
143108,Z94.600,骨移植状态
143110,Z94.800,"器官和组织的移植状态,其他的"
143111,Z94.800x004,外周干细胞移植状态
143112,Z94.800x006,外耳移植状态
143114,Z94.800x010,脐血干细胞移植状态
143115,Z94.800x011,自体造血干细胞移植状态
143116,Z94.800x012,造血干细胞移植状态
143117,Z94.801,肠移植状态
143119,Z94.803,胰腺移植状态
143120,Z94.804,干细胞移植状态
143121,Z94.900,器官和组织移植状态
143123,Z95.001,具有心脏起搏器
143124,Z95.002,具有心脏再同步治疗除颤器（CRT-D）
143125,Z95.003,具有心脏再同步治疗起搏器
143126,Z95.004,具有复律除颤器
143128,Z95.101,冠状动脉搭桥术后状态
143129,Z95.200,具有假体心脏瓣膜
143130,Z95.200x002,二尖瓣机械瓣置换状态
138691,T28.401,内部器官烧伤
138692,T28.500,口和咽腐蚀伤
138693,T28.501,口腔黏膜化学性烧伤
138694,T28.502,咽化学性烧伤
138695,T28.600,食管腐蚀伤
138696,T28.700,消化道其他部位的腐蚀伤
138697,T28.700x002,消化道腐蚀伤
138698,T28.701,胃化学性烧伤
138699,T28.702,肠道的腐蚀伤
138700,T28.800,泌尿生殖器官内部腐蚀伤
138701,T28.800x001,阴道和子宫腐蚀伤
138702,T28.800x002,阴道腐蚀伤
138703,T28.800x003,子宫腐蚀伤
138704,T28.900,内部器官的腐蚀伤，其他的
138705,T28.901,内部器官化学性烧伤
138706,T29.000,多个部位烧伤
138707,T29.100,多个部位烧伤，述及的烧伤不超过一度
138708,T29.100x001,多处一度烧伤
135491,S00.800x054,下颚挫伤
135492,S00.800x055,前额挫伤
135493,S00.800x056,颞部挫伤
135494,S00.801,面部软组织挫伤
135495,S00.802,面部擦伤
135496,S00.803,面部挫伤
135497,S00.804,面部浅表异物
135498,S00.900,头部的浅表损伤
135499,S01.000,头皮开放性伤口
135500,S01.000x002,眉弓裂伤
135501,S01.001,头皮裂伤
135502,S01.100,眼睑和眼周区开放性伤口
135504,S01.102,开放性眼睑异物
134694,R16.000x001,肝大
134695,R16.100,脾大，不可归类在他处者
134696,R16.100x001,脾大
134698,R16.200x001,肝脾大
134700,R17.001,感染性高胆红素血症伴黄疸
134701,R17.900,高胆红素血症，不伴黄疸
134702,R17.900x001,非新生儿高胆红素血症
134703,R17.901,高胆红素血症
134705,R18.x00x001,包裹性腹腔积液
134706,R18.x00x003,血性腹水
134707,R18.x00x005,腹腔积液
134709,R19.000,腹腔内和盆腔的肿胀、肿物和肿块
134710,R19.000x003,腹腔假囊肿
134712,R19.000x008,盆腔内广泛性肿块
134713,R19.000x009,脐弥漫性肿胀
134714,R19.000x012,脐广泛性肿块
134715,R19.000x013,腹腔内弥漫性肿胀
134716,R19.000x016,腹腔内广泛性肿块
134718,R19.002,盆腔肿物
134719,R19.003,脐肿物
134720,R19.004,腹部肿胀
134721,R19.100,异常肠鸣音
134722,R19.100x001,肠鸣音亢进
134724,R19.200,可见性蠕动
119220,G25.900,锥体束外和运动疾患
119221,G25.901,锥体外系综合征
119222,G25.902,基底神经节综合征
119223,G25.903,基底节病变
119224,G30.000,阿尔茨海默病伴有早期发病
119225,G30.000x002,家族性阿尔茨海默病（老年前期型）
119226,G30.000x003+F00.0*,阿尔茨海默病性痴呆（老年前期型）
119227,G30.000x004+F00.0*,家族性阿尔茨海默病性痴呆（老年前期型）
119228,G30.100,阿尔茨海默病伴有晚期发病
119229,G30.100x002+F00.1*,家族性阿尔茨海默病性痴呆（老年型）
119230,G30.100x003+F00.1*,阿尔茨海默病性痴呆（老年型）
119231,G30.800,"阿尔茨海默病,其他的"
119232,G30.800x001,阿尔茨海默病（混合型）
119233,G30.800x003+F00.2*,混合性痴呆
119234,G30.801+F00.2*,混合型阿尔茨海默病性痴呆伴幻觉妄想状态
119235,G30.802+F00.2*,混合型阿尔茨海默病性痴呆伴抑郁状态
119236,G30.900,阿尔茨海默病
119237,G30.901+F00.9*,阿尔茨海默病性痴呆
119238,G31.000,局限性脑萎缩
119239,G31.000x003,进行性孤立性失语症
119240,G31.000x005+F02.8*,额颞叶痴呆
119241,G31.000x006+F02.8*,语义性痴呆
119242,G31.001,皮克病
119243,G31.002+F02.0*,皮克病性痴呆
119245,G31.100x007,额颞叶变性
119246,G31.101,老年性脑萎缩
119247,G31.200,酒精性神经系统变性
119248,G31.200x001,慢性酒精中毒性神经系统损害
119249,G31.200x005,酒精性大脑变性
119251,G31.202,酒精性小脑变性
119252,G31.203,酒精中毒性脑病
120205,H02.800x014,内眦移位
120206,H02.800x016,外眦移位
120208,H02.801,眼睑多毛症
120209,H02.802,乱睫
120210,H02.803,眼睑角化病
120211,H02.804,后天性眼睑畸形
120212,H02.805,眼睑结石
120213,H02.806,眼睑水肿
138458,T22.100,肩和上肢一度烧伤，除外腕和手
138459,T22.100x001,肩和上肢一度烧伤
138460,T22.100x002,上肢一度烧伤
138461,T22.100x003,肩部一度烧伤
138463,T22.100x005,臂一度烧伤
138464,T22.100x006,腋一度烧伤
138465,T22.200,肩和上肢二度烧伤，除外腕和手
138466,T22.200x001,肩和上肢二度烧伤
138468,T22.200x003,肩部二度烧伤
113673,C79.806,乳腺继发恶性肿瘤
113674,C79.807,胸腔继发恶性肿瘤
113675,C79.808,心脏继发恶性肿瘤
113676,C79.809,腹腔继发恶性肿瘤
113677,C79.810,膈继发恶性肿瘤
113678,C79.811,盆腔继发恶性肿瘤
113679,C79.812,子宫继发恶性肿瘤
113680,C79.813,附件继发恶性肿瘤
113681,C79.814,阴道继发恶性肿瘤
113682,C79.815,输精管继发恶性肿瘤
113683,C79.816,精囊继发恶性肿瘤
113684,C79.817,睾丸继发恶性肿瘤
113685,C79.818,前列腺继发恶性肿瘤
113686,C79.819,阴囊继发恶性肿瘤
113687,C79.820,阴茎继发恶性肿瘤
113688,C79.821,会阴继发恶性肿瘤
113689,C79.822,外阴继发恶性肿瘤
113690,C79.823,前庭大腺继发恶性肿瘤
110026,A01.001+K77.0*,伤寒性肝炎
110027,A01.002+G01*,伤寒性脑膜炎
110028,A01.003,伤寒杆菌性脓毒症
110029,A01.100,副伤寒甲
110030,A01.200,副伤寒乙
110031,A01.300,副伤寒丙
110032,A01.400,副伤寒
110033,A02.000,沙门菌肠炎
110034,A02.000x005,婴儿沙门菌肠炎
110035,A02.000x006,C群沙门菌肠炎
110036,A02.000x007,B群沙门菌肠炎
110037,A02.000x009,沙门菌小肠炎
110038,A02.000x010,猪霍乱沙门菌肠炎
110039,A02.001,阿哥拉沙门菌肠炎
110040,A02.002,沙门菌伦敦血清型肠炎
110041,A02.003,沙门菌胃肠炎
110042,A02.004,鼠伤寒沙门菌肠炎
110044,A02.100x002,鼠伤寒沙门菌脓毒症
110045,A02.101,猪霍乱沙门菌脓毒症
110046,A02.200,局限性沙门菌感染
110047,A02.201+J17.0*,沙门菌肺炎
110049,A02.203+G01*,沙门菌脑膜炎
110050,A02.204+M90.2*,沙门菌骨髓炎
110051,A02.205+N16.0*,沙门菌性肾小管-间质病变
110052,A02.800,沙门菌感染，其他特指的
110054,A02.900x002,鼠伤寒沙门菌感染
110056,A02.900x004,亚利桑那菌感染
110058,A03.000,志贺痢疾杆菌引起的细菌性痢疾
110059,A03.000x001,痢疾志贺菌痢疾
110060,A03.100,弗氏志贺菌引起的细菌性痢疾
110062,A03.200,波氏志贺菌引起的细菌性痢疾
110063,A03.200x001,鲍氏志贺菌痢疾
110064,A03.300,宋内志贺菌引起的细菌性痢疾
110949,A41.800,脓毒症，其他特指的
143131,Z95.200x003,主动脉瓣机械瓣置换状态
143132,Z95.200x004,三尖瓣机械瓣置换状态
142252,Z43.400x004,胰管内支架维护
142253,Z43.400x005,胆管内支架维护
142254,Z43.401,关闭消化道人工造口
142255,Z43.402,更换胆管引流管
142256,Z43.403,胆道引流术后T管拔管
142257,Z43.500,膀胱造口维护
142258,Z43.600,泌尿道其他人工造口的维护
113630,C79.800x220,子宫内膜继发恶性肿瘤
113631,C79.800x222,子宫附件继发恶性肿瘤
113632,C79.800x223,子宫肌层继发恶性肿瘤
113633,C79.800x228,生殖器官继发恶性肿瘤
113634,C79.800x231,精索继发恶性肿瘤
113635,C79.800x233,附睾继发恶性肿瘤
113636,C79.800x804,躯干继发恶性肿瘤
113637,C79.800x806,头部继发恶性肿瘤
113638,C79.800x807,心包继发恶性肿瘤
113639,C79.800x809,胸壁继发恶性肿瘤
113640,C79.800x811,腋下继发恶性肿瘤
113641,C79.800x812,颌部继发恶性肿瘤
113642,C79.800x813,锁骨上继发恶性肿瘤
113643,C79.800x816,臀部继发恶性肿瘤
113644,C79.800x817,下肢继发恶性肿瘤
113645,C79.800x818,骶尾区继发恶性肿瘤
113646,C79.800x819,腹主动脉继发恶性肿瘤
113647,C79.800x824,悬雍垂继发恶性肿瘤
113649,C79.800x826,臼齿后区继发恶性肿瘤
113650,C79.800x828,鼻咽继发恶性肿瘤
113651,C79.800x829,胸腺继发恶性肿瘤
113652,C79.800x830,血管继发恶性肿瘤
113654,C79.800x833,面部继发恶性肿瘤
113655,C79.800x834,腹股沟继发恶性肿瘤
113656,C79.800x835,上肢继发恶性肿瘤
113657,C79.800x836,肌肉继发恶性肿瘤
113659,C79.800x838,胸导管继发恶性肿瘤
113660,C79.800x839,松果体继发恶性肿瘤
113661,C79.800x840,唇部继发恶性肿瘤
113662,C79.800x843,齿龈继发恶性肿瘤
113664,C79.800x845,颊龈沟继发恶性肿瘤
110645,A18.800x014+K23.0*,食管结核
110646,A18.800x022+M63.0*,上臂内侧横纹肌结核
110648,A18.800x027+M63.0*,腰大肌结核性脓肿
110649,A18.800x028+M63.0*,腰肌结核
110650,A18.800x034+K93.8*,结核性口腔溃疡
110651,A18.801+E35.8*,垂体结核
110652,A18.802+K93.8*,舌结核
134725,R19.200x002,蠕动过强
134726,R19.300,腹强直
134727,R19.400,大便习惯改变
134728,R19.500,大便异常，其他的
134729,R19.500x002,大便颜色异常
134730,R19.500x003,脓血便
134731,R19.500x004,粘液便
134732,R19.501,便潜血
134733,R19.600,口臭
134734,R19.800,累及消化系统和腹部其他特指的症状和体征
134735,R19.800x001,排便困难
134736,R20.000,皮肤感觉缺失
134737,R20.100,皮肤感觉减退
134738,R20.200,皮肤感觉异常
134739,R20.200x002,皮肤针刺感
134741,R20.200x006,皮痛
134742,R20.201,蚁走感
134743,R20.202,偏身感觉异常
134744,R20.300,感觉过敏
134745,R20.800,皮肤感觉障碍，其他和未特指的
134746,R20.801,皮肤感觉障碍
134747,R20.802,口周麻木
134748,R20.803,肢体麻木
134749,R21.x00,皮疹和其他非特异性斑疹
135767,S06.410,开放性硬膜外出血
135768,S06.500,创伤性硬膜下出血
135769,S06.500x002,创伤性硬脑膜下血肿
135770,S06.500x004,急性创伤性硬脑膜下血肿
135771,S06.500x005,亚急性创伤性硬脑膜下出血
135772,S06.500x006,亚急性创伤性硬脑膜下血肿
135773,S06.500x007,慢性创伤性硬脑膜下出血
135774,S06.501,创伤性急性硬膜下出血
135775,S06.502,创伤性慢性硬膜下血肿
135776,S06.510,开放性硬膜下出血
135778,S06.600x002,创伤性蛛网膜下腔血肿
120144,G97.800x006,手术后脑积水
120145,G97.800x008,手术后脑神经损伤
120146,G97.800x009,脑部手术后皮下积液
120148,G97.802,脑血管造影后脑血管痉挛
120149,G97.803,裂隙脑室综合征
120150,G97.900,神经系统的操作后疾患
120152,G98.x00x001,神经系统病变
120153,G98.x00x002,神经系统萎缩
120154,H00.000,睑腺炎和眼睑的其他深部炎症
120155,H00.000x001,眼睑疖肿
120156,H00.001,睑腺炎
120157,H00.002,眼睑脓肿
120158,H00.003,眼睑蜂窝织炎
120159,H00.100,睑板腺囊肿
120161,H01.100,眼睑的非感染性皮肤病
120162,H01.100x003,眼睑变应性皮炎
120163,H01.100x004,眼睑接触性皮炎
120165,H01.100x006,眼睑盘形红斑狼疮性皮炎
120166,H01.100x007,眼睑干皮病
120167,H01.101,眼睑皮炎
138469,T22.200x004,肩胛区二度烧伤
138470,T22.200x005,臂二度烧伤
138471,T22.200x006,腋二度烧伤
138472,T22.300,肩和上肢三度烧伤，除外腕和手
138473,T22.300x001,肩和上肢三度烧伤
138474,T22.300x002,上肢三度烧伤
138475,T22.300x003,肩部三度烧伤
138476,T22.300x004,肩胛区三度烧伤
138477,T22.300x005,臂三度烧伤
138478,T22.300x006,腋三度烧伤
138479,T22.400,肩和上肢的腐蚀伤，除外腕和手
138480,T22.400x001,肩和上肢腐蚀伤
138481,T22.400x002,上肢腐蚀伤
138482,T22.400x003,肩部腐蚀伤
138483,T22.400x004,肩胛区腐蚀伤
138484,T22.400x005,臂腐蚀伤
138485,T22.400x006,腋腐蚀伤
138486,T22.500,肩和上肢一度腐蚀伤，除外腕和手
138487,T22.500x001,肩和上肢一度腐蚀伤
138488,T22.500x002,上肢一度腐蚀伤
138489,T22.500x003,肩部一度腐蚀伤
138490,T22.500x004,肩胛区一度腐蚀伤
138491,T22.500x005,臂一度腐蚀伤
138492,T22.500x006,腋一度腐蚀伤
138493,T22.600,肩和上肢二度腐蚀伤，除外腕和手
138494,T22.600x001,肩和上肢二度腐蚀伤
138495,T22.600x002,上肢二度腐蚀伤
138496,T22.600x003,肩部二度腐蚀伤
138497,T22.600x004,肩胛区二度腐蚀伤
138498,T22.600x005,臂二度腐蚀伤
138499,T22.600x006,腋二度腐蚀伤
138502,T22.700x002,上肢三度腐蚀伤
138503,T22.700x003,肩部三度腐蚀伤
138504,T22.700x004,肩胛区三度腐蚀伤
138505,T22.700x005,臂三度腐蚀伤
138507,T23.000,腕和手未特指程度的烧伤
138508,T23.000x001,腕和手烧伤
138509,T23.000x002,腕部烧伤
135308,R86.300,男性生殖器官标本的主要为非药用性物质的水平异常
135309,R86.400,男性生殖器官标本的异常的免疫学所见
135310,R86.500,男性生殖器官标本的异常的微生物学所见
135311,R86.600,男性生殖器官标本的异常的细胞学所见
135312,R86.700,男性生殖器官标本的异常的组织学所见
135314,R86.900,男性生殖器官标本的异常所见
138719,T29.700x001,多处三度腐蚀伤
138722,T30.200,二度烧伤
138723,T30.300,三度烧伤
138724,T30.400,身体腐蚀伤
110951,A41.801,枯草杆菌脓毒症
110952,A41.802,类酵母菌脓毒症
110953,A41.803,新型隐球菌脓毒症
110954,A41.804,真菌脓毒症
110955,A41.805,革兰阳性菌脓毒症
110956,A41.806,微球菌属性脓毒症
110957,A41.807,肠球菌性脓毒症
110958,A41.900,脓毒症
110959,A41.900x004,内毒素血症
110961,A41.904+N16.0*,脓毒症性肾小管-间质病变
110962,A42.000,肺放线菌病
110963,A42.100,腹放线菌病
110964,A42.200,颈面部放线菌病
110965,A42.200x002,颌骨放线菌病
110966,A42.700,放线菌病性脓毒症
110967,A42.800,放线菌病，其他形式的
110968,A42.800x002,放线菌皮肤感染
110969,A42.800x003+G01*,放线菌脑膜炎
110970,A42.801,涎腺放线菌病
110971,A42.802,乳腺放线菌病
110972,A42.803,肝放线菌病
110973,A42.804,盆腔放线菌病
110974,A42.805,阴道放线菌病
124550,K07.300x008,第一恒磨牙异位萌出
124551,K07.300x009,牙的病理性移位
124552,K07.301,牙错位
124553,K07.302,牙列不齐
124554,K07.303,牙体缺损
124555,K07.304,牙拥挤
124556,K07.305,异位牙
124557,K07.400,错??畸形
124558,K07.400x001,错??畸形
124559,K07.500,牙面功能异常
124560,K07.500x002,颌骨闭合异常
124561,K07.600,颞下颌关节疾患
124563,K07.600x003,颞下颌关节强直
124564,K07.601,陈旧性颞下颌关节脱位
124565,K07.602,颞颌关节综合征
124566,K07.603,颞颌关节骨关节病
124567,K07.604,颞颌关节炎
124569,K07.800x001,颜面部缺损
124570,K07.900,牙面畸形
124571,K07.901,下颌畸形
124572,K07.902,颌骨畸形
124573,K07.903,颌骨先天畸形
124575,K08.100,意外事故、拔除或局部牙周病引起的牙缺失
124576,K08.101,单颌牙列缺失
124577,K08.102,外伤性牙齿缺失
124578,K08.103,后天性牙齿缺失
124581,K08.201,无牙牙槽突萎缩
124582,K08.202,牙槽骨萎缩
124583,K08.203,牙槽嵴萎缩
124584,K08.204,牙槽突萎缩
124585,K08.300,牙根滞留
124587,K08.302,残冠
124588,K08.800,牙及支持结构疾患，其他特指的
124589,K08.801,牙痛
124590,K08.802,牙槽嵴裂
110654,A18.804+K93.8*,腮腺结核
110655,A18.805+K93.8*,颌下腺结核
110656,A18.806+E35.0*,甲状腺结核
110657,A18.807+K23.0*,结核性食管炎
110658,A18.808+I32.0*,结核性心包炎
110659,A18.809+I32.0*,结核性心包积液
110660,A18.810+M63.0*,胸大肌结核
110661,A18.811,乳腺结核
110662,A18.812+K93.8*,胃结核
110663,A18.813+D77*,脾结核
110664,A18.814+K77.0*,肝结核
110665,A18.815+K87.0*,胆管结核
110666,A18.816+K87.0*,胆囊结核
110667,A18.817+K87.1*,胰腺结核
110668,A18.818+I79.8*,结核性腹主动脉炎
113870,C88.000x011,巨球蛋白血症伴缓解
113871,C88.000x012,高粘滞综合征伴缓解
113872,C88.200,其他重链病
113873,C88.200x011,γ重链病伴缓解
113874,C88.200x012,富兰克林病伴缓解
113875,C88.201,富兰克林病
113876,C88.202,γ重链病
113877,C88.203,Mμ重链病
113878,C88.300,免疫增生性小肠病
113879,C88.301,地中海淋巴瘤
113880,C88.302,α重链病
113881,C88.400,MALT-淋巴瘤
113882,C88.401,与黏膜有关的淋巴样组织淋巴瘤
113883,C88.402,与支气管有关的淋巴样组织淋巴瘤
113884,C88.403,与皮肤有关的淋巴样组织淋巴瘤
113885,C88.700,恶性免疫增生性疾病，其他的
113886,C88.700x002,重链病
113887,C88.700x003,μ重链病
113889,C88.700x013,μ重链病伴缓解
113890,C88.701,血管中心性免疫增生性病变，恶性
113891,C88.900,恶性免疫增生性疾病
113893,C90.000,多发性骨髓瘤
113894,C90.000x004,卡勒病
113896,C90.000x008+M90.6*,多发性骨髓瘤引起的变形性骨炎
113897,C90.000x009,多发性骨髓瘤髓外浸润
113898,C90.000x011,多发性骨髓瘤伴缓解
113899,C90.000x012,浆细胞性骨髓瘤伴缓解
113901,C90.000x021,多发性骨髓瘤（IgGλ型）
113902,C90.000x022,多发性骨髓瘤（IgGк型）
113903,C90.000x023,多发性骨髓瘤（轻链λ型）
113905,C90.000x025,多发性骨髓瘤（无分泌型）
110891,A37.901+J17.0*,百日咳肺炎
110892,A38.x00,猩红热
110893,A38.x00x002+I41.0*,猩红热并发急性心肌炎
110894,A38.x00x010,猩红热轻型
120169,H01.801,眼睑瘘
120170,H01.802,眼睑肉芽肿
120171,H01.900,眼睑炎症
120172,H01.901,眼睑炎性假瘤
120173,H02.000,睑内翻和倒睫
120174,H02.000x004,瘢痕性睑内翻
120175,H02.001,先天性倒睫
120176,H02.002,瘢痕性倒睫
120177,H02.003,睑内翻
120178,H02.004,倒睫
120179,H02.100,睑外翻
120180,H02.101,麻痹性睑外翻
120181,H02.102,瘢痕性睑外翻
120182,H02.103,老年性睑外翻
120183,H02.200,兔眼
120184,H02.300,眼睑皮肤松弛症
120185,H02.300x004,下睑袋
120186,H02.301,眼睑皮赘
120187,H02.400,上睑下垂
120188,H02.500,影响眼睑功能的其他疾患
120189,H02.500x008,睑板腺功能障碍
120190,H02.501,睑裂狭小
120191,H02.502,睑缘粘连
120192,H02.503,眼睑退缩
120193,H02.504,眼睑粘连性瘢痕
120194,H02.506,眼睑闭锁
120195,H02.600,睑黄斑瘤
120196,H02.700,眼睑和眼周区域的其他变性性疾患
120197,H02.700x001,睑板腺脂肪变性
120198,H02.700x008,眼睑白癜风
120199,H02.702,眼睑萎缩
120200,H02.703,眼睑坏死
120201,H02.704,眼睑黄褐斑
120202,H02.705,眼睑睫毛脱落
120203,H02.800,眼睑其他特指的疾患
117317,E29.100x002,男性性腺功能低下
117318,E29.100x004,睾丸雄激素生物合成障碍
117320,E29.102,继发性睾丸功能减退症
117321,E29.103,幼稚型睾丸
117322,E29.104,高促性腺激素性性腺功能减退症
117323,E29.105,5α-还原酶缺陷症
117325,E29.800,睾丸功能障碍，其他的
120437,H18.000,角膜色素沉着和沉着物
120438,H18.000x004,角膜Kayser-Fleischer环(凯泽-弗莱舍尔环)
120440,H18.000x006,施特里线
120441,H18.001,角膜沉着物
120443,H18.003,角膜血染
120444,H18.100,大泡性角膜病变
120445,H18.200,角膜水肿，其他的
120447,H18.300x001,特塞梅特膜皱折
120448,H18.300x002,特塞梅特膜破裂
120449,H18.400,角膜变性
120450,H18.400x003,角膜角化病
120452,H18.401,角膜老年环
120453,H18.402,带状角膜病变
120454,H18.403,Salzmann结节状角膜变性
120455,H18.404,边缘性角膜变性
120456,H18.405,滴状角膜
138726,T30.600,二度腐蚀伤
138727,T30.700,三度腐蚀伤
138728,T31.000,累及体表10%以下的烧伤
138729,T31.100,累及体表10%~19%的烧伤
138730,T31.200,累及体表20%~29%的烧伤
138731,T31.300,累及体表30%~39%的烧伤
138732,T31.400,累及体表40%~49%的烧伤
138733,T31.500,累及体表50%~59%的烧伤
138734,T31.600,累及体表60%~69%的烧伤
138735,T31.700,累及体表70%~79%的烧伤
138736,T31.800,累及体表80%~89%的烧伤
138737,T31.900,累及体表90%及以上的烧伤
138738,T32.000,累及体表10%以下的腐蚀伤
138739,T32.100,累及体表10%~19%的腐蚀伤
138740,T32.200,累及体表20%~29%的腐蚀伤
138741,T32.300,累及体表30%~39%的腐蚀伤
138742,T32.400,累及体表40%~49%的腐蚀伤
138743,T32.500,累及体表50%~59%的腐蚀伤
138744,T32.600,累及体表60%~69%的腐蚀伤
138745,T32.700,累及体表70%~79%的腐蚀伤
138746,T32.800,累及体表80%~89%的腐蚀伤
138747,T32.900,累及体表90%及以上的腐蚀伤
138748,T33.000,头部浅表冻伤
138749,T33.100,颈部浅表冻伤
138750,T33.200,胸部浅表冻伤
138751,T33.300,腹壁、下背和骨盆浅表冻伤
138752,T33.300x001,腹壁浅表冻伤
138753,T33.300x002,背部浅表冻伤
138754,T33.300x003,骨盆浅表冻伤
138757,T33.500x002,腕部浅表冻伤
138758,T33.500x003,手部浅表冻伤
138759,T33.600,髋和大腿浅表冻伤
138760,T33.600x002,髋部浅表冻伤
138762,T33.700,膝和小腿浅表冻伤
138763,T33.700x002,膝部浅表冻伤
138764,T33.700x003,小腿浅表冻伤
138765,T33.800,踝和足浅表冻伤
138766,T33.800x002,踝部浅表冻伤
138768,T33.900,浅表冻伤，其他和未特指部位的
138769,T33.900x003,躯干浅表冻伤
138770,T33.901,浅表冻伤
138771,T34.000,头部冻伤伴有组织坏死
135559,S02.001,额骨骨折
135560,S02.002,顶骨骨折
135561,S02.011,开放性额骨骨折
135562,S02.012,开放性顶骨骨折
135563,S02.100,颅底骨骨折
135564,S02.100x002,前颅凹骨折
135566,S02.100x004,后颅凹骨折
135567,S02.100x006,眶顶骨折
135568,S02.100x008,额窦骨折
135569,S02.100x009,蝶骨骨折
135570,S02.101,枕骨骨折
124591,K08.803,牙槽突不齐
124592,K08.804,牙槽嵴黏膜角化过度
124593,K08.805,牙槽突裂
124594,K08.806,牙槽出血
124595,K08.807,牙槽隐性裂
124596,K08.808,牙槽嵴增大
124597,K08.809,牙槽骨缺损
124598,K08.900,牙及支持结构疾患
124599,K09.000,发育性牙源性囊肿
124600,K09.000x005,颌骨发育性牙源性囊肿
124601,K09.000x007,颌骨始基囊肿
124602,K09.001,含牙囊肿
124603,K09.002,萌牙囊肿
124604,K09.003,牙龈囊肿
124605,K09.004,颌骨含牙囊肿
124606,K09.005,始基囊肿
124607,K09.100,口区发育性（非牙源性）囊肿
124608,K09.100x001,腭骨囊肿
121436,I08.000x004,风湿性二尖瓣关闭不全伴主动脉瓣狭窄关闭不全
121437,I08.000x005,风湿性二尖瓣狭窄伴主动脉瓣狭窄关闭不全
121438,I08.000x006,风湿性二尖瓣狭窄关闭不全伴主动脉瓣关闭不全
121440,I08.000x008,风湿性二尖瓣及主动脉瓣狭窄伴关闭不全
121441,I08.000x009,风湿性二尖瓣及主动脉瓣狭窄
121442,I08.000x010,风湿性二尖瓣狭窄关闭不全伴主动脉瓣狭窄
121443,I08.001,二尖瓣狭窄伴主动脉瓣关闭不全
143224,Z98.800x124,十二指肠术后
143225,Z98.800x201,输尿管术后
143226,Z98.800x202,尿道术后
143228,Z98.800x205,前列腺术后
143229,Z98.800x208,阴茎术后
143230,Z98.800x209,睾丸术后
143231,Z98.800x210,肾术后
143233,Z98.800x302,子宫术后
143234,Z98.800x303,卵巢术后
143235,Z98.800x305,盆腔术后
143236,Z98.800x306,葡萄胎术后
143237,Z98.800x307,前庭大腺术后
143239,Z98.800x309,输卵管术后
143240,Z98.800x310,引产术后
143241,Z98.800x311,外阴术后
143242,Z98.800x312,药物流产术后
143244,Z98.800x315,输卵管假体置入术后
143245,Z98.800x316,左侧输卵管绝育术后
143246,Z98.800x317,右侧输卵管绝育术后
143247,Z98.800x318,双侧输卵管绝育术后
143249,Z98.800x401,动静脉畸形栓塞术后
143250,Z98.800x402,动脉狭窄扩张成型术后
143251,Z98.800x403,冠状动脉造影术后
143252,Z98.800x404,静脉曲张术后
143254,Z98.800x406,二尖瓣球囊扩张术后
143255,Z98.800x407,法洛四联症术后
110896,A38.x00x012,猩红热脓毒型
110897,A38.x00x013,猩红热外科型
110898,A38.x00x014,猩红热产科型
110899,A39.000+G01*,脑膜炎球菌性脑膜炎
110900,A39.000x004+G01*,双球菌性脑膜炎
110901,A39.000x005+G01*,脑膜炎球菌性蛛网膜炎
110902,A39.000x006+G01*,流行性脑脊髓膜炎轻型
110903,A39.000x007+G01*,流行性脑脊髓膜炎普通型
110904,A39.000x008+G01*,流行性脑脊髓膜炎暴发型
110905,A39.001+G01*,普通型流行性脑脊髓膜炎
110906,A39.002+G01*,暴发型流行性脑脊髓膜炎
110907,A39.003+G01*,流行性脑脊髓膜炎
110908,A39.100+E35.1*,沃-弗综合征
110909,A39.200,急性脑膜炎球菌血症
110910,A39.300,慢性脑膜炎球菌血症
110911,A39.400,脑膜炎球菌血症
110912,A39.500,脑膜炎球菌性心脏病
110913,A39.501+I32.0*,脑膜炎球菌性心包炎
121389,H95.800,耳和乳突的其他操作后疾患
121390,H95.900,耳和乳突的操作后疾患操作后并发症
121391,H95.900x001,鼓室成形术后操作后疾患
121392,H95.900x002,乳突根治术后操作后疾患
121393,I00.x00,风湿热，未提及心脏受累
121394,I00.x00x004,急性风湿热
121395,I00.x00x005,急性风湿性关节炎
121396,I00.x00x007+J17.8*,风湿性肺炎
121398,I01.000,急性风湿性心包炎
121399,I01.100,急性风湿性心内膜炎
121400,I01.200,急性风湿性心肌炎
121403,I01.900,急性风湿性心脏病
121404,I02.000,风湿性舞蹈症伴有心脏受累
121405,I02.000x001,风湿性舞蹈病伴急性风湿性心脏病
121407,I02.900x001,风湿性舞蹈症(小舞蹈症)
121408,I02.900x003,慢性风湿性舞蹈症
121409,I05.000,二尖瓣狭窄
121410,I05.000x001,风湿性二尖瓣狭窄
121411,I05.100,风湿性二尖瓣关闭不全
121413,I05.200x001,风湿性二尖瓣狭窄伴关闭不全
121414,I05.800,二尖瓣疾病，其他的
121415,I05.900,二尖瓣疾病
121416,I05.900x001,风湿性二尖瓣病
121418,I06.100,风湿性主动脉瓣关闭不全
121419,I06.200,风湿性主动脉瓣狭窄伴有关闭不全
121420,I06.800,风湿性主动脉瓣疾病，其他的
121422,I06.900,风湿性主动脉瓣疾病
121423,I07.000,三尖瓣狭窄
121424,I07.000x001,风湿性三尖瓣狭窄
120457,H18.500,遗传性角膜营养不良
120458,H18.500x005,颗粒状角膜基质营养不良
120459,H18.500x007,斑状角膜营养不良
120460,H18.501,上皮基底膜营养不良
120461,H18.502,角膜营养不良
120462,H18.504,格子状角膜营养不良
120463,H18.506,Fuchs角膜内皮营养不良
120464,H18.600,圆锥角膜
120465,H18.700,角膜畸形，其他的
120466,H18.700x005,角膜突出
120467,H18.701,角膜葡萄肿
120468,H18.702,角膜后弹性层膨出
120469,H18.800,角膜其他特指的疾患
120470,H18.800x005,角膜切口瘘
120471,H18.800x007,角膜炎性肿物
120472,H18.800x009,角膜上皮损伤
120473,H18.800x012,角膜知觉减退
120474,H18.800x014,角膜内皮炎
120475,H18.801,角膜溶解
120476,H18.802,角膜囊肿
120477,H18.803,角膜干燥症
120478,H18.804,复发性角膜糜烂
120479,H18.805,角膜皮赘
120480,H18.806,角膜上皮脱落
120481,H18.807,角膜结膜化
120482,H18.808,角膜内皮失代偿
120483,H18.900,角膜疾患
120484,H18.901,角膜肿物
120485,H20.000,急性和亚急性虹膜睫状体炎
120486,H20.000x003,前房积脓
120487,H20.000x004,急性虹膜睫状体炎
120488,H20.001,亚急性虹膜睫状体炎
120490,H20.003,变态反应性虹膜睫状体炎
120491,H20.004,前房积脓性虹膜睫状体炎
120492,H20.100,慢性虹膜睫状体炎
117571,E71.300x011,肾上腺脑白质营养不良(Addison-Schilder综合征)
117572,E71.301,肾上腺脑白质营养不良
117573,E71.302,原发性肉碱缺乏症
117574,E71.303,肾上腺脊髓周围神经病
117576,E71.305,极长链酰基辅酶A脱氢酶缺陷症
117577,E71.307,中链酰基辅酶A脱氢酶缺乏症
117578,E71.308,极长链酰基辅酶A脱氢酶缺乏症
135505,S01.103,眶部裂伤
135507,S01.200x011,鼻表皮开放性损伤
135508,S01.200x021,鼻孔开放性损伤
135509,S01.200x031,鼻中隔开放性损伤
135511,S01.200x092,创伤性鼻部缺损
135512,S01.300,耳开放性伤口
135513,S01.300x002,耳道开放性损伤
135514,S01.300x011,外耳耳翼开放性损伤
135515,S01.300x012,耳廓开放性损伤
135516,S01.300x031,耳屏开放性损伤
135518,S01.300x061,听小骨开放性损伤
134764,R22.100,颈部的局部肿胀、肿物和肿块
134765,R22.100x001,颈部肿物
134766,R22.100x002,颈部肿胀
134767,R22.200,躯干的局部肿胀、肿物和肿块
134768,R22.200x001,躯干肿胀
134769,R22.200x002,躯干肿物
134770,R22.200x004,胸部肿物
134771,R22.202,胸壁肿物
134772,R22.203,腹壁肿物
134773,R22.204,腹股沟肿物
134774,R22.205,背部肿物
134775,R22.206,骶尾部肿物
134776,R22.207,臀部肿物
134777,R22.300,上肢的局部肿胀、肿物和肿块
134778,R22.300x001,上肢肿物
134779,R22.300x002,手肿物
134780,R22.302,肩部肿物
134781,R22.400,下肢的局部肿胀、肿物和肿块
134782,R22.400x002,下肢肿物
134783,R22.400x003,足肿物
134785,R22.700,多部位的局部肿胀、肿物和肿块
134786,R22.700x001,多部位肿胀
134787,R22.700x002,多部位肿物
134788,R22.900,局部肿胀、肿物和肿块
134789,R22.901,局部肿物
134790,R22.902,皮下肿物
134791,R22.903,皮肤肿物
134792,R22.904,皮下结节
134793,R23.000,发绀(紫绀)
134794,R23.100,苍白
134795,R23.100x002,皮肤湿冷
134796,R23.101,网状青斑症
134797,R23.200,发红
134798,R23.200x002,皮肤潮红
134799,R23.300,自发性瘀斑
134800,R23.300x003,出血斑点
134801,R23.301,皮下出血
134802,R23.400,皮肤质地的改变
134804,R23.400x003,皮肤脱屑
134805,R23.401,皮肤硬结
134806,R23.800,皮肤改变，其他和未特指的
134807,R23.800x001,丘疹
134809,R23.801,皮肤改变
134810,R25.000,异常的头部运动
134811,R25.001,发作性点头症
134812,R25.100,震颤
134813,R25.100x001,下肢震颤
134814,R25.100x002,上肢震颤
134815,R25.100x003,头部震颤
134817,R25.200x001,痛性痉挛
134818,R25.200x002,痉挛
134819,R25.200x004,痉挛0级
134820,R25.200x005,痉挛1级
134821,R25.200x006,痉挛1+级
135832,S09.800x003,创伤性鼻窦积血
135833,S09.801,创伤性鼻中隔血肿
135834,S09.900,头部的损伤
135836,S09.901,面部损伤
135837,S09.902,眉部损伤
135838,S09.903,鼻损伤
143256,Z98.800x408,室间隔缺损修补术后
143257,Z98.800x409,二尖瓣成形术后
143258,Z98.800x410,心内膜垫缺损修补术后
143259,Z98.800x411,房间隔缺损修补术后
143260,Z98.800x412,肺动脉瓣球囊扩张术后
143261,Z98.800x413,三尖瓣成形术后
143262,Z98.800x414,主动脉瓣成形术后
143263,Z98.800x416,动脉导管结扎术后
142359,Z47.800x019,整形外科术后随诊医疗
142360,Z47.800x020,尿道术后随诊医疗
142361,Z47.800x021,阴道英捷尔法勒注射术后随诊医疗
142362,Z47.800x022,阴茎再造术后随诊医疗
142363,Z47.800x023,面部除皱术后随诊医疗
142364,Z47.800x024,颏英捷尔法勒注射术后随诊医疗
142365,Z47.800x025,颌骨手术后随诊医疗
142366,Z47.800x026,皮肤英捷尔法勒注射后随诊医疗
142367,Z47.800x027,脂肪注射术后随诊医疗
142368,Z47.800x028,皮管成形术后随诊医疗
142369,Z47.800x029,乳房人工材料注射术后随诊医疗
142370,Z47.800x030,颧骨截骨术后随诊医疗
142371,Z47.800x031,皮肤奥美定注射术后随诊医疗
142372,Z47.800x032,外耳义耳植入术后随诊医疗
142373,Z47.800x033,上颌后缩截骨牵引术后随诊医疗
142374,Z47.800x034,骨固定装置植入术后随诊医疗
142376,Z47.800x036,扩张器植入术后随诊医疗
142378,Z47.802,检查外固定装置
142379,Z47.803,取除外固定装置
113691,C79.824,直肠阴道隔继发恶性肿瘤
113692,C79.825,垂体继发恶性肿瘤
113694,C79.827,结缔组织继发恶性肿瘤
113695,C79.828,神经节继发恶性肿瘤
113696,C79.829,骶尾部继发恶性肿瘤
113697,C79.830,颌下腺继发恶性肿瘤
113699,C79.832,拉特克囊继发恶性肿瘤
113700,C79.833,纳博特腺继发恶性肿瘤
113701,C79.834,颈部继发性恶性肿瘤
113702,C79.835,舌下腺继发恶性肿瘤
113704,C79.900x001,广泛转移性恶性肿瘤
113705,C80.000,恶性肿瘤
113706,C80.000x001,恶性肿瘤复发
113707,C80.000x002+G13.1*,癌性脑白质病
113708,C80.000x003+G13.1*,癌性脑病
113710,C80.002+G63.1*,恶性肿瘤性周围神经病
113711,C80.004+G73.1*,伊顿-兰伯特综合征
113713,C80.901,癌，未特指
113714,C80.902,恶性上皮肿瘤，未特指
113715,C80.903,恶性肿瘤，未特指
117504,E65.x00x010,肩部脂肪增多症
118390,F23.002,周期性精神病
118391,F23.100,伴有精神分裂症症状的急性多形性精神病性障碍
118392,F23.200,急性精神分裂症样精神病性障碍
118393,F23.200x003,"急性精神分裂样精神病性障碍,不伴急性应激反应"
118394,F23.200x011,"急性精神分裂样精神病性障碍,伴有急性应激反应"
118395,F23.300,急性精神病性障碍，其他以妄想为主的
118396,F23.300x001,偏执性反应
136446,S35.401,创伤性肾静脉破裂
136447,S35.402,创伤性肾动脉破裂
136448,S35.500,髂血管损伤
136449,S35.500x001,髂动脉损伤
136450,S35.500x002,创伤性髂总动脉血栓形成
136451,S35.500x003,创伤性髂动静脉瘘
136452,S35.500x004,髂静脉损伤
136453,S35.500x005,子宫动脉损伤
136454,S35.500x006,子宫静脉损伤
136455,S35.500x007,下腹动脉损伤
136456,S35.500x008,下腹静脉损伤
136457,S35.501,创伤性髂动脉破裂
136458,S35.502,创伤性髂静脉破裂
136459,S35.503,创伤性子宫动静脉破裂
136460,S35.700,在腹、下背和骨盆水平的多处血管损伤
136461,S35.700x001,腹部和下背及骨盆多处血管损伤
136462,S35.700x003,骶前静脉丛损伤
136463,S35.700x004,肠系膜血管损伤
136465,S35.800,在腹、下背和骨盆水平的其他血管损伤
136466,S35.800x001,卵巢动脉损伤
136468,S35.801,卵巢动静脉损伤
136469,S35.900,在腹、下背和骨盆水平的血管的损伤
136470,S35.900x001,腹部血管损伤
136471,S35.901,下背血管损伤
136473,S35.903,创伤性肠系膜血管损伤
136474,S36.000,脾损伤
136475,S36.000x021,脾被膜撕裂
136476,S36.000x031,脾撕裂伴软组织损伤
136478,S36.001,创伤性脾血肿
136479,S36.002,创伤性脾破裂
136480,S36.011,开放性脾破裂
136481,S36.100,肝或胆囊损伤
136483,S36.100x011,肝挫伤
136484,S36.100x013,创伤性肝血肿
136485,S36.100x021,肝撕裂伤
136486,S36.100x031,肝轻度撕裂伤
136488,S36.100x051,肝重度撕裂伤
136489,S36.100x081,胆管损伤
136490,S36.101,胆囊损伤
136491,S36.102,创伤性肝破裂
136492,S36.103,创伤性胆总管破裂
136493,S36.110,开放性肝破裂
136495,S36.112,开放性胆管损伤
138117,T13.200x002,下肢关节脱位
138118,T13.200x003,下肢韧带脱位
138119,T13.200x005,下肢关节扭伤
138120,T13.200x006,下肢韧带扭伤
138121,T13.200x007,下肢关节和韧带损伤
138122,T13.200x008,下肢关节损伤
138123,T13.200x009,下肢韧带损伤
138124,T13.201,下肢关节和韧带脱位
138125,T13.202,下肢关节和韧带扭伤
138126,T13.203,下肢关节和韧带劳损
138127,T13.300,下肢神经的损伤
138128,T13.400,下肢血管的损伤
138129,T13.500,下肢肌肉和肌腱的损伤
138130,T13.501,下肢肌肉损伤
138131,T13.502,下肢肌腱损伤
138132,T13.600,下肢创伤性切断
138133,T13.800,下肢其他特指的损伤
138134,T13.900,下肢损伤
138135,T14.000,浅表损伤
138136,T14.000x003,冲浪运动员结节
138137,T14.000x011,身体浅表擦伤
138138,T14.000x021,身体浅表水疱
138140,T14.000x041,身体浅表异物
138141,T14.001,皮肤挫伤
138142,T14.002,无毒蜘蛛咬伤
138143,T14.003,皮下血肿
138144,T14.100,开放性伤口
138145,T14.101,皮肤裂伤
138146,T14.200,身体骨折
138147,T14.210,开放性骨折
138148,T14.300,脱位、扭伤和劳损
138149,T14.400,神经损伤
138150,T14.500,血管损伤
138151,T14.501,创伤性动脉瘤
138152,T14.600,肌腱和肌肉损伤
138153,T14.601,肌腱损伤
138154,T14.602,肌肉损伤
138155,T14.700,挤压伤和创伤性切断
138156,T14.701,挤压伤
138158,T14.800,其他损伤
138159,T14.900,损伤
138160,T15.000,角膜异物
138161,T15.100,结合膜囊异物
138162,T15.100x001,结膜异物
138164,T15.800,外眼其他和多处部位内异物
138165,T15.800x001,眼球异物
138166,T15.800x002,泪点内异物
138168,T15.900,外眼异物
138169,T16.x00,耳内异物
138170,T16.x00x001,耳道异物
138171,T16.x00x002,中耳异物
138172,T17.000,鼻窦内异物
138173,T17.001,上颌窦异物
138175,T17.100,鼻孔内异物
134971,R47.100x001,构音障碍
134972,R47.100x002,言语讷吃
134973,R47.101,构音不全
134975,R47.801,言语不清
134976,R47.802,言语障碍
134977,R48.000,诵读困难和失读（症）
128455,M70.600x001,转子腱炎
128456,M70.700,髋的其他滑囊炎
128457,M70.700x002,髂耻滑囊炎
128458,M70.701,坐骨滑囊炎
128459,M70.702,大粗隆滑囊炎
128460,M70.800,与使用、过度使用和压迫有关的其他软组织疾患
128461,M70.800x001,手指滑囊炎
128462,M70.900,与使用、过度使用和压迫有关的软组织疾患
128463,M70.901,体位性劳损
128464,M70.902,职业性滑囊炎
128465,M71.000,黏液囊脓肿
128466,M71.001,肩区黏液囊脓肿
129442,N11.100,慢性梗阻性肾盂肾炎
129443,N11.800,慢性肾小管-间质肾炎，其他的
129444,N11.800x002,免疫相关的慢性间质性肾炎
129445,N11.800x003,代谢异常相关的慢性间质性肾炎
129446,N11.801,非梗阻性慢性肾盂肾炎
129447,N11.802,黄色肉芽肿性肾盂肾炎
129448,N11.900,慢性肾小管-间质肾炎
129449,N11.900x001,慢性肾盂肾炎
129450,N11.900x003,慢性肾盂炎
127654,M24.411,复发性膝关节脱位
127655,M24.412,复发性膝关节不全脱位
127656,M24.414,复发性踝关节脱位
127657,M24.415,复发性踝关节不全脱位
127658,M24.416,关节习惯性脱位
127659,M24.417,关节习惯性不全脱位
127660,M24.500,关节挛缩
127661,M24.500x001,多发关节挛缩
127662,M24.501,髋关节挛缩
127663,M24.502,膝关节挛缩
127664,M24.503,踝关节挛缩
127666,M24.601,多发性关节强硬
127667,M24.602,肩关节强硬
127668,M24.603,肘关节强硬
127669,M24.604,腕关节强硬
127671,M24.606,髋关节强硬
127672,M24.607,膝关节强硬
127673,M24.608,踝关节强硬
127674,M24.609,关节骨性强硬
127675,M24.610,关节纤维变性
127677,M24.701,髋关节内陷
127678,M24.800,关节紊乱，其他特指的不可归类在他处者
127679,M24.800x052,髋关节撞击综合征
127681,M24.802,肩关节粘连
127682,M24.803,陈旧性肘关节脱位
127683,M24.804,肘关节粘连
127684,M24.805,陈旧性腕关节脱位
127686,M24.807,陈旧性髋关节脱位
127687,M24.808,陈旧性膝关节脱位
127688,M24.810,陈旧性踝关节脱位
127689,M24.811,关节粘连
127692,M24.900x052,骶髂关节紊乱
127693,M24.901,肩关节紊乱
127694,M24.902,肘关节紊乱
136672,S40.700,肩和上臂多处浅表损伤
136673,S40.701,肩臂多处挫伤
136674,S40.800,肩和上臂其他浅表损伤
136675,S40.800x011,肩部擦伤
136676,S40.800x012,上臂擦伤
136677,S40.800x021,肩部水泡
136678,S40.800x022,上臂水泡
136679,S40.800x031,肩部虫咬伤
136680,S40.800x032,上臂虫咬伤
136681,S40.800x041,肩部浅表异物
136682,S40.800x042,上臂浅表异物
136683,S40.900,肩和上臂的浅表损伤
136684,S41.000,肩开放性伤口
136685,S41.000x002,肩胛带开放性损伤
136686,S41.100,上臂开放性伤口
136688,S41.800,肩胛带其他和未特指部位的开放性伤口
136689,S41.800x001,腋窝开放性损伤
136690,S41.800x011,肩部开放性损伤伴骨折
136691,S41.800x012,上臂开放性损伤伴骨折
136692,S41.800x021,肩部开放性损伤伴脱位
136693,S41.800x022,上臂开放性损伤伴脱位
136694,S41.801,开放性肩胛区损伤
136695,S41.802,开放性肩带损伤
136696,S42.000,锁骨骨折
136697,S42.000x011,锁骨胸骨端骨折
136698,S42.000x021,锁骨干骨折
136699,S42.000x031,锁骨肩峰端骨折
136700,S42.000x091,锁骨多发性骨折
136701,S42.010,开放性锁骨骨折
136702,S42.100,肩胛骨骨折
136703,S42.100x011,肩胛骨体骨折
136704,S42.100x021,肩峰骨折
136706,S42.100x041,肩胛骨颈和肩关节盂骨折
136707,S42.100x042,肩关节盂骨折
136708,S42.100x091,肩胛骨多发性骨折
137730,S91.300,足的其他部位的开放性伤口
137731,S91.300x002,足部套脱伤
137732,S91.300x003,跟部开放性损伤
137733,S91.300x811,踝和足开放性损伤伴骨折
137734,S91.300x812,踝部开放性损伤伴骨折
137736,S91.300x821,踝和足开放性损伤伴脱位
137737,S91.300x822,踝部开放性损伤伴脱位
137738,S91.300x823,足部开放性损伤伴脱位
137739,S91.301,开放性足损伤
137991,T04.400,累及上肢伴有下肢多个部位的挤压伤
137992,T04.400x001,上肢和下肢多处挤压伤
137993,T04.700,胸部伴有腹部、下背和骨盆及四肢的挤压伤
137995,T04.800,累及身体其他复合部位的挤压伤
137996,T04.800x001,身体复合部位的挤压伤
137997,T04.900,多处挤压伤
137998,T04.901,全身性挤压伤
135474,S00.202,眼睑血肿
135475,S00.300,鼻浅表损伤
135476,S00.300x051,鼻部挫伤
135477,S00.302,鼻血肿
135478,S00.400,耳浅表损伤
135479,S00.400x052,外耳挫伤
135480,S00.401,耳廓挫伤
135481,S00.402,耳廓血肿
135482,S00.403,鼓室挫伤
135483,S00.404,鼓膜挫伤
135484,S00.500,唇和口腔浅表损伤
135485,S00.500x051,唇挫伤
135486,S00.500x052,下颌挫伤
135487,S00.501,口腔浅表损伤
135488,S00.700,头部多处浅表损伤
135489,S00.800,头部其他部位的浅表损伤
135490,S00.800x053,颊挫伤
136502,S36.200x091,胰管损伤
136503,S36.200x092,胰腺和胰管损伤
136504,S36.201,创伤性胰腺破裂
136506,S36.210,开放性胰损伤
136507,S36.300,胃损伤
136508,S36.301,创伤性胃破裂
136509,S36.310,开放性胃破裂
136510,S36.400,小肠损伤
136511,S36.400x091,空肠损伤
136512,S36.400x093,回肠损伤
136513,S36.400x095,小肠多处损伤
136514,S36.401,创伤性十二指肠破裂
135712,S05.800x007,眼外肌断裂
135713,S05.800x008,眼内直肌断裂
135714,S05.800x009,眼外直肌断裂
135715,S05.801,眼震荡
135716,S05.802,眼挫伤
135717,S05.803,角膜损伤
135718,S05.804,虹膜损伤
135719,S05.805,晶状体损伤
135720,S05.806,创伤性晶状体脱位
135721,S05.807,巩膜损伤
135722,S05.808,视网膜震荡
135724,S05.810,泪小管裂伤
135725,S05.811,泪管损伤
135726,S05.812,冲击波性失明
135727,S05.900,眼和眶的损伤
135729,S05.901,眼损伤
135730,S05.902,创伤性失明
135731,S05.903,玻璃体损伤
135732,S06.000,脑震荡
135733,S06.100,创伤性大脑水肿
135734,S06.200,弥散性脑损伤
135736,S06.200x002,弥散性小脑损伤
135737,S06.200x011,弥散性大脑损伤伴出血
135738,S06.200x021,弥散性小脑损伤伴出血
135739,S06.200x031,多发性大脑内出血
135741,S06.200x033,多发性小脑血肿
135742,S06.200x081,多发性大脑挫裂伤
135743,S06.200x082,多发性小脑挫裂伤
135744,S06.201,脑干挫伤
135745,S06.202,脑挫伤
135748,S06.205,创伤性脑受压
134978,R48.000x002,诵读困难
134979,R48.001,失读
134980,R48.100,失认
134981,R48.200,失用
138389,T21.400x041,臀部腐蚀伤
138391,T21.400x043,肩胛间区腐蚀伤
138392,T21.400x051,大阴唇腐蚀伤
138393,T21.400x052,小阴唇腐蚀伤
138394,T21.400x053,阴茎腐蚀伤
138395,T21.400x054,会阴腐蚀伤
138396,T21.400x055,阴囊腐蚀伤
138397,T21.400x056,睾丸腐蚀伤
138398,T21.400x057,外阴腐蚀伤
138399,T21.400x091,肛门腐蚀伤
138400,T21.500,躯干一度腐蚀伤
138401,T21.500x011,乳房一度腐蚀伤
138402,T21.500x021,胸壁一度腐蚀伤
138403,T21.500x031,腹壁一度腐蚀伤
138404,T21.500x032,胁腹一度腐蚀伤
138405,T21.500x033,腹股沟一度腐蚀伤
138406,T21.500x041,臀部一度腐蚀伤
138407,T21.500x042,背部一度腐蚀伤
138408,T21.500x043,肩胛间区一度腐蚀伤
138409,T21.500x051,大阴唇一度腐蚀伤
138410,T21.500x052,小阴唇一度腐蚀伤
138411,T21.500x053,阴茎一度腐蚀伤
138412,T21.500x054,会阴一度腐蚀伤
138413,T21.500x055,阴囊一度腐蚀伤
138414,T21.500x056,睾丸一度腐蚀伤
138415,T21.500x057,外阴一度腐蚀伤
138416,T21.500x091,肛门一度腐蚀伤
138417,T21.600,躯干二度腐蚀伤
138418,T21.600x011,乳房二度腐蚀伤
138420,T21.600x031,腹壁二度腐蚀伤
138421,T21.600x032,胁腹二度腐蚀伤
138422,T21.600x033,腹股沟二度腐蚀伤
138423,T21.600x041,臀部二度腐蚀伤
138425,T21.600x043,肩胛间区二度腐蚀伤
138426,T21.600x051,大阴唇二度腐蚀伤
138427,T21.600x052,小阴唇二度腐蚀伤
138428,T21.600x053,阴茎二度腐蚀伤
138430,T21.600x055,阴囊二度腐蚀伤
138431,T21.600x056,睾丸二度腐蚀伤
138432,T21.600x057,外阴二度腐蚀伤
138433,T21.600x091,肛门二度腐蚀伤
138435,T21.700x011,乳房三度腐蚀伤
138436,T21.700x021,胸壁三度腐蚀伤
138438,T21.700x032,胁腹三度腐蚀伤
138440,T21.700x041,臀部三度腐蚀伤
138441,T21.700x042,背部三度腐蚀伤
138442,T21.700x043,肩胛间区三度腐蚀伤
138443,T21.700x051,大阴唇三度腐蚀伤
127695,M24.903,腕关节紊乱
127696,M24.904,手骨间关节紊乱
127697,M24.905,髋关节紊乱
127698,M24.906,踝关节紊乱
127699,M24.907,腰椎关节滑膜嵌顿
127700,M24.908,腰椎小关节紊乱
127701,M25.000,关节积血
127702,M25.001,肩关节积血
127703,M25.002,肘关节积血
127704,M25.003,腕关节积血
127705,M25.004,手骨间关节积血
127706,M25.005,髋关节积血
127707,M25.006,膝关节积血
127708,M25.007,踝关节积血
127709,M25.100,关节瘘
127710,M25.100x011,肩关节瘘
127711,M25.100x021,肘关节瘘
127712,M25.100x031,腕关节瘘
127713,M25.100x051,髋关节瘘
127714,M25.100x061,膝关节瘘
127715,M25.100x071,踝关节瘘
128686,M79.203,下肢神经痛
128687,M79.204,神经束膜炎
128688,M79.205,慢性类风湿性神经炎
128689,M79.206,神经肌肉痛
128690,M79.207,神经痛
128691,M79.208,神经炎
128692,M79.209,神经病理性疼痛
128693,M79.300,脂膜炎
128694,M79.300x051,臀部脂膜炎
128695,M79.301,组织细胞吞噬性脂膜炎
128696,M79.302,结节性非化脓性脂膜炎
138186,T17.803,肺黏液栓塞
138187,T17.804,肺异物
138188,T17.900,呼吸道内异物
138189,T17.901,异物吸入性窒息
138190,T18.000,口内异物
138191,T18.001,口腔软组织异物
138192,T18.002,舌异物
138193,T18.100,食管内异物
138194,T18.200,胃内异物
138195,T18.300,小肠内异物
138197,T18.301,十二指肠异物
138198,T18.400,结肠内异物
138199,T18.500,肛门和直肠内异物
138200,T18.500x004,直肠乙状结肠连接部异物
138202,T18.502,直肠内异物
138203,T18.800,消化道其他和多处部位内异物
138204,T18.801,多发性消化道异物
138205,T18.900,消化道内异物
138207,T19.100,膀胱内异物
138208,T19.200,外阴和阴道内异物
138209,T19.201,外阴异物
138210,T19.202,阴道内异物
138212,T19.300x001,子宫内异物
138213,T19.800,泌尿生殖道其他和多处部位内异物
138214,T19.800x001,输尿管内异物
138215,T19.800x002,阴茎内异物
138217,T19.900,泌尿生殖道内异物
138219,T20.000x002,头部烧伤
137999,T05.000,双手创伤性切断
138000,T05.100,一只手和另一臂的创伤性切断(任何水平，除外手)
138001,T05.100x001,手和对侧臂创伤性切断
138002,T05.200,双臂创伤性切断(任何水平)
138003,T05.200x001,双臂创伤性切断
138004,T05.300,双足创伤性切断
138005,T05.300x002,双足部分创伤性切断
138006,T05.400,一只足和另一小腿的创伤性切断(任何水平，除外足)
138007,T05.400x001,足和对侧小腿创伤性切断
138008,T05.500,双小腿创伤性切断(任何水平)
138009,T05.500x001,双小腿创伤性切断
138010,T05.600,上肢和下肢任何组合的创伤性切断(任何水平)
138011,T05.600x001,上肢和下肢创伤性切断
138012,T05.800,累及身体其他复合部位的创伤性切断
138013,T05.800x001,胸部创伤性切断
138014,T05.800x002,腹部创伤性切断
138015,T05.800x003,身体复合部位的创伤性切断
138016,T05.900,多处创伤性切断
138017,T06.000,脑神经损伤伴有在颈水平的神经和脊髓损伤
138018,T06.000x001,脑神经损伤伴颈神经和脊髓损伤
138019,T06.100,累及身体其他多个部位的神经和脊髓损伤
138020,T06.100x001,多处神经和脊髓损伤
138021,T06.101,脊周围神经损伤
138022,T06.200,累及身体多个部位的神经损伤
138023,T06.200x001,多处神经损伤
138024,T06.300,累及身体多个部位的血管损伤
138025,T06.300x001,多处血管损伤
138027,T06.400x001,多处肌肉和肌腱损伤
138028,T06.400x002,多处肌肉损伤
138029,T06.401,多发性肌腱损伤
138030,T06.500,胸内器官伴有腹内和盆腔内器官的损伤
138032,T06.500x002,胸内器官伴腹内及盆腔器官损伤
138033,T06.501,多脏器损伤
138034,T06.800,累及身体多个部位的其他特指损伤
138035,T06.800x001,身体复合部位的损伤
134824,R25.200x009,痉挛4级
134825,R25.300,肌束震颤
134826,R25.300x002,颤搐
134828,R25.800x001,不自主运动
134829,R25.801,反射性发作
134830,R25.802,手足徐动症
134831,R25.803,异常不随意运动
134832,R26.000,共济失调步态
134833,R26.000x001,蹒跚性步态
134834,R26.100,麻痹步态
118342,F19.200,使用多种药物和其他精神活性物质引起的依赖综合征
118343,F19.200x001,A.P.C药物成瘾
118344,F19.201,镇痛药物瘾
136496,S36.113,开放性胆总管损伤
136497,S36.200,胰损伤
136498,S36.200x001,胰腺损伤
136499,S36.200x011,胰头损伤
136500,S36.200x021,胰体损伤
136501,S36.200x031,胰尾损伤
137540,S82.400x012,腓骨头骨折
137541,S82.400x013,腓骨颈骨折
137542,S82.400x014,腓骨小头骨折
137543,S82.400x091,腓骨多发性骨折
137544,S82.401,腓骨干骨折
137545,S82.410,开放性腓骨骨折
137546,S82.411,开放性腓骨干骨折
137547,S82.500,内踝骨折
137548,S82.500x001,胫骨骨折伴踝骨折
137549,S82.501,胫骨骨折累及踝关节
137550,S82.510,开放性内踝骨折
137551,S82.600,外踝骨折
136723,S42.310,开放性肱骨干骨折
136724,S42.311,开放性肱骨骨折
136725,S42.400,肱骨下端骨折
136726,S42.400x001,肱骨远端骨折
136727,S42.400x041,肱骨内上髁骨折
136728,S42.400x042,肱骨外上髁骨折
136729,S42.400x043,肱骨远端骨骺分离
136730,S42.400x051,肱骨远端T型骨折
136731,S42.400x091,肱骨远端多发性骨折
136732,S42.400x092,肱骨滑车骨折
136733,S42.400x093,肱骨小头骨折
136734,S42.401,肱骨髁上骨折
136735,S42.402,肱骨外髁骨折
136736,S42.403,肱骨髁间骨折
136737,S42.404,肱骨内髁骨折
136738,S42.410,开放性肱骨下端骨折
136739,S42.700,锁骨、肩胛骨和肱骨多处骨折
136740,S42.710,开放性锁骨、肩胛骨和肱骨多处骨折
136743,S42.900,肩胛带的骨折
136744,S42.910,开放性肩骨折
136745,S43.000,肩关节脱位
136746,S43.000x011,肱骨前脱位
136748,S43.000x031,肱骨下脱位
136749,S43.001,肩关节半脱位
136750,S43.002,盂肱关节脱位
136751,S43.100,肩锁关节脱位
136752,S43.200,胸锁关节脱位
136754,S43.301,肩胛骨脱位
136755,S43.302,肩胛带脱位
136756,S43.400,肩关节扭伤和劳损
136757,S43.400x001,肩关节扭伤
136758,S43.400x002,创伤性肩关节积血
136759,S43.400x003,肩袖关节囊扭伤
136761,S43.400x005,肩关节盂唇损伤
136762,S43.401,肩关节劳损
136763,S43.500,肩锁关节扭伤和劳损
136764,S43.500x001,肩锁关节扭伤
136766,S43.501,肩锁韧带损伤
138444,T21.700x052,小阴唇三度腐蚀伤
138445,T21.700x053,阴茎三度腐蚀伤
135253,R82.500x001,尿中药物水平升高
135254,R82.500x003,尿中生物制剂水平升高
135255,R82.500x004,尿中17-甾酮类水平升高
135256,R82.500x005,尿中儿茶酚胺水平升高
135257,R82.500x006,尿中吲哚乙酸水平升高
135258,R82.500x007,尿中甾类水平升高
129400,N05.500,肾炎综合征伴有弥漫性肾小球系膜毛细血管性肾小球肾炎
129401,N05.501,膜增殖性肾小球肾炎
129403,N05.700,肾炎综合征伴有弥漫性新月形肾小球肾炎
129404,N05.701,新月体形肾小球肾炎
129405,N05.800,肾炎综合征，其他的
129406,N05.801,IgM肾病
129407,N05.802,增殖性肾小球肾炎
129408,N05.803,肾小球肾病
129409,N05.900,肾炎综合征
129410,N05.900x002,肾小球肾炎
129411,N05.900x003,肾炎
129412,N05.900x006,小血管炎肾损害
129413,N05.900x007,链球菌感染后肾小球肾炎
129414,N05.900x009,肾小球病
129415,N06.000,孤立性蛋白尿伴有特指的形态学损害伴有轻微的肾小球异常
129416,N06.001,蛋白尿，肾小球轻微病变
129417,N06.100,孤立性蛋白尿伴有局灶性和节段性肾小球损害
129418,N06.200,孤立性蛋白尿伴有弥漫性膜性肾小球肾炎
129420,N06.400,孤立性蛋白尿伴有弥漫性毛细血管内增生性肾小球肾炎
129421,N06.500,孤立性蛋白尿伴有弥漫性肾小球系膜毛细血管性肾小球肾炎
129422,N06.600,孤立性蛋白尿伴有密集沉积物病
129424,N06.800,孤立性蛋白尿，其他的
129425,N06.900,孤立性蛋白尿伴肾小球损害
129426,N07.000,遗传性肾病伴有轻微的肾小球异常，不可归类在他处者
129427,N07.100,遗传性肾病伴有局灶性和节段性肾小球损害，不可归类在他处者
129429,N07.300,遗传性肾病伴有弥漫性肾小球系膜增生性肾小球肾炎，不可归类在他处者
129430,N07.400,遗传性肾病伴有弥漫性毛细血管内增生性肾小球肾炎，不可归类在他处者
129432,N07.600,遗传性肾病伴有密集沉积物病，不可归类在他处者
129433,N07.700,遗传性肾病伴有弥漫性新月形肾小球肾炎，不可归类在他处者
129434,N07.800,"遗传性肾病，其他的,不可归类在他处者"
129435,N07.900,遗传性肾病，不可归类在他处者
129436,N07.900x001,遗传性肾炎
129437,N10.x00,急性肾小管-间质肾炎
129438,N10.x01,急性间质性肾炎
138220,T20.000x003,颈部烧伤
138221,T20.000x004,头皮烧伤
138222,T20.000x006,鼻部烧伤
138223,T20.000x007,颞部烧伤
138224,T20.000x008,唇部烧伤
138225,T20.000x010,眼伴头烧伤
138226,T20.000x011,眼伴颈烧伤
138227,T20.000x012,眼伴面烧伤
138229,T20.003,面部烧伤
138230,T20.100,头和颈一度烧伤
138231,T20.100x002,头部一度烧伤
138232,T20.100x003,颈部一度烧伤
138233,T20.100x004,头皮一度烧伤
138235,T20.100x006,鼻部一度烧伤
138236,T20.100x007,颞部一度烧伤
138237,T20.100x008,唇部一度烧伤
138238,T20.100x009,耳部一度烧伤
138239,T20.100x010,眼伴头一度烧伤
138240,T20.100x011,眼伴颈一度烧伤
138241,T20.100x012,眼伴面一度烧伤
138242,T20.200,头和颈二度烧伤
138243,T20.200x002,头部二度烧伤
138244,T20.200x003,颈部二度烧伤
138245,T20.200x004,头皮二度烧伤
138246,T20.200x006,鼻部二度烧伤
135045,R55.x02,虚脱
135046,R56.000,发热性惊厥
135047,R56.800,惊厥，其他和未特指的
135048,R56.800x001,抽搐状态
135049,R56.800x003,不明原因抽搐
135050,R56.800x005,良性惊厥
135051,R56.801,癫痫样发作
135052,R56.802,婴儿惊厥
135053,R56.803,惊厥
135054,R57.000,心源性休克
135055,R57.100,血容量不足性休克
129245,M99.300x003,胸腰椎管骨性狭窄
129246,M99.300x004,腰骶椎管骨性狭窄
129248,M99.300x006,骶髂椎管骨性狭窄
129249,M99.400,椎管结缔组织性狭窄
129250,M99.400x001,枕颈椎管结缔组织性狭窄
129251,M99.400x002,颈胸椎管结缔组织性狭窄
129253,M99.400x004,腰骶椎管结缔组织性狭窄
129254,M99.400x005,骶尾椎管结缔组织性狭窄
129255,M99.400x006,骶髂椎管结缔组织性狭窄
129256,M99.500,椎管椎间盘狭窄
129258,M99.500x002,颈胸椎管椎间盘狭窄
129259,M99.500x003,胸腰椎管椎间盘狭窄
129260,M99.500x004,腰骶椎管椎间盘狭窄
129261,M99.500x005,骶尾椎管椎间盘狭窄
129263,M99.600,椎间孔骨性和不全脱位性狭窄
129264,M99.700,椎间孔结缔组织和椎间盘狭窄
129265,M99.700x002,椎间孔椎间盘狭窄
118346,F19.400,使用多种药物和其他精神活性物质引起的戒断状态伴有谵妄
118347,F19.400x001,伴有谵妄的多种药物和其他精神活性物质戒断状态
118348,F19.500,使用多种药物和其他精神活性物质引起的精神性障碍
118350,F19.700,使用多种药物和其他精神活性物质引起的残留性和迟发性精神病性障碍
118351,F19.800,使用多种药物和其他精神活性物质引起的其他精神和行为障碍
118352,F19.900,使用多种药物和其他精神活性物质引起的精神和行为障碍
118353,F19.900x002,A.P.C中毒致精神障碍
118354,F19.900x003,阿的平中毒致精神障碍
118355,F19.900x004,合霉素中毒致精神障碍
118356,F19.900x005,激素类药物致精神障碍
118357,F19.900x006,眠尔通中毒致精神障碍
118358,F19.900x007,药物源性精神障碍
118359,F19.900x008,抗帕金森药物所致精神障碍
118360,F19.900x009,利血平所致精神障碍
118361,F20.000,偏执型精神分裂症
118362,F20.100,青春型精神分裂症
118363,F20.200,紧张型精神分裂症
118364,F20.200x002,紧张性木僵
118365,F20.201,紧张症综合征
118366,F20.300,未分化型精神分裂症
118368,F20.400,精神分裂症后抑郁
118369,F20.500,残留型精神分裂症
118370,F20.501,慢性精神分裂症
118371,F20.600,单纯型精神分裂症
118373,F20.800x001,难治性精神分裂症
118374,F20.800x002,精神分裂症衰退期
118375,F20.800x003,精神分裂症缓解期
118376,F20.801,体感异常性精神分裂症
118378,F20.803,强迫型精神分裂症
118379,F20.900,精神分裂症
118380,F21.x00,分裂型障碍
118381,F22.000,妄想性障碍
118382,F22.001,偏执性精神病
118383,F22.002,妄想狂
118385,F22.800,持久的妄想性障碍，其他的
118386,F22.800x001,更年期偏执状态
118387,F22.900,持久妄想性障碍
118389,F23.001,"妄想阵发,急性妄想发作"
119253,G31.800,神经系统其他特指的变性疾病
119254,G31.800x004,灰质变性(阿尔珀斯)
119255,G31.800x008,亚急性小脑变性
119256,G31.801,额颞痴呆
119257,G31.802,脊髓变性
119259,G31.804,皮质纹状体脊髓变性
119260,G31.805+F02.8*,路易体痴呆
119261,G31.806,婴儿进行性脑灰质营养不良综合征
137485,S80.800x042,膝部浅表异物
136767,S43.600,胸锁关节扭伤和劳损
136768,S43.601,胸锁关节扭伤
136769,S43.700,肩胛带其他和未特指部位的扭伤和劳损
136770,S43.701,肩胛带扭伤
136771,S44.000,在上臂水平的尺神经损伤
136772,S44.000x001,上臂尺神经损伤
136774,S44.100x001,上臂正中神经损伤
136775,S44.101,上臂正中神经断裂
137797,S93.303,足舟骨脱位
137798,S93.400,踝扭伤和劳损
137799,S93.400x002,踝关节损伤
137800,S93.400x003,创伤性踝关节积血
137801,S93.400x004,踝内侧副韧带扭伤
137802,S93.400x012,踝三角韧带损伤
137803,S93.400x021,跟腓韧带扭伤
137804,S93.400x022,跟腓韧带损伤
137805,S93.400x031,胫腓远端韧带扭伤
137806,S93.400x032,胫腓远端韧带损伤
137807,S93.401,踝关节扭伤
137808,S93.402,踝内侧副韧带损伤
137809,S93.403,三角韧带断裂
137810,S93.404,三角韧带扭伤
134911,R42.x00x002,周期性眩晕
134912,R42.x00x004,头晕
134913,R43.000,嗅觉丧失
134914,R43.100,嗅觉倒错
134915,R43.200,味觉倒错
134916,R43.800,嗅觉和味觉障碍，其他和未特指的
134917,R43.800x001,嗅觉障碍
134918,R43.800x002,嗅觉与味觉混合障碍
134919,R43.800x003,味觉障碍
134920,R43.800x004,味觉丧失
134921,R44.000,幻听
134922,R44.100,幻视
134923,R44.200,幻觉，其他的
134924,R44.201,幻嗅
134926,R44.800,累及一般感觉和知觉的其他和未特指的症状和体征
134928,R45.000,神经质
134929,R45.100,不安和激动
134930,R45.100x001,不安
134931,R45.100x002,激越状态
134932,R45.200,不愉快
134933,R45.200x001,忧虑
134934,R45.200x003,烦恼
134935,R45.300,沮丧和情感淡漠
134937,R45.300x002,沮丧
134938,R45.400,急躁和愤怒
134939,R45.400x001,急躁
134940,R45.400x002,愤怒
134941,R45.500,敌视
134942,R45.600,凶暴
134944,R45.700x001,情绪冲动
134945,R45.700x002,紧张状态
134946,R45.800,累及情绪状态的其他症状和体征
134947,R45.800x091,癔症样发作
134949,R46.000,个人卫生水平极差
134950,R46.100,不正常的个人外貌
134951,R46.200,奇怪和令人费解的行为
129439,N10.x02,急性肾盂肾炎
129440,N11.000,与反流有关的非梗阻性慢性肾盂肾炎
129441,N11.000x001,返流性肾盂肾炎
130509,O00.101,输卵管妊娠流产
130510,O00.102,输卵管妊娠破裂
130511,O00.103,输卵管残端妊娠破裂
130512,O00.104,输卵管壶腹部妊娠
130513,O00.105,输卵管壶腹部妊娠流产
130514,O00.106,输卵管壶腹部妊娠破裂
130515,O00.107,输卵管间质部妊娠
130517,O00.109,输卵管间质部妊娠破裂
130518,O00.110,输卵管伞部妊娠
128622,M76.000,臀肌腱炎
128623,M76.100,髂肌腱炎
128624,M76.200,髂嵴骨刺
128625,M76.300,髂胫带综合征
128626,M76.301,涉及髂胫带弹响髋
128627,M76.302,涉及髂胫带弹响膝
128628,M76.400,胫侧滑囊炎(佩莱格里尼-施蒂达)
128629,M76.400x001,胫骨侧粘液囊炎
128630,M76.500,髌肌腱炎
128631,M76.600,跟腱炎
128632,M76.602,跟腱滑囊炎
128633,M76.603,跟腱痛
128634,M76.700,腓肌腱炎
128635,M76.701,腓肠肌内外侧头肌腱炎
128636,M76.800,下肢（不包括足）的其他肌腱端病
128637,M76.800x072,踝关节撞击综合征
128638,M76.801,髋部肌腱端病
128639,M76.802,腓骨肌腱撞击综合征
128640,M76.803,膝肌腱端病
128641,M76.804,胫前综合征
128642,M76.805,胫后综合征
128643,M76.806,胫后肌腱炎
128644,M76.807,踝滑囊炎
128645,M76.900,下肢肌腱端病
128647,M77.001,肱骨内上髁炎
128648,M77.100,外上髁炎
128649,M77.101,肱骨外上髁炎
128650,M77.200,腕关节周围炎
128651,M77.300,跟骨骨刺
128653,M77.500,足的其他肌腱端病
128654,M77.501,踝肌腱端病
128655,M77.502,跟骨滑囊炎
128656,M77.503,脚趾滑囊炎
128658,M77.800x001,胫后肌腱失能
128659,M77.800x002,腓骨肌腱滑脱
128660,M77.801,肘肌腱端病
128661,M77.804,腕肌腱端病
128662,M77.900,肌腱端病
128663,M77.901,关节周围炎
128664,M77.902,肌腱炎
128666,M77.905,肌腱周围炎
128667,M77.906,关节囊炎
128668,M79.000,风湿病
128669,M79.000x092,关节风湿病
128671,M79.000x095,成纤维细胞性风湿病
128672,M79.002,软组织风湿
128674,M79.101,肩区肌痛
129266,M99.800,生物力学损害，其他的
129267,M99.900,生物力学损害
129268,N00.000,急性肾炎综合征伴有轻微的肾小球异常
129269,N00.100,急性肾炎综合征伴有局灶性和节段性肾小球损害
129270,N00.100x001,局灶坏死性肾小球肾炎
129271,N00.200,急性肾炎综合征伴有弥漫性膜性肾小球肾炎
129272,N00.300,急性肾炎综合征伴有弥漫性肾小球系膜增生性肾小球肾炎
129273,N00.301,急性系膜增殖性肾小球肾炎
129274,N00.400,急性肾炎综合征伴有弥漫性毛细血管内增生性肾小球肾炎
129275,N00.500,急性肾炎综合征伴有弥漫性肾小球系膜毛细血管性肾小球肾炎
129276,N00.600,急性肾炎综合征伴有密集沉积物病
129277,N00.700,急性肾炎综合征伴有弥漫性新月形肾小球肾炎
129278,N00.800,急性肾炎综合征，其他的
129279,N00.800x001,急性肾炎伴坏死性肾小球肾炎损害
129281,N00.802,急性增殖性肾小球肾炎
129282,N00.900,急性肾炎综合征
129283,N00.900x002,急性肾炎
129284,N00.900x006,急性肾小球病
129285,N00.900x008,急性肾病
129286,N00.900x009,慢性肾小球肾炎伴急进型肾小球性肾炎
129287,N00.901,急性链球菌感染后肾小球肾炎
129288,N00.902,急性肾小球肾炎
129289,N01.000,急进型肾炎综合征伴有轻微的肾小球异常
130302,N87.200x001,重度宫颈发育不良
130303,N87.900,宫颈发育不良
130304,N87.901,宫颈上皮内肿瘤
130305,N88.000,宫颈白斑
130306,N88.100,宫颈陈旧性裂伤
130307,N88.101,宫颈阴道粘连
130308,N88.102,宫颈粘连
130309,N88.200,宫颈缩窄和狭窄
130311,N88.201,宫颈闭锁
130312,N88.300,宫颈功能不全
130313,N88.400,宫颈肥厚性延长
129451,N11.901,慢性间质性肾炎
129453,N12.x01,间质性肾炎
129454,N12.x02,肾盂肾炎
129455,N12.x03,肾小管病变
129456,N13.000,肾盂积水伴有输尿管肾盂连接处梗阻
129458,N13.100x001,肾积水伴输尿管狭窄
129459,N13.200,肾盂积水伴有肾和输尿管结石梗阻
129460,N13.201,肾积水伴肾结石
129461,N13.202,肾积水伴输尿管结石
129462,N13.203,肾积水伴肾输尿管结石
129463,N13.204,肾积水伴结石性肾盂肾炎
129465,N13.300x005,肾盂囊肿
129466,N13.301,肾积水
129467,N13.302,肾盏颈部狭窄
129468,N13.400,输尿管积水
137486,S80.800x043,腘窝浅表异物
137487,S80.900,小腿浅表损伤
137488,S80.901,膝部血肿
137489,S81.000,膝开放性伤口
137490,S81.700,小腿多处开放性伤口
137491,S81.800,小腿其他部位的开放性伤口
137492,S81.800x011,小腿开放性损伤伴骨折
137493,S81.800x021,小腿开放性损伤伴脱位
137494,S81.800x081,腓部开放性损伤
137495,S81.800x082,腘窝开放性损伤
137496,S81.800x083,胫部开放性损伤
137497,S81.900,小腿开放性伤口
137498,S81.901,小腿撕脱伤
137499,S82.000,髌骨骨折
137500,S82.000x002,髌骨软骨骨折
137501,S82.000x004,髌骨袖套状骨折
137502,S82.010,开放性髌骨骨折
137503,S82.100,胫骨上端骨折
137504,S82.100x011,胫骨近端骨折伴腓骨骨折
137505,S82.100x012,胫骨平台伴腓骨骨折
137506,S82.100x081,胫骨近端骨折
137507,S82.100x082,胫骨近端骨骺分离
137508,S82.100x084,胫骨髁骨折
137509,S82.100x085,胫骨髁间棘骨折
137510,S82.100x086,胫骨外髁骨折
137511,S82.100x087,胫骨平台骨折
137512,S82.100x088,胫骨平台伴髁间骨折
137513,S82.100x089,胫骨结节骨折
137514,S82.101,闭合性胫骨平台骨折
137515,S82.102,胫骨头骨折
137516,S82.110,开放性胫骨上端骨折
137517,S82.111,开放性胫骨头骨折
137518,S82.200,胫骨骨干骨折
137520,S82.200x081,胫骨干骨折
137521,S82.201,胫腓骨干骨折
137522,S82.202,胫骨骨折
137523,S82.203,胫腓骨闭合性骨折
137524,S82.210,开放性胫骨骨干骨折
137525,S82.211,开放性胫骨骨折
137528,S82.300x011,胫骨远端骨折伴腓骨骨折
137529,S82.300x012,胫腓骨下端骨骺分离
137531,S82.300x082,胫骨远端骨骺分离
137532,S82.300x083,Pilon骨折
137533,S82.301,胫腓骨下端骨折
137534,S82.310,开放性胫骨下端骨折
137535,S82.311,开放性胫腓骨下端骨折
137537,S82.400x001,腓骨骨折
137538,S82.400x002,腓骨远端骨骺分离
137539,S82.400x011,腓骨近端骨折
138511,T23.000x004,手掌烧伤
138512,T23.000x005,拇指烧伤
138513,T23.000x006,手指烧伤
138514,T23.000x007,指甲烧伤
138515,T23.100,腕和手一度烧伤
134952,R46.200x002,行为异常
134953,R46.300,过度活动
134954,R46.400,迟钝和反应不良
134955,R46.500,多疑和明显逃避
134956,R46.600,对应激事件的过分担心和偏见
134957,R46.700,用啰嗦和详细叙述的语言使交往的理由含糊不清
134958,R46.800,累及外貌与行为的其他症状和体征
134959,R46.800x001,缄默状态
134960,R46.801,自我忽视
134961,R47.000,言语困难和失语
134962,R47.000x001,失语
134963,R47.000x005,完全性失语
134964,R47.000x006,传导性失语
134965,R47.000x008,丘脑性失语
134966,R47.001,语言困难
134967,R47.002,命名性失语
134968,R47.003,运动性失语
134969,R47.004,混合性失语
134970,R47.100,构音困难和构音不全
135966,S14.100x761,颈部脊髓功能损伤C6
135967,S14.100x771,颈部脊髓功能损伤C7
135968,S14.100x781,颈胸段脊髓功能损伤
135969,S14.101,颈部脊髓损伤
135970,S14.200,颈椎棘突神经根的损伤
135971,S14.200x001,颈脊神经根损伤
135972,S14.300,臂丛损伤
135973,S14.400,颈部周围神经损伤
135974,S14.500,颈部交感神经损伤
135975,S14.600,颈部其他和未特指神经的损伤
135976,S14.601,颈部神经损伤
118397,F23.300x002,心因性偏执性精神障碍
118398,F23.300x003,以妄想为主的急性精神病性障碍
118399,F23.301,急性偏执性反应状态
118401,F23.900,急性而短暂的精神病性障碍
118402,F23.901,反应性精神病
118403,F23.902,旅途精神病
118404,F23.903,急性反应性木僵状态
118405,F24.x00,感应性妄想性障碍
118406,F25.000,分裂情感性障碍，躁狂型
118408,F25.100,分裂情感性障碍，抑郁型
118409,F25.100x001,分裂情感性障碍抑郁发作
118410,F25.200,分裂情感性障碍，混合型
118411,F25.200x001,周期性精神病性障碍
118413,F25.800,分裂情感性障碍，其他的
118415,F28.x00,其他非器质性精神病性障碍
118416,F28.x00x002,更年期精神病
118417,F28.x00x011,违拗状态
118419,F28.x01,幻觉症
118420,F28.x02,幻觉妄想状态
118421,F29.x00,非器质性精神病
118422,F30.000,轻躁狂
118423,F30.100,不伴有精神病性症状的躁狂
118425,F30.200,伴有精神病性症状的躁狂
128675,M79.102,上臂肌痛
128676,M79.103,前臂肌痛
128677,M79.104,手肌痛
128678,M79.105,骨盆区肌痛
128679,M79.106,大腿肌痛
128680,M79.107,小腿肌痛
128681,M79.108,踝肌痛
128682,M79.109,足肌痛
128683,M79.200,神经痛和神经炎
128684,M79.200x001,多部位神经炎
129651,N30.201,慢性膀胱炎
129652,N30.300,膀胱三角区炎
129653,N30.400,放射性膀胱炎
129654,N30.800,膀胱炎，其他的
129655,N30.800x004,膀胱炎性病变
129656,N30.801,膀胱脓肿
129657,N30.802,钙化性膀胱炎
129658,N30.803,化学性膀胱炎
129659,N30.804,黄色肉芽肿性膀胱炎
129660,N30.805,滤泡性膀胱炎
129661,N30.806,囊性膀胱炎
134982,R48.800,符号识别功能障碍，其他和未特指的
134983,R48.800x001,计算不能
134984,R48.800x002,失写
134985,R48.800x004,计算困难
134986,R48.800x005,精神性聋
134987,R48.801,符号识别功能障碍
134988,R49.000,发声困难
134989,R49.001,声嘶
134990,R49.100,失声
134991,R49.200,鼻音过重和鼻音过轻
134992,R49.201,鼻音过重
134993,R49.202,鼻音过轻
134994,R49.800,语音障碍，其他和未特指的
134995,R49.800x003,声音改变
134996,R49.801,语音障碍
134997,R50.200,药物性发热
134998,R50.800,发热，其他特指的
134999,R50.800x002,发热伴强直
135001,R50.802,发热伴寒颤
135002,R50.803,持续性发热
135003,R50.900,发热
135004,R50.900x002,高热
135005,R50.901,夏季热
135007,R51.x00x002,低颅压性头痛
135008,R51.x00x003,面部疼痛
135009,R52.000,急性疼痛
135011,R52.200,慢性疼痛，其他的
135012,R52.900,疼痛
135013,R52.901,全身性疼痛
135014,R53.x00,不适和疲劳
135015,R53.x00x001,肢体无力
135016,R53.x00x002,乏力
135018,R53.x00x004,全身衰退
135019,R53.x00x005,不适
135021,R53.x00x008,虚弱
135022,R53.x00x009,嗜睡
135023,R53.x00x010,疲劳
135025,R53.x00x012,周期性嗜睡
135026,R54.x00,衰老
135027,R54.x00x002,老年性无力
135028,R54.x00x003,老年性虚弱
129469,N13.500,输尿管扭结和狭窄不伴有肾盂积水
129470,N13.500x010,输尿管痉挛
129471,N13.501,肾盂输尿管连接处狭窄
129472,N13.502,手术后输尿管膀胱吻合口梗阻
129473,N13.503,输尿管梗阻
129474,N13.504,输尿管狭窄
129475,N13.506,腹膜后纤维化伴输尿管狭窄
129476,N13.600,肾积脓
129477,N13.600x001,肾盂脓肿
129478,N13.600x002,肾盂积脓
129479,N13.600x004,腹膜后纤维化伴感染
129480,N13.601,肾结石伴有积水和感染
129481,N13.602,输尿管结石伴有积水和感染
129482,N13.603,肾输尿管结石伴有积水和感染
129483,N13.604,输尿管肾盂连接处狭窄伴有感染
129484,N13.605,输尿管狭窄伴有感染
129485,N13.700,与膀胱-输尿管反流有关的尿路病
129486,N13.701,膀胱输尿管反流
129487,N13.800,梗阻性和反流性尿路病，其他的
129488,N13.801,梗阻性肾病
129489,N13.900,梗阻性和反流性尿路病
129490,N13.901,泌尿道梗阻
129491,N14.000,镇痛剂肾病
129492,N14.100,肾病，其他药物、药剂和生物制品诱发的
129493,N14.101,马兜铃酸肾病
129494,N14.102,造影剂肾病
129495,N14.200,药物、药剂和生物制品诱发的肾病
129496,N14.201,药物性肾病
129497,N14.300,重金属诱发的肾病
129498,N14.301,汞中毒性肾病
129499,N14.400,毒性肾病，不可归类在他处者
129500,N15.000,巴尔干肾病
129501,N15.100,肾和肾周脓肿
129502,N15.101,肾脓肿
129504,N15.800,肾小管-间质疾病，其他特指的
129505,N15.801,肾肉芽肿
129506,N15.900,肾小管-间质疾病
130574,O03.501,完全性自然流产并发盆腔感染
130575,O03.502,完全性自然流产并发子宫内感染
130576,O03.503,自然流产并发盆腔感染
130577,O03.504,自然流产并发生殖道感染
130578,O03.600,完全性或未特指的自然流产，并发延迟或过度出血
128697,M79.303,嗜酸性脂膜炎
128698,M79.400,髌下脂肪垫肥大
128699,M79.401,膝脂肪垫肥大
128700,M79.403,髌前脂肪垫肥大
128702,M79.500,软组织内残留异物
128703,M79.500x061,小腿软组织异物残留
128705,M79.501,肩区软组织异物残留
128706,M79.502,上臂软组织异物残留
128707,M79.503,前臂软组织异物残留
128708,M79.504,手软组织异物残留
138517,T23.100x003,手部一度烧伤
138518,T23.100x004,手掌一度烧伤
138519,T23.100x005,拇指一度烧伤
138520,T23.100x006,手指一度烧伤
138521,T23.100x007,指甲一度烧伤
137740,S91.302,足部皮肤撕裂伤
137741,S91.303,足裂伤
137742,S91.700,踝和足多处开放性伤口
137743,S91.700x002,踝部多处开放性损伤
137744,S91.700x003,足部多处开放性损伤
137745,S92.000,跟骨骨折
137746,S92.010,开放性跟骨骨折
137747,S92.100,距骨骨折
137748,S92.101,距骨颈骨折
137750,S92.200,跗骨骨折，其他的
137751,S92.200x001,跗骨骨折
137752,S92.200x081,跗间关节骨折
137753,S92.201,骰骨骨折
137755,S92.203,楔状骨骨折（足）
137756,S92.210,开放性特指跗骨骨折
137757,S92.300,跖骨骨折
137758,S92.300x001,跖跗关节骨折
137759,S92.300x003,跖骨基底骨折
137760,S92.300x004,跖骨骨骺损伤
137761,S92.310,开放性跖骨骨折
137762,S92.400,拇趾骨折
137763,S92.410,开放性拇趾骨折
137764,S92.500,趾骨骨折，其他的
137765,S92.500x001,趾骨骨折
137766,S92.500x002,趾骨骨骺损伤
137767,S92.510,开放性特指趾骨骨折
137768,S92.700,足多处骨折
137769,S92.710,开放性多发性足骨折
137770,S92.900,足骨折
137771,S92.910,开放性足骨折
137772,S93.000,踝关节脱位
137774,S93.000x005,腓骨脱位
137775,S93.001,踝关节半脱位
137776,S93.002,胫距关节脱位
137777,S93.003,胫腓远端关节脱位
137778,S93.100,足趾脱位
137780,S93.101,趾关节脱位
137781,S93.102,跖趾关节半脱位
137782,S93.103,跖趾关节脱位
137783,S93.200,在踝和足水平的韧带破裂
137785,S93.200x002,踝部韧带断裂
137786,S93.200x003,足部韧带断裂
137787,S93.200x004,踝距腓前韧带断裂
137788,S93.200x005,跟腓韧带断裂
137790,S93.300x011,跗骨脱位
137791,S93.300x021,中跗关节脱位
137792,S93.300x031,跗跖关节骨折脱位(Lisfranc骨折脱位)
137793,S93.300x032,跗跖关节脱位
137794,S93.300x081,距舟关节脱位
120820,H40.500x001,虹膜角膜内皮综合征
118426,F30.200x001,伴有精神病性症状的躁狂发作
118427,F30.200x002,躁狂性木僵
118428,F30.201,谵妄性躁狂症
118429,F30.800,躁狂发作，其他的
118430,F30.800x002,兴奋状态
118431,F30.900,躁狂发作
118432,F30.901,兴奋躁动状态
118433,F31.000,双相情感障碍，目前为轻躁狂发作
118434,F31.100,双相情感障碍，目前为不伴有精神病性症状的躁狂发作
118435,F31.200,双相情感障碍，目前为伴有精神病性症状的躁狂发作
118436,F31.300,双相情感障碍，目前为轻度或中度抑郁发作
118437,F31.300x002,"双相情感障碍,目前为轻度抑郁发作"
118438,F31.300x003,"双相情感障碍,目前为不伴有躯体症状的轻度抑郁发作"
118439,F31.300x005,"双相情感障碍,目前为不伴有躯体症状的中度抑郁发作"
118440,F31.300x011,"双相情感障碍,目前为伴有躯体症状的轻度抑郁发作"
118441,F31.300x012,"双相情感障碍,目前为伴有躯体症状的中度抑郁发作"
118442,F31.301,双相情感障碍，目前为中度抑郁发作
118443,F31.400,双相情感障碍，目前为不伴有精神病性症状的重度抑郁发作
119315,G40.100,局部相关性（局灶性）（部分）症状性癫痫和伴有简单部分发作的癫痫综合征
119316,G40.100x001,癫痫部分性发作
119318,G40.100x003,癫痫单纯部分性感觉性发作
119319,G40.100x004,癫痫单纯部分性运动性发作
119321,G40.100x006,癫痫单纯部分性发作继发全面发作
137552,S82.600x001,腓骨骨折伴踝骨折
137553,S82.601,腓骨骨折累及踝关节
137555,S82.700,小腿多处骨折
137556,S82.710,开放性多发性小腿骨折
137557,S82.800,小腿其他部位的骨折
137558,S82.800x081,踝骨骨折
137560,S82.801,三踝骨折
137561,S82.802,双踝骨折
137562,S82.803,踝骨闭合性骨折
137563,S82.810,开放性小腿特指部位骨折
137565,S82.812,开放性双踝骨折
137566,S82.900,小腿骨折
137567,S82.910,开放性小腿骨折
137568,S83.000,髌骨脱位
137569,S83.001,髌骨半脱位
137570,S83.100,膝关节脱位
137572,S83.100x012,股骨远端后脱位
137573,S83.100x021,胫骨近端后脱位
137574,S83.100x031,胫骨近端内侧脱位
137575,S83.100x041,胫骨近端外侧脱位
137577,S83.101,膝关节半脱位
137578,S83.102,胫腓关节近端脱位
135029,R54.x01,老年性震颤
135030,R55.x00,晕厥和虚脱
135031,R55.x00x001,晕厥
135032,R55.x00x002,心源性晕厥
135033,R55.x00x003,排尿性晕厥
135034,R55.x00x004,脑源性晕厥
135035,R55.x00x005,情景性晕厥
135036,R55.x00x006,反射性晕厥
135037,R55.x00x007,器质性晕厥
135038,R55.x00x008,情境性晕厥
135039,R55.x00x009,血管抑制性晕厥
135040,R55.x00x010,血管迷走性晕厥（混合型）
135041,R55.x00x011,血管迷走性晕厥（心脏抑制型）
135042,R55.x00x012,血管迷走性晕厥（血管型）
135043,R55.x00x013,血管迷走性晕厥
135044,R55.x00x014,迷走神经性晕厥
136035,S21.100x002,胸骨前区开放性损伤
136036,S21.101,开放性肋部前壁损伤
136037,S21.200,胸后壁开放性伤口
136038,S21.200x001,背部开放性损伤
136039,S21.200x002,胸壁外部开放性损伤
136040,S21.201,开放性胸后壁损伤
136041,S21.202,开放性肋后壁损伤
136042,S21.203,开放性肩胛间区损伤
136043,S21.700,胸壁多处开放性伤口
135259,R82.600,尿中主要为非药用物质的水平异常
135260,R82.600x001,尿中重金属水平异常
135261,R82.700,尿的微生物学检查的异常所见
135262,R82.800,尿的细胞学和组织学检查的异常所见
135263,R82.900,尿的其他和未特指的异常所见
135264,R82.900x002,黑尿
135265,R82.900x003,结晶尿
135266,R82.901,钙尿
135267,R82.902,低比重尿
135269,R83.100,脑脊液激素水平异常
135270,R83.200,脑脊液其他药物、药剂和生物制剂水平异常
135272,R83.400,脑脊液异常的免疫学所见
135273,R83.500,脑脊液异常的微生物学所见
135274,R83.600,脑脊液异常的细胞学所见
135275,R83.700,脑脊液异常的组织学所见
135276,R83.800,脑脊液其他异常所见
135277,R83.900,脑脊液异常所见
135279,R84.100,呼吸器官和胸腔标本的激素水平异常
135280,R84.200,呼吸器官和胸腔标本的其他药物、药剂和生物制剂水平异常
135282,R84.400,呼吸器官和胸腔标本的异常的免疫学所见
135283,R84.500,呼吸器官和胸腔标本的异常的微生物学所见
135285,R84.700,呼吸器官和胸腔标本的异常的组织学所见
135286,R84.800,呼吸器官和胸腔标本的其他异常所见
128710,M79.506,大腿软组织异物残留
128711,M79.507,膝关节软组织异物残留
128712,M79.508,踝软组织异物残留
128713,M79.509,足软组织异物残留
128714,M79.510,头颈部软组织异物残留
128715,M79.511,胸壁异物
128716,M79.600,肢痛
128717,M79.600x002,跟痛症
128718,M79.600x011,肩痛
128719,M79.600x021,上臂疼痛
128721,M79.601,手痛
128722,M79.602,跗骨痛
128723,M79.603,脚趾痛
128724,M79.604,足痛
128725,M79.700,纤维肌痛
128726,M79.701,肩部纤维肌炎
128727,M79.702,腰纤维肌炎
128728,M79.703,风湿性肌纤维组织炎
128729,M79.704,纤维织炎
128730,M79.705,肌纤维鞘炎
128731,M79.800,软组织疾患，其他特指的
128732,M79.800x001,肢体肿胀
128733,M79.800x081,椎旁脓肿
128734,M79.800x082,面部软组织下垂
128735,M79.800x083,面部软组织增生性病变
128736,M79.800x091,脂肪疝
128737,M79.800x096,纤维结缔组织炎
128738,M79.801,上肢肿胀
128739,M79.802,下肢肿胀
128740,M79.803,巨手
128741,M79.804,手肿胀
128742,M79.805,脚趾肿胀
128743,M79.806,足肿胀
128744,M79.807,筋膜腐坏
128745,M79.808,脂肪坏死
128746,M79.809,普罗菲谢病
128747,M79.810,结缔组织炎
128748,M79.811,脂肪液化
128749,M79.812,脂肪萎缩
128750,M79.900,软组织疾患
128751,M79.900x001,肢体肿物
128753,M79.902,上臂软组织疾患
128754,M79.903,前臂软组织疾患
128755,M79.904,手软组织疾患
128756,M79.905,骨盆区软组织疾患
128758,M79.907,小腿软组织疾患
129721,N32.813,膀胱硬化
129722,N32.814,膀胱黏膜不典型增生
129723,N32.815,男性膀胱疝
129724,N32.900,膀胱疾患
129726,N32.901,膀胱肿物
129728,N34.000x005,尿道腺脓肿
129729,N34.001,尿道旁腺脓肿
129730,N34.002,尿道球腺脓肿
129732,N34.101,非淋球菌性尿道炎
135056,R57.101,失血性休克
135057,R57.200,脓毒性休克
135058,R57.800,休克，其他的
135059,R57.800x003,内毒素性休克
135061,R57.802,血管舒张性休克
135062,R57.803,神经源性休克
135063,R57.900,休克
134544,Q93.600,常染色体仅出现于前中期的缺失
134545,Q93.700,常染色体缺失伴有其他复杂性的重排
134546,Q93.800,常染色体的其他缺失
134547,Q93.900,常染色体的缺失
134548,Q95.000,正常个体中平衡易位和插入
134549,Q95.100,正常个体中染色体倒位
134550,Q95.200,异常个体中平衡常染色体重排
134551,Q95.300,异常个体中平衡性染色体或常染色体重排
134552,Q95.400,具有标记异染色质的个体
134553,Q95.500,具有常染色体脆性位点的个体
134836,R26.200,行走困难，不可归类在他处者
134837,R26.200x001,行走困难
134838,R26.300,固态(不动)
134839,R26.301,卧床不起
134840,R26.800,异常的步态和移动，其他和未特指的
134841,R26.800x001,异常步态
134842,R26.802,走路不稳
134843,R27.000,共济失调
134844,R27.800,协调缺乏，其他和未特指的
134845,R27.800x001,协调障碍
134846,R27.800x002,中枢性协调障碍
134847,R27.801,协调缺乏
134848,R29.000,手足搐搦
134849,R29.100,假性脑膜炎
134850,R29.200,异常反射
134851,R29.300,异常姿势
134852,R29.400,弹响髋
134853,R29.600,跌倒倾向，不可归类在他处者
134854,R29.800,累及神经和肌肉骨骼系统其他和未特指的症状和体征
134855,R29.800x502,半侧运动不能
134857,R29.800x504,半侧空间忽略
134858,R29.800x505,左侧忽略
134859,R29.800x507,感觉忽略
134860,R29.800x508,视空间忽略
134861,R29.802,短暂性肢体麻痹
134862,R29.803,短暂性单瘫
134864,R30.000x002,痛性尿淋漓
134865,R30.100,排尿里急后重
134866,R30.100x001,尿急
134867,R30.900,痛性排尿
134869,R31.x00,血尿
134870,R32.x00,尿失禁
134872,R33.x00,尿潴留
134873,R34.x00,无尿和少尿
134874,R34.x01,少尿
134876,R35.x00,多尿
134877,R35.x00x001,尿频
134878,R35.x00x003,夜尿增多
134879,R36.x00,尿道排出物
134881,R39.000,尿外渗
134882,R39.100,排尿困难，其他的
134883,R39.100x001,尿线分叉
134884,R39.100x002,尿线不佳
134886,R39.200,肾外性尿毒症
134887,R39.200x001,肾前性尿毒症
134888,R39.800,累及泌尿系统其他和未特指的症状和体征
137579,S83.200,半月板撕裂，近期的
137580,S83.200x001,膝半月板撕裂
137581,S83.200x002,膝外侧半月板桶柄状撕裂
137582,S83.200x003,膝内侧半月板桶柄状撕裂
137583,S83.200x004,膝半月板桶柄状撕裂
137584,S83.200x005,膝内侧半月板撕裂
137586,S83.201,膝内侧半月板损伤
137587,S83.202,膝外侧半月板损伤
137588,S83.300,膝关节软骨撕裂，近期的
137589,S83.300x001,膝关节软骨撕裂
137590,S83.400,累及膝关节（腓）（胫）副韧带的扭伤和劳损
137591,S83.400x001,膝关节副韧带扭伤
137592,S83.400x002,膝关节副韧带断裂
137593,S83.400x003,膝关节副韧带损伤
137594,S83.400x011,膝关节外侧副韧带扭伤
137595,S83.400x012,膝关节外侧副韧带损伤
137596,S83.400x021,膝关节内侧副韧带扭伤
137597,S83.400x022,膝关节内侧副韧带损伤
137598,S83.400x031,膝关节外侧副韧带部分断裂
137599,S83.400x032,膝关节外侧副韧带完全断裂
137600,S83.400x041,膝关节内侧副韧带部分断裂
137601,S83.400x042,膝关节内侧副韧带完全断裂
137602,S83.401,膝关节副韧带劳损
137603,S83.500,累及膝关节（前）（后）十字韧带的扭伤和劳损
138576,T24.200x002,髋部二度烧伤
138577,T24.200x003,下肢二度烧伤
138578,T24.200x004,小腿二度烧伤
138580,T24.300x001,髋和下肢三度烧伤
138581,T24.300x002,髋部三度烧伤
138582,T24.300x003,下肢三度烧伤
138583,T24.300x004,小腿三度烧伤
138584,T24.400,髋和下肢腐蚀伤，除外踝和足
138586,T24.400x002,髋部腐蚀伤
137811,S93.405,胫腓韧带远端撕裂
137812,S93.500,足趾扭伤和劳损
137813,S93.500x001,趾间关节扭伤
137814,S93.500x002,趾间关节损伤
137816,S93.500x004,跖趾关节损伤
137817,S93.500x005,足趾扭伤
137818,S93.500x006,足趾损伤
137819,S93.600,足的其他和未特指部位的扭伤和劳损
137821,S93.600x002,跗骨韧带损伤
137822,S93.600x003,跗跖韧带扭伤
137823,S93.600x004,跗跖韧带损伤
137824,S93.601,足扭伤
137825,S94.000,足底外侧神经损伤
137827,S94.200,在踝和足水平的腓深神经损伤
137828,S94.200x001,踝和足腓深神经损伤
137829,S94.200x002,腓深神经外侧支末端损伤
135288,R84.900x004,痰标本异常
135289,R84.901,鼻分泌物异常
135290,R84.902,咽喉刮屑异常
135291,R84.903,支气管洗出物异常
135292,R84.904,胸水异常
135293,R85.000,消化器官和腹腔标本的酶水平异常
135294,R85.100,消化器官和腹腔标本的激素水平异常
135295,R85.200,消化器官和腹腔标本的其他药物、药剂和生物制剂水平异常
135296,R85.300,消化器官和腹腔标本的主要为非药用性物质的水平异常
135297,R85.400,消化器官和腹腔标本的异常的免疫学所见
135298,R85.500,消化器官和腹腔标本的异常的微生物学所见
135299,R85.600,消化器官和腹腔标本的异常的细胞学所见
135300,R85.700,消化器官和腹腔标本的异常的组织学所见
135301,R85.800,消化器官和腹腔标本的其他异常所见
135302,R85.900,消化器官和腹腔标本的异常所见
135303,R85.901,唾液异常
135304,R85.902,腹水异常
135305,R86.000,男性生殖器官标本的酶水平异常
135306,R86.100,男性生殖器官标本的激素水平异常
136302,S31.800x022,骨盆开放性损伤伴脱位
136303,S31.800x031,腹部开放性损伤伴腹内器官损伤
136304,S31.801,开放性腹部损伤
136305,S31.802,开放性腹部异物
136306,S31.803,阴道直肠贯通伤
136307,S31.804,创伤性肛括约肌裂伤
136308,S31.805,创伤性肛门裂伤
130519,O00.111,输卵管伞部妊娠流产
130520,O00.112,输卵管伞端妊娠破裂
130521,O00.113,输卵管峡部妊娠
130523,O00.115,输卵管峡部妊娠破裂
130524,O00.116,陈旧性输卵管妊娠
130526,O00.200,卵巢妊娠
130527,O00.201,卵巢妊娠破裂
130529,O00.800x006,子宫下段妊娠
130530,O00.801,残角子宫妊娠
130531,O00.802,残角子宫妊娠破裂
130532,O00.803,宫颈妊娠
130533,O00.804,宫内外复合妊娠
130535,O00.807,子宫瘢痕处妊娠
130536,O00.808,子宫壁妊娠
130537,O00.809,子宫角妊娠
130538,O00.900,异位妊娠
130540,O00.902,陈旧性异位妊娠
130541,O01.000,典型葡萄胎
130542,O01.001,完全性葡萄胎
130543,O01.100,不完全和部分葡萄胎
130544,O01.101,部分性葡萄胎
130546,O01.900,葡萄胎
130547,O01.901,妊娠滋养细胞病
130548,O01.902,异位葡萄胎
130549,O02.000,萎缩卵和非葡萄胎
130551,O02.001,萎缩卵
135064,R57.900x002,周围循环衰竭
135065,R57.901,循环衰竭
135066,R58.x00,出血，不可归类在他处者
135067,R58.x00x002,内脏出血
135068,R58.x00x004,粘膜出血
135069,R58.x00x005,肿瘤破裂出血
135070,R58.x00x006,出血
135071,R58.x00x007,肿瘤伴出血
135072,R58.x01,腹腔内出血
135073,R58.x02,瘀斑
135074,R59.000,局限性淋巴结增大
135076,R59.000x009,局部淋巴结肿大
135077,R59.000x010,面部淋巴结肿大
135078,R59.000x012,肝门淋巴结肿大
135079,R59.000x013,肝脾淋巴结肿大
135080,R59.002,鼻咽淋巴结肿大
135082,R59.004,耳后淋巴结肿大
135083,R59.005,颈淋巴结肿大
135084,R59.006,颌下淋巴结肿大
135085,R59.007,锁骨上淋巴结肿大
135086,R59.008,腋下淋巴结肿大
135087,R59.009,肺门淋巴结肿大
135088,R59.010,纵隔淋巴结肿大
135089,R59.011,腹腔淋巴结肿大
135090,R59.012,腹膜后淋巴结肿大
135091,R59.013,盆腔淋巴结肿大
135092,R59.014,腹股沟淋巴结肿大
135093,R59.100,全身性淋巴结增大
135094,R59.100x002,淋巴结病
135095,R59.900,淋巴结增大
135096,R59.901,淋巴结反应性增生
135097,R60.000,局限性水肿
135098,R60.001,下肢水肿
135099,R60.100,全身性水肿
135101,R60.900x003,流行性水肿
135102,R60.900x004,儿童急性出血性水肿
135103,R60.901,体液潴留
135105,R61.001,手汗症
135106,R61.100,全身性多汗症
135107,R61.900,多汗症
135108,R61.901,盗汗
135109,R62.000,发育指标延迟
135111,R62.000x003,学步延迟
135112,R62.800,未达到其他预期正常生理发育水平
135113,R62.801,生长发育迟缓
135114,R62.802,儿童型生长不足
135116,R62.900,未达到预期的正常生理发育水平
135117,R63.000,食欲缺乏
136099,S23.200x001,肋骨关节脱位
136100,S23.200x004,胸部气管脱位
136102,S23.201,气管脱位
136103,S23.202,肋软骨脱位
136104,S23.203,胸骨脱位
136105,S23.300,胸椎扭伤和劳损
136106,S23.400,肋骨和胸骨扭伤和劳损
136108,S23.500,胸部其他和未特指部位的扭伤和劳损
130314,N88.800,宫颈其他特指的非炎性疾患
134890,R40.000,嗜眠
134891,R40.100,木僵
134892,R40.100x002,中昏迷
134893,R40.100x003,浅昏迷
134894,R40.100x005,亚木僵
134895,R40.200,昏迷
134896,R40.200x002,一过性意识丧失
134897,R40.200x004,深昏迷
135901,S12.900x006,颈椎椎弓骨折
135902,S12.910,开放性颈椎骨折
135903,S13.000,颈椎间盘创伤性破裂
135904,S13.100,颈椎脱位
135905,S13.100x021,颈椎半脱位C2/C3
135906,S13.100x022,颈椎脱位C2/C3
135907,S13.100x031,颈椎半脱位C3/C4
135908,S13.100x032,颈椎脱位C3/C4
135909,S13.100x041,颈椎半脱位C4/C5
135910,S13.100x042,颈椎脱位C4/C5
135911,S13.100x051,颈椎半脱位C5/C6
119262,G31.807,亚速尔病
119263,G31.900,神经系统的变性性疾病
119264,G31.900x003,儿童期脑萎缩
119265,G31.900x004,脊髓小脑变性
119266,G31.900x006,皮质延髓小脑萎缩
119267,G31.900x008,婴儿进行性大脑变性
119268,G31.900x009,中枢神经系统变性
119269,G31.901,大脑变性
119270,G31.902,脑萎缩
119271,G31.903,小脑萎缩
119272,G31.904,小脑变性
119273,G35.x00,多发性硬化
119274,G35.x00x002,脑干多发性硬化
119275,G35.x00x003,脊髓多发性硬化
119276,G35.x01,多发性硬化，复发缓解型
119277,G35.x02,多发性硬化，原发进展型
119278,G35.x03,多发性硬化，继发进展型
119279,G35.x04,多发性硬化，进展复发型
119280,G35.x05,多发性硬化，同心圆型
119282,G36.000,视神经脊髓炎［德维克］
119284,G36.100,急性和亚急性出血性白质脑炎［赫斯特］
119285,G36.101,急性出血性白质脑炎
119287,G36.900,急性播散性脱髓鞘
119288,G36.901,急性脱髓鞘性脊髓病
119289,G37.000,弥漫性硬化
119290,G37.000x002,轴周性脑炎
119291,G37.100,胼胝体中枢性脱髓鞘
119293,G37.200,中枢性脑桥髓鞘破坏
119294,G37.200x001,脑桥中央髓鞘溶解症
119295,G37.200x002,脑桥外髓鞘溶解症
119296,G37.300,中枢神经系统脱髓鞘病的急性横贯性脊髓炎
119298,G37.400,亚急性坏死性脊髓炎
119299,G37.500,同心性硬化［鲍洛］
119300,G37.800,中枢神经系统其他特指的脱髓鞘疾病
137830,S94.300,在踝和足水平的皮感觉神经损伤
137831,S94.300x001,踝和足皮感觉神经损伤
137832,S94.700,在踝和足水平的多神经损伤
137833,S94.700x001,踝和足多处神经损伤
137834,S94.800,在踝和足水平的其他神经损伤
137835,S94.800x001,趾神经损伤
137836,S94.900,在踝和足水平的神经的损伤
137837,S94.900x001,踝和足神经损伤
137838,S95.000,足背动脉损伤
137839,S95.100,足底动脉损伤
137840,S95.200,足背静脉损伤
137841,S95.700,在踝和足水平的多血管损伤
137842,S95.700x001,踝和足多处血管损伤
137843,S95.800,在踝和足水平的其他血管损伤
137844,S95.900,在踝和足水平血管的损伤
137845,S95.900x001,踝和足血管损伤
137846,S96.000,在踝和足水平趾长屈肌和肌腱损伤
137847,S96.000x001,踝和足趾长屈肌和肌腱损伤
137848,S96.100,在踝和足水平趾长伸肌和肌腱损伤
137849,S96.100x001,踝和足趾长伸肌和肌腱损伤
137850,S96.100x002,足拇长肌腱损伤
137851,S96.101,足拇长伸肌腱断裂
137852,S96.102,趾伸肌腱断裂
137853,S96.200,在踝和足水平的内在肌和肌腱损伤
137854,S96.200x001,踝和足内在肌和肌腱损伤
137855,S96.700,在踝和足水平的多处肌肉和肌腱损伤
137856,S96.700x001,踝和足多处肌肉和肌腱损伤
137857,S96.701,踝和足水平多发性肌腱损伤
134600,R01.100,心脏杂音
134601,R01.200,心音，其他的
134602,R01.200x003,心前区摩擦音
134604,R03.000,血压读数升高，无高血压诊断者
134605,R03.001,应激性高血压
134607,R04.000,鼻出血
134608,R04.100,咽喉出血
134609,R04.200,咯血
134610,R04.800,呼吸道其他部位出血
134611,R04.800x002,支气管内出血
134613,R04.801,鼻咽部出血
134614,R04.802,肺出血
136982,S55.800,在前臂水平的其他血管损伤
136983,S55.900,在前臂水平的血管的损伤
136984,S55.900x001,前臂血管损伤
136986,S56.000x001,前臂拇指屈肌损伤
136987,S56.000x002,前臂拇指屈肌腱损伤
136988,S56.000x003,前臂拇指屈肌和肌腱损伤
136989,S56.001,前臂拇指屈肌断裂
136991,S56.100x001,前臂指屈肌损伤
136992,S56.100x002,前臂指屈肌腱损伤
136993,S56.100x003,前臂指屈肌和肌腱损伤
130552,O02.002,子宫内胎块
130553,O02.100,稽留流产
130554,O02.100x002,石胎（胎儿石化）
130555,O02.800,受孕的其他特指的异常产物
130556,O02.800x001,绒毛膜血管瘤
130557,O02.900,受孕的异常产物
130558,O03.000,不完全性自然流产，并发生殖道和盆腔感染
130559,O03.001,不完全性自然流产并发盆腔感染
130560,O03.002,不完全自然流产并发生殖道感染
130561,O03.100,不完全性自然流产，并发延迟或过度出血
130562,O03.100x001,不完全自然流产并发播散性血管内凝血
130563,O03.101,不完全性自然流产并发过度出血
130564,O03.102,不完全性自然流产并发延迟出血
130565,O03.200,不完全性自然流产，并发栓塞
130566,O03.200x001,不完全自然流产并发栓塞
130567,O03.300,不完全性自然流产，伴有其他和未特指的并发症
130568,O03.300x031,不完全自然流产并发休克
130569,O03.300x041,不完全自然流产并发肾衰竭
130570,O03.300x061,不完全自然流产并发盆腔器官损伤
130571,O03.400,不完全性自然流产，无并发症
130572,O03.400x001,不完全自然流产
127377,M16.901,老年性髋关节病
127378,M17.000,原发性双侧膝关节病
127379,M17.100,原发性膝关节病，其他的
127381,M17.200,创伤后双侧膝关节病
127382,M17.300,创伤后膝关节病，其他的
127383,M17.301,创伤后单侧膝关节病
127384,M17.400,继发性双侧膝关节病，其他的
127386,M17.500x002,独眼征（膝CYCLOPS形成）
129662,N30.807,嗜酸细胞性膀胱炎
129663,N30.808,息肉样膀胱炎
129664,N30.809,腺性膀胱炎
129665,N30.810,增生性膀胱炎
129667,N30.901,膀胱周围炎
129668,N30.902,出血性膀胱炎
129671,N31.100,反射性神经病性膀胱，不可归类在他处者
129672,N31.100x001,反射性神经病性膀胱
129673,N31.200,迟缓性神经病性膀胱，不可归类在他处者
129674,N31.200x001,迟缓性神经病性膀胱
129676,N31.200x003,迟缓性感觉神经病性膀胱
129677,N31.200x006,自主性神经病性膀胱
129678,N31.200x007,非反射性神经病性膀胱
129679,N31.201,膀胱逼尿肌无力
129680,N31.202,膀胱松弛
129682,N31.800,膀胱其他的神经肌肉功能不良
129683,N31.900,膀胱的神经肌肉功能不良
129684,N31.901,神经源性膀胱
130315,N88.800x010,子宫颈钙化
130316,N88.801,宫颈残端出血
130318,N88.803,宫颈囊肿
130319,N88.804,宫颈水肿
130320,N88.805,宫颈萎缩
130321,N88.806,宫颈腺囊肿
130322,N88.807,宫颈赘生物
130323,N88.808,子宫颈鳞状上皮增生
130324,N88.900,宫颈非炎性疾患
130325,N89.000,轻度阴道发育不良
130326,N89.001,"阴道上皮内肿瘤,Ⅰ级"
130327,N89.100,中度阴道发育不良
130328,N89.101,"阴道上皮内肿瘤,Ⅱ级"
130329,N89.200,重度阴道发育不良，不可归类在他处者
130330,N89.300,阴道发育不良
130331,N89.400,阴道白斑
130332,N89.500,阴道狭窄和闭锁
130333,N89.501,阴道闭锁
130334,N89.502,阴道狭窄
130335,N89.503,阴道粘连
130336,N89.600,处女膜环过紧
130337,N89.600x001,强直性处女膜
130338,N89.600x002,阴道入口过紧
130339,N89.601,处女膜伞
130340,N89.700,阴道积血
130341,N89.800,阴道其他特指的非炎性疾患
130342,N89.800x009,阴道排液
130343,N89.801,处女膜囊肿
130344,N89.802,非创伤性处女膜破裂
130345,N89.803,阴道瘢痕
130346,N89.804,阴道结石
130347,N89.805,阴道裂伤
130348,N89.806,阴道囊肿
130349,N89.807,阴道皮赘
130350,N89.808,阴道血肿
130352,N89.810,阴道子宫托溃疡
130353,N89.811,陈旧性阴道裂伤
130355,N89.901,阴道肿物
130356,N90.000,轻度外阴发育不良
130357,N90.001,外阴上皮内肿瘤Ⅰ级
130358,N90.100,中度外阴发育不良
130360,N90.200,重度外阴发育不良，不可归类在他处者
130361,N90.300,外阴发育不良
130362,N90.301,外阴鳞状上皮增生
130363,N90.302,外阴上皮内肿瘤
130364,N90.400,外阴白斑
130366,N90.402,外阴角化症
130367,N90.403,外阴营养不良
130368,N90.404,外阴硬化性苔藓
130369,N90.500,外阴萎缩
130371,N90.600,外阴肥大
130372,N90.601,阴唇肥大
130373,N90.700,外阴囊肿
130374,N90.701,阴蒂囊肿
127193,L98.800x027,儿童不对称性曲侧周围疹
127194,L98.801,面颊部痣样增生
127195,L98.802,皮肤窦道
127196,L98.803,皮肤淋巴细胞瘤
127197,L98.804,皮肤瘘管
127198,L98.900,皮肤和皮下组织的疾患
119302,G37.801,炎性脱髓鞘性假瘤综合征
119303,G37.802,脱髓鞘性白质脑病
119304,G37.803,脱髓鞘性脑病
119305,G37.804,脱髓鞘性脊髓病
119306,G37.805,临床孤立综合征
119307,G37.900,中枢神经系统脱髓鞘病
119308,G37.901,脱髓鞘病
119309,G40.000,局部相关性（局灶性）（部分）特发性癫痫和伴有局限性发作的癫痫综合征
119310,G40.001,儿童良性癫痫伴中央颞区棘波
119311,G40.002,常染色体显性遗传夜间额叶癫痫
119312,G40.003,偏侧抽搐偏瘫综合征
119313,G40.004,早发性良性儿童枕叶癫痫
119314,G40.005,迟发性儿童枕叶癫痫
120279,H05.100,眼眶慢性炎性疾患
120280,H05.100x003,眼眶非特异性炎症
120281,H05.100x005,眼球后炎
120282,H05.100x008,眼眶慢性炎症
120283,H05.101,眼眶内肉芽肿
120284,H05.102,眶内炎
120285,H05.103,眼眶炎性假瘤
120286,H05.104,眶肌炎
120287,H05.200,突眼性情况
120288,H05.201,眼球突出
138522,T23.200,腕和手二度烧伤
138523,T23.200x002,腕部二度烧伤
138524,T23.200x003,手部二度烧伤
138525,T23.200x004,手掌二度烧伤
138526,T23.200x005,拇指二度烧伤
138527,T23.200x006,手指二度烧伤
138528,T23.200x007,指甲二度烧伤
138530,T23.300x002,腕部三度烧伤
138532,T23.300x004,手掌三度烧伤
138533,T23.300x005,拇指三度烧伤
138534,T23.300x006,手指三度烧伤
138535,T23.300x007,指甲三度烧伤
138537,T23.400x002,腕部腐蚀伤
138538,T23.400x003,手部腐蚀伤
138539,T23.400x004,手掌腐蚀伤
138540,T23.400x005,拇指腐蚀伤
138542,T23.400x007,指甲腐蚀伤
138543,T23.500,腕和手一度腐蚀伤
138544,T23.500x002,腕部一度腐蚀伤
138545,T23.500x003,手部一度腐蚀伤
138547,T23.500x005,拇指一度腐蚀伤
138548,T23.500x006,手指一度腐蚀伤
138549,T23.500x007,指甲一度腐蚀伤
138550,T23.600,腕和手二度腐蚀伤
138551,T23.600x002,腕部二度腐蚀伤
138553,T23.600x004,手掌二度腐蚀伤
138554,T23.600x005,拇指二度腐蚀伤
138555,T23.600x006,手指二度腐蚀伤
138556,T23.600x007,指甲二度腐蚀伤
138558,T23.700x002,腕部三度腐蚀伤
136994,S56.200,在前臂水平的其他屈肌和肌腱损伤
136995,S56.200x001,前臂屈肌损伤
136996,S56.200x002,前臂屈肌腱损伤
136997,S56.200x003,前臂屈肌和肌腱损伤
136998,S56.300,在前臂水平的拇指伸肌或外展肌和肌腱损伤
136999,S56.300x001,前臂拇指伸肌损伤
137000,S56.300x002,前臂拇指伸肌腱损伤
137001,S56.300x003,前臂拇指伸肌和肌腱损伤
137002,S56.300x004,前臂拇指外展肌损伤
137003,S56.300x005,前臂拇指外展肌腱损伤
137004,S56.300x006,前臂拇指外展肌和肌腱损伤
137005,S56.301,前臂拇指外展肌和肌腱断裂
137006,S56.400,在前臂水平的其他手指伸肌和肌腱损伤
137007,S56.400x001,前臂指伸肌损伤
137008,S56.400x002,前臂手指伸肌腱损伤
137009,S56.400x003,前臂手指伸肌和肌腱损伤
137010,S56.500,在前臂水平的其他伸肌和肌腱损伤
137011,S56.500x001,前臂伸肌损伤
137012,S56.500x002,前臂伸肌腱损伤
137013,S56.500x003,前臂伸肌和肌腱损伤
137014,S56.700,在前臂水平的多处肌肉和肌腱损伤
137015,S56.700x001,前臂多处肌肉和肌腱损伤
137016,S56.800,在前臂水平的其他肌肉和肌腱的损伤
137017,S56.801,前臂肌肉和肌腱损伤
137018,S57.000,肘挤压伤
137020,S57.900,前臂的挤压伤
137021,S58.000,在肘水平的创伤性切断
137022,S58.000x001,肘创伤性切断
137023,S58.100,在肘和腕之间水平的创伤性切断
137025,S58.900,在前臂水平的创伤性切断
137026,S58.900x001,前臂创伤性切断
137027,S59.700,前臂多处损伤
137028,S59.701,肘关节后脱位，桡骨头和尺骨冠状突骨折
137029,S59.800,前臂其他特指的损伤
138036,T07.x00,多处损伤
138038,T08.x10,开放性脊柱骨折
138039,T09.000,躯干浅表损伤
138040,T09.000x011,躯干浅表擦伤
138043,T09.000x041,躯干浅表异物
138044,T09.000x051,躯干浅表挫伤
138045,T09.100,躯干开放性伤口
138047,T09.200x001,躯干关节和韧带脱位
119322,G40.100x007,额叶癫痫
119323,G40.100x008,顶叶癫痫
119324,G40.100x009,局灶性癫痫半侧阵挛性发作
119325,G40.100x010,癫痫单纯部分性发作
119327,G40.100x012,简单部分性癫痫伴听觉症状
119328,G40.101,家族性局灶性癫痫
129686,N32.001,膀胱颈挛缩
129687,N32.002,膀胱颈狭窄
129688,N32.004,女性前列腺病
129689,N32.100,膀胱肠瘘
129690,N32.101,膀胱小肠瘘
129691,N32.102,膀胱结肠瘘
129692,N32.103,膀胱乙状结肠瘘
129693,N32.104,膀胱直肠瘘
129694,N32.200,膀胱瘘，不可归类在他处者
129695,N32.201,膀胱腹壁瘘
129696,N32.202,膀胱输尿管瘘
129697,N32.203,膀胱尿道瘘
129698,N32.204,膀胱会阴瘘
129699,N32.300,膀胱憩室
129700,N32.301,膀胱憩室炎
129701,N32.400,非创伤性膀胱破裂
129702,N32.800,膀胱其他特指的疾患
129703,N32.800x003,膀胱假憩室
129704,N32.800x008,膀胱颈部充血
129705,N32.800x009,膀胱痉挛
129706,N32.800x012,膀胱无菌性坏死
129707,N32.800x014,膀胱粘膜脱垂
129708,N32.800x019,后天性膀胱外翻
129709,N32.801,膀胱白斑
129710,N32.802,膀胱瘢痕
129711,N32.803,膀胱出血
129712,N32.804,膀胱钙化
129714,N32.806,膀胱溃疡
129715,N32.807,膀胱扩张
129716,N32.808,膀胱挛缩
129717,N32.809,膀胱囊肿
129718,N32.810,膀胱软斑病
129719,N32.811,膀胱纤维化
129720,N32.812,膀胱小梁形成
126556,L23.600,食物接触皮肤引起的变应性接触性皮炎
126557,L23.700,植物引起的变应性接触性皮炎，除外食物
126558,L23.800,变应性接触性皮炎，其他物质引起的
126560,L23.900,变应性接触性皮炎
126561,L23.901,过敏性皮炎
126562,L24.000,去污剂引起的刺激性接触性皮炎
126563,L24.100,油脂类引起的刺激性接触性皮炎
136044,S21.800,胸部其他部位的开放性伤口
136045,S21.800x011,胸部开放性损伤伴骨折
136046,S21.800x021,胸部开放性损伤伴脱位
136047,S21.800x031,胸部开放性损伤伴胸内损伤
136049,S21.900x001,胸壁开放性损伤
136050,S21.900x003,创伤性胸部异物
136051,S21.901,开放性胸部损伤
136052,S22.000,胸椎骨折
136053,S22.000x003,胸椎压缩性骨折
136055,S22.000x006,胸椎棘突骨折
136056,S22.000x007,胸椎横突骨折
136057,S22.000x009,胸椎椎弓骨折
136058,S22.000x011,胸椎骨折T1/T2
136060,S22.000x031,胸椎骨折T5/T6
136061,S22.000x041,胸椎骨折T7/T8
127199,L98.900x002,胶样粟丘疹
127200,M00.000,葡萄球菌性关节炎和多关节炎
127201,M00.000x091,葡萄球菌性关节炎
130580,O03.601,完全性自然流产并发出血
130581,O03.602,完全性自然流产并发延迟出血
130582,O03.603,自然流产并发出血
130583,O03.604,自然流产并发延迟出血
130584,O03.700,完全性或未特指的自然流产，并发栓塞
130585,O03.701,完全性自然流产并发栓塞
130586,O03.702,自然流产并发栓塞
130587,O03.800,完全性或未特指的自然流产，伴有其他的并发症
130588,O03.800x031,自然流产并发休克
130589,O03.800x041,自然流产并发肾衰竭
130590,O03.800x061,自然流产并发盆腔器官损伤
130591,O03.801,完全性自然流产伴有并发症
130592,O03.802,自然流产伴有并发症
130593,O03.900,完全性或未特指的自然流产，无并发症
130594,O03.900x001,生化妊娠
130595,O03.900x002,自然流产
130596,O03.901,难免性流产
130597,O03.902,习惯性流产伴近期流产
130598,O03.903,孕晚期自然流产
130599,O03.904,孕早期自然流产
130600,O04.000,不完全性医疗性流产，并发生殖道和盆腔感染
130601,O04.000x003,不完全医疗性流产并发生殖道感染
130603,O04.100,不完全性医疗性流产，并发延迟或过度出血
130604,O04.100x002,不完全医疗性流产并发播散性血管内凝血
130605,O04.101,不完全性医疗性流产并发过度出血
130607,O04.200x001,不完全医疗性流产并发栓塞
130608,O04.300,不完全性医疗性流产，伴有其他并发症
130609,O04.300x031,不完全医疗性流产并发休克
130611,O04.300x081,不完全医疗性流产并发心率缓慢
130612,O04.400,不完全性医疗性流产，无并发症
130613,O04.401,不完全性药物流产
130614,O04.402,早期不完全性医疗性流产
130616,O04.500x001,医疗性流产并发生殖道感染
130617,O04.500x002,医疗性流产并发盆腔感染
130618,O04.502,晚期医疗性流产并发盆腔感染
130619,O04.503,早期医疗性流产并发盆腔感染
130620,O04.600,完全性或未特指的医疗性流产，并发延迟或过度出血
130621,O04.600x001,医疗性流产并发出血
130623,O04.602,早期医疗性流产并发过度出血
130624,O04.700,完全性或未特指的医疗性流产，并发栓塞
130625,O04.700x001,医疗性流产并发栓塞
127441,M20.200x001,僵（足母）
138560,T23.700x004,手掌三度腐蚀伤
138561,T23.700x005,拇指三度腐蚀伤
138562,T23.700x006,手指三度腐蚀伤
138563,T23.700x007,指甲三度腐蚀伤
138564,T24.000,髋和下肢烧伤，除外踝和足
138565,T24.000x001,髋和下肢烧伤
138566,T24.000x002,髋部烧伤
138567,T24.000x003,下肢烧伤
138568,T24.000x004,小腿烧伤
138569,T24.100,髋和下肢一度烧伤，除外踝和足
138570,T24.100x001,髋和下肢一度烧伤
138571,T24.100x002,髋部一度烧伤
138572,T24.100x003,下肢一度烧伤
138573,T24.100x004,小腿一度烧伤
138574,T24.200,髋和下肢二度烧伤，除外踝和足
138575,T24.200x001,髋和下肢二度烧伤
135360,R91.x04,孤立性肺结节
135361,R92.x00,乳房诊断性影像检查的异常所见
135362,R93.000,颅骨和头诊断性影像检查的异常所见，不可归类在他处者
135363,R93.000x001,颅骨诊断性检查异常
135364,R93.000x002,头部诊断性检查异常
135365,R93.100,心脏和冠状循环诊断性影像检查的异常所见
135366,R93.100x002,心脏异常阴影
135367,R93.101,超声心动图异常
135368,R93.102,冠状循环诊断性影像异常
135369,R93.103,主动脉占位性病变
134554,Q95.800,平衡重排和结构标记，其他的
134555,Q95.900,平衡重排和结构标记
134556,Q96.000,核型45，X，特纳综合征
134558,Q96.200,"核型46，X，伴有异常的性染色体，除外同种（Xq）,特纳综合征"
134559,Q96.300,同源嵌合体，45，X/46，XX或XY，特纳综合征
134561,Q96.800,特纳综合征的其他变型
134562,Q96.900,特纳综合征
134563,Q97.000,染色体核型47，XXX
134564,Q97.100,女性，伴有多于三个X染色体的
134565,Q97.200,同源嵌合体，细胞系伴有不同数量的X染色体
134566,Q97.300,女性，染色体伴有46，XY核型
134567,Q97.800,性染色体异常，其他特指的，女性表型
134569,Q98.000,克兰费尔特综合征，核型47，XXY
134570,Q98.100,克兰费尔特综合征，男性，伴有多于两个X染色体的
134571,Q98.200,克兰费尔特综合征，男性，伴有46，XX核型的
134573,Q98.400,克兰费尔特综合征
134574,Q98.500,核型47，XYY
134575,Q98.600,男性，伴有结构异常的性染色体
134576,Q98.700,男性，伴有性染色体（同源）嵌合体
134577,Q98.800,性染色体异常，其他特指的，男性表型
119329,G40.102,新皮质癫痫
119331,G40.200,局部相关性（局灶性）（部分）症状性癫痫和伴有复杂部分发作的癫痫综合征
119332,G40.200x001,癫痫单纯部分性发作伴精神症状性发作
119333,G40.200x002,颞叶性癫痫
119334,G40.200x003,枕叶性癫痫
119335,G40.200x004,癫痫复杂部分性发作继发全面发作
119336,G40.200x005,下丘脑（痴笑性）癫痫
119337,G40.200x006,癫痫复杂部分性发作
119338,G40.200x010,家族性颞叶癫痫
119339,G40.200x011,癫痫复杂部分性发作伴意识障碍和自动症
119340,G40.200x013,癫痫复杂部分性发作伴意识障碍和运动症状
119341,G40.201,边缘叶癫痫
119342,G40.202,伴海马硬化颞叶内侧癫痫
119343,G40.203,颞叶内侧癫痫
119344,G40.204,边缘性癫痫持续状态
119345,G40.300,全身性特发性癫痫和癫痫综合征
119346,G40.300x001,发作性肌阵挛
119347,G40.300x002,混合型癫痫
119348,G40.300x003,癫痫全面性发作肌阵挛发作
119349,G40.300x004,翁韦里希特-伦德伯格病(波罗的海肌阵挛)(青少年肌阵挛癫痫)
119350,G40.300x006,癫痫全面性发作强直性发作
119351,G40.300x007,仅全面性强直-阵挛发作的癫痫
119352,G40.300x008,全身性非惊厥性癫痫
119353,G40.300x009,全身性惊厥性疾病
119354,G40.300x010,癫痫全面性发作阵挛性发作
119355,G40.300x012,新生儿睡眠肌阵挛
119357,G40.300x014,婴儿重度肌阵挛癫痫(Dravet综合征)
119358,G40.300x017,新生儿癫痫
119359,G40.300x018,新生儿癫痫综合征
119361,G40.300x020,癫痫全面性发作失张力发作
119362,G40.300x023,癫痫全面性发作强直阵挛性发作
119363,G40.300x025,良性家族性新生儿癫痫
119364,G40.301,青少年肌阵挛癫痫
119365,G40.302,良性婴儿肌阵挛性癫痫
119367,G40.304,儿童失神癫痫
119368,G40.305,良性家族性新生儿惊厥
120352,H11.800x005,结膜囊挛缩
120353,H11.800x006,结膜囊狭窄
120355,H11.802,假性翼状胬肉
120356,H11.803,角结膜增生
120357,H11.804,结膜囊畸形
120358,H11.805,结膜松弛
120359,H11.806,结膜息肉
120361,H11.808,结膜溶解
120363,H11.901,结膜肿物
138587,T24.400x003,下肢腐蚀伤
138588,T24.400x004,小腿腐蚀伤
136062,S22.000x051,胸椎骨折T9/T10
136063,S22.000x061,胸椎骨折T11/T12
136064,S22.010,开放性胸椎骨折
136065,S22.100,胸椎多处骨折
136066,S22.110,开放性多发性胸椎骨折
136068,S22.210,开放性胸骨骨折
136069,S22.300,肋骨骨折
136070,S22.300x011,第一肋骨骨折
136071,S22.310,开放性肋骨骨折
136072,S22.400,肋骨多处骨折
136073,S22.400x011,肋骨多发性骨折伴第一肋骨骨折
136074,S22.400x021,两根肋骨骨折不伴第一肋骨骨折
136075,S22.400x031,三根肋骨骨折不伴第一肋骨骨折
136076,S22.400x041,四根以上肋骨骨折不伴第一肋骨骨折
136077,S22.410,开放性多发性肋骨骨折
136078,S22.500,连枷胸
136079,S22.800,骨性胸廓其他部位的骨折
136080,S22.810,开放性胸廓特指部位骨折
136081,S22.900,骨性胸廓的骨折
136082,S22.910,开放性胸廓骨折
136083,S23.000,胸椎间盘创伤性破裂
136084,S23.100,胸椎脱位
136085,S23.100x011,胸椎脱位T1/T2
136086,S23.100x012,胸椎脱位T2/T3
136087,S23.100x021,胸椎脱位T3/T4
136088,S23.100x022,胸椎脱位T4/T5
136089,S23.100x031,胸椎脱位T5/T6
136090,S23.100x032,胸椎脱位T6/T7
136091,S23.100x041,胸椎脱位T7/T8
136092,S23.100x042,胸椎脱位T8/T9
136093,S23.100x051,胸椎脱位T9/T10
136095,S23.100x061,胸椎脱位T11/T12
136096,S23.100x071,胸腰椎脱位T12/L1
136097,S23.101,创伤性胸椎间盘突出
136098,S23.200,胸部其他和未特指部位的脱位
137097,S62.200x031,第一掌骨颈骨折
137098,S62.200x041,第一掌骨头骨折
137099,S62.201,贝内特骨折
137101,S62.300,掌骨骨折，其他的
137103,S62.300x011,掌骨基底骨折
137104,S62.300x021,掌骨干骨折
136310,S32.000x002,腰椎压缩性骨折
136311,S32.000x011,腰椎骨折L1
136313,S32.000x031,腰椎骨折L3
136314,S32.000x041,腰椎骨折L4
136315,S32.000x051,腰椎骨折L5
136316,S32.010,开放性腰椎骨折
136317,S32.100,骶骨骨折
136319,S32.200,尾骨骨折
136320,S32.210,开放性尾骨骨折
136321,S32.300,髂骨骨折
136322,S32.310,开放性髂骨骨折
136323,S32.400,髋臼骨折
127442,M20.300,其他（后天性）变形
127443,M20.301,后天性踇内翻
127444,M20.302,后天性槌状趾
127445,M20.400,"后天性锤状趾,其他的"
127446,M20.400x001,后天性锤状趾
127447,M20.500,趾其他（后天性）变形
127448,M20.501,后天性仰趾畸形
127449,M20.502,后天性脚趾重叠
127450,M20.503,后天性脚趾肥大
129733,N34.102,非性病性尿道炎
129734,N34.200,尿道炎，其他的
129735,N34.200x003,尿道溃疡
129736,N34.200x004,尿道口溃疡
129737,N34.200x006,尿路软斑症
129738,N34.201,绝经后尿道炎
129739,N34.202,尿道口炎
129740,N34.203,尿道球腺炎
129741,N34.204,急性尿道炎
129742,N34.205,慢性尿道炎
129743,N34.300,尿道综合征
129744,N35.000,创伤后尿道狭窄
129745,N35.000x001,分娩后尿道狭窄
129746,N35.100,感染后尿道狭窄，不可归类在他处者
129747,N35.100x001,感染后尿道狭窄
129748,N35.800,尿道狭窄，其他的
129749,N35.900,尿道狭窄
129750,N35.901,针孔状尿道口
129751,N36.000,尿道瘘
129752,N36.000x007,假尿道通道
129753,N36.001,尿道直肠瘘
129755,N36.003,创伤后尿道瘘
129756,N36.004,手术后尿道会阴瘘
129757,N36.005,手术后尿道直肠瘘
129758,N36.100,尿道憩室
129759,N36.200,尿道肉阜
129760,N36.201,尿道息肉
129761,N36.300,尿道黏膜脱垂
129762,N36.301,男性尿道膨出
129764,N36.800,尿道其他特指的疾患
129765,N36.801,精阜肥大
129766,N36.802,尿道白斑
129767,N36.803,尿道瘢痕
129769,N36.805,尿道梗阻
129770,N36.806,尿道囊肿
129771,N36.807,尿道旁管囊肿
129772,N36.808,尿道旁腺囊肿
129774,N36.900,尿道疾患
129775,N36.901,尿道肿物
129776,N39.000,泌尿道感染
129777,N39.001,无症状性菌尿
129778,N39.100,持续性蛋白尿
129780,N39.300,压力性尿失禁
129781,N39.300x002,女性压力性尿失禁
129782,N39.400,尿失禁，其他特指的
129783,N39.401,充盈性尿失禁
129785,N39.403,混合性尿失禁
129786,N39.404,解剖性尿失禁
129787,N39.405,紧迫性尿失禁
129788,N39.800,泌尿系统其他特指的疾患
129790,N39.900,泌尿系统疾患
134578,Q98.900,"性染色体异常,男性表型"
134579,Q99.000,异源嵌合体46，XX/46，XY
134580,Q99.100,46，XX真两性同体
134581,Q99.100x003,46，XY性发育异常
134582,Q99.101,单纯性性腺发育不全
134583,Q99.102,单纯性性腺发育障碍症
134584,Q99.200,脆性X染色体
134585,Q99.800,染色体异常，其他特指的
134586,Q99.801,性发育畸形
134587,Q99.802,Wolfram综合征
134588,Q99.900,染色体异常
134589,R00.000,心动过速
134590,R00.001,窦性心动过速
134591,R00.100,心动过缓
134592,R00.100x001,窦性心动过缓
134593,R00.200,心悸
134594,R00.300,无脉电活动，不可归类在他处者
134595,R00.800,心脏搏动异常，其他和未特指的
134596,R00.800x001,三联律
134597,R00.800x003,四联律
134598,R00.801,心脏搏动异常
134599,R01.000,良性和无害的心脏杂音
135629,S03.200,牙脱位
135630,S03.300,头部其他和未特指部位的脱位
135631,S03.301,头部脱位
135632,S03.400,颌关节扭伤和劳损
135633,S03.400x001,颞下颌关节损伤
135634,S03.400x002,颞下颌韧带损伤
135635,S03.500,头部其他和未特指部位关节和韧带扭伤和劳损
135636,S03.501,头部关节和韧带扭伤和劳损
135637,S04.000,视神经和视路损伤
135638,S04.000x001,视神经损伤
135641,S04.000x004,视皮质损伤
135912,S13.100x052,颈椎脱位C5/C6
135913,S13.100x061,颈椎半脱位C6/C7
135915,S13.100x071,颈胸椎半脱位C7/T1
135916,S13.100x072,颈胸椎脱位C7/T1
135917,S13.100x081,寰枕关节半脱位
135918,S13.100x082,寰枕关节脱位
135919,S13.101,颈椎半脱位
135921,S13.103,寰枢椎脱位
135922,S13.104,枢椎脱位
135923,S13.200,颈部其他和未特指部位的脱位
135925,S13.201,颈部脱位
135926,S13.202,环杓关节脱位
135927,S13.203,环甲软骨关节脱位
135928,S13.300,颈部多发性脱位
135929,S13.400,颈椎扭伤和劳损
135931,S13.400x005,寰枕关节扭伤
135932,S13.400x006,颈椎关节交锁
135933,S13.401,挥鞭伤
135934,S13.402,颈部韧带扭伤
135935,S13.403,寰枢关节扭伤
135936,S13.500,甲状腺区扭伤和劳损
135938,S13.500x004,环甲关节扭伤
138589,T24.500,髋和下肢一度腐蚀伤，除外踝和足
138590,T24.500x001,髋和下肢一度腐蚀伤
138591,T24.500x002,髋部一度腐蚀伤
138592,T24.500x003,下肢一度腐蚀伤
138593,T24.500x004,小腿一度腐蚀伤
138594,T24.600,髋和下肢二度腐蚀伤，除外踝和足
138595,T24.600x001,髋和下肢二度腐蚀伤
138597,T24.600x003,下肢二度腐蚀伤
138598,T24.600x004,小腿二度腐蚀伤
138599,T24.700,髋和下肢三度腐蚀伤，除外踝和足
138600,T24.700x001,髋和下肢三度腐蚀伤
138601,T24.700x002,髋部三度腐蚀伤
138602,T24.700x003,下肢三度腐蚀伤
138603,T24.700x004,小腿三度腐蚀伤
138604,T25.000,踝和足烧伤
138605,T25.000x002,踝部烧伤
138606,T25.000x003,足部烧伤
138607,T25.100,踝和足一度烧伤
138608,T25.100x002,踝部一度烧伤
138609,T25.100x003,足部一度烧伤
138611,T25.200x002,踝部二度烧伤
138612,T25.200x003,足部二度烧伤
138613,T25.300,踝和足三度烧伤
138614,T25.300x002,踝部三度烧伤
138615,T25.300x003,足部三度烧伤
138616,T25.400,踝和足腐蚀伤
138617,T25.400x002,踝部腐蚀伤
138618,T25.400x003,足部腐蚀伤
138620,T25.500x002,踝部一度腐蚀伤
138621,T25.500x003,足部一度腐蚀伤
138622,T25.600,踝和足二度腐蚀伤
138623,T25.600x002,踝部二度腐蚀伤
138625,T25.700,踝和足三度腐蚀伤
138626,T25.700x002,踝部三度腐蚀伤
138627,T25.700x003,足部三度腐蚀伤
138628,T26.000,眼睑和眼周区烧伤
138629,T26.001,眼睑烧伤
138631,T26.100,角膜和结合膜囊烧伤
138632,T26.100x001,角膜和结膜烧伤
138633,T26.100x003,结膜烧伤
138634,T26.101,角膜烧伤
138636,T26.200,烧伤伴有导致眼球破裂和破坏
138637,T26.200x001,眼部烧伤伴眼球破裂
138638,T26.300,眼和附器其他部位烧伤
138640,T26.400,眼和附器烧伤
138641,T26.400x001,眼部烧伤
135422,R94.202,中枢性低通气
135423,R94.204,肺活量减低
135425,R94.300x003,Q-T间期延长
135426,R94.300x007,非特异性ST-T改变
135427,R94.300x010,Brugada波样心电图改变
135428,R94.300x011,房室结双径路
136324,S32.410,开放性髋臼骨折
136325,S32.500,耻骨骨折
136326,S32.500x002,耻骨分支骨折
136327,S32.500x003,耻骨联合骨折
136328,S32.510,开放性耻骨骨折
136329,S32.700,腰椎和骨盆多处骨折
136330,S32.701,多发性骨盆骨折
136331,S32.702,多发性腰椎骨折
136332,S32.710,开放性腰椎和骨盆多处骨折
136333,S32.711,开放性多发性骨盆骨折
136334,S32.712,开放性多发性腰椎骨折
136335,S32.800,腰椎和骨盆其他和未特指部位的骨折
136336,S32.800x021,腰骶棘突骨折
136337,S32.800x022,腰骶横突骨折
136338,S32.800x023,腰骶椎弓骨折
136339,S32.800x024,腰骶椎骨骨折
136340,S32.800x091,骨盆联合体骨折
136341,S32.800x092,骨盆侧方挤压骨折
136342,S32.800x093,骨盆开书样骨折
136343,S32.800x094,骨盆垂直剪切骨折
136344,S32.800x095,马耳盖尼骨折
136345,S32.801,坐骨骨折
136346,S32.802,骨盆骨折
136347,S32.810,开放性腰椎和骨盆特指部位骨折
136348,S32.811,开放性坐骨骨折
136349,S32.812,开放性骨盆骨折
136350,S32.813,开放性腰骶部脊柱骨折
136351,S33.000,腰椎间盘创伤性破裂
136352,S33.100,腰椎脱位
136353,S33.100x011,腰椎脱位L1/L2
136354,S33.100x021,腰椎脱位L2/L3
136355,S33.100x031,腰椎脱位L3/L4
136356,S33.100x041,腰椎脱位L4/L5
136357,S33.100x051,腰骶椎脱位L5/S1
136359,S33.200x001,尾骨脱位
136360,S33.200x002,骶骨脱位
136361,S33.200x003,骶髂关节脱位
136362,S33.201,骶尾关节脱位
136364,S33.300x001,耻骨联合脱位
136365,S33.300x004,骨盆脱位
136366,S33.301,腰椎和骨盆脱位
136368,S33.500,腰椎扭伤和劳损
137344,S71.800x012,股部开放性损伤伴骨折
137346,S71.800x022,股部开放性损伤伴脱位
137347,S71.801,开放性骨盆带损伤
137348,S72.000,股骨颈骨折
137349,S72.000x011,股骨关节囊内骨折
137350,S72.000x021,股骨头骨骺分离
127387,M17.501,继发性单侧膝关节病
127388,M17.900,膝关节病
127389,M17.900x002,膝关节退行性病变
127390,M17.900x003,双侧膝关节骨性关节病
127392,M18.000,双侧第一腕掌关节的原发性关节病
129791,N40.x00,前列腺增生
129792,N40.x01,前列腺结节
129794,N41.100,慢性前列腺炎
129795,N41.101,肉芽肿性前列腺炎
126618,L28.100,结节性痒疹
126620,L28.201,黑布拉痒疹
126621,L28.202,轻症痒疹
126622,L28.203,丘疹性荨麻疹
126623,L29.000,肛门瘙痒（症）
126624,L29.100,阴囊瘙痒（症）
126625,L29.200,外阴瘙痒（症）
126626,L29.300,肛门生殖器瘙痒（症）
126628,L29.801,冬令瘙痒症
136109,S23.501,胸部扭伤
136110,S24.000,胸部脊髓震荡和水肿
136111,S24.000x002,胸部脊髓震荡
136112,S24.001,胸部脊髓水肿
136113,S24.100,胸部脊髓其他和未特指的损伤
136114,S24.100x011,胸部脊髓完全损伤
136115,S24.100x021,胸部脊髓前索综合征
136116,S24.100x022,胸部脊髓中央损伤综合征
136117,S24.100x023,胸部脊髓不完全损伤
136118,S24.100x024,胸部脊髓后索综合征
136119,S24.100x701,胸部脊髓功能损伤
136120,S24.100x711,胸部脊髓功能损伤T1
136121,S24.100x721,胸部脊髓功能损伤T2/T3
136122,S24.100x731,胸部脊髓功能损伤T4/T5
136123,S24.100x741,胸部脊髓功能损伤T6/T7
136124,S24.100x751,胸部脊髓功能损伤T8/T9
136125,S24.100x761,胸部脊髓功能损伤T10/T11
136126,S24.100x771,胸部脊髓功能损伤T12
136128,S24.200,胸椎神经根损伤
136129,S24.300,胸部周围神经损伤
136130,S24.300x001,肋间神经损伤
136132,S24.400x001,心丛神经损伤
136133,S24.400x002,食管丛神经损伤
136134,S24.400x003,肺丛神经损伤
136135,S24.400x004,星状神经丛损伤
136137,S24.500,胸部其他神经的损伤
136138,S24.500x001,膈神经损伤
136139,S24.600,胸部神经的损伤
136140,S25.000,胸主动脉损伤
136141,S25.001,创伤性胸主动脉瘤
136143,S25.100x002,无名动脉损伤
136144,S25.101,锁骨下动脉损伤
136145,S25.200,上腔静脉损伤
136146,S25.200x001,腔静脉损伤
136147,S25.201,创伤性上腔静脉破裂
136148,S25.300,无名静脉或锁骨下静脉损伤
136150,S25.301,锁骨下静脉损伤
136151,S25.400,肺血管损伤
136152,S25.401,创伤性肺动脉破裂
135939,S13.500x005,环甲韧带扭伤
135940,S13.500x006,喉软骨断裂
135941,S13.500x007,甲状软骨断裂
135942,S13.500x008,环状软骨断裂
135943,S13.500x009,气管软骨断裂
135944,S13.500x010,开放性喉软骨断裂
135945,S13.500x011,开放性甲状软骨断裂
135946,S13.501,甲状软骨扭伤
135947,S13.502,环杓关节扭伤
135948,S13.600,颈部其他和未特指部位关节和韧带扭伤和劳损
135949,S13.601,颈部扭伤
135950,S14.000,颈部脊髓震荡和水肿
135951,S14.001,颈部脊髓水肿
135952,S14.002,颈部脊髓震荡
135953,S14.100,颈部脊髓其他和未特指的损伤
135954,S14.100x011,颈部脊髓完全损伤
135955,S14.100x021,颈部脊髓中央损伤综合征
135956,S14.100x022,脊髓中央管综合征
135957,S14.100x031,颈部脊髓前索综合征
135958,S14.100x032,颈部脊髓不完全损伤
135959,S14.100x033,颈部脊髓后索综合征
135960,S14.100x701,颈部脊髓功能损伤
135961,S14.100x711,颈部脊髓功能损伤C1
135962,S14.100x721,颈部脊髓功能损伤C2
135963,S14.100x731,颈部脊髓功能损伤C3
135964,S14.100x741,颈部脊髓功能损伤C4
135965,S14.100x751,颈部脊髓功能损伤C5
136971,S54.900,在前臂水平的神经的损伤
136973,S55.000,在前臂水平的尺动脉损伤
136974,S55.000x001,前臂尺动脉损伤
136975,S55.100,在前臂水平的桡动脉损伤
136976,S55.100x001,前臂桡动脉损伤
136978,S55.200,在前臂水平的静脉损伤
136979,S55.200x001,前臂静脉损伤
136980,S55.700,在前臂水平的多处血管损伤
136981,S55.700x001,前臂多处血管损伤
120290,H05.203,眼眶出血
120291,H05.204,眶内血肿
120293,H05.300,眼眶畸形
120295,H05.301,眼眶萎缩
120296,H05.400,眼球内陷
120297,H05.500,眼眶贯通伤后残留（陈旧性）异物
120298,H05.500x001,陈旧性眶内异物
120299,H05.500x002,陈旧性球后异物
120301,H05.800x002,眼眶粘液囊肿
120302,H05.800x003,眶内上皮样囊肿
120303,H05.800x005,眼眶溃疡
120304,H05.800x006,眼眶瘘管
120306,H05.802,眶脂肪脱垂
120307,H05.900,眼眶疾患
120308,H05.900x002,眶内肿物
120309,H05.900x003,眶外肿物
135429,R94.300x012,房室结三径路
135430,R94.301,复极综合征
135431,R94.303,心电图异常
135433,R94.305,心音图异常
134615,R04.900,呼吸道出血
134616,R05.x00,咳嗽
134617,R05.x01,咳嗽晕厥综合征
134618,R05.x02,类百日咳综合征
134619,R06.000,呼吸困难
134620,R06.000x002,端坐呼吸
134621,R06.000x003,气短
134622,R06.100,喘鸣
134623,R06.200,喘息
134624,R06.300,周期性呼吸
134625,R06.301,切恩-斯托克斯呼吸
134626,R06.400,通气过度
134627,R06.500,口呼吸
134628,R06.501,鼾症
134629,R06.600,呃逆
134630,R06.700,喷嚏
134631,R06.800,呼吸异常，其他和未特指的
134632,R06.800x005,叹息
134633,R06.801,屏气
134634,R06.802,低通气综合征
134635,R06.803,呼吸肌麻痹
134636,R06.804,呼吸异常
134637,R06.805,呼吸暂停
134638,R06.806,高碳酸血症
134639,R07.000,咽痛
134640,R07.100,呼吸时胸痛
134641,R07.101,痛性呼吸
134642,R07.200,心前区痛
134643,R07.300,胸痛，其他的
134644,R07.300x002,肋软骨痛
134645,R07.301,前胸壁痛
134646,R07.400,胸痛
134647,R09.000,窒息
134648,R09.100,胸膜炎
134649,R09.100x002,慢性胸膜炎
134651,R09.200,呼吸停止
134652,R09.201,心脏呼吸衰竭
134653,R09.300,痰异常
134655,R09.800x081,动脉性杂音
134656,R09.800x082,脉搏弱
134657,R09.800x091,啰音
134658,R09.800x092,胸腔鼓音
134659,R09.800x093,胸腔异常敲击音
134660,R09.800x094,胸膜摩擦音
134661,R09.800x095,喘憋
134663,R10.000,急腹症
134665,R10.100,局限于上腹部的疼痛
134666,R10.101,上腹痛
134667,R10.102,胃痛
134668,R10.103,消化不良
134669,R10.200,盆腔和会阴痛
134670,R10.200x001,盆腔痛
134672,R10.300,局限于下腹部其他部位的疼痛
134673,R10.301,下腹痛
134674,R10.400,腹痛，其他和未特指的
134676,R10.400x004,婴儿型腹部绞痛
135698,S05.500,眼球贯通伤伴有异物
135699,S05.500x001,眼内异物
135700,S05.500x002,眼球穿通伤伴磁性异物
127393,M18.100,第一腕掌关节其他的原发性关节病
127394,M18.101,单侧第一腕掌关节原发性关节病
127395,M18.200,双侧第一腕掌关节的创伤后关节病
127396,M18.300,第一腕掌关节其他的创伤后关节病
127397,M18.301,单侧第一腕掌关节创伤后关节病
127398,M18.400,双侧第一腕掌关节其他的继发性关节病
127399,M18.400x001,继发性双侧第一腕掌关节病
127400,M18.500,第一腕掌关节其他的继发性关节病
127401,M18.501,单侧第一腕掌关节继发性关节病
127402,M18.900,第一腕掌关节的关节病
127403,M18.900x002,双侧腕关节骨性关节病
127404,M19.000,关节的原发性关节病，其他的
127405,M19.001,原发性关节病
127406,M19.100,关节的创伤后关节病，其他的
127407,M19.101,创伤后关节病
127408,M19.200,继发性关节病，其他的
127409,M19.201,继发性关节病
127410,M19.800,关节病，其他特指的
127412,M19.900x092,重度骨关节病
127414,M19.900x094,趾骨关节病
127415,M19.900x095,跖骨关节病
127416,M19.900x096,距下关节骨性关节病
127417,M19.900x097,跖趾关节骨性关节病
127418,M19.901,肩关节关节病
127419,M19.902,肘关节关节病
127420,M19.903,腕关节关节病
127421,M19.904,手骨间关节病
127423,M19.906,足关节关节病
127424,M19.907,肥厚性关节炎
127425,M19.908,老年性关节炎
127426,M19.909,变形性关节炎
127428,M20.000,手指变形
127429,M20.000x004,拇外展功能障碍
127430,M20.000x005,后天性拇变形
127431,M20.000x011,后天性槌状指
127433,M20.003,后天性手指重叠
127434,M20.005,手指挛缩
127435,M20.006,手指钮孔状变形
127436,M20.007,手指天鹅颈状变形
127437,M20.100,外翻（后天性）
127439,M20.100x002,后天性（足母）外翻
127440,M20.200,踇僵
128396,M66.308,踝屈肌腱自发性破裂
128397,M66.309,足屈肌腱自发性破裂
128399,M66.500,肌腱的自发性破裂
128400,M66.501,非创伤性肌腱断裂
128401,M66.502,非创伤性肌腱连接点断裂
128402,M67.000,后天性短跟腱
128403,M67.001,跟腱挛缩
128405,M67.100x041,掌腱膜挛缩
128406,M67.100x051,髂胫束挛缩
126565,L24.201,丙酮刺激性接触性皮炎
136153,S25.500,肋间血管损伤
136154,S25.501,创伤性肋间动脉破裂
136155,S25.700,胸部多处血管损伤
136156,S25.800,胸部其他血管的损伤
136158,S25.801,奇静脉损伤
136159,S25.802,创伤性乳房动脉破裂
136160,S25.900,胸部血管的损伤
136161,S26.000,伴有心包积血的心脏损伤
136162,S26.000x001,创伤性心包积血
136163,S26.000x002,创伤性心包填塞
137162,S63.401,创伤性掌关节韧带破裂
137163,S63.500,腕关节扭伤和劳损
137164,S63.500x002,腕关节损伤
137165,S63.500x003,创伤性腕关节积血
137166,S63.500x011,腕骨关节扭伤
137167,S63.500x012,腕骨关节损伤
137168,S63.500x021,桡腕关节扭伤
137169,S63.500x022,桡腕关节损伤
137170,S63.500x031,腕掌关节扭伤
137171,S63.500x032,腕掌关节损伤
127203,M00.001,葡萄球菌性肩关节炎
127204,M00.002,葡萄球菌性肘关节炎
127205,M00.003,葡萄球菌性腕关节炎
127206,M00.004,葡萄球菌性髋关节炎
127207,M00.005,葡萄球菌性膝关节炎
127208,M00.006,葡萄球菌性踝关节炎
127209,M00.100,肺炎球菌性关节炎和多关节炎
127210,M00.100x001,肺炎球菌性多关节炎
127211,M00.100x011,肺炎球菌性肩关节炎
127212,M00.100x021,肺炎球菌性肘关节炎
127214,M00.100x051,肺炎球菌性髋关节炎
127215,M00.100x061,肺炎球菌性膝关节炎
127216,M00.100x071,肺炎球菌性踝关节炎
127217,M00.100x091,肺炎球菌性关节炎
127219,M00.200x001,链球菌性多关节炎
127220,M00.200x011,链球菌性肩关节炎
127221,M00.200x021,链球菌性肘关节炎
127222,M00.200x031,链球菌性腕关节炎
127223,M00.200x051,链球菌性髋关节炎
127225,M00.200x071,链球菌性踝关节炎
127226,M00.200x091,链球菌性关节炎
127227,M00.800,关节炎和多关节炎，其他特指的细菌性病原体引起的
127228,M00.900,化脓性关节炎
127230,M00.900x021,感染性肘关节炎
127231,M00.900x031,感染性腕关节炎
127232,M00.900x051,感染性髋关节炎
127233,M00.900x061,感染性膝关节炎
127235,M00.901,感染性关节炎
127236,M02.000,肠旁路术后关节病
127238,M02.200,免疫后关节病
127239,M02.201,血清性关节炎
120311,H05.901,眼眶肿物
120312,H10.000,黏液脓性结膜炎
120313,H10.100,急性变应性结膜炎
120314,H10.101,变应性结膜炎
120315,H10.102,春季角结膜炎
120316,H10.103,泡性结膜炎
120317,H10.200,急性结膜炎，其他的
120318,H10.200x001,急性卡他性结膜炎
120319,H10.300,急性结膜炎
120320,H10.400,慢性结膜炎
120321,H10.401,结膜肉芽肿
120322,H10.500,睑缘结膜炎
120323,H10.500x001,眼眦脓肿
120324,H10.800,结膜炎，其他的
120325,H10.800x001,感染性结膜炎
120326,H10.801,结膜溃疡
120327,H10.900,结膜炎
120329,H11.000,翼状胬肉
120330,H11.100,结膜变性和沉着物
120331,H11.100x001,结膜变性
120332,H11.100x007,结膜黑变病
120333,H11.101,结膜沉着物
120334,H11.102,睑裂斑
120335,H11.103,结膜铁质沉着症
120336,H11.104,结膜干燥
120337,H11.105,结膜结石
120338,H11.106,结膜角化
120339,H11.107,结膜银质沉着病
120340,H11.108,结膜色素沉着病
120341,H11.200,结膜瘢痕
120342,H11.201,睑球粘连
120343,H11.300,结膜出血
120344,H11.301,结膜下出血
120345,H11.400,结膜血管疾患和囊肿，其他的
120346,H11.401,结膜囊肿
120347,H11.402,结膜水肿
120348,H11.403,结膜充血
120349,H11.404,结膜动脉瘤
120350,H11.405,结膜血管增生
120351,H11.800,结膜其他特指的疾患
117441,E53.100x001,维生素B6缺乏
117443,E53.800x003+G32.0*,侧索联合变性病
117444,E53.800x010,叶酸盐缺乏
117445,E53.800x011,生物素缺乏
117446,E53.800x012,氰钻胺素缺乏
117447,E53.800x013,泛酸缺乏
135370,R93.200,肝和胆道诊断性影像检查的异常所见
135371,R93.200x001,肝诊断性影像异常
135372,R93.200x002,胆道诊断性影像异常
135373,R93.201,肝钙化灶
135374,R93.202,肝回声不均
135375,R93.203,肝占位性病变
135376,R93.204,胆囊占位性病变
135377,R93.205,胆管占位性病变
135379,R93.300x001,消化道诊断性影像异常
135381,R93.300x003,结肠占位性病变
135382,R93.300x004,直肠占位性病变
135383,R93.301,胰腺影像检查异常
135701,S05.500x003,眼球穿通伤伴非磁性异物
135702,S05.600,眼球贯通伤不伴有异物
135703,S05.600x002,眼球穿通伤
135704,S05.601,角膜穿通伤
135705,S05.602,虹膜穿通伤
135706,S05.603,晶状体穿通伤
135707,S05.604,巩膜穿通伤
135708,S05.605,视网膜穿通伤
135709,S05.700,眼撕脱伤
135710,S05.800,眼和眶其他损伤
135711,S05.800x001,外伤性虹膜脱离
120080,G95.800x007,脊髓性膀胱
120081,G95.800x010,椎管内囊肿
120082,G95.800x011,硬脊膜外囊肿
120083,G95.800x012,骶椎神经根袖囊肿
120084,G95.800x014,非创伤性脊髓不全横贯性损害
120085,G95.800x015,脊髓软化
120086,G95.800x016,脊髓胶质细胞增生
120087,G95.800x017,药物性脊髓病
120088,G95.801,中毒性脊髓病
120089,G95.802,脊髓硬化症
120090,G95.803,放射性脊髓病
120091,G95.804,脊髓萎缩
120092,G95.805,脊髓病性膀胱
120093,G95.806,椎管内纤维组织增生
120094,G95.807,肝性脊髓病
120095,G95.808,脊髓囊肿
120096,G95.900,脊髓病
120097,G95.900x003,椎管内占位性病变
120098,G95.900x004,椎管内外占位性病变
120099,G95.901,椎管内肿物
120100,G96.000,脑脊液漏
120101,G96.000x005,脑脊液眼漏
120102,G96.000x006,创伤性脑脊液漏
120103,G96.001,脑脊液鼻漏
120104,G96.002,脑脊液耳漏
120105,G96.003,手术后脑脊液漏
120107,G96.100x001,脊髓蛛网膜粘连
120108,G96.100x002,蛛网膜粘连
120109,G96.100x003,马尾粘连
120110,G96.100x004,脊髓粘连
120111,G96.100x005,脑膜粘连
120112,G96.100x007,髓外硬膜外囊肿
120113,G96.100x008,硬脊膜外粘连
120115,G96.100x010,椎管内蛛网膜囊肿
120116,G96.100x013,硬脊膜内囊肿
120117,G96.101,脊膜粘连
120118,G96.103,脑室粘连
120119,G96.104,硬膜外囊肿
120121,G96.800x002,脑叶炎性病变
120122,G96.800x003,营养不良性神经病(营养障碍性神经病)
120124,G96.800x006,脊髓损伤后体温调节功能障碍
120125,G96.800x007,海绵窦综合征
120126,G96.900,中枢神经系统疾患
120127,G96.900x002,脑脊髓神经病
120128,G96.900x003,脑脊髓神经根病
126566,L24.202,醇类刺激性接触性皮炎
126567,L24.203,二硫化碳刺激性接触性皮炎
126568,L24.204,甲苯刺激性接触性皮炎
126569,L24.205,溶剂类刺激性接触性皮炎
126570,L24.206,松脂刺激性接触性皮炎
126571,L24.300,化妆品引起的刺激性接触性皮炎
126572,L24.400,药物接触皮肤引起的刺激性接触性皮炎
126573,L24.500,化学产品引起的刺激性接触性皮炎，其他的
126574,L24.501,碱刺激性接触性皮炎
126575,L24.502,尼龙刺激性接触性皮炎
126576,L24.503,砌砖工刺激性痒病
126577,L24.504,酸类刺激性接触性皮炎
126578,L24.600,食物接触皮肤引起的刺激性接触性皮炎
126579,L24.601,揉面刺激性痒病
126580,L24.700,植物引起的刺激性接触性皮炎，除外食物
126581,L24.800,刺激性接触性皮炎，其他物质引起的
126582,L24.800x001,隐翅虫皮炎
126583,L24.800x002,刺胞皮炎
126584,L24.801,松毛虫皮炎
126585,L24.900,刺激性接触性皮炎
126586,L24.901,刺激性皮炎
126587,L25.000,化妆品引起的接触性皮炎
126588,L25.100,药物接触皮肤引起的接触性皮炎
126590,L25.201,染发性皮炎
126592,L25.400,食物接触皮肤引起的接触性皮炎
126593,L25.500,植物引起的接触性皮炎，除外食物
126594,L25.800,接触性皮炎，其他物质引起的
126596,L26.x00,剥脱性皮炎
126597,L26.x01,黑布拉糠疹
126598,L27.000,药物和药剂引起的全身性皮疹
126599,L27.000x004,剥脱性皮炎型药疹
126601,L27.002,红皮病型药疹
126602,L27.003,荨麻疹型药疹
126603,L27.004,药物性红斑
126605,L27.100,药物和药剂引起的局限性皮疹
126607,L27.200,摄入食物引起的皮炎
126608,L27.201,牛奶过敏性皮炎
126609,L27.800,内服物质引起的皮炎，其他的
126611,L27.900,内服物质引起的皮炎
126612,L28.000,慢性单纯性苔藓
126613,L28.000x006,小棘苔癣
126614,L28.000x007,金黄色苔癣
126617,L28.003,苔藓
127644,M24.401,复发性肩关节脱位
127645,M24.402,复发性肩关节不全脱位
127646,M24.403,复发性肘关节脱位
127648,M24.405,复发性腕关节脱位
127649,M24.406,复发性腕关节不全脱位
127240,M02.300,赖特尔病
127241,M02.800,反应性关节病，其他的
127243,M05.000,费尔蒂综合征
127244,M05.100+J99.0*,类风湿性肺病
127245,M05.101+J99.0*,类风湿性关节炎伴肺泡炎
127246,M05.102+J99.0*,类风湿性关节炎伴肺间质纤维化
127247,M05.103+J99.0*,类风湿尘肺
127248,M05.200,类风湿性脉管炎
127249,M05.200x092,类风湿性血管炎
127250,M05.300,类风湿性关节炎，累及其他器官和系统
127251,M05.301+G63.6*,类风湿性关节炎伴多神经病
127252,M05.302+I43.8*,类风湿性关节炎伴心肌病
127253,M05.303+G73.7*,类风湿性关节炎相关性肌病
128178,M53.800,背部痛，其他特指的
128179,M53.801,脊柱强直
128180,M53.802,脊柱关节僵硬
128181,M53.900,背部病
128182,M54.000,影响到颈背区的脂膜炎
128183,M54.001,颈部脂膜炎
128184,M54.002,骶部脂膜炎
128185,M54.003,背部脂膜炎
128186,M54.100,神经根病
128187,M54.100x021,颈神经根炎
128188,M54.101,臂丛神经炎
128189,M54.102,胸神经根炎
128190,M54.103,腰神经根炎
136917,S52.600x002,尺骨茎突骨折伴桡骨远端骨折
136918,S52.610,开放性尺骨桡骨远端骨折
136919,S52.700,前臂多处骨折
136920,S52.701,尺骨桡骨闭合性骨折
136921,S52.710,开放性多发性前臂骨折
136922,S52.711,开放性尺骨桡骨骨折
136924,S52.800x002,尺骨远端骨骺分离
136925,S52.801,桡骨骨折
136926,S52.802,尺骨茎突骨折
136927,S52.803,尺骨头骨折
136928,S52.804,尺骨下端骨折
136930,S52.811,开放性桡骨骨折
136931,S52.812,开放性尺骨茎突骨折
136932,S52.813,开放性尺骨头骨折
136934,S52.900,前臂骨折
136936,S53.000x003,桡骨头半脱位
136937,S53.001,桡肱关节脱位
136938,S53.002,尺桡关节脱位
136939,S53.100,肘关节脱位
136941,S53.100x021,肘关节后脱位
136942,S53.100x031,肘关节内脱位
136943,S53.100x041,肘关节侧方脱位
136944,S53.101,尺肱关节脱位
136945,S53.102,尺骨头脱位
136947,S53.200x001,桡侧副韧带断裂
136948,S53.300,尺侧副韧带创伤性破裂
136949,S53.300x001,尺侧副韧带断裂
136950,S53.400,肘关节扭伤和劳损
135384,R93.302,胰腺占位性病变
135385,R93.303,胃占位性病变
135386,R93.400,泌尿器官诊断性影像检查的异常所见
135387,R93.400x001,膀胱充盈缺损
135388,R93.400x002,肾充盈缺损
135389,R93.400x003,输尿管充盈缺损
135390,R93.401,肾超声检查异常
135391,R93.402,肾动脉走行异常
135392,R93.403,肾占位性病变
135393,R93.404,输尿管占位性病变
135394,R93.405,膀胱占位性病变
135395,R93.500,腹部区域诊断性影像检查的异常所见（包括腹膜后腔），其他的
135396,R93.500x001,腹部诊断性影像异常
135397,R93.501,肾上腺诊断性影像异常
135398,R93.600,肢体诊断性影像检查的异常所见
135399,R93.700,肌肉骨骼系统其他部位诊断性影像检查的异常所见
135400,R93.800,诊断性影像检查的异常所见，其他特指身体结构的
135401,R93.800x002,皮肤诊断性影像异常
135402,R93.800x003,皮下组织诊断性影像异常
135403,R93.800x006,宫腔占位
135404,R93.800x007,卵巢占位性病变
135405,R93.800x008,眼占位性病变
135406,R93.801,胸腔占位性病变
135407,R93.802,前列腺钙化灶
135408,R93.803,子宫内膜增厚
135410,R93.805,纵隔阴影
135411,R94.000,中枢神经系统功能检查的异常结果
135412,R94.001,脑电图异常
135414,R94.101,视觉激发电位异常
135415,R94.102,特殊感觉功能检查异常
135416,R94.103,神经刺激反应异常
135417,R94.104,肌电图异常
135418,R94.105,眼电图异常
135419,R94.106,视网膜电图异常
135420,R94.200,肺功能检查的异常结果
136434,S35.205,创伤性脾动脉破裂
136435,S35.300,门静脉或脾静脉损伤
136436,S35.300x001,门静脉损伤
136437,S35.300x002,脾静脉损伤
136439,S35.300x004,肠系膜上静脉损伤
136440,S35.300x005,肠系膜静脉损伤
136441,S35.301,创伤性肠系膜静脉破裂
136442,S35.302,创伤性脾静脉破裂
136444,S35.400x001,肾动脉损伤
136445,S35.400x002,肾静脉损伤
135642,S04.100,动眼神经损伤
135643,S04.200,滑车神经损伤
135645,S04.400,展神经损伤
135646,S04.500,面神经损伤
135647,S04.501,面神经断裂
135648,S04.502,眶下神经损伤
135649,S04.600,听神经损伤
135651,S04.800,脑神经损伤，其他的
120129,G96.900x004,中枢神经系统并发症
120130,G96.901,脑脊髓病
120131,G96.902,中枢性疼痛
120132,G97.000,腰椎穿刺引起的脑脊液漏
120133,G97.100,对腰椎穿刺的其他反应
120134,G97.100x002,腰椎穿刺术后感染
117253,E26.803,吉特尔曼综合征
117254,E26.900,醛固酮过多症
117255,E27.000,"肾上腺皮质活动过度,其他的"
117256,E27.000x001,肾上腺皮质功能亢进
117257,E27.000x002,促肾上腺皮质激素生成过多
117258,E27.000x003,肾上腺皮质功能亢进危象
117259,E27.000x011,肾上腺来源高雄激素血症
117260,E27.001,肾上腺皮质功能亢进，与库欣综合征无关
120364,H15.000,巩膜炎
120365,H15.000x002,巩膜脓肿
120366,H15.001,巩膜溃疡
120368,H15.800,巩膜的其他疾患
120369,H15.800x008,巩膜缺损
120370,H15.800x009,巩膜钙化
120371,H15.800x010,巩膜膨隆
120372,H15.801,巩膜囊肿
120373,H15.802,巩膜黑变病
120374,H15.803,巩膜葡萄肿
120375,H15.804,巩膜肉芽肿
120376,H15.805,巩膜粘连
120377,H15.806,巩膜坏死
120378,H15.900,巩膜疾患
120379,H16.000,角膜溃疡
120380,H16.000x001,病毒性角膜溃疡
120381,H16.000x006,环形角膜溃疡
120382,H16.000x010,角膜糜烂
120383,H16.001,角膜溃疡性穿孔
120384,H16.002,中心性角膜溃疡
120386,H16.004,边缘性角膜溃疡
120387,H16.005,前房积脓性角膜溃疡
120388,H16.006,细菌性角膜溃疡
120389,H16.007,角膜穿孔
120391,H16.100x004,晕性角膜炎
120392,H16.100x005,星状角膜炎
120393,H16.100x006,条纹状角膜炎
120394,H16.100x007,钱币状角膜炎
120395,H16.100x008,光敏性角膜炎
120396,H16.100x009,雪盲
120397,H16.101,电光性眼炎
120399,H16.103,丝状角膜炎
120400,H16.200,角膜结膜炎
120401,H16.200x001,暴露性角膜结膜炎
120402,H16.200x006,结节性眼炎
120404,H16.203,神经营养性角膜结膜炎
120405,H16.204,浅层角膜结膜炎
120406,H16.205,暴露性角膜炎
120407,H16.300,基质层和深层角膜炎
120410,H16.301,深层角膜炎
120411,H16.302,角膜脓肿
120412,H16.303,科根综合征
127650,M24.407,复发性手骨间关节脱位
127651,M24.408,复发性手骨间关节不全脱位
127652,M24.409,复发性髋关节脱位
127653,M24.410,复发性髋关节不全脱位
137105,S62.300x031,掌骨颈骨折
137106,S62.300x041,掌骨头骨折
137107,S62.301,掌骨骨折
137108,S62.310,开放性特指掌骨骨折
137109,S62.311,开放性掌骨骨折
137110,S62.400,掌骨多处骨折
137111,S62.410,开放性多发性掌骨骨折
137112,S62.500,拇指骨折
137113,S62.500x002,拇指骨骺分离
137114,S62.500x011,拇指近节骨折
137115,S62.500x021,拇指远节骨折
137116,S62.510,开放性拇指骨折
137117,S62.600,手指骨折，其他的
137119,S62.600x011,指骨近节骨折
137120,S62.600x021,指骨中节骨折
137121,S62.600x031,指骨远节骨折
137122,S62.611,开放性指骨骨折
137123,S62.700,手指多处骨折
137124,S62.710,开放性多发性指骨骨折
137125,S62.800,腕和手其他和未特指部位的骨折
137126,S62.801,手骨折
137127,S62.802,指骨骨折
137128,S62.810,开放性腕和手其他和未特指部位骨折
137129,S62.811,开放性手骨折
137130,S63.000,腕关节脱位
137131,S63.000x002,桡骨远端关节脱位
137132,S63.000x003,尺骨远端关节脱位
137134,S63.000x021,桡腕关节脱位
137135,S63.000x031,腕骨间关节脱位
137136,S63.000x041,掌骨近端关节脱位
137137,S63.000x042,腕掌关节脱位
137139,S63.000x082,腕舟骨脱位
137140,S63.000x083,腕舟骨月骨周围脱位
137141,S63.100,指关节脱位
137142,S63.100x001,指间关节脱位
137144,S63.100x011,掌指关节脱位
137145,S63.100x012,掌骨远端关节脱位
137146,S63.100x013,拇掌关节脱位
137147,S63.100x021,手指远端指间关节脱位
137149,S63.200x001,指关节多发性脱位
137150,S63.300,腕和腕关节韧带创伤性破裂
137151,S63.300x001,腕副韧带断裂
137152,S63.300x002,桡腕韧带断裂
137154,S63.300x004,腕和腕关节韧带断裂
137155,S63.400,掌指和指间关节处的手指韧带创伤性破裂
137156,S63.400x001,掌指关节韧带断裂
137158,S63.400x003,手掌韧带断裂
137159,S63.400x004,手掌板断裂
137160,S63.400x005,指间关节韧带断裂
136951,S53.400x002,创伤性肘关节积血
136952,S53.400x012,桡侧副韧带扭伤
136954,S53.400x031,桡肱关节扭伤
136955,S53.400x041,尺肱关节扭伤
136956,S53.401,桡骨环状韧带扭伤
136957,S53.402,肘关节扭伤
136958,S54.000,在前臂水平的尺神经损伤
136959,S54.000x001,前臂尺神经损伤
136960,S54.001,前臂尺神经断裂
136961,S54.100,在前臂水平的正中神经损伤
136962,S54.100x001,前臂正中神经损伤
136963,S54.101,前臂正中神经断裂
136964,S54.200,在前臂水平的桡神经损伤
136965,S54.200x001,前臂桡神经损伤
136966,S54.300,在前臂水平的皮感觉神经损伤
136967,S54.300x001,前臂皮感觉神经损伤
136968,S54.700,在前臂水平的多神经损伤
136969,S54.700x001,前臂多处神经损伤
136970,S54.800,在前臂水平的其他神经损伤
137979,T03.800x002,身体复合部位的扭伤
137980,T03.900,多处脱位、扭伤和劳损
137981,T03.900x001,多处脱位
137982,T03.900x002,多处扭伤
137983,T04.000,累及头部伴有颈部的挤压伤
137984,T04.000x001,头和颈挤压伤
137985,T04.100,累及胸部伴有腹部、下背和骨盆的挤压伤
137986,T04.100x001,躯干挤压伤
137987,T04.200,累及上肢多个部位的挤压伤
137988,T04.200x001,上肢多处挤压伤
137989,T04.300,累及下肢多个部位的挤压伤
117394,E43.x00x001,严重营养不良
117395,E43.x00x002,营养性水肿
117397,E44.100,轻度蛋白质-能量营养不良
117398,E45.x00,继后于蛋白质-能量营养不良的发育迟缓
117399,E45.x00x003,营养不良性身材矮小
117401,E46.x00x002,低蛋白性营养不良
117402,E46.x00x003,营养不良
117403,E46.x00x004,铜蓝蛋白降低
117404,E46.x00x005,蛋白质-能量失衡
117405,E46.x01,蛋白缺乏
117407,E50.000x001+H13.8*,维生素A缺乏伴结膜干燥症
117408,E50.100,维生素A缺乏病伴有比托斑点及结膜干燥症
117409,E50.100x001+H13.8*,少年儿童的比托斑点
117411,E50.200,维生素A缺乏病伴有角膜干燥症
117412,E50.200x001+H19.8*,维生素A缺乏伴角膜干燥症
117413,E50.300,维生素A缺乏病伴有角膜溃疡和干燥症
117414,E50.300x001+H19.8*,维生素A缺乏伴角膜溃疡和干燥症
117415,E50.400,维生素A缺乏病伴有角膜软化症
135652,S04.801,舌下神经损伤
135653,S04.802,嗅神经损伤
135654,S04.803,舌咽神经损伤
135655,S04.804,迷走神经损伤
135656,S04.900,脑神经损伤
135657,S05.000,结合膜损伤和角膜擦伤，未提及异物
135658,S05.000x002,结膜损伤
135659,S05.001,角膜擦伤
135660,S05.002,角膜磨损
135661,S05.100,眼球和眶组织挫伤
135662,S05.100x004,眼球挫伤
135663,S05.101,眼眶挫伤
135664,S05.102,创伤性前房积血
135665,S05.103,晶状体挫伤
135666,S05.104,巩膜挫伤
135667,S05.200,眼撕裂伤和破裂伴有眼内组织脱出或缺失
135668,S05.200x003,外伤性玻璃体嵌顿
135669,S05.200x004,外伤性虹膜缺损
135670,S05.200x005,外伤性晶状体嵌顿
135671,S05.200x006,外伤性玻璃体溢出
135672,S05.200x007,外伤性虹膜根部离断
135673,S05.201,角膜穿通伤伴虹膜嵌顿
135674,S05.202,角膜穿通伤伴虹膜脱垂
135675,S05.203,角膜穿通伤伴晶状体嵌顿
135676,S05.204,角膜穿通伤伴玻璃体嵌顿
135677,S05.205,创伤性虹膜脱垂
135678,S05.206,创伤性虹膜嵌顿
135679,S05.207,创伤性虹膜疝
135680,S05.208,创伤性睫状体脱垂
135682,S05.210,创伤性玻璃体疝
135683,S05.300,眼撕裂伤不伴有眼内组织脱出或缺失
135684,S05.300x004,眼球破裂伤
135685,S05.300x005,外伤性前房角劈裂
135686,S05.300x010,眼撕裂伤
135687,S05.301,角膜裂伤
135688,S05.302,角膜全层裂伤
135689,S05.303,虹膜裂伤
135691,S05.305,睫状体裂伤
135692,S05.306,结膜裂伤
135693,S05.307,角膜板层裂伤
135695,S05.400x001,眶内异物
135696,S05.400x002,眼肌异物
135697,S05.401,眶穿通伤
136709,S42.110,开放性肩胛骨骨折
136710,S42.200,肱骨上端骨折
136711,S42.200x001,肱骨近端骨折
136713,S42.200x031,肱骨解剖颈骨折
136714,S42.200x041,肱骨大结节骨折
136715,S42.200x091,肱骨小结节骨折
136716,S42.200x092,肱骨近端多发性骨折
136717,S42.202,肱骨外科颈骨折
136719,S42.210,开放性肱骨上端骨折
136720,S42.300,肱骨干骨折
136721,S42.300x002,肱骨干多发性骨折
136722,S42.301,肱骨骨折
138049,T09.200x003,躯干韧带脱位
120413,H16.400,角膜新血管形成
120414,H16.401,角膜血管翳
120415,H16.402,角膜血管影
120417,H16.800x003,疫苗接种角膜炎
120418,H16.800x005,粘连性角膜炎
120419,H16.800x006,反应性角膜炎
120420,H16.800x010,束状角膜炎
120421,H16.800x014,陈旧性角膜炎
120422,H16.801,药物性角膜结膜炎
120423,H16.802,大泡性角膜炎
117505,E65.x00x011,腋部脂肪增多症
117506,E65.x00x013,小腿脂肪增多症
117507,E65.x01,腰部脂肪堆积
117508,E65.x02,背部脂肪堆积
117509,E65.x03,上肢脂肪堆积
117510,E65.x04,脂肪垫
117511,E65.x05,下颌脂肪袋
117512,E65.x07,颈部脂肪堆积
117513,E65.x08,面颊脂肪堆积
117514,E65.x09,大腿脂肪堆积
117515,E65.x10,腹部脂肪堆积
135434,R94.306,心电向量图异常
135435,R94.307,心内电生理学检查异常
135436,R94.308,继发性QT间期延长
135437,R94.400,肾功能检查的异常结果
135438,R94.401,肾小球滤过率下降
135439,R94.402,血肌酐升高
135440,R94.500,肝功能检查的异常结果
135441,R94.600,甲状腺功能检查的异常结果
135442,R94.700,内分泌功能检查的异常结果，其他的
135443,R94.800,"器官和系统的功能检查的异常结果,其他的"
135444,R94.800x001,脾功能异常
135445,R94.801,基础代谢率异常
135446,R94.802,逼尿肌内减弱
135447,R94.803,膀胱功能检查异常
135449,R95.900,婴儿猝死综合征伴未提及尸体解剖
135450,R96.000,瞬间死亡
135451,R96.000x001,猝死
135452,R96.001,突然不明原因的死亡
135453,R96.100,死亡发生于症状起始后24小时以内，另无解释
135455,R98.x00,无人在场的死亡
135456,R98.x00x002,发现时已死亡
135457,R99.x00,其他原因不明确和未特指原因的死亡
135458,R99.x00x002,原因不明的死亡
135461,S00.000x053,头皮血肿机化
135462,S00.001,头皮挫伤
135463,S00.002,头皮擦伤
135465,S00.004,头皮血肿
135466,S00.100,眼睑和眼周区挫伤
135467,S00.100x001,眼睑挫伤
135468,S00.100x003,眼睑淤血
135470,S00.101,眼周区挫伤
135471,S00.102,额部血肿
135472,S00.200,眼睑和眼周区其他浅表损伤
135473,S00.201,眶区浅表损伤
137161,S63.400x006,指间关节副韧带断裂
138176,T17.101,鼻腔异物
138177,T17.200,咽内异物
138178,T17.200x001,鼻咽内异物
138179,T17.300,喉内异物
138180,T17.400,气管内异物
138181,T17.500,支气管内异物
138182,T17.501,塑型性支气管炎
138183,T17.800,呼吸道其他和多处部位内异物
138184,T17.801,多发性呼吸道异物
138185,T17.802,细支气管内异物
137352,S72.000x041,股骨颈经颈骨折
137353,S72.000x051,股骨颈基底骨折
137354,S72.000x081,股骨头骨折
137355,S72.000x082,股骨髋部骨折
137356,S72.010,开放性股骨颈骨折
137357,S72.100,经大转子骨折
137358,S72.100x001,股骨大粗隆骨折
137359,S72.100x002,股骨小粗隆骨折
137360,S72.101,股骨粗隆间骨折
137361,S72.110,开放性股骨粗隆间骨折
137362,S72.200,转子下骨折
137363,S72.200x001,股骨粗隆下骨折
137364,S72.210,开放性股骨粗隆下骨折
137365,S72.300,股骨干骨折
137366,S72.310,开放性股骨干骨折
137367,S72.400,股骨下端骨折
137368,S72.400x001,股骨远端骨折
137369,S72.400x012,股骨内髁骨折
137370,S72.400x013,股骨外髁骨折
137371,S72.400x021,股骨远端骨骺分离
137373,S72.400x041,股骨髁间骨折
137374,S72.401,股骨髁骨折
137375,S72.410,开放性股骨下端骨折
137376,S72.700,股骨多处骨折
137377,S72.710,开放性多发性股骨骨折
137379,S72.810,开放性股骨特指部位骨折
137380,S72.900,股骨骨折
137381,S72.900x002,股骨骨骺分离
137382,S72.910,开放性股骨骨折
137383,S73.000,髋脱位
137385,S73.000x011,髋关节后脱位
137386,S73.000x021,髋关节前脱位
137387,S73.001,髋关节半脱位
137388,S73.100,髋扭伤和劳损
137390,S73.100x011,髂股韧带扭伤
137391,S73.100x021,髂关节囊韧带扭伤
137392,S73.101,髋扭伤
137393,S74.000,在髋和大腿水平的坐骨神经损伤
137394,S74.000x001,坐骨神经损伤
137396,S74.000x003,大腿坐骨神经损伤
137397,S74.100,在髋和大腿水平的股神经损伤
137398,S74.100x001,股神经损伤
137399,S74.100x002,髋部股神经损伤
137401,S74.200,在髋和大腿水平的皮感觉神经损伤
117416,E50.400x001+H19.8*,维生素A缺乏伴角膜软化
117417,E50.500,维生素A缺乏病伴有夜盲症
117418,E50.500x001+H58.1*,维生素A缺乏伴夜盲症
117419,E50.600,维生素A缺乏病伴有角膜干眼性瘢痕
117420,E50.600x001+H19.8*,维生素A缺乏伴角膜干眼瘢痕
117421,E50.700,维生素A缺乏病的其他眼部表现
117422,E50.701+H19.8*,维生素A缺乏干眼症
117423,E50.800,维生素A缺乏病的其他表现
117424,E50.800x002+L86*,维生素A缺乏伴毛囊角化病
117425,E50.801+L86*,维生素A缺乏合并皮肤干燥病
117426,E50.900,维生素A缺乏病
117427,E51.100,脚气病
117428,E51.100x002+G63.4*,糙皮病性多神经病
117429,E51.100x003+G63.4*,脚气病性多神经炎
117430,E51.100x005+I98.8*,湿性脚气病
117431,E51.100x006,干性脚气病
117432,E51.200+G32.8*,韦尼克脑病
117433,E51.800,硫胺素缺乏的其他表现
117435,E51.900x001,维生素B1缺乏(硫胺素缺乏)
117436,E52.x00,烟酸缺乏［糙皮病］
117437,E52.x00x002,酒精性糙皮病
117438,E52.x00x003,眼睑蜀黍红斑(睑糙皮病)
117439,E53.000,核黄素缺乏
117440,E53.100,吡哆醇缺乏
118336,F18.800,使用挥发性溶剂引起的其他精神和行为障碍
118338,F19.000,使用多种药物和其他精神活性物质急性中毒引起的精神和行为障碍
118339,F19.000x002,多种药物和其他精神活性物质急性中毒
118341,F19.100x004,多种药物和其他精神活性物质的有害使用
136381,S33.703,腰椎和骨盆部位的扭伤和劳损
136382,S34.000,腰部脊髓震荡和水肿
136383,S34.000x002,腰部脊髓震荡
136384,S34.001,腰部脊髓水肿
136385,S34.100,腰部脊髓其他损伤
136386,S34.100x001,腰部脊髓损伤
136387,S34.100x002,腰部脊髓完全损伤
136389,S34.100x701,腰部脊髓功能损伤
136390,S34.100x711,腰部脊髓功能损伤L1
136391,S34.100x721,腰部脊髓功能损伤L2
136392,S34.100x731,腰部脊髓功能损伤L3
136393,S34.100x741,腰部脊髓功能损伤L4
136395,S34.100x761,骶部脊髓功能损伤
136396,S34.200,腰骶神经根损伤
136397,S34.200x001,骶脊神经根损伤
136398,S34.200x002,腰脊神经根损伤
136399,S34.300,马尾损伤
136401,S34.500,腰部、骶部和骨盆交感神经损伤
138050,T09.200x004,躯干关节和韧带扭伤
138051,T09.200x005,躯干关节扭伤
138052,T09.200x006,躯干韧带扭伤
138053,T09.200x007,躯干关节和韧带损伤
138054,T09.200x008,躯干关节损伤
138055,T09.200x009,躯干韧带损伤
138056,T09.300,脊髓损伤
138057,T09.300x003,脊髓完全损伤
138058,T09.300x004,脊髓中央损伤综合征
138059,T09.300x005,脊髓前索综合征
138060,T09.300x006,脊髓后索综合征
138061,T09.300x007,脊髓血肿
138062,T09.301,创伤性截瘫
138063,T09.400,躯干神经、脊神经根和神经丛的损伤
138064,T09.400x001,脊神经损伤
138065,T09.400x002,脊神经根损伤
138066,T09.400x003,脊神经丛损伤
138067,T09.500,躯干肌肉和肌腱的损伤
138068,T09.500x002,躯干肌肉损伤
138069,T09.500x003,躯干肌腱损伤
138070,T09.600,躯干创伤性切断
138071,T09.800,躯干其他特指的损伤
138072,T09.900,躯干损伤
138073,T10.x00,上肢骨折
138074,T10.x10,开放性上肢骨折
138075,T11.000,上肢浅表损伤
138076,T11.000x021,上肢浅表水疱
138077,T11.000x031,上肢浅表昆虫咬伤
138078,T11.000x041,上肢浅表异物
138079,T11.000x051,上肢浅表挫伤
138080,T11.001,上肢擦伤
138082,T11.101,上肢皮肤裂伤
138083,T11.102,上肢撕脱伤
138084,T11.200,上肢关节和韧带脱位、扭伤和劳损
138085,T11.200x001,上肢关节和韧带脱位
138086,T11.200x002,上肢关节脱位
138087,T11.200x003,上肢韧带脱位
138089,T11.200x005,上肢关节扭伤
138090,T11.200x006,上肢韧带扭伤
138091,T11.200x007,上肢关节和韧带损伤
138092,T11.200x008,上肢关节损伤
138094,T11.300,上肢神经的损伤
138095,T11.400,上肢血管的损伤
138096,T11.500,上肢肌肉和肌腱的损伤
138097,T11.500x002,上肢肌肉损伤
138098,T11.500x003,上肢肌腱损伤
138100,T11.600x001,臂创伤性切断
138101,T11.800,上肢其他特指的损伤
138102,T11.900,上肢损伤
134898,R40.200x005,意识模糊
134900,R41.000,定向障碍
134901,R41.001,意识错乱
134902,R41.100,顺行性遗忘
134903,R41.200,逆行性遗忘
134904,R41.300,遗忘症，其他的
127595,M23.802,后十字韧带松弛
127596,M23.803,内侧副韧带松弛
127597,M23.804,外侧副韧带松弛
127598,M23.805,膝关节囊韧带松弛
127599,M23.806,膝韧带松弛
127600,M23.807,弹响膝
127601,M23.808,膝关节滑膜嵌顿
127602,M23.809,膝韧带囊肿
127603,M23.810,膝关节锁定
127604,M23.811,膝关节粘连
127605,M23.812,髌韧带粘连
127606,M23.900,膝关节内紊乱
127607,M24.000,关节游离体
127608,M24.001,肩关节游离体
127609,M24.002,肘关节游离体
127610,M24.003,腕关节游离体
127612,M24.005,髋关节游离体
127613,M24.006,踝关节游离体
127614,M24.100,关节软骨疾患，其他的
127615,M24.100x071,陈旧性踝距骨软骨损伤
127616,M24.100x072,陈旧性踝胫骨软骨损伤
127617,M24.100x091,陈旧性关节软骨损伤
127618,M24.101,关节软骨变性
127619,M24.102,陈旧性关节软骨撕裂
127620,M24.200,韧带疾患
127621,M24.202,陈旧性踝外侧副韧带断裂
127622,M24.203,项韧带肥厚
127623,M24.204,黄韧带肥厚
127624,M24.205,寰枢横韧带松弛
127625,M24.206,韧带钙化
127626,M24.207,韧带后天性畸形
127627,M24.208,韧带挛缩
127628,M24.209,韧带内囊肿
127629,M24.210,韧带松弛
127630,M24.300,关节病理性脱位和不全脱位，不可归类在他处者
127631,M24.300x091,关节病理性脱位
127632,M24.301,自发性寰枢椎脱位
127634,M24.303,髋关节病理性脱位
127635,M24.304,髋关节病理性不全脱位
127636,M24.305,膝关节病理性脱位
127637,M24.306,膝关节病理性不全脱位
127639,M24.308,踝关节病理性不全脱位
127640,M24.309,足关节病理性脱位
127641,M24.310,足关节病理性不全脱位
127642,M24.311,自发性关节脱位
128610,M75.400,肩撞击综合征
128611,M75.500,肩滑囊炎
128612,M75.501,肩峰下滑囊炎
128613,M75.502,肩胛肱骨滑囊炎
128614,M75.503,三角肌下滑囊炎
128615,M75.504,喙突下滑囊炎
128617,M75.800,肩损害，其他的
128618,M75.802,肩胛肱骨肌纤维变性
128619,M75.803,肩胛肱骨肌纤维鞘炎
128620,M75.804,肩腱鞘炎
138115,T13.101,下肢皮肤撕裂伤
138116,T13.200,下肢关节和韧带脱位、扭伤和劳损
137402,S74.200x001,髋部皮感觉神经损伤
137403,S74.200x002,大腿皮感觉神经损伤
137404,S74.700,在髋和大腿水平的多神经损伤
137406,S74.700x002,大腿多处神经损伤
137407,S74.800,在髋和大腿水平的其他神经损伤
137408,S74.801,闭孔神经损伤
129237,M99.200x002,颈胸椎管不全脱位性狭窄
129238,M99.200x003,胸腰椎管不全脱位性狭窄
129239,M99.200x004,腰骶椎管不全脱位性狭窄
129240,M99.200x005,骶尾椎管不全脱位性狭窄
129241,M99.200x006,骶髂椎管不全脱位性狭窄
129242,M99.300,椎管骨性狭窄
129243,M99.300x001,枕颈椎管骨性狭窄
129244,M99.300x002,颈胸椎管骨性狭窄
128407,M67.101,肌腱挛缩
128408,M67.102,腓肠肌腱膜挛缩症
128409,M67.103,拇指屈肌肌腱挛缩
128410,M67.104,足跖腱膜挛缩
128411,M67.200,滑膜肥大，不可归类在他处者
128412,M67.300,短暂性滑膜炎
128413,M67.301,中毒性滑膜炎
128414,M67.302,暂时性髋关节滑膜炎
128415,M67.400,腱鞘囊肿
128416,M67.400x031,腕腱鞘囊肿
128417,M67.401,肌腱腱鞘囊肿
128418,M67.402,关节腱鞘囊肿
128419,M67.800,滑膜和肌腱其他特指的疾患
128420,M67.800x041,手指屈肌肌腱粘连
128421,M67.800x091,滑膜脂肪疝
128422,M67.800x092,肌腱滑脱
128423,M67.800x093,肌腱松弛
128424,M67.800x094,滑膜嵌顿
128426,M67.800x096,肌腱囊肿
128427,M67.803,滑膜增生
128428,M67.804,滑膜皱襞综合征
128429,M67.805,肌腱疝
128430,M67.806,腱鞘游离体
128431,M67.807,韧带骨化
128432,M67.900,滑膜和肌腱疾患
128434,M70.000,手和腕慢性碎裂音滑膜炎
128435,M70.001,腕慢性碎裂音滑膜炎
128437,M70.100,手滑囊炎
128438,M70.101,腕滑囊炎
128439,M70.102,过度打击手
128440,M70.200,鹰嘴囊炎
128441,M70.201,矿工肘
128442,M70.202,学生肘
128443,M70.300,肘的其他滑囊炎
128445,M70.400,髌前囊炎
128446,M70.402,努恩膝
128447,M70.403,髌前水囊瘤
128448,M70.500,膝的其他滑囊炎
128449,M70.500x002,膝假性滑囊炎
128452,M70.503,过度打击膝
128453,M70.504,膝半膜肌肉滑囊炎
128454,M70.600,转子滑囊炎
136402,S34.500x001,腹腔交感神经节损伤
136403,S34.500x004,肠系膜下丛交感神经损伤
136404,S34.500x005,肠系膜上丛交感神经损伤
136405,S34.501,腹腔丛损伤
136406,S34.502,腹下丛损伤
136407,S34.503,肠系膜丛损伤
136409,S34.600,腹部、下背和骨盆周围神经损伤
136410,S34.601,下背周围神经损伤
136411,S34.602,骨盆周围神经损伤
136412,S34.800,在腹、下背和骨盆水平的其他和未特指神经的损伤
136413,S34.800x001,腰骶神经损伤
136414,S34.801,腹部神经损伤
136415,S34.802,下背神经损伤
136416,S34.803,骨盆神经损伤
136417,S35.000,腹主动脉损伤
136418,S35.001,创伤性腹主动脉瘤
136419,S35.100,下腔静脉损伤
136420,S35.100x003,肝静脉损伤
136421,S35.101,创伤性下腔静脉破裂
136422,S35.102,创伤性肝静脉破裂
136423,S35.200,腹腔或肠系膜动脉损伤
136424,S35.200x001,腹腔动脉损伤
136425,S35.200x003,胃十二指肠动脉损伤
136426,S35.200x004,肝动脉损伤
136427,S35.200x005,肠系膜下动脉损伤
136428,S35.200x006,肠系膜上动脉损伤
136429,S35.200x007,脾动脉损伤
136430,S35.201,肠系膜动脉损伤
136431,S35.202,胃动脉损伤
136432,S35.203,创伤性胃动脉破裂
137472,S80.101,小腿挫伤
137473,S80.700,小腿多处浅表损伤
137474,S80.800,小腿的其他浅表损伤
137475,S80.800x011,小腿擦伤
137477,S80.800x013,腘窝擦伤
137478,S80.800x021,小腿水泡
137479,S80.800x022,膝部水泡
137480,S80.800x023,腘窝水泡
137481,S80.800x031,小腿虫咬伤
137483,S80.800x033,腘窝虫咬伤
137484,S80.800x041,小腿浅表异物
136653,S39.900x007,阴囊损伤
136654,S39.900x009,附睾损伤
136655,S39.900x010,睾丸损伤
136658,S39.903,会阴损伤
136659,S39.904,阴茎损伤
136660,S39.905,肛门损伤
136661,S39.906,腰部损伤
136663,S39.908,盆腔损伤
136664,S39.909,腹部金属异物
136665,S39.910,腰部软组织损伤
136666,S39.911,腹壁软组织损伤
136668,S40.000x001,肩部挫伤
136669,S40.000x002,肩胛区挫伤
136670,S40.000x003,腋窝区挫伤
136671,S40.001,上臂挫伤
134906,R41.800,累及认知功能和意识的其他和未特指的症状和体征
134907,R41.800x002,逻辑障碍
134908,R41.801,智能减退
134909,R42.x00,头晕和眩晕
134910,R42.x00x001,眩晕
117449,E53.801+G32.0*,脊髓亚急性联合变性
117450,E53.802,叶酸缺乏症
117451,E53.803+G63.4*,维生素B12缺乏性周围神经病
117453,E53.805+F02.8*,维生素B12缺乏性痴呆
117454,E53.900,维生素B缺乏病
117455,E53.900x002+G63.4*,维生素B缺乏性周围神经病
117456,E53.901,复合性维生素Ｂ缺乏症
117457,E54.x00,抗坏血酸缺乏
117459,E55.000x002,佝偻病性骨软化
117460,E55.000x003,幼年的骨软化性佝偻病
117461,E55.000x004,婴儿的骨软化性佝偻病
117462,E55.000x006,新生儿佝偻病
117463,E55.000x007,先天性佝偻病
117464,E55.001,佝偻病
117465,E55.002,维生素D缺乏性手足搐搦症
117467,E56.000,维生素E缺乏病
117468,E56.100,维生素K缺乏病
117469,E56.800,维生素缺乏病，其他的
117470,E56.800x001,维生素P缺乏
117472,E56.900x003+G63.4*,维生素缺乏性周围神经病
117473,E56.901+G63.4*,维生素缺乏性多神经炎
117474,E58.x00,饮食性钙缺乏
117475,E59.x00,饮食性硒缺乏
117476,E59.x01,克山病
117478,E61.000,铜缺乏
117479,E61.100,铁缺乏
117480,E61.200,镁缺乏
117481,E61.300,锰缺乏
117482,E61.400,铬缺乏
117483,E61.500,钼缺乏
117484,E61.600,钒缺乏
117486,E61.800,营养元素缺乏，其他特指的
117487,E61.900,营养元素缺乏
117488,E63.000,必需脂肪酸［EFA］缺乏
117490,E63.800,营养缺乏，其他特指的
117491,E63.900,营养缺乏
117492,E63.900x001,营养缺乏性多神经炎
117493,E63.901+I43.2*,营养性心肌病
117495,E64.000,蛋白质-能量营养不良后遗症
117496,E64.100,维生素A缺乏后遗症
117497,E64.200,维生素C缺乏后遗症
117498,E64.300,佝偻病后遗症
117499,E64.800,营养缺乏后遗症，其他的
117501,E65.x00,局部多脂症
117502,E65.x00x002,局部性肥胖症
117503,E65.x00x006,眼睑眶隔脂肪增多症
128066,M48.200x021,颈椎棘突吻合
128067,M48.200x041,胸椎棘突吻合
128068,M48.200x061,腰椎棘突吻合
128069,M48.300,创伤性脊椎病
128070,M48.300x091,创伤后脊椎病
128071,M48.301,颈椎椎间盘创伤性退变
128072,M48.302,胸椎椎间盘创伤性退变
128073,M48.303,腰椎椎间盘创伤性退变
128074,M48.304,创伤性腰椎病
128075,M48.305,屈梅尔脊柱炎
128076,M48.400,脊椎疲劳性骨折
128077,M48.401,脊椎应力性骨折
128078,M48.500,椎体塌陷，不可归类在他处者
128079,M48.500x092,脊椎楔入
128080,M48.501,颈椎楔形变
128081,M48.502,胸椎楔形变
128082,M48.503,腰椎楔形变
128083,M48.800,脊椎病，其他特指的
128084,M48.800x022,颈前纵韧带骨化
128085,M48.800x091,脊椎半切综合征
128086,M48.801,颈椎后纵韧带骨化
128087,M48.802,胸椎后纵韧带骨化
128088,M48.803,胸腰椎后纵韧带骨化
128089,M48.804,腰椎后纵韧带骨化
128091,M48.806,后纵韧带骨化
128092,M48.808,黄韧带骨化
128093,M48.810,棘突间韧带综合征
128094,M48.811,肌性脊柱炎
128095,M48.812,老年性脊椎萎缩
128096,M48.900,脊椎病
128097,M48.900x002,腰椎骨质增生
128098,M48.901,颈椎退行性病变
128099,M48.902,胸椎退行性病变
128100,M48.903,腰椎退行性病变
128101,M48.904,脊椎退行性病变
128102,M50.000+G99.2*,颈椎间盘疾患伴有脊髓病
128104,M50.100,颈椎间盘疾患伴有神经根病
128105,M50.101+G55.1*,颈椎间盘突出伴有神经根病
128106,M50.200,颈椎间盘移位，其他的
128107,M50.200x001,颈椎间盘脱出
128108,M50.201,颈椎间盘突出
128110,M50.300,颈椎间盘变性，其他的
128111,M50.300x001,颈椎骨质增生
129101,M92.402,辛丁-拉森软骨病
129102,M92.500,幼年型胫骨和腓骨的骨软骨病
129104,M92.502,胫骨内翻骨软骨病
129105,M92.503,胫骨幼年型骨软骨病
129106,M92.504,腓骨幼年型骨软骨病
129107,M92.600,幼年型跗骨骨软骨病
129109,M92.601,幼年型跟骨骨软骨病
129110,M92.602,幼年型跗舟骨骨软骨病
123699,J35.805,扁桃体息肉
123700,J35.806,扁桃体角化病
123701,J35.807,扁桃体腺样体瘢痕
123703,J35.809,腺样体赘生物
127166,L98.401,热带溃疡
127167,L98.500,皮肤黏蛋白沉积症
127168,L98.501,局部粘蛋白沉积症
127169,L98.502,黏液水肿性苔藓
127170,L98.503,网状红斑性黏蛋白沉积症
127172,L98.700,皮肤和皮下组织过多和冗余
127173,L98.700x001,获得性皮肤松弛症
127174,L98.701,皮肤松弛，未特指
127175,L98.702,皮肤松弛伴随减重（减肥手术）（饮食）
127176,L98.800,皮肤和皮下组织其他特指的疾患
127177,L98.800x001,Kimurus病（伴嗜酸性白细胞的血管增生）
127178,L98.800x007,月经疹
127179,L98.800x010,黑色萎缩
127180,L98.800x011,扩张孔
127181,L98.800x012,弥漫性皮肤肥大细胞增生病
127182,L98.800x013,系统性肥大细胞增生病
127183,L98.800x014,贫血痣
127184,L98.800x015,粟丘疹
127185,L98.800x016,女阴假性湿疣
127186,L98.800x017,症状性苔藓样疹
127187,L98.800x018,皮脂缺乏症
127188,L98.800x020,具脂肪瘤样痣的褶皱皮肤
127189,L98.800x021,丘疹性血管增生
127190,L98.800x022,粘蛋白性汗管化生
127191,L98.800x023,丘疹型血管角化瘤
123546,J20.500,呼吸道合胞体病毒急性支气管炎
123547,J20.600,鼻病毒急性支气管炎
123548,J20.700,艾柯病毒急性支气管炎
123550,J20.900,急性支气管炎
123551,J20.901,急性化脓性支气管炎
123552,J20.902,急性气管支气管炎
123553,J21.000,呼吸道合胞体病毒急性细支气管炎
123554,J21.100,人类偏肺病毒急性细支气管炎
122714,I71.101,主动脉弓破裂
122715,I71.200,胸主动脉瘤，未提及破裂
122716,I71.200x006,主动脉根部假性动脉瘤
122717,I71.200x010,主动脉根部动脉瘤
122719,I71.200x014,主动脉弓扩张
122720,I71.201,升主动脉瘤
122721,I71.202,胸主动脉假性动脉瘤
122722,I71.203,升主动脉扩张
122723,I71.204,主动脉弓动脉瘤
122725,I71.206,升主动脉假性动脉瘤
122726,I71.300,腹主动脉瘤破裂
122727,I71.400,腹主动脉瘤，未提及破裂
122728,I71.400x002,腹主动脉瘤
122730,I71.402,腹主动脉扩张
122731,I71.500,胸腹主动脉瘤破裂
122732,I71.600,胸腹主动脉瘤，未提及破裂
122733,I71.600x001,胸腹主动脉瘤
123704,J35.900,扁桃体和腺样体慢性疾病
123705,J35.901,扁桃体肿物
123706,J36.x00,扁桃体周脓肿
123707,J36.x00x001,扁桃体脓肿
123709,J36.x00x004,扁桃体周围蜂窝组织炎
123710,J37.000,慢性喉炎
123711,J37.001,慢性喉咽炎
123712,J37.002,慢性会厌炎
123713,J37.003,肥厚性喉炎
123714,J37.004,会厌炎性假瘤
123715,J37.005,干燥性喉炎
123716,J37.100,慢性喉气管炎
123717,J38.000,声带和喉麻痹
123718,J38.000x001,喉上神经麻痹
123719,J38.000x002,喉神经麻痹
123720,J38.000x005,声门麻痹
123721,J38.000x006,声带活动不良
123722,J38.000x011,单侧不完全声带麻痹
123723,J38.000x012,单侧不完全喉麻痹
123724,J38.000x021,单侧完全声带麻痹
123725,J38.000x022,单侧完全喉麻痹
123726,J38.000x031,双侧不完全声带麻痹
123727,J38.000x032,双侧不完全喉麻痹
123728,J38.001,喉麻痹
123729,J38.002,声带麻痹
123730,J38.100,声带和喉的息肉
123732,J38.102,声带息肉
123733,J38.200,声带结节
123734,J38.200x001,歌手结节
123735,J38.200x002,教师结节
123736,J38.201,声带炎
123737,J38.300,声带的其他疾病
123738,J38.300x008,声带粘连
123739,J38.300x011,声带增生
123740,J38.300x013,声带蜂窝织炎
123741,J38.300x015,声带鳞状上皮不典型性增生
123742,J38.300x016,声带沟
123743,J38.300x018,声带闭合不全
123744,J38.301,声带白斑
123746,J38.303,声带固定
123747,J38.304,声带囊肿
123748,J38.305,声带脓肿
123749,J38.307,声带松弛
123750,J38.308,声带肿物
123752,J38.310,声带瘢痕粘连
123753,J38.311,声带不典型性增生
123754,J38.312,声带肉芽肿
123755,J38.313,声带肥厚
123757,J38.400x002,声门下水肿
123758,J38.400x003,声门上水肿
123759,J38.400x004,声门水肿
124830,K13.016,唇疼
124831,K13.100,颊和唇咬伤
124832,K13.101,颊咬伤
124833,K13.200,口腔上皮（包括舌）白斑和其他障碍
124834,K13.200x004,口腔灶性上皮增生
124835,K13.200x005,烟斑
122957,I74.502,髂总动脉血栓形成
122958,I74.503,髂内动脉闭塞
122959,I74.504,髂外动脉闭塞
122960,I74.800,动脉的栓塞和血栓形成，其他的
122961,I74.800x001,腹腔动脉闭塞
122962,I74.800x004,脾栓塞
122963,I74.800x005,腋动脉栓塞
122964,I74.800x006,腋动脉闭塞
124036,J68.900,化学制剂、气体、烟雾和蒸气引起的呼吸性情况
124037,J69.000,食物和呕吐物引起的肺炎
124038,J69.000x002,吸入胃分泌物引起的肺炎
124039,J69.000x004,吸入奶引起的肺炎
124040,J69.001,吸入性肺炎
124041,J69.100,油和植物精质引起的肺炎
124042,J69.100x001,吸入油引起的肺炎
124043,J69.101,脂质性肺炎
127857,M34.800x005+G53.8*,系统性硬化症累及脑神经
127858,M34.800x006+K23.8*,系统性硬化症累及食管
127859,M34.800x007+N08.5*,系统性硬化症肾损害
127860,M34.800x009+I52.8*,系统性硬化症心脏损害
127861,M34.801+J99.1*,硬皮病性肺间质纤维化
127862,M34.802,布施克硬肿病
127863,M34.803,蒂比耶日-魏森巴赫综合征
127864,M34.804+G73.7*,全身性硬化性肌病
127865,M34.805,肢端硬肿病
127866,M34.806+G63.5*,全身性硬化性多神经病变
127867,M34.900,全身性硬皮病
127868,M34.900x001,系统性硬化症
127869,M35.000,干燥综合征(舍格伦)
127871,M35.002+J99.1*,干燥综合征伴肺间质纤维化
127872,M35.003+K77.8*,干燥综合征性肝损害
127873,M35.004+G73.7*,干燥综合征性肌病
127875,M35.006+N16.4*,干燥综合征性肾小管间质肾炎
127876,M35.007+N16.4*,干燥综合征性肾盂肾炎
127877,M35.008+G94.8*,干燥综合征性中枢神经损害
127878,M35.009+G63.5*,干燥综合征性周围神经病
127880,M35.101,混合性结缔组织病
127881,M35.102,混合性结缔组织病肾损害
127882,M35.200,贝赫切特(贝切特)病
127883,M35.201,贝赫切特病性关节炎
127885,M35.203,神经贝赫切特病
127886,M35.300,风湿性多肌痛
127887,M35.400,弥漫性（嗜酸细胞性）筋膜炎
127888,M35.500,多病灶性纤维硬化病
127891,M35.701,家族性韧带松弛
127892,M35.800,结缔组织其他特指的系统性受累
127893,M35.800x001,抗合成酶综合征
122040,I45.400,非特异性室内传导阻滞
122041,I45.400x001,室内传导阻滞
122042,I45.401,束支传导阻滞
122043,I45.500,心脏传导阻滞，其他特指的
122044,I45.500x002,窦房结功能低下
122045,I45.500x004,房内传导阻滞
122046,I45.500x005,中隔束支传导阻滞
122047,I45.501,窦房传导阻滞
122048,I45.502,窦性停搏
122049,I45.600,预激综合征
122050,I45.600x003,间歇性预激综合征
122051,I45.600x004,A型预激综合征
122052,I45.600x005,B型预激综合征
122053,I45.600x007,心室预激
122054,I45.601,劳恩-加农-莱文综合征
122055,I45.602,隐性预激综合征
122056,I45.800,传导疾患，其他特指的
122057,I45.800x002,干扰性房室分离
122058,I45.800x004,R-R长间歇
122059,I45.801,短QT综合征
122060,I45.804,先天性QT间期延长
122061,I45.900,传导疾患
122062,I45.900x002,家族性传导系统障碍
122063,I45.900x003,心脏传导系统退行性变
122064,I45.901,阿-斯综合征(Stokes-Adams综合征)
122065,I46.000,心脏停搏复苏成功
122066,I46.100,被描述为心脏性猝死
122067,I46.100x001,心源性猝死
122068,I46.900,心脏停搏
122069,I46.901,呼吸心跳骤停
122070,I47.000,折返性室性心律失常
122071,I47.100,室上性心动过速
122074,I47.100x005,房室折返性心动过速
122075,I47.100x013,自律性增高性房性心动过速
122076,I47.100x014,窄QRS心动过速
122077,I47.101,房性心动过速
122078,I47.102,阵发性室上性心动过速
122080,I47.104,阵发性房室折返性心动过速
122081,I47.105,交界性心动过速
122082,I47.106,阵发性房室结内折返性心动过速
122083,I47.107,非阵发性交界性心动过速
122085,I47.109,阵发性房室性心动过速
123036,I77.123,腓动脉狭窄
123037,I77.125,髂总动脉狭窄
123038,I77.126,髂外动脉狭窄
123040,I77.129,下肢动脉狭窄
123041,I77.131,移植肝动脉狭窄
123042,I77.200,动脉破裂
123043,I77.201,动脉瘘
123044,I77.202,支气管动脉-肺动脉瘘
122734,I71.600x004,胸腹主动脉假性动脉瘤
122735,I71.600x005,胸腹主动脉扩张
122736,I71.800,主动脉瘤破裂
122737,I71.801,主动脉破裂
122738,I71.900,主动脉瘤，未提及破裂
122739,I71.900x002,主动脉瘤
122740,I71.900x004,真菌性主动脉瘤
122741,I71.901,主动脉扩张
122742,I71.902,降主动脉瘤
122743,I71.903,降主动脉假性动脉瘤
122744,I72.000,颈动脉瘤伴夹层
122745,I72.000x011,颈总动脉瘤
122746,I72.000x012,颈总动脉假性动脉瘤
122747,I72.000x013,颈总动脉夹层
122748,I72.000x022,颈内动脉假性动脉瘤
122749,I72.000x023,颈内动脉夹层
122750,I72.000x031,颈外动脉瘤
122751,I72.000x032,颈外动脉假性动脉瘤
122752,I72.000x033,颈外动脉夹层
122753,I72.000x034,颈内动脉海绵窦段动脉瘤
122754,I72.000x035,颈内动脉床突段动脉瘤
122755,I72.000x036,颈内动脉眼动脉段动脉瘤
122756,I72.000x038,颈内动脉背侧动脉瘤
122757,I72.000x321,颞浅动脉假性动脉瘤
122758,I72.001,颈动脉假性动脉瘤
122759,I72.002,颈内动脉瘤
122760,I72.003,颈动脉扩张
122761,I72.004,颈内动脉颅内段动脉瘤
122762,I72.005,颈动脉夹层
122763,I72.006,颈动脉动脉瘤
122764,I72.100,上肢动脉瘤伴夹层
122766,I72.100x004,肱动脉假性动脉瘤
122767,I72.100x005,肱动脉夹层
122768,I72.100x006,上肢动脉瘤破裂
123840,J39.806,气管肉芽肿
123842,J39.808,气管软化症
123843,J39.809,气管坏死
123845,J39.811,后天性气管憩室
123846,J39.900,上呼吸道疾病
123848,J40.x00x002,纤维素性支气管炎
123849,J40.x01,气管支气管炎
122976,I74.805,脾动脉栓塞
122978,I74.807,腹腔动脉血栓形成
122979,I74.900,动脉的栓塞和血栓形成
122980,I74.901,多发性动脉栓塞
122981,I74.902,动脉栓塞
122983,I77.000x008,子宫旁动静脉瘘
122984,I77.000x011,动静脉内瘘血栓形成
122985,I77.000x012,脊髓动静脉瘘
122986,I77.000x013,硬脊膜下髓周动静脉瘘
122988,I77.000x015,肱动静脉瘘
122989,I77.000x017,肝动静脉瘘
122990,I77.001,头面部动静脉瘘
122991,I77.002,硬脊膜动静脉瘘
124838,K13.200x009,口腔黏膜白色水肿
124839,K13.200x010,颊鳞状上皮增生
124840,K13.200x011,腭黏膜上皮增生
123983,J63.800x017,铸工尘肺叁期
123984,J63.800x018,电焊工尘肺壹期
123985,J63.800x019,电焊工尘肺贰期
123986,J63.800x020,电焊工尘肺叁期
123987,J63.800x021,云母尘肺壹期
123988,J63.800x022,云母尘肺贰期
123989,J63.800x023,云母尘肺叁期
123990,J63.800x024,炭黑尘肺壹期
123991,J63.800x025,炭黑尘肺贰期
123992,J63.800x026,炭黑尘肺叁期
123993,J63.801,磨工尘肺
123994,J63.802,水泥尘肺
123995,J63.803,炭黑尘肺
123996,J64.x00,肺尘埃沉着病
123997,J65.x00,与结核有关的肺尘埃沉着病
123998,J66.000,棉屑沉着病
123999,J66.100,亚麻清铲工病
124000,J66.200,大麻沉着病
124001,J66.800,有机粉尘引起的气道疾病，其他特指的
124002,J67.000,农民肺
124003,J67.100,蔗尘肺
124004,J67.200,好鸟者肺
124005,J67.200x002,鹦鹉肺
124006,J67.200x003,饲鸽者肺
124007,J67.300,软木沉着病
124008,J67.400,麦芽工人肺
124009,J67.400x002,棒状曲霉菌性肺泡炎
124010,J67.500,蘑菇工人肺
124011,J67.600,剥枫树皮者肺
124012,J67.600x001,皮质隐子座菌性肺泡炎
124013,J67.700,空调器和加湿器肺
124014,J67.700x001,空调肺
124015,J67.700x002,加湿器肺
124017,J67.800x001,过敏性鱼食肺
124018,J67.800x002,过敏性红杉锯屑病
124019,J67.800x003,过敏性洗奶酪肺
124020,J67.800x004,过敏性皮毛肺
124021,J67.800x005,过敏性咖啡肺
124022,J67.900,有机粉尘引起的过敏性肺炎
124024,J68.000x001,吸入有毒气体性肺炎
124025,J68.000x002,急性化学性支气管炎
124027,J68.002,化学性支气管炎
124028,J68.100,化学制剂、气体、烟雾和蒸气引起的肺水肿
124029,J68.101,化学性肺水肿
124031,J68.201,化学性上呼吸道炎症
124032,J68.300,化学制剂、气体、烟雾和蒸气引起的其他急性和亚急性呼吸性情况
124033,J68.301,反应性气道功能障碍综合征
124034,J68.400,化学制剂、气体、烟雾和蒸气引起的慢性呼吸性情况
124035,J68.800,化学制剂、气体、烟雾和蒸气引起的其他呼吸性情况
127894,M35.801,嗜酸性粒细胞增多-肌痛综合征
127895,M35.802,近端指间关节周围胶原沉积症
127896,M35.900,结缔组织的系统性受累
127897,M35.900x002+G63.5*,胶原病性神经炎
127898,M35.900x006+G63.5*,继发于结缔组织病的周围神经病
127899,M35.900x007,高IgD综合征
127900,M35.900x011,Satoxoshi综合征
127901,M35.901,结缔组织病
127902,M35.902,胶原病
127903,M35.903+G63.5*,胶原血管性多神经病
127904,M35.904+J99.1*,结缔组织病肺间质纤维化
127905,M35.905,抗J0-1综合征
127906,M35.906,IgG4相关疾病
128886,M85.600x072,跟骨骨囊肿
128887,M85.600x081,颞骨囊肿
128888,M85.600x092,单纯性骨囊肿
128890,M85.602,躯干骨囊肿
128891,M85.603,骨囊肿
128892,M85.800,骨密度和结构其他特指的疾患
128893,M85.801,肢骨纹状肥大
128894,M85.802,骨密度增加
128895,M85.803,骨实质丧失
128896,M85.900,骨密度和结构的疾患
128121,M51.100+G55.1*,腰和其他椎间盘疾患伴有神经根病
128124,M51.102+G55.1*,髓核疝性神经炎
128127,M51.105+G55.1*,椎间盘移位性脊髓神经根压迫
128128,M51.106+G55.1*,椎间盘移位性神经炎
128129,M51.200,椎间盘移位，其他特指的
128130,M51.200x001,胸椎间盘脱出
128132,M51.200x005,颈胸间盘突出
128133,M51.201,胸椎间盘突出
128134,M51.202,腰椎间盘突出
128135,M51.203,胸腰椎椎间盘突出
128136,M51.204,腰骶椎间盘突出
128138,M51.300,椎间盘变性，其他特指的
128139,M51.301,胸椎间盘变性
128140,M51.302,胸腰椎间盘变性
128141,M51.303,腰椎间盘变性
128143,M51.305,椎间盘变性
128144,M51.400,施莫尔结
128145,M51.800,椎间盘疾患，其他特指的
128146,M51.800x003,椎间盘囊肿
128147,M51.800x004,椎间盘突出
128149,M51.802,椎间盘钙化
128150,M51.803,椎间盘畸形
128151,M51.900,椎间盘疾患
128152,M51.901,腰椎间盘退行性病变
128154,M53.001,颈后交感神经综合征
128155,M53.002,颅椎综合征
122993,I77.004,眶动静脉瘘
122994,I77.005,锁骨下动静脉瘘
122995,I77.006,支气管动静脉瘘
122996,I77.007,腹主动脉下腔静脉瘘
122997,I77.008,脾动静脉瘘
122998,I77.009,子宫动静脉瘘
122999,I77.010,肾动静脉瘘
123000,I77.011,盆腔动静脉瘘
123001,I77.012,股动静脉瘘
123002,I77.013,下肢动静脉瘘
123003,I77.014,多发性动静脉瘘
123004,I77.100,动脉狭窄
123005,I77.100x004,髂动脉狭窄
123006,I77.100x005,髂动脉迂曲
123007,I77.100x011,肝动脉狭窄
123008,I77.100x012,降主动脉狭窄
123009,I77.100x014,股深动脉狭窄
123010,I77.100x015,股浅动脉狭窄
123011,I77.100x018,胫动脉狭窄
123012,I77.100x027,股总动脉狭窄
123014,I77.100x029,脾动脉狭窄
123015,I77.100x031,肠系膜下动脉狭窄
123016,I77.100x032,桡动脉狭窄
123017,I77.101,颈动脉迂曲
123018,I77.102,锁骨下动脉狭窄
123019,I77.103,无名动脉迂曲
123020,I77.104,无名动脉狭窄
123021,I77.105,肱动脉狭窄
123022,I77.106,肱动脉迂曲
123023,I77.107,腋动脉狭窄
123024,I77.108,上肢动脉狭窄
123025,I77.109,主动脉迂曲
123026,I77.110,后天性主动脉狭窄
123027,I77.111,胸主动脉狭窄
123028,I77.112,腹主动脉狭窄
123030,I77.114,腹腔干动脉狭窄
123031,I77.115,股动脉狭窄
123032,I77.117,腘动脉狭窄
123033,I77.118,腘动脉挤压综合征
123034,I77.120,胫前动脉狭窄
124099,J85.100,肺脓肿伴有肺炎
124100,J85.200,肺脓肿不伴有肺炎
124101,J85.300,纵隔脓肿
124102,J86.000,脓胸伴有瘘
124104,J86.000x012,肝胆支气管瘘
124105,J86.000x013,支气管胆管瘘
124106,J86.001,肝胸膜瘘
124107,J86.002,结肠胸腔瘘
124108,J86.003,气管食管瘘
127918,M40.300,直背综合征
127919,M40.400,脊柱前凸，其他的
127920,M40.401,后天性脊柱前凸
127921,M40.402,姿势性脊柱前凸
127922,M40.500,脊柱前凸
127924,M41.000,婴儿特发性脊柱侧弯
127925,M41.100,幼年型特发性脊柱侧弯
127927,M41.200,特发性脊柱侧弯，其他的
127928,M41.300,胸源性脊柱侧弯
127929,M41.400,神经肌肉性脊柱侧弯
120890,H44.600x007,陈旧性玻璃体磁性异物
120891,H44.700,眼内残留（陈旧性）非磁性异物
120892,H44.700x002,陈旧性玻璃体非磁性异物
120893,H44.700x003,陈旧性巩膜非磁性异物
120894,H44.700x004,陈旧性前房非磁性异物
120895,H44.700x005,陈旧性眼球非磁性异物
120896,H44.700x007,陈旧性睫状体非磁性异物
123113,I80.200,下肢其他深部脉管的静脉炎和血栓性静脉炎
123114,I80.201,下肢深静脉血栓性静脉炎
123115,I80.202,下肢深静脉炎
123116,I80.203,髂内静脉血栓形成
123118,I80.206,髂静脉血栓形成
123119,I80.207,下肢深静脉血栓形成
123120,I80.208,下肢深静脉栓塞
123121,I80.209,手术后下肢深静脉血栓形成
123122,I80.300,下肢静脉炎和血栓性静脉炎
123123,I80.300x005,下肢静脉闭塞
123124,I80.300x006,下肢静脉肌间血栓形成
123125,I80.301,下肢静脉炎
123126,I80.302,下肢血栓性静脉炎
123127,I80.303,下肢静脉血栓形成
123128,I80.800,静脉炎和血栓性静脉炎，其他部位的
123129,I80.800x002,胸壁血栓性静脉炎(蒙道尔病)
123130,I80.800x006,腹壁静脉炎
123131,I80.800x007,肾静脉周围炎
123132,I80.801,眶内血栓性静脉炎
123133,I80.802,乳腺血栓性静脉炎
123134,I80.803,上肢静脉炎
123135,I80.804,上肢血栓性静脉炎
123137,I80.901,静脉炎
123138,I80.902,血栓性静脉炎
123139,I81.x00,门静脉血栓形成
123140,I81.x00x003,门静脉栓塞
123141,I82.000,巴德-基亚里综合征
123143,I82.001,肝静脉血栓形成
123144,I82.100,移动性血栓静脉炎
123145,I82.100x001,游走性血栓性静脉炎
123146,I82.200,腔静脉栓塞和血栓形成
123147,I82.200x001,腔静脉栓塞
123148,I82.201,腔静脉瘤栓
123149,I82.202,上腔静脉血栓形成
123151,I82.204,下腔静脉栓塞
123152,I82.300,肾静脉栓塞和血栓形成
123153,I82.300x001,肾静脉栓塞
123154,I82.301,肾静脉血栓形成
123156,I82.800,静脉栓塞和血栓形成，其他特指的
123157,I82.800x002,脾静脉栓塞
123158,I82.800x003,髂静脉栓塞
123160,I82.800x005,髂外静脉栓塞
123161,I82.800x009,腋静脉栓塞
123162,I82.801,颈内静脉血栓形成
123163,I82.802,颈静脉血栓形成
128156,M53.100,颈臂综合征
128157,M53.101,颈肩综合征
128158,M53.200,脊柱不稳定性疾患
128159,M53.201,多发性脊柱不稳定
128160,M53.202,枕寰枢椎不稳定
128161,M53.203,颈椎不稳定
128162,M53.204,颈胸椎不稳定
128163,M53.205,胸椎不稳定
128164,M53.206,胸腰椎不稳定
128165,M53.207,腰椎不稳定
128166,M53.208,腰骶关节不稳定
128167,M53.209,骶髂关节不稳定
128168,M53.210,尾骨运动过度
128169,M53.211,背部韧带松弛
128170,M53.212,病理性脊柱关节脱位
128171,M53.300,骶尾疾患，不可归类在他处者
128172,M53.301,尾骨痛
128173,M53.302,骶髂关节改变
128174,M53.303,骶髂关节僵硬
128175,M53.304,骶髂关节面破坏
128176,M53.305,骶尾部痛
128177,M53.306,非创伤性骶髂关节损害
129170,M95.200,头的其他后天性变形
129171,M95.201,后天性头部畸形
129172,M95.202,后天性颅骨畸形
129173,M95.203,后天性额骨畸形
129174,M95.204,后天性前额畸形
129176,M95.206,后天性面骨畸形
129177,M95.207,茎突过长
129178,M95.208,后天性颊畸形
129179,M95.209,后天性颏畸形
129180,M95.210,翼钩过长
129181,M95.300,颈的后天性变形
123773,J38.700x022,喉软骨膜炎
123774,J38.700x027,喉粘膜不典型增生
123775,J38.701,后天性喉瘘
123776,J38.702,创伤性喉蹼
123778,J38.704,喉溃疡
123779,J38.705,喉囊肿
123780,J38.706,喉白斑
123781,J38.707,喉脓肿
123782,J38.708,喉肿物
123784,J38.710,喉肉芽肿
123785,J38.711,喉硬结病
123786,J38.712,喉角化症
123787,J38.714,会厌溃疡
123788,J38.715,会厌囊肿
123790,J38.717,会厌肉芽肿
123791,J38.718,会厌增生
123792,J38.719,声门狭窄
123793,J38.720,环杓关节强硬
123795,J39.000,咽后和咽旁脓肿
123796,J39.000x001,咽侧壁炎性肿物
123797,J39.001,咽后脓肿
123798,J39.002,咽周脓肿
123799,J39.003,咽旁脓肿
123801,J39.101,咽蜂窝织炎
123802,J39.200,咽的其他疾病
123803,J39.200x004,咽下部囊肿
123804,J39.200x008,喉咽部狭窄
123805,J39.200x009,咽下部狭窄
123807,J39.200x016,鼻咽肿物
127930,M41.400x091,脊髓灰质炎后脊柱侧弯
127931,M41.401,麻痹性脊柱侧弯
127932,M41.500,继发性脊柱侧弯，其他的
127933,M41.501,创伤性脊柱侧弯
127934,M41.800,脊柱侧弯，其他形式的
127935,M41.900,脊柱侧弯
127936,M41.900x061,腰椎侧弯
127937,M41.901,脊柱后侧凸
127938,M42.000,幼年型脊柱骨软骨病
127939,M42.000x091,卡尔韦病
127940,M42.002,幼年椎骨骺骨软骨病
127941,M42.100,成年脊柱骨软骨病
127942,M42.900,脊柱骨软骨病
127943,M43.000,脊椎骨脱离
127944,M43.001,枕寰枢椎滑脱
127945,M43.002,颈椎滑脱
127946,M43.003,颈椎胸椎滑脱
127947,M43.004,胸椎滑脱
127948,M43.005,胸椎腰椎滑脱
127949,M43.006,腰椎滑脱
127950,M43.007,腰骶部脊椎滑脱
127951,M43.008,骶尾部滑脱
127952,M43.009,腰椎峡部裂
127953,M43.100,脊椎前移
127954,M43.100x011,后天性寰枢椎滑脱
127955,M43.100x021,颈椎前移
127956,M43.100x041,胸椎前移
127957,M43.100x061,腰椎前移
127958,M43.100x062,后天性腰椎滑脱
127959,M43.100x071,腰骶脊椎前移
127960,M43.100x091,后天性脊椎滑脱
127961,M43.101,创伤性脊椎前移
127962,M43.102,变性性脊椎前移
127963,M43.200,脊柱的其他融合
127964,M43.201,寰枢椎关节强硬
127967,M43.300,复发性寰枢不完全性脱位伴有脊髓病
127968,M43.400,复发性寰枢不完全性脱位，其他的
127969,M43.500,复发性脊椎不完全性脱位，其他的
127971,M43.502,复发性颈椎胸椎不完全性脱位
127972,M43.503,复发性胸椎不完全性脱位
127973,M43.504,复发性胸椎腰椎不完全性脱位
128958,M87.101,药物性肱骨头坏死
128959,M87.102,药物性股骨头坏死
128960,M87.200,以前创伤引起的骨坏死
128961,M87.200x021,创伤后肱骨坏死
128962,M87.200x042,创伤后腕骨坏死
128964,M87.200x073,创伤后足舟骨坏死
128965,M87.201,外伤后腕舟骨骨质疏松及萎缩
128966,M87.202,创伤后指骨坏死
128967,M87.203,创伤后股骨头坏死
123555,J21.800,"急性细支气管炎,其他特指病原体引起的"
123556,J21.801,急性肺炎支原体性细支气管炎
123559,J21.901,急性喘息性支气管炎
123164,I82.803,锁骨下静脉血栓形成
123165,I82.804,腋静脉血栓形成
123166,I82.805,上肢深静脉血栓形成
123167,I82.806,上肢静脉血栓形成
124242,J98.403,肺功能不全
124243,J98.404,肺假性淋巴瘤
124245,J98.407,肺假性囊肿
124246,J98.408,肺膨出
124247,J98.409,肺囊肿
124248,J98.410,肺空洞
124249,J98.411,肺钙化
124250,J98.412,肺损伤
124251,J98.413,肺石病
124252,J98.414,肺部感染
124253,J98.415,蜂窝肺
124254,J98.416,毁损肺
129111,M92.604,幼年型外胫骨软骨病
129112,M92.605,幼年型内侧楔骨软骨病
129113,M92.606,幼年型舟骨软骨病
129114,M92.700,幼年型距骨骨软骨病
129115,M92.700x003,跖骨幼年型骨软骨病
129116,M92.701,幼年型第二跖骨骨软骨病
129117,M92.702,幼年型第五跖骨骨软骨病
129118,M92.703,跖骨头不全骨折
129119,M92.800,幼年型骨软骨病，其他特指的
129120,M92.801,幼年型下肢骨软骨炎
129121,M92.802,幼年型足骨软骨病
129122,M92.803,跟骨骺炎
129123,M92.804,跟骨骨突炎
129124,M92.900,幼年型骨软骨病
129125,M92.901,幼年型骨骺炎
129126,M92.902,幼年型骨软骨炎
129127,M92.903,幼年型骨突炎
129128,M93.000,股骨上端（非创伤性）骨骺滑脱
129129,M93.100,成人金伯克病
129131,M93.200x001,踝距骨剥脱性骨软骨炎
129132,M93.200x002,肱骨小头剥脱性骨软骨炎
129133,M93.200x003,分离性骨软骨炎(剥脱性骨软骨炎)
129135,M93.202,膝关节分离性骨软骨病
129136,M93.800,骨软骨病，其他特指的
129137,M93.800x001,桡骨小头骨骺炎
129138,M93.800x002,膝关节骨软骨炎
129141,M93.901,骨骺炎
129142,M93.902,骨软骨炎
129143,M93.903,骺脱离
129144,M93.904,骨骺滑脱
129145,M93.905,骨突炎
129147,M94.001,肋骨软骨炎
129148,M94.100,复发性多软骨炎
129149,M94.200,软骨软化
129150,M94.300,软骨溶解
129151,M94.300x051,特发性髋关节软骨溶解症
129152,M94.800,软骨其他特指的疾患
129153,M94.801,化脓性软骨炎
129155,M94.803,慢性萎缩性多软骨炎
129156,M94.804,软骨肥大
129157,M94.805,软骨脓肿
129158,M94.806,软骨实质丧失
123808,J39.200x020,鼻咽溃疡
123809,J39.201,瘢痕性咽狭窄
123810,J39.202,鼻咽瘘
123811,J39.203,鼻咽囊肿
123812,J39.204,鼻咽狭窄
123813,J39.205,鼻咽粘连
123814,J39.206,鼻咽黏膜溃疡
123815,J39.207,腭咽增生
123816,J39.208,梨状窝囊肿
123817,J39.209,梨状窝息肉
123818,J39.210,咽瘘
123819,J39.212,咽水肿
123820,J39.213,咽狭窄
123821,J39.214,咽角化症
123822,J39.215,咽部囊肿
123824,J39.217,咽喉粘连
123825,J39.218,咽肌痉挛
123826,J39.219,咽部肿物
123827,J39.220,咽旁间隙感染
123828,J39.221,咽旁间隙囊肿
123829,J39.222,环咽肌痉挛
123830,J39.223,手术后咽瘘
123831,J39.224,鼻咽部病变
123832,J39.225,鼻咽淋巴组织增生
123833,J39.300,上呼吸道过敏反应
123834,J39.800,上呼吸道疾病，其他特指的
123835,J39.801,喉气管狭窄
123836,J39.802,气管瘢痕
123837,J39.803,气管周围脓肿
123838,J39.804,气管囊肿
123839,J39.805,气管狭窄
124901,K14.004,舌乳突炎
124902,K14.100,地图样舌
124903,K14.100x001,地图舌
124904,K14.102,移行性舌炎
124905,K14.200,正中菱形舌炎
124906,K14.300,舌乳头肥大
124907,K14.300x001,毛舌
124908,K14.300x003,舌苔
124909,K14.300x004,叶状乳头肥大
124910,K14.301,舌叶乳头增生
124911,K14.302,黑毛舌
124912,K14.400,舌乳头萎缩
124044,J69.800,固体和液体引起的肺炎，其他的
124046,J70.000,辐射引起的急性肺部临床表现
124047,J70.001,放射性肺炎
124048,J70.100,辐射引起的慢性和其他肺部临床表现
124049,J70.101,放射性肺纤维化
124051,J70.200x002,亚急性药物性肺疾病
124053,J70.400,药物性间质性肺疾患
124055,J70.900,外部物质引起的呼吸性情况
124056,J80.x00,成人型呼吸窘迫综合征
124057,J80.x01,急性呼吸窘迫综合征
124058,J81.x00,肺水肿
124059,J81.x00x002,急性肺水肿
124060,J82.x00,肺嗜酸性粒细胞增多，不可归类在他处者
124062,J82.x00x002,热带性肺嗜酸性粒细胞增多症
124063,J82.x00x004,哮喘性肺嗜酸性粒细胞增多症
124064,J82.x00x005,吕弗勒综合征
123560,J22.x00,急性下呼吸道感染
123561,J30.000,血管运动性鼻炎
123562,J30.100,花粉引起的变应性鼻炎
123563,J30.101,花粉症
123564,J30.200,季节性变应性鼻炎，其他的
123565,J30.300,变应性鼻炎，其他的
123566,J30.300x001,药物性鼻炎
123567,J30.300x002,全年性变应性鼻炎
123568,J30.400,变应性鼻炎
123569,J31.000,慢性鼻炎
123570,J31.001,肥大性鼻炎
123571,J31.002,溃疡性鼻炎
123572,J31.003,肉芽肿性鼻炎
123573,J31.004,萎缩性鼻炎
123574,J31.005,干燥性鼻炎
123575,J31.100,慢性鼻咽炎
123576,J31.200,慢性咽炎
123577,J31.201,慢性咽喉痛
123578,J31.202,慢性咽峡炎
123579,J31.203,肥大性咽炎
123580,J31.204,萎缩性咽炎
123582,J32.000x005,上颌窦肉芽肿
123583,J32.000x009,出血性坏死性上颌窦炎
123584,J32.001,慢性化脓性上颌窦炎
123585,J32.002,坏死性上颌窦炎
123586,J32.003,上颌窦瘘
123587,J32.004,上颌窦脓肿
123588,J32.005,口腔上颌窦瘘
123589,J32.006,隐匿性鼻窦综合征
123591,J32.100x005,额窦肉芽肿
123592,J32.101,慢性化脓性额窦炎
123593,J32.102,额窦脓肿
123594,J32.200,慢性筛窦炎
123595,J32.200x004,筛窦脓肿
123596,J32.200x005,筛窦肉芽肿
123597,J32.201,慢性化脓性筛窦炎
123598,J32.300,慢性蝶窦炎
123599,J32.300x004,蝶窦脓肿
123601,J32.302,蝶窦肉芽肿
123602,J32.400,慢性全鼻窦炎
123603,J32.400x001,全组鼻窦炎
123604,J32.800,慢性鼻窦炎，其他的
123607,J32.800x003,额窦蝶窦炎
123608,J32.800x004,上颌窦蝶窦炎
123609,J32.800x006,额窦筛窦上颌窦炎
123611,J32.800x008,筛窦上颌窦蝶窦炎
123612,J32.800x009,筛窦蝶窦炎
124680,K10.900x002,颌骨缺损
124681,K10.901,颌骨肿物
124682,K11.000,涎腺萎缩
124683,K11.100,涎腺增生
124685,K11.100x004,唾液腺肥大
124686,K11.101,腮腺肥大
124687,K11.102,颌下腺肥大
124688,K11.200,涎腺炎
124689,K11.200x009,下颌下腺炎
124690,K11.200x011,舌下腺炎
129159,M94.807,软骨萎缩
129160,M94.808,软骨炎
129161,M94.900,软骨疾患
129162,M95.000,鼻的后天性变形
129163,M95.001,鞍鼻
129164,M95.002,凹陷性鼻
129165,M95.003,鼻萎陷
129166,M95.005,后天性歪鼻
129168,M95.007,压扁鼻
129169,M95.100,菜花状耳
130158,N81.800x004,会阴缺陷
130159,N81.800x005,盆底肌肉陈旧性裂伤
130160,N81.800x006,陈旧性会阴损伤
130161,N81.801,陈旧性会阴裂伤
130162,N81.802,阴道前后壁脱垂
130163,N81.803,阴道松弛
130164,N81.900,女性生殖器脱垂
130165,N82.000,膀胱阴道瘘
130166,N82.100,女性泌尿-生殖道瘘，其他的
130167,N82.100x001,子宫输尿管瘘
130168,N82.101,尿道阴道瘘
124841,K13.201,腭黏膜角化不良
124842,K13.202,腭白斑
124843,K13.203,口腔白斑
124844,K13.204,口腔黏膜过度角化
124845,K13.205,舌白斑
124846,K13.206,舌白色水肿
124847,K13.207,舌良性过度角化症
124848,K13.208,牙龈白斑
124849,K13.209,颊白斑
124850,K13.210,舌鳞状上皮增生
124851,K13.300,毛状白斑
124852,K13.400,口腔黏膜肉芽肿和类肉芽肿损害
124853,K13.400x001,口腔黏膜结节病
124854,K13.400x002,口腔黏膜浆细胞肉芽肿
124855,K13.400x004,口腔黏膜化脓性肉芽肿
124856,K13.401,口腔黏膜肉芽肿
124857,K13.402,口腔黏膜嗜酸性肉芽肿
124859,K13.500,口腔黏膜下纤维化
124861,K13.600,口腔黏膜刺激性增生
124862,K13.600x001,口腔黏膜炎性增生
124864,K13.602,腭增生症
124865,K13.603,腭黏膜息肉
124866,K13.700,口腔黏膜其他的损害
124867,K13.700x001,腭部瘢痕
124869,K13.700x004,后天性颊沟畸形
124870,K13.700x006,口腔毛息肉
124871,K13.700x007,颊部炎症
124872,K13.700x009,慢性颊黏膜下炎症
124874,K13.700x011,口腔黏膜出血
124875,K13.700x013,后天性软腭畸形
124876,K13.700x018,翼沟过长
124877,K13.700x019,腭垂囊肿
124878,K13.700x021,软腭肥厚
124879,K13.700x022,腭麻痹
124881,K13.700x024,软腭震颤
124882,K13.700x025,金属引起的口腔黏膜病变
124883,K13.700x026,颊部息肉
124065,J82.x01,嗜酸细胞性肺炎
124066,J84.000,肺泡和壁层肺泡的情况
124067,J84.000x003,弥漫性肺泡出血综合征
124068,J84.001,肺泡蛋白沉积症
124069,J84.002,肺泡微结石症
124070,J84.100,间质性肺病伴有纤维化，其他的
124071,J84.100x006,致纤维化肺泡炎
124072,J84.100x007,继发性肺间质纤维化
124073,J84.100x008,弥漫性肺间质纤维化
124074,J84.101,肺间质纤维化
124075,J84.102,肺肉芽肿
124076,J84.103,哈曼-里奇综合征
124077,J84.104,特发性肺间质纤维化
124078,J84.105,间质性纤维化性肺泡炎
124079,J84.108,机化性肺炎
124080,J84.109,炎症后肺纤维化
124081,J84.110,肺硬化
124082,J84.800,间质性肺病，其他特指的
124083,J84.800x003,寻常型间质性肺炎
124084,J84.800x004,隐源性机化性肺炎
124085,J84.800x005,非特异性间质性肺炎
124086,J84.800x006,呼吸性细支气管炎伴间质性肺病
124087,J84.800x007,急性间质性肺炎
124088,J84.800x008,肺淋巴管瘤病
124089,J84.801,脱屑性间质性肺炎
124090,J84.802,胆固醇肺炎
124091,J84.803,肺弥漫性间质病变
124092,J84.804,淋巴细胞性间质性肺炎
124093,J84.805,内源性脂质性肺炎
124095,J85.000,肺坏疽和坏死
124096,J85.000x002,肺坏疽
124097,J85.001,肺坏死
124098,J85.002,坏疽性肺炎
120957,H49.810,眼下直肌麻痹
120959,H49.901,先天性麻痹性斜视
120960,H50.000,会聚性共同性斜视
120961,H50.000x002,共同性内斜视
120963,H50.000x009,残余性内斜视
120964,H50.001,调节性内斜视
120966,H50.003,失用性内斜视
128897,M86.000,急性血源性骨髓炎
128899,M86.200,亚急性骨髓炎
128900,M86.300,慢性多病灶性骨髓炎
128901,M86.400,慢性骨髓炎伴有引流窦道
128903,M86.600,慢性骨髓炎，其他的
128904,M86.600x061,小腿慢性化脓性骨髓炎
128905,M86.601,肘关节慢性化脓性骨髓炎
128906,M86.602,手慢性化脓性骨髓炎
128907,M86.603,骨盆区慢性化脓性骨髓炎
128909,M86.605,膝关节慢性化脓性骨髓炎
128910,M86.606,踝慢性化脓性骨髓炎
128911,M86.607,足慢性化脓性骨髓炎
128912,M86.608,慢性骨髓炎
123850,J41.000,单纯性慢性支气管炎
123852,J41.800,混合的单纯性和黏液脓性慢性支气管炎
123853,J42.x00,慢性支气管炎
123854,J42.x00x001,慢性气管炎
123855,J42.x00x003,慢性气管支气管炎
123856,J42.x00x004,慢性支气管炎急性加重期
123857,J42.x00x005,慢性支气管炎临床缓解期
123858,J42.x00x006,慢性支气管炎慢性迁延期
123859,J42.x01,弥漫性泛细支气管炎
123860,J43.000,麦克劳德综合征
123861,J43.000x003,透明肺
123862,J43.001,单侧肺气肿
123863,J43.100,全叶肺气肿
123864,J43.101,全腺泡性肺气肿
123865,J43.200,小叶中心性肺气肿
123866,J43.800,肺气肿，其他的
123867,J43.800x001,瘢痕性肺气肿
123868,J43.900,肺气肿
123869,J43.900x001,大疱性肺气肿
123870,J43.901,肺大疱
123872,J43.903,老年性肺气肿
123873,J43.904,阻塞性肺气肿
123874,J44.000,慢性阻塞性肺病伴有急性下呼吸道感染
123875,J44.100,慢性阻塞性肺病伴有急性加重
123876,J44.800,慢性阻塞性肺病，其他特指的
123877,J44.800x001,闭塞性细支气管炎
123878,J44.801,慢性支气管炎伴肺气肿
123880,J44.803,慢性气肿性支气管炎
123882,J44.806,慢性阻塞性支气管炎
123883,J44.807,哮喘-慢阻肺重叠综合征
123884,J44.900,慢性阻塞性肺病
123886,J44.900x003,慢性阻塞性肺疾病II级
123887,J44.900x004,慢性阻塞性肺疾病III级
123888,J44.900x005,慢性阻塞性肺疾病IV级
123889,J45.000,主要为变应性哮喘
123891,J45.000x003,职业性支气管哮喘
123892,J45.002,阿司匹林哮喘
123893,J45.003,变态反应性支气管哮喘
123894,J45.004,过敏性鼻炎伴哮喘
123895,J45.005,咳嗽变异性哮喘
123896,J45.006,儿童期哮喘
123898,J45.100,非变应性哮喘
123899,J45.100x002,月经期支气管哮喘
123900,J45.100x003,运动性支气管哮喘
123901,J45.800,混合性哮喘
123903,J45.900x001,支气管哮喘
123904,J45.900x002,难治性支气管哮喘
123906,J45.900x012,支气管哮喘（部分控制）
124979,K22.700,巴雷特食管
124980,K22.700x001,巴氏食管
124981,K22.800,食管其他特指的疾病
124884,K13.702,口腔肿物
124885,K13.703,口腔瘢痕
124886,K13.704,口腔黏蛋白沉积症
124887,K13.705,口腔出血
124888,K13.706,后天性小口畸形
124889,K13.707,颊部炎性假瘤
124890,K13.709,腭咽闭合不全
124891,K13.710,悬雍垂（腭垂）肥大
124892,K13.711,悬雍垂（腭垂）息肉
124893,K13.714,软腭肿瘤放疗后畸形
124894,K13.715,下颌前庭沟过浅
124895,K14.000,舌炎
124896,K14.000x006,舌创伤性溃疡
124897,K14.000x007,舌部嗜酸性溃疡
124898,K14.001,舌脓肿
124899,K14.002,舌炎性肿块
124900,K14.003,舌溃疡
121661,I22.800x011,急性前壁下壁再发心肌梗死
121662,I22.800x012,急性右心室再发心肌梗死
121663,I22.800x013,急性广泛前壁下壁高侧壁再发心肌梗死
121665,I22.800x015,急性下壁高侧壁再发心肌梗死
121666,I22.800x016,急性侧壁正后壁再发心肌梗死
121667,I22.800x017,急性前间壁高侧壁再发心肌梗死
120897,H44.700x008,陈旧性虹膜非磁性异物
120898,H44.700x009,陈旧性晶状体非磁性异物
120899,H44.800,眼球的其他疾患
120900,H44.801,眼内出血
120901,H44.802,眼球脱位
120902,H44.803,眼球粘连
120903,H44.900,眼球疾患
120904,H44.901,眼球肿物
120905,H46.x00,视神经炎
120906,H46.x01,球后视神经炎
120907,H46.x02,视盘炎
120909,H47.000x009,视神经病
120910,H47.001,视神经麻痹
120911,H47.002,视神经鞘膜内出血
120912,H47.003,视神经受压
120913,H47.004,缺血性视神经病变
120914,H47.005,中毒性视神经损害
120915,H47.006,肯尼迪综合征
120917,H47.101,视盘水肿
120918,H47.200,视神经萎缩
120919,H47.200x003,原发性视神经萎缩
120920,H47.200x004,继发性视神经萎缩
120922,H47.300,视神经盘的其他疾患
120923,H47.300x005,视盘血管炎(视神经乳头静脉炎)
120924,H47.301,视神经盘玻璃疣
120925,H47.302,视盘前膜
120927,H47.304,视盘肿物
120928,H47.400,视交叉疾患
120929,H47.401,视交叉综合征
120930,H47.500,"视路疾患,其他的"
120932,H47.500x003,视束病变
120933,H47.500x004,外侧膝状体病变
120934,H47.600,视皮层疾患
128914,M86.610,骨内死骨形成
128915,M86.800,骨髓炎，其他的
128916,M86.800x071,跖骨籽骨形成
128917,M86.800x095,布罗迪脓肿
128918,M86.801,股骨肉芽肿
128919,M86.803,骨干炎
128920,M86.804,水肿性波特瘤
128921,M86.805,骨残留异物性肉芽肿
128922,M86.807,骨膜骨赘形成伴骨髓炎
128923,M86.808,骨脓肿
128924,M86.809,骨肉芽肿
128925,M86.810,加雷骨髓炎
128926,M86.811,硬化性骨髓炎
128927,M86.812,籽骨炎
128928,M86.900,骨髓炎
128929,M86.900x001,多发性骨髓炎
128930,M86.900x071,跗骨骨髓炎
128931,M86.900x073,跖骨骨髓炎
128932,M86.901,锁骨骨髓炎
128933,M86.902,肩胛骨骨髓炎
128934,M86.903,肱骨骨髓炎
128935,M86.904,桡骨骨髓炎
128936,M86.905,尺骨骨髓炎
128937,M86.906,腕骨骨髓炎
128938,M86.907,手指骨髓炎
128939,M86.908,掌骨骨髓炎
128941,M86.910,股骨骨髓炎
128942,M86.911,膝关节骨髓炎
128943,M86.912,腓骨骨髓炎
128944,M86.913,胫骨骨髓炎
128945,M86.914,足部骨髓炎
128946,M86.915,趾骨骨髓炎
128947,M86.916,跟骨骨髓炎
128948,M86.917,颅骨骨髓炎
128949,M86.918,肋骨骨髓炎
128950,M86.919,躯干骨骨髓炎
128951,M86.920,胸骨骨髓炎
128952,M86.921,骨炎
128953,M86.923,骨膜炎
128954,M87.000,特发性无菌性骨坏死
128955,M87.001,肱骨头无菌性坏死
128956,M87.002,股骨头无菌性坏死
129944,N50.820,射精管梗阻
129945,N50.821,射精管囊肿
129946,N50.822,输精管梗阻
129947,N50.823,输精管囊肿
129948,N50.824,输精管狭窄
129950,N50.826,阴囊溃疡
129951,N50.827,阴囊肿大
129952,N50.900,男性生殖器官疾患
129953,N50.900x005,冠状沟肿物
129955,N50.900x007,神经源性生育功能障碍
129182,M95.301,颈部畸形
129183,M95.400,胸和肋的后天性变形
129184,M95.401,后天性胸廓畸形
129185,M95.402,制鞋工胸
129187,M95.404,桶状胸
129188,M95.405,胸壁畸形
129189,M95.406,胸壁凹陷
129190,M95.407,胸骨凹陷
129191,M95.408,后天性胸骨回缩
129192,M95.409,后天性鸡胸
124982,K22.800x003,食管肌性肥厚
124983,K22.800x011,贲门息肉
124984,K22.801,食管隆起性病变
124985,K22.802,创伤后食管瘘
124986,K22.803,食管白斑
124987,K22.804,食管出血
124111,J86.006,食管胸膜皮肤瘘
124112,J86.007,食管支气管瘘
124113,J86.008,食管胃支气管瘘
124114,J86.009,手术后支气管胸膜瘘
124115,J86.010,胸腹瘘
124116,J86.011,胸胃瘘
124117,J86.012,胸壁瘘
124118,J86.013,胸壁窦道
124119,J86.014,支气管肝脓肿瘘
124120,J86.015,支气管胃结肠瘘
124121,J86.016,支气管瘘
124122,J86.017,支气管胸膜瘘
124123,J86.018,支气管内脏瘘
124124,J86.019,纵隔瘘
124125,J86.020,纵隔支气管瘘
124126,J86.900,脓胸不伴有瘘
124127,J86.901,化脓性胸膜炎
124128,J86.902,包裹性脓胸
124129,J86.903,脓气胸
124130,J90.x00,胸腔积液，不可归类在他处者
124131,J90.x00x002,渗出性胸膜炎
124132,J90.x00x003,胸膜炎伴积液
124133,J90.x00x004,浆液性胸膜炎
124134,J90.x00x005,化学性胸浆膜炎
124135,J90.x01,包裹性胸膜炎
124136,J90.x02,急性渗出性胸膜炎
124137,J92.000,胸膜斑伴有石棉沉着
124138,J92.900,胸膜斑不伴有石棉沉着
124139,J92.900x002,胸膜斑
124140,J92.901,胸膜肥厚
124141,J93.000,自发性张力性气胸
124142,J93.003,张力性气胸
124144,J93.100x001,自发性气胸
124145,J93.100x002,闭合性气胸
124146,J93.800,气胸，其他的
124147,J93.800x001,包裹性气胸
124149,J94.000,乳糜性渗出
124151,J94.101,胸膜纤维化
124152,J94.200,血胸
124153,J94.201,血气胸
124154,J94.800,胸膜情况，其他特指的
124156,J94.800x004,胸膜囊肿
124157,J94.800x010,血性胸水
124158,J94.801,液气胸
124159,J94.802,包裹性胸腔积液
124160,J94.804,胸腔积液
124161,J94.805,胸膜粘连
124163,J94.807,胸膜纤维样增生
124164,J94.900,胸膜情况
124165,J94.900x001,胸膜病变
124166,J94.901,胸膜肿物
124168,J95.000x001,气管造口术后吻合口脓毒病
124169,J95.000x002,气管切开术后拔管困难
124170,J95.000x007,气管造口术后口出血
120935,H47.600x001,枕叶病变
120936,H47.601,皮质盲
120937,H47.700,视路疾患
120938,H49.000,第三［动眼］神经麻痹
120939,H49.001,动眼神经炎
120940,H49.100,第四［滑车］神经麻痹
120941,H49.200,第六［展］神经麻痹
120942,H49.201,展神经炎
120943,H49.300,全部（外部）眼肌麻痹
120944,H49.400,进行性眼外肌麻痹
120945,H49.400x001,慢性进行性眼外肌麻痹
120946,H49.800,麻痹性斜视，其他的
120947,H49.800x002,麻痹性外斜视
120948,H49.800x007,眼外肌麻痹
120949,H49.801,卡恩斯-塞尔综合征
120950,H49.803,眶上裂综合征
120951,H49.804,眼内直肌麻痹
120952,H49.805,眼上斜肌麻痹
120953,H49.806,眼上直肌麻痹
120954,H49.807,痛性眼肌麻痹
120955,H49.808,眼外直肌麻痹
120956,H49.809,眼下斜肌麻痹
121894,I33.000x021,右心感染性心内膜炎
121895,I33.000x022,左心自体瓣膜性心内膜炎
121896,I33.000x024,机械相关性心内膜炎
121897,I33.001,急性感染性心内膜炎
121898,I33.002,亚急性感染性心内膜炎
121899,I33.003,链球菌性心内膜炎
121900,I33.004,真菌性心内膜炎
121901,I33.005,细菌性心内膜炎
121902,I33.006,感染性心内膜炎性赘生物
129881,N48.808,阴茎瘢痕
129882,N48.809,阴茎海绵体静脉瘘
129883,N48.810,阴茎瘘
129884,N48.811,阴茎囊肿
129885,N48.812,阴茎萎缩
129886,N48.813,阴茎血栓形成
129888,N48.901,阴茎肿物
129889,N49.000,精囊炎性疾患
129890,N49.001,精囊炎
129891,N49.002,精囊周围炎
129893,N49.101,精索炎
129894,N49.102,鞘膜脓肿
129895,N49.103,鞘膜炎
129896,N49.104,输精管炎
129897,N49.200,阴囊炎性疾患
129899,N49.202,阴囊坏疽
129900,N49.203,阴囊疖肿
129901,N49.204,阴囊脓肿
129903,N49.800,男性生殖器官其他特指的炎性疾患
129904,N49.900,男性生殖器官的炎性疾患
129906,N50.100,男性生殖器官的血管疾患
129907,N50.100x001,精索血肿
129908,N50.101,睾丸血肿
129909,N50.102,血精
129911,N50.800,男性生殖器官其他特指的疾患
129912,N50.800x001,精索狭窄
129913,N50.800x002,鞘膜狭窄
129195,M95.501,扁骨盆
129196,M95.502,后天性骨盆畸形
129198,M95.504,后天性骨盆狭窄
129199,M95.505,后天性漏斗骨盆
129200,M95.506,内格勒骨盆
129201,M95.507,尖骨盆
129202,M95.508,婴儿型骨盆
129203,M95.509,后天性髂骨畸形
129204,M95.510,后天性坐骨畸形
129205,M95.800,肌肉骨骼系统其他特指的后天性变形
129206,M95.801,后天性躯干畸形
129207,M95.802,后天性腹壁畸形
129208,M95.900,肌肉骨骼系统后天性变形
129209,M95.901,后天性骨畸形
129210,M96.000,融合或关节固定术后假关节
129211,M96.001,关节固定术后假关节形成
129212,M96.100,椎板切除术后综合征，不可归类在他处者
129213,M96.200,放射后脊柱后凸
129214,M96.300,椎板切除术后脊柱后凸
129215,M96.400,手术后脊柱前凸
129216,M96.500,放射后脊柱侧弯
129217,M96.600,插入矫形外科的植入物、关节假体或骨板后的骨折
129218,M96.600x001,假体周围骨折
129219,M96.600x002,股骨假体周围骨折
129220,M96.601,插入矫形外科关节假体后骨折
129221,M96.602,插入矫形外科骨板后骨折
129222,M96.800,操作后肌肉骨骼疾患，其他的
129223,M96.801,继发于关节假体取出后关节不稳定
129224,M96.802,手术后腰椎间盘粘连
129225,M96.803,腰椎间盘切除术后状态关节紊乱
129227,M99.000,节段性和躯体性功能障碍
129228,M99.100,不全脱位复征（椎骨的）
129229,M99.100x001,枕颈椎骨不全脱位
129230,M99.100x002,颈胸椎骨不全脱位
129232,M99.100x004,腰骶椎骨不全脱位
129233,M99.100x005,骶尾椎骨不全脱位
129234,M99.100x006,骶髂椎骨不全脱位
129235,M99.200,椎管不全脱位性狭窄
130229,N83.804,卵巢钙化
130230,N83.805,卵巢破裂
130231,N83.806,卵巢增生
130232,N83.807,卵巢脂肪坏死
130235,N83.810,输卵管旁囊肿
130236,N83.811,圆韧带囊肿
130238,N83.900,卵巢、输卵管和阔韧带的非炎性疾患
130240,N83.902,输卵管肿物
124913,K14.400x001,光面舌
124915,K14.500,裂沟舌
124916,K14.500x001,裂纹舌
124917,K14.500x002,沟纹舌
124918,K14.600,舌痛
124919,K14.600x001,舌痛症
124171,J95.001,气管造口术后气管皮肤瘘
124172,J95.002,气管造口感染
121028,H51.800,双眼运动疾患，其他特指的
121029,H51.801,眼球运动障碍
121030,H51.900,双眼运动疾患
121031,H52.000,远视
121032,H52.100,近视
121034,H52.200,散光
121035,H52.300,屈光参差和影像不等
121036,H52.300x002,屈光参差
121037,H52.301,影像不等
121038,H52.400,老视
128969,M87.300,继发性骨坏死，其他的
128970,M87.800,骨坏死，其他的
128971,M87.800x021,肱骨头缺血性坏死
128972,M87.800x041,月骨缺血性坏死
128973,M87.800x051,股骨头缺血性坏死
128974,M87.800x091,骨缺血性坏死
128975,M87.800x101,足舟骨坏死
128976,M87.900,骨坏死
128977,M87.900x021,肱骨骨坏死
128978,M87.900x061,胫骨骨坏死
128979,M87.900x071,距骨骨坏死
128980,M87.901,股骨骨坏死
128981,M88.000,颅骨佩吉特病
128982,M88.800,骨的佩吉特病，其他的
128983,M88.900,指骨的佩吉特病
128984,M89.000,痛性神经营养不良
128985,M89.000x093,祖德克萎缩
128986,M89.001,肩手综合征
128987,M89.002,创伤后骨质疏松
128988,M89.003,交感反射性营养不良
128989,M89.100,骨骺生长停止
128990,M89.101,骺横线
128991,M89.200,骨发育和生长的其他疾患
128992,M89.200x071,足舟骨过度生长
128994,M89.202,多发性偏心性多中心骨化
128995,M89.300,骨肥大
128996,M89.301,跖骨肥大
128997,M89.302,跗骨肥大
128998,M89.303,面骨骨质增生
129001,M89.306,骨过度生长
129002,M89.307,骨膜肥厚
129003,M89.308,骨皮质肥厚
129004,M89.309,骨质增生
129006,M89.400,肥厚性骨关节病，其他的
129007,M89.401,肥大性肺性骨关节病
129008,M89.402,厚皮性骨膜病
129009,M89.403,普罗蒂斯综合征
129011,M89.500,骨质溶解
129012,M89.500x091,大块溶骨病
129013,M89.600,脊髓灰质炎后骨病
129014,M89.800,骨其他特指的疾患
129015,M89.800x501,股骨非骨化性纤维瘤
129017,M89.800x906,蜡油样骨病
129018,M89.800x908,骨瘢痕
129019,M89.802,肩胛擦响症
129020,M89.803,肩胛痛
129021,M89.804,肱骨破坏
129915,N50.800x014,睾丸间质细胞增生
129916,N50.800x016,非丝虫性睾丸鞘膜乳糜囊肿
129917,N50.800x023,阴囊水肿
129918,N50.800x024,睾丸自发破裂
129919,N50.800x025,男性生殖器皮脂腺囊肿
129921,N50.800x028,射精管狭窄
129922,N50.800x038,男性更年期综合征
129923,N50.800x041,精液肉芽肿
129924,N50.800x042,小肠阴囊瘘
129925,N50.801,膀胱输精管阴囊瘘
129926,N50.802,附睾管扩张
129927,N50.803,附睾囊肿
129928,N50.804,附睾阴囊瘘
129929,N50.805,附睾淤积症
129930,N50.806,附睾肿大
129931,N50.807,睾丸坏死
129932,N50.808,睾丸结节
129933,N50.809,睾丸结石
129934,N50.810,睾丸囊肿
129935,N50.811,睾丸疼痛
129936,N50.812,睾丸纤维化
129937,N50.813,精阜囊肿
129938,N50.814,精囊瘢痕
129939,N50.815,精囊囊肿
129940,N50.816,精索囊肿
129941,N50.817,尿道阴囊瘘
129942,N50.818,鞘膜结石
129943,N50.819,鞘膜囊肿
126760,L58.101,放射性皮肤溃疡
126761,L58.900,放射性皮炎
126762,L59.000,火激红斑(火激皮炎)
126763,L59.800,与辐射有关的皮肤和皮下组织其他特指的疾患
126764,L59.801,慢性光化性皮炎，与辐射相关
126765,L59.900,与辐射有关的皮肤和皮下组织疾患
126766,L60.000,嵌甲
126767,L60.100,甲剥离
126768,L60.200,甲弯曲
126769,L60.201,甲肥厚
126770,L60.300,甲营养不良
130169,N82.102,输尿管阴道瘘
130171,N82.200,阴道小肠瘘
130172,N82.201,手术后小肠阴道瘘
130173,N82.300,阴道大肠瘘
130174,N82.301,直肠膀胱阴道瘘
130176,N82.303,直肠阴道瘘
130178,N82.401,子宫直肠瘘
130179,N82.500,女性生殖道-皮肤瘘
130181,N82.502,阴道会阴瘘
130182,N82.800,女性生殖道瘘，其他的
130183,N82.801,子宫阴道瘘
130184,N82.900,女性生殖道瘘
130186,N82.901,阴道瘘
130187,N82.902,子宫瘘
130188,N83.000,卵巢滤泡囊肿
130189,N83.000x002,格拉夫卵泡囊肿
130190,N83.001,出血性卵巢滤泡囊肿
130192,N83.100x002,卵巢黄体破裂
130193,N83.100x003,卵巢黄体血肿
130194,N83.101,出血性卵巢黄体囊肿
124920,K14.800,舌其他的疾病
124921,K14.800x003,舌瘘管
124922,K14.800x005,舌畸形
124923,K14.800x010,舌牙痕
124924,K14.800x012,舌息肉
124925,K14.800x013,舌粘连
124926,K14.801,舌肉芽肿
124927,K14.802,舌出血
124928,K14.803,舌肥大
124929,K14.804,舌萎缩
124930,K14.805,舌囊肿
124931,K14.807,舌肌阵挛
124932,K14.808,舌瘢痕
124933,K14.809,舌尖瘘管
124934,K14.900,舌的疾病
124935,K14.900x002,强直舌
124936,K14.900x003,舌的静脉曲张
124938,K14.901,舌肿物
124940,K20.x00x001,贲门炎
124941,K20.x00x003,创伤性食管炎
124942,K20.x00x006,食管脓肿
124943,K20.x01,化学性食管炎
124944,K20.x02,放射性食管炎
124945,K20.x03,手术后食管炎
124946,K21.000,胃-食管反流性疾病伴有食管炎
124947,K21.001,反流性食管炎
124948,K21.900,胃-食管反流性疾病不伴有食管炎
124949,K21.900x003,胃食管反流
124950,K21.901,食管反流
124951,K21.902,贲门松弛
124952,K21.903,喉咽反流
124953,K22.000,贲门弛缓不能
124954,K22.000x001,贲门痉挛
124955,K22.000x002,贲门失弛缓
124956,K22.100,食管溃疡
124957,K22.101,贲门糜烂
124958,K22.102,贲门溃疡
124959,K22.103,食管糜烂
124960,K22.200,食管梗阻
124961,K22.201,贲门梗阻
124962,K22.202,贲门狭窄
124964,K22.204,食管挛缩
124965,K22.205,食管狭窄
124966,K22.206,胡桃夹食管
124967,K22.207,创伤性食管狭窄
124969,K22.209,后天性食管蹼
124970,K22.300,食管穿孔
124971,K22.301,食管破裂
124972,K22.400,食管运动障碍
124973,K22.400x003,螺旋状食管
124975,K22.500,后天性食管憩室
124976,K22.600,胃-食管撕裂-出血综合征
124977,K22.600x001,贲门撕裂症
121712,I25.104,冠心病心律失常型
121714,I25.200x006,陈旧性前壁下壁心肌梗死
121715,I25.200x009,陈旧性小灶性心肌梗死
121717,I25.200x012,陈旧性正后壁心肌梗死
121718,I25.200x014,陈旧性非ST段抬高性心肌梗死
121719,I25.200x015,陈旧性右心室心肌梗死
129022,M89.808,股骨头变平
129023,M89.810,胫骨非骨化性纤维瘤
129024,M89.813,足副舟骨痛
129025,M89.816,肋骨滑脱
129026,M89.817,非骨化性纤维瘤
129027,M89.818,骨质破坏
129028,M89.819,婴儿型骨皮质肥厚
130019,N70.101,慢性输卵管炎
130020,N70.102,慢性卵巢炎
130021,N70.103,输卵管积水
130022,N70.104,卵巢积水
130023,N70.900,输卵管炎和卵巢炎
130024,N70.900x003,输卵管积脓
130025,N70.900x007,输卵管脓肿
130026,N70.901,卵巢坏死
130027,N70.902,卵巢脓肿
130028,N70.903,卵巢炎
130029,N70.904,输卵管炎
130030,N70.905,输卵管卵巢脓肿
124692,K11.200x014,硬化性唾液腺炎
124693,K11.201,急性腮腺炎
124694,K11.202,急性颌下腺炎
124695,K11.203,急性舌下腺炎
124696,K11.204,慢性腮腺炎
124697,K11.205,慢性颌下腺炎
124698,K11.206,慢性舌下腺炎
124699,K11.207,腮腺炎性假瘤
124700,K11.208,硬化性涎腺炎
124701,K11.209,阻塞性颌下腺炎
124702,K11.210,阻塞性腮腺炎
124704,K11.300,涎腺脓肿
124705,K11.301,腮腺脓肿
124706,K11.302,颌下腺脓肿
124707,K11.303,舌下腺脓肿
124708,K11.400,涎腺瘘
124709,K11.400x003,唾液导管瘘
124710,K11.401,腮腺瘘
124711,K11.402,腮腺导管瘘
124712,K11.404,颌下腺瘘
124713,K11.500,涎石病
124714,K11.500x003,舌下管结石
124716,K11.501,腮腺导管结石
124717,K11.503,颌下腺导管结石
124718,K11.600,涎腺黏液囊肿
124719,K11.600x005,口腔黏膜粘液囊肿
124720,K11.600x008,舌下腺粘液囊肿
124722,K11.602,腮腺涎液潴留
124723,K11.603,舌下腺囊肿
124724,K11.604,舌下囊肿
124725,K11.605,颌下腺囊肿
124726,K11.606,颌下腺黏液囊肿
124728,K11.700x001,唾液分泌紊乱
124729,K11.700x002,唾液分泌过少
124730,K11.700x003,流涎症
124733,K11.800x002,腮腺唾液潴留
124735,K11.800x007,唾液腺肉芽肿
124736,K11.800x010,腮腺结节病
124738,K11.802,米库利奇病
124739,K11.803,腮腺管扩张
130195,N83.102,卵巢黄素化囊肿
130196,N83.200,卵巢囊肿，其他的
130197,N83.201,卵巢囊肿
130198,N83.202,卵巢白体囊肿
130199,N83.203,卵巢包涵囊肿
130200,N83.204,卵巢浆液性囊肿
130201,N83.205,卵巢黏液性囊肿
130202,N83.206,卵巢潴留囊肿
130203,N83.207,副卵巢囊肿
130204,N83.300,卵巢和输卵管后天性萎缩
130205,N83.300x001,卵巢萎缩
130206,N83.300x002,输卵管萎缩
130207,N83.400,卵巢和输卵管脱垂和疝
130208,N83.401,输卵管脱垂
130209,N83.500,卵巢、卵巢蒂和输卵管的扭转
130210,N83.500x004,卵巢子宫内膜异位囊肿伴扭转
130211,N83.500x007,副卵管扭转
130212,N83.501,卵巢蒂扭转
130213,N83.502,卵巢扭转
130214,N83.503,输卵管扭转
130215,N83.504,莫尔加尼囊状附件扭转
130216,N83.600,输卵管血肿
130217,N83.601,输卵管出血
130218,N83.700,阔韧带血肿
130219,N83.800,卵巢、输卵管和阔韧带的其他非炎性疾患
130220,N83.800x012,泡状附件
130221,N83.800x013,输卵管上皮增生
130222,N83.800x015,阔韧带息肉
130223,N83.800x016,输卵管憩室
130224,N83.800x017,卵巢冠囊肿
130225,N83.800x021,输卵管嵌顿
130226,N83.801,阔韧带囊肿
130227,N83.802,阔韧带撕裂综合征
130228,N83.803,卵巢出血
127055,L90.500x027,下唇瘢痕
127057,L90.500x029,耳部瘢痕
127058,L90.500x030,耳垂瘢痕
127059,L90.500x031,上肢瘢痕
127060,L90.500x032,肩部瘢痕
127062,L90.500x034,上臂瘢痕
127063,L90.500x035,肘部瘢痕
127064,L90.500x036,前臂瘢痕
127065,L90.500x037,腕部瘢痕
127066,L90.500x038,下肢瘢痕
121670,I22.900x001,急性再发心肌梗死
121671,I23.000,心包积血作为急性心肌梗死后的近期并发症
121672,I23.000x001,急性心肌梗死后心脏破裂伴心包积血
121674,I23.100x001,急性心肌梗死后房间隔缺损
121675,I23.200,室间隔缺损作为急性心肌梗死后的近期并发症
121676,I23.200x001,急性心肌梗死后室间隔穿孔
121678,I23.300x001,急性心肌梗死后心脏破裂
121679,I23.400,腱索断裂作为急性心肌梗死后的近期并发症
121680,I23.400x001,急性心肌梗死后腱索断裂
120967,H50.004,连续性内斜视
120968,H50.005,先天性内斜视
120969,H50.006,继发性内斜视
120970,H50.007,知觉性内斜视
120971,H50.008,运动性内斜视
120972,H50.100,散开性共同性斜视
120973,H50.100x002,共同性外斜视
120974,H50.100x004,外斜视
120975,H50.100x007,残余性外斜视
120976,H50.101,交替性外斜视
120977,H50.102,失用性外斜视
120978,H50.103,连续性外斜视
120979,H50.104,先天性外斜视
120980,H50.105,继发性外斜视
120981,H50.106,知觉性外斜视
120982,H50.107,运动性外斜视
120983,H50.200,垂直斜视
120984,H50.200x004,下斜肌亢进
120985,H50.200x006,分离性水平性偏斜
120986,H50.201,上斜视
120987,H50.202,下斜视
120988,H50.300,间歇性斜视
120989,H50.300x002,交替性间歇性外斜视
120990,H50.300x004,交替性间歇性内斜视
120991,H50.301,间歇性外斜视
120992,H50.302,间歇性内斜视
120993,H50.400,斜视，其他和未特指的
120994,H50.401,旋转斜视
120995,H50.402,分离性垂直斜视
120996,H50.403,微斜视
120997,H50.404,单眼固定综合征
120998,H50.405,共同性斜视
120999,H50.500,隐斜
121000,H50.500x002,内隐斜
121001,H50.500x003,外隐斜
121002,H50.500x004,交替性上隐斜
121003,H50.600,机械性斜视
121004,H50.600x003,外伤性麻痹性斜视
121005,H50.600x004,继发性斜视
121008,H50.602,粘连性斜视
121009,H50.603,眼肌纤维化
121010,H50.800,斜视，其他特指的
121011,H50.800x002,急性肌炎性斜视
121012,H50.800x003,痉挛性斜视
121014,H50.800x007,A-V征
121015,H50.800x010,固定性斜视
121016,H50.801,外斜V征
121017,H50.802,眼球后退综合征
121018,H50.803,外斜A征
121020,H50.805,失用性斜视
121021,H50.806,内斜V征
121022,H50.807,内斜A征
121023,H50.900,斜视
121024,H51.000,同向性注视麻痹
121025,H51.000x001,先天性水平注视麻痹
121027,H51.200,核间性眼肌瘫痪
121957,I37.100,肺动脉瓣关闭不全
121958,I37.200,肺动脉瓣狭窄伴有关闭不全
121960,I37.900,肺动脉瓣疾患
124740,K11.804,腮腺肉芽肿
124741,K11.805,涎腺良性淋巴上皮损害
124742,K11.806,涎腺管扩张
124743,K11.807,涎腺导管阻塞
124744,K11.900,涎腺疾病
124745,K11.900x004,唾液腺病
124746,K11.901,腮腺区肿物
124747,K11.902,涎腺肿物
124748,K11.903,颌下腺肿物
124749,K12.000,复发性口腔阿弗他溃疡
124750,K12.000x001,轻型阿弗他溃疡
124751,K12.001,复发性坏死性黏膜腺周炎
124753,K12.003,疱疹样口炎
121543,I13.900x001,高血压性心脏病和肾脏病
121544,I15.000,肾血管性高血压
121545,I15.100,继发于其他肾疾患的高血压
121546,I15.100x001,肾实质性高血压
121547,I15.101,利德尔综合征
121548,I15.102,肾性高血压
121549,I15.103,肾萎缩性高血压
121550,I15.200,继发于内分泌疾患的高血压
121551,I15.200x001,原发性醛固酮增多症性高血压
121552,I15.200x002,肾上腺皮质醇增多症性高血压
124988,K22.805,食管囊肿
124989,K22.806,食管扩张
124990,K22.807,食管息肉
124991,K22.808,食管肠上皮化生
124992,K22.809,食管黏膜剥脱症
124993,K22.811,食管瘘
124994,K22.812,食管黏膜不典型增生
124995,K22.813,手术后食管瘘
124996,K22.814,食管炎性肉芽肿
124997,K22.815,食管黏膜鳞状上皮增生
124999,K22.900x001,食管功能不全
125000,K22.901,食管肿物
125001,K25.000,急性胃溃疡伴有出血
125003,K25.000x002,急性胃黏膜病变伴出血
125004,K25.001,迪厄拉富瓦溃疡
125005,K25.100,急性胃溃疡伴有穿孔
125006,K25.100x001,胃溃疡伴急性穿孔
125007,K25.200,急性胃溃疡伴有出血和穿孔
125009,K25.300,急性胃溃疡不伴有出血和穿孔
125010,K25.300x001,急性胃溃疡
125011,K25.400,慢性胃溃疡伴有出血
125012,K25.400x001,胃溃疡伴出血
125013,K25.400x002,胃窦部溃疡伴出血
125015,K25.500,慢性胃溃疡伴有穿孔
125016,K25.500x001,胃溃疡伴穿孔
125018,K25.600,慢性胃溃疡伴有出血和穿孔
125020,K25.900,急性或慢性胃溃疡不伴有出血
125021,K25.900x001,胃溃疡
125022,K25.901,残胃溃疡
125023,K25.902,胃小弯溃疡
125024,K25.903,幽门管溃疡
121681,I23.500,乳头肌断裂作为急性心肌梗死后的近期并发症
121682,I23.500x001,急性心肌梗死后乳头肌断裂
121683,I23.600,心房、心耳和心室的血栓形成作为急性心肌梗死后的近期并发症
121684,I23.601,急性心肌梗死后心室附壁血栓形成
121685,I23.800,急性心肌梗死后的其他近期并发症
121686,I23.800x001,急性心肌梗死后的近期并发症
121687,I24.000,冠状动脉血栓形成，未造成心肌梗死
121688,I24.000x003,冠状动脉血栓形成
121689,I24.000x004,急性冠状动脉支架内血栓形成
121690,I24.000x005,亚急性冠状动脉支架内血栓形成
121691,I24.000x009,冠状动脉支架后并发冠状动脉血栓栓塞
121692,I24.000x010,冠状动脉支架后并发冠状动脉分支闭塞
121693,I24.001,冠状动脉支架内血栓形成
121694,I24.002,冠状动脉闭塞
121695,I24.003,冠状动脉栓塞
121696,I24.100,德雷斯勒综合征
121697,I24.100x001,心肌梗死后综合征(德雷斯勒综合征)(Dressler综合征)
121698,I24.800,急性缺血性心脏病，其他类型的
121699,I24.800x001,冠状动脉供血不足
121700,I24.800x004,冠状动脉支架后并发冠状动脉无再流
121701,I24.800x007,急性非ST段抬高型急性冠脉综合征
121702,I24.801,急性冠状动脉供血不足
121703,I24.900,急性缺血性心脏病
121705,I24.901,急性冠脉综合征
121706,I25.000,被描述为动脉硬化性心血管病
121707,I25.000x001,动脉硬化性心血管病
121708,I25.100,动脉硬化性心脏病
121710,I25.102,冠状动脉粥样硬化
121711,I25.103,冠状动脉粥样硬化性心脏病
122643,I70.200x065,腓动脉粥样硬化
122644,I70.201,上肢动脉粥样硬化
122646,I70.204,下肢动脉硬化闭塞症
122647,I70.206,蒙克贝格硬化
122651,I70.210,四肢动脉的动脉粥样硬化伴坏疽
121903,I33.007,亚急性细菌性心内膜炎
121904,I33.008,二尖瓣赘生物
121905,I33.009,主动脉瓣赘生物
121907,I33.011,肺动脉瓣赘生物
121908,I33.900,急性心内膜炎
121909,I34.000,二尖瓣关闭不全
121910,I34.000x001,非风湿性二尖瓣关闭不全
121912,I34.100,二尖瓣脱垂
121913,I34.101,二尖瓣脱垂综合征
121914,I34.102,二尖瓣后叶脱垂
121915,I34.200,非风湿性二尖瓣狭窄
121961,I38.x00,瓣膜心内膜炎
121962,I38.x00x002,老年性心脏瓣膜病
121963,I38.x00x005,心瓣膜破裂
121964,I38.x00x006,心内膜炎
121966,I38.x01,心脏瓣膜病
129956,N50.900x008,逆向射精症
129957,N50.901,睾丸肿物
129958,N50.902,阴囊肿物
129959,N50.903,附睾肿物
129960,N60.000,乳房孤立囊肿
129961,N60.000x001,乳腺囊肿
129962,N60.000x002,乳腺单发囊肿
129963,N60.100,弥漫性囊性乳腺病
129964,N60.100x002,慢性囊性乳腺病
129965,N60.100x003,乳腺囊性增生病
129966,N60.101,男性乳腺囊性增生
129967,N60.200,乳房纤维囊性乳腺病
129968,N60.201,乳腺腺病
129969,N60.202,乳腺纤维囊性增生
129970,N60.300,乳房纤维硬化
129971,N60.400,乳管扩张症
129972,N60.800,良性乳腺发育不良，其他的
129973,N60.801,乳腺不典型增生
129974,N60.900,良性乳腺发育不良
129975,N61.x00,乳房炎性疾患
129976,N61.x00x004,乳头炎
129977,N61.x00x013,乳腺窦道
129978,N61.x00x014,慢性乳腺炎
129979,N61.x01,乳房炎性肉芽肿
129980,N61.x02,乳腺导管瘘
129981,N61.x03,乳腺脓肿
129982,N61.x04,乳腺炎
129983,N61.x05,急性乳腺炎
129984,N61.x06,浆细胞性乳腺炎
129985,N61.x07,乳房炎性肿物
129986,N62.x00,乳房肥大
129987,N62.x00x001,巨乳症
129988,N62.x00x004,乳腺增生
129989,N62.x00x007,乳头肥大
129990,N62.x01,青春期乳房肥大
129992,N63.x00,乳房肿块
129993,N63.x01,乳房结节
129994,N64.000,乳头裂和乳头瘘
129995,N64.001,乳头皲裂
129996,N64.002,乳头瘘
129998,N64.200,乳房萎缩
129999,N64.200x001,乳房松弛症
130000,N64.300,与分娩无关的乳溢
130001,N64.300x001,非哺乳期溢乳
130003,N64.500,乳房的其他体征和症状
130004,N64.501,乳房硬结
130005,N64.502,乳头凹陷
130008,N64.800,乳房其他特指的疾患
130009,N64.801,乳房复旧不全
130010,N64.802,乳房下垂
130011,N64.803,乳房血肿
130013,N64.805,乳液囊肿
130014,N64.900,乳房疾患
130015,N70.000,急性输卵管炎和卵巢炎
130016,N70.001,急性输卵管炎
125026,K26.001,急性十二指肠球部溃疡并出血
125027,K26.100,急性十二指肠溃疡伴有穿孔
125028,K26.200,急性十二指肠溃疡伴有出血和穿孔
125029,K26.200x001,十二指肠溃疡伴出血和急性穿孔
125030,K26.200x002,十二指肠球部溃疡伴出血和急性穿孔
125031,K26.300,急性十二指肠溃疡不伴有出血和穿孔
125033,K26.400x003,十二指肠糜烂出血
125034,K26.401,十二指肠球部溃疡伴出血
125035,K26.500,慢性十二指肠溃疡伴有穿孔
125036,K26.500x001,十二指肠溃疡伴穿孔
125037,K26.501,十二指肠球部溃疡伴穿孔
125038,K26.600,慢性十二指肠溃疡伴有出血和穿孔
125039,K26.700,慢性十二指肠溃疡不伴有出血或穿孔
125040,K26.701,慢性十二指肠溃疡
125041,K26.900,急性或慢性的十二指肠溃疡不伴有出血
125042,K26.900x001,十二指肠溃疡
121770,I25.800x006,冠状动脉左室瘘
121771,I25.800x009,冠状动脉成形术后再狭窄
121772,I25.800x010,冠状动脉支架植入术后再狭窄
121773,I25.800x011,冠状动脉右室瘘
121774,I25.800x012,冠状动脉无再流
121775,I25.802,冠状动脉炎
121777,I25.901,冠状动脉性心脏病
121040,H52.500x001,眼内肌麻痹
121041,H52.500x003,调节痉挛
121042,H52.500x004,调节麻痹
121044,H52.600,屈光的其他疾患
121045,H52.700,屈光疾患
121046,H52.701,屈光不正
121047,H53.000,失用性弱视
121048,H53.000x001,废用性弱视
121050,H53.000x005,斜视性弱视
121051,H53.001,弱视
121052,H53.002,屈光参差性弱视
121053,H53.100,主观视觉障碍
121054,H53.100x001,眼疲劳
121055,H53.100x004,闪光性暗点
121056,H53.101,畏光
121058,H53.103,视觉性晕
121059,H53.104,视物变形
121060,H53.105,昼盲
121061,H53.200,复视
121062,H53.300,双眼视力的其他疾患
121064,H53.300x002,融合及立体视觉障碍
121065,H53.300x003,同步性视觉感受不伴融合
121066,H53.300x004,双眼视觉抑制
121067,H53.400,视野缺损
121069,H53.400x004,弓形暗点
121070,H53.400x005,比耶鲁姆暗点
121071,H53.400x006,中心性暗点
121072,H53.400x007,环形暗点
121073,H53.401,扩大盲点
121917,I34.202,老年钙化性二尖瓣狭窄
121918,I34.800,非风湿性二尖瓣疾患，其他的
121919,I34.800x002,二尖瓣裂
121920,I34.800x003,手术后二尖瓣狭窄伴关闭不全
121921,I34.800x005,心内膜炎并二尖瓣穿孔
121922,I34.800x006,二尖瓣钙化
121923,I34.801,非风湿性二尖瓣狭窄伴关闭不全
121924,I34.802,二尖瓣腱索断裂
121925,I34.803,二尖瓣退行性变
121926,I34.900,非风湿性二尖瓣疾患
121927,I35.000,主动脉瓣狭窄
121928,I35.000x002,经导管主动脉瓣植入术后再狭窄
121929,I35.000x003,主动脉瓣球囊扩张术后再狭窄
121931,I35.100x003,经导管主动脉瓣植入术后关闭不全
121932,I35.101,心内膜炎伴主动脉瓣关闭不全
121933,I35.200,主动脉瓣狭窄伴有关闭不全
121934,I35.200x001,老年钙化性主动脉瓣狭窄伴关闭不全
121935,I35.800,主动脉瓣疾患，其他的
121936,I35.800x003,心内膜炎伴主动脉瓣脱垂
121937,I35.801,主动脉瓣硬化
121938,I35.802,主动脉瓣松软综合征
121939,I35.803,心内膜炎伴主动脉瓣穿孔
121940,I35.804,退行性主动脉瓣疾患
121941,I35.805,主动脉瓣增厚
121942,I35.806,主动脉瓣钙化
121943,I35.807,主动脉瓣周脓肿
121944,I35.808,主动脉瓣脱垂
121945,I35.900,主动脉瓣疾患
121947,I36.100,非风湿性三尖瓣关闭不全
121948,I36.200,非风湿性三尖瓣狭窄伴有关闭不全
121949,I36.800,非风湿性三尖瓣疾患，其他的
121951,I36.800x003,三尖瓣下移
121952,I36.800x004,三尖瓣腱索断裂
121953,I36.800x005,三尖瓣钙化
121954,I36.801,非风湿性三尖瓣脱垂
121956,I37.000,肺动脉瓣狭窄
122900,I74.200,上肢动脉栓塞和血栓形成
122901,I74.200x001,上肢动脉闭塞
122902,I74.200x004,肱动脉栓塞
122903,I74.200x005,肱动脉血栓形成
122905,I74.200x007,肱动脉闭塞
122906,I74.201,上肢动脉栓塞
122907,I74.202,上肢动脉血栓形成
122908,I74.300,下肢动脉栓塞和血栓形成
126771,L60.301,脆甲症
126773,L60.500,黄甲综合征
126774,L60.800,甲疾患，其他的
126775,L60.800x004,白甲
126776,L60.800x005,甲萎缩
126778,L60.800x007,甲纵裂
126779,L60.800x008,甲纵嵴
126780,L60.800x009,甲胬肉
130017,N70.002,急性卵巢炎
130018,N70.100,慢性输卵管炎和卵巢炎
126836,L66.200,脱发性毛囊炎
126837,L66.300,脓肿性头部毛囊周围炎
126838,L66.400,网状红斑性毛囊炎
126839,L66.800,瘢痕性脱发，其他的
126840,L66.900,瘢痕性脱发
126841,L67.000,结节性脆发病
126842,L67.100,发色变异
126843,L67.101,白发
126844,L67.102,白睫毛
126845,L67.103,白眉毛
126846,L67.104,后天性白发
126847,L67.105,灰发
130242,N84.000,子宫体息肉
130243,N84.001,子宫内膜息肉
130244,N84.100,宫颈息肉
130245,N84.200,阴道息肉
130246,N84.300,外阴息肉
130247,N84.301,处女膜息肉
130248,N84.302,阴唇息肉
130249,N84.800,女性生殖道其他部位的息肉
130250,N84.800x002,输卵管息肉
130251,N84.900,女性生殖道息肉
130252,N85.000,子宫内膜腺性增生
130253,N85.000x002,子宫内膜囊性增生
130254,N85.000x004,子宫内膜腺性囊性增生
130255,N85.001,子宫内膜单纯性增生
130256,N85.002,子宫内膜复杂性增生
130257,N85.003,子宫内膜息肉样增生
130258,N85.100,子宫内膜腺瘤性增生
130259,N85.101,子宫内膜非典型增生
130260,N85.200,子宫肥大
130261,N85.300,子宫复旧不全
130262,N85.300x001,慢性子宫复旧不全
130263,N85.400,子宫错位
130265,N85.402,子宫后倾
130266,N85.403,子宫前倾
130267,N85.404,子宫移位
130268,N85.500,子宫内翻
130269,N85.600,子宫内粘连
130271,N85.700,子宫积血
130272,N85.800,子宫非炎性疾患，其他特指的
130273,N85.800x003,后天性子宫萎缩
130274,N85.801,瘢痕子宫
130276,N85.803,子宫白斑
130277,N85.804,子宫穿孔
130278,N85.805,子宫钙化
130279,N85.806,子宫肌层囊肿
130280,N85.807,子宫积水
130283,N85.810,子宫内膜发育不全
130284,N85.811,子宫内膜囊肿
130285,N85.812,子宫内膜萎缩
130287,N85.814,子宫憩室
130288,N85.815,子宫萎缩
130289,N85.816,子宫纤维化
130290,N85.900,子宫非炎性疾患
130291,N85.901,子宫肿物
130293,N86.x00x004,子宫颈糜烂
130294,N86.x01,宫颈外翻
130295,N86.x02,宫颈溃疡
121074,H53.402,偏盲
121075,H53.500,色觉缺陷
121076,H53.500x002,全色盲
121077,H53.500x003,后天性色觉缺陷
121078,H53.500x004,绿色弱
121079,H53.500x005,绿色盲
121080,H53.500x006,红色弱
121081,H53.500x007,红色盲
121082,H53.500x008,蓝色弱
121083,H53.500x009,蓝色盲
121084,H53.501,色盲
121085,H53.600,夜盲
121086,H53.800,视觉障碍，其他的
121087,H53.800x001,潜水黑视
121088,H53.800x002,缺血性视觉障碍
121089,H53.801,视物模糊
121090,H53.802,中毒性弱视
121091,H53.803,烟草性弱视
121092,H53.900,视觉障碍
121093,H54.000,盲，双眼
121094,H54.001,黑矇
121095,H54.100,重度视力缺损，双眼
121096,H54.200,中度视力缺损，双眼
121097,H54.300,轻度或无视力缺损，双眼
121098,H54.400,盲，单眼
121099,H54.400x002,单眼盲伴另一眼视力低下
121100,H54.500,重度视力缺损，单眼
121101,H54.600,中度视力缺损，单眼
122023,I44.300x003,特发性房室束支退化症(lengre病)
122024,I44.302,部分房室传导阻滞
122025,I44.303,房室传导阻滞
122027,I44.400,左前分支传导阻滞
122028,I44.500,左后分支传导阻滞
122029,I44.600,分支传导阻滞，其他和未特指的
122030,I44.601,不完全性左束支传导阻滞
130032,N71.000,子宫急性炎性疾病
130033,N71.001,急性子宫内膜炎
130035,N71.100,子宫慢性炎性疾病
130036,N71.101,慢性子宫内膜炎
130037,N71.102,慢性子宫炎
130038,N71.900,子宫的炎性疾病
130040,N71.901,子宫积脓
130041,N71.902,子宫内膜炎
130042,N72.x00,宫颈炎性疾病
130044,N72.x00x006,子宫颈潴留囊肿
130046,N72.x02,宫颈内膜炎
130047,N72.x03,宫颈积脓
130048,N73.000,急性子宫旁组织炎和盆腔蜂窝织炎
130050,N73.002,急性女性盆腔蜂窝织炎
130051,N73.003,急性女性盆腔炎
130052,N73.100,慢性子宫旁组织炎和盆腔蜂窝织炎
130053,N73.101,慢性女性盆腔炎
130055,N73.103,慢性子宫韧带脓肿
130056,N73.104,慢性子宫韧带炎
130057,N73.200,子宫旁组织炎和盆腔蜂窝织炎
130058,N73.201,盆腔蜂窝织炎
126781,L60.800x010,对半甲
126782,L60.800x011,黑甲和褐甲
126783,L60.800x012,红甲
126784,L60.800x013,甲横沟
126785,L60.800x014,甲凹点
126786,L60.800x015,软甲
126787,L60.800x016,绿甲综合征
126788,L60.800x017,绿色条纹甲
126789,L60.800x018,马克尔线
126790,L60.800x019,特里甲
126791,L60.800x020,天蓝甲半月
126792,L60.800x021,多甲
126793,L60.800x022,红色甲半月
126794,L60.800x023,甲反向胬肉
126796,L60.800x025,米斯线
126797,L60.800x026,逆剥
126798,L60.800x027,薄甲
126799,L60.800x028,扁平甲
126800,L60.800x029,黄甲
126801,L60.800x030,灰甲
126802,L60.800x031,甲板染色
126803,L60.800x032,甲层裂
126804,L60.800x033,甲床紫癜
126805,L60.800x034,球拍状甲
126806,L60.801,甲床角化过度
126807,L60.802,指甲下出血
126808,L60.803,趾甲下出血
126809,L60.900,甲疾患
126810,L63.000,头部全秃
126811,L63.100,普秃
126812,L63.200,匐行性脱发
126813,L63.800,斑秃，其他的
126814,L63.900,斑秃
126815,L64.000,药物性雄激素性脱发
126816,L64.800,雄激素性脱发，其他的
126817,L64.801,早老性脱发
126818,L64.900,雄激素性脱发
126819,L65.000,静止期脱发
126820,L65.100,再生期脱发
126821,L65.200,黏蛋白性脱发
126823,L65.800x003,牵拉性脱发
126824,L65.800x004,生长期头发松动
126825,L65.800x005,生长期脱发
126826,L65.801,感染后脱发
126827,L65.802,神经性脱发
126828,L65.900,非瘢痕性毛发缺失
126829,L65.901,眉缺损
126830,L65.902,脱发
126832,L65.904,毛发稀少症
126834,L66.000,假性斑秃
126835,L66.100,毛发扁平苔藓
127850,M34.000,进行性全身性硬皮病
127851,M34.100,全身性钙质沉着综合征(CR（E）ST)
127852,M34.200,药物和化学物质诱发的全身性硬皮病
127853,M34.800,全身性硬皮病，其他形式的
127855,M34.800x002+G73.7*,系统性硬化症性肌病
127856,M34.800x004+N08.5*,系统性硬化症肾脏危象
127067,L90.500x039,大腿瘢痕
127068,L90.500x040,膝部瘢痕
130296,N87.000,轻度宫颈发育不良
130297,N87.001,宫颈上皮内肿瘤，Ⅰ级
130298,N87.002,低级别鳞状上皮内病变
130299,N87.100,中度宫颈发育不良
130300,N87.101,宫颈上皮内肿瘤，Ⅱ级
130301,N87.200,重度宫颈发育不良，不可归类在他处者
127127,L92.800,皮肤和皮下组织其他肉芽肿性疾患
127128,L92.801,脐肉芽肿
127129,L92.900,皮肤和皮下组织的肉芽肿性疾患
127130,L92.901,皮下组织肉芽肿
127131,L92.903,皮肤肉芽肿
127132,L93.000,盘状红斑狼疮
127133,L93.001,红斑狼疮
127134,L93.100,亚急性皮肤红斑狼疮
127135,L93.200,局限性红斑狼疮，其他的
127136,L93.200x003,肿胀性（瘤样）狼疮
127137,L93.201,狼疮性脂膜炎
121720,I25.200x016,陈旧性广泛前壁心肌梗死
121721,I25.200x017,陈旧性前壁高侧壁心肌梗死
121722,I25.200x018,陈旧性下壁高侧壁心肌梗死
121724,I25.200x020,陈旧性前间壁高侧壁心肌梗死
121725,I25.200x021,陈旧性前壁下壁高侧壁心肌梗死
121726,I25.200x022,陈旧性前间壁下壁心肌梗死
121727,I25.200x023,陈旧性下壁右心室心肌梗死
121728,I25.200x024,陈旧性下壁高侧壁正后壁心肌梗死
121729,I25.200x025,陈旧性侧壁心肌梗死
121730,I25.200x026,陈旧性侧壁正后壁心肌梗死
121731,I25.200x027,陈旧性前侧壁心肌梗死
121733,I25.200x029,陈旧性广泛前壁高侧壁心肌梗死
121734,I25.200x030,陈旧性广泛前壁下壁心肌梗死
121735,I25.200x031,陈旧性广泛前壁下壁高侧壁心肌梗死
121736,I25.201,陈旧性高侧壁心肌梗死
121738,I25.203,陈旧性前壁心肌梗死
121739,I25.204,陈旧性前间壁心肌梗死
121740,I25.205,陈旧性下壁后壁心肌梗死
121741,I25.206,陈旧性下壁前壁心肌梗死
121743,I25.208,陈旧性下壁正后壁心肌梗死
121744,I25.300,心脏动脉瘤
121745,I25.300x005,室间隔动脉瘤
121746,I25.300x006,左心室假性室壁瘤
121748,I25.300x008,左心室前壁心尖室壁瘤
121749,I25.300x009,左心室室壁瘤
121750,I25.300x010,左心室下壁假性室壁瘤
121751,I25.300x011,左心室下壁室壁瘤
121752,I25.300x012,右室室壁瘤
121754,I25.301,心室壁瘤
121755,I25.302,心房壁瘤
121756,I25.400,冠状动脉动脉瘤
130060,N73.203,子宫周围炎
130061,N73.300,女性急性盆腔腹膜炎
130062,N73.400,女性慢性盆腔腹膜炎
130063,N73.500,女性盆腔腹膜炎
130064,N73.501,子宫直肠陷凹脓肿
130065,N73.600,女性盆腔腹膜粘连
130066,N73.600x006,子宫粘连闭锁综合征
130067,N73.601,卵巢粘连
130068,N73.602,女性盆腔粘连
130069,N73.603,输卵管粘连
130070,N73.604,子宫粘连
130071,N73.605,子宫周围粘连
130073,N73.800,女性盆腔炎性疾病，其他特指的
130074,N73.800x002,盆腔感染综合征
130075,N73.801,盆腔炎性肿物
130076,N73.900,女性盆腔炎性疾病
130077,N73.902,女性盆腔炎
130078,N73.903,女性盆腔脓肿
130079,N75.000,前庭大腺囊肿
130080,N75.100,前庭大腺脓肿
130081,N75.800,前庭大腺的其他疾病
130082,N75.801,前庭大腺肥大
130083,N75.802,前庭大腺炎
130084,N75.900,前庭大腺疾病
130085,N76.000,急性阴道炎
130086,N76.000x001,阴道炎
130087,N76.000x003,细菌性阴道炎
130088,N76.000x004,急性外阴阴道炎
130089,N76.000x006,阴道壁脓肿
130090,N76.001,阴道脓肿
126911,L73.800x005,鼻毛假性毛囊炎
126912,L73.800x006,铜绿假单胞菌毛囊炎
126913,L73.800x007,细菌性毛囊炎
126914,L73.801,狼疮样须疮
126916,L73.803,皮脂腺增生
126917,L73.804,须疮
126918,L73.805,寻常须疮
126919,L73.900,毛囊疾患
126920,L74.000,红痱
126921,L74.001,痱子
126922,L74.100,晶状痱
121554,I15.200x004,糖皮质激素增多综合征性高血压
121555,I15.200x005,嗜铬细胞瘤性高血压
121556,I15.800,继发性高血压，其他的
121557,I15.800x001,口服避孕药性高血压
121559,I15.800x003,医源性高血压
121560,I15.800x004,围手术期高血压
121561,I15.800x006,阻塞性睡眠呼吸暂停低通气综合征性高血压
121562,I15.900,继发性高血压
121564,I20.000x004,中间型冠状动脉综合征
121565,I20.000x005,混合型心绞痛
121566,I20.001,增强型心绞痛
121568,I20.003,恶化劳力性心绞痛
121570,I20.005,心肌梗死后心绞痛
121571,I20.006,心肌梗死前综合征
127069,L90.500x041,小腿瘢痕
127070,L90.500x042,踝部瘢痕
127071,L90.500x043,臀部瘢痕
127072,L90.500x044,腘窝瘢痕
127073,L90.500x045,乳房瘢痕
127074,L90.500x046,乳头瘢痕
127075,L90.500x047,乳晕瘢痕
127076,L90.500x048,手部瘢痕
127077,L90.500x049,手背瘢痕
127078,L90.500x050,手掌瘢痕
127079,L90.500x051,虎口瘢痕
127080,L90.500x052,手指瘢痕
127081,L90.500x053,拇指瘢痕
127082,L90.500x054,足部瘢痕
127083,L90.500x055,足背瘢痕
127084,L90.500x056,足掌瘢痕
127085,L90.500x057,足跟瘢痕
127086,L90.500x058,足趾瘢痕
127087,L90.500x059,（足母）趾瘢痕
127089,L90.500x061,颈部瘢痕
127090,L90.500x062,胸部瘢痕
127091,L90.500x063,腹部瘢痕
127092,L90.500x064,背部瘢痕
127093,L90.500x065,腰部瘢痕
127094,L90.500x066,脐部瘢痕
127095,L90.500x067,全身多处瘢痕
127096,L90.500x071,男性生殖器瘢痕
127097,L90.500x072,睾丸瘢痕
127098,L90.500x073,阴囊瘢痕
127099,L90.500x074,男性外阴瘢痕
127100,L90.501,瘢痕
127101,L90.502,瘢痕挛缩
127102,L90.503,瘢痕粘连
127103,L90.504,痛性瘢痕
127104,L90.505,手术后瘢痕
127105,L90.600,萎缩纹
127106,L90.800,皮肤的其他萎缩性疾患
127107,L90.801,斑疹性皮肤萎缩
127108,L90.803,老年性皮肤萎缩
127109,L90.804,神经性皮肤萎缩
127110,L90.805,Moulin线状皮肤萎缩
127111,L90.900,皮肤萎缩性疾患
127113,L90.901,面部萎缩
127114,L90.902,斑状皮肤萎缩
127115,L91.000,肥厚性瘢痕
127116,L91.001,瘢痕疙瘩
127117,L91.002,瘤样瘢痕
127118,L91.800,皮肤其他的肥厚性疾患
127120,L91.900,皮肤肥厚性疾患
127122,L92.100,脂质渐进性坏死，不可归类在他处者
127123,L92.200,面部肉芽肿(皮肤嗜酸细胞肉芽肿)
127125,L92.301,皮肤硅肉芽肿
127126,L92.302,皮肤铍肉芽肿
128112,M50.301,颈椎胸椎椎间盘变性
128114,M50.900,颈椎间盘疾患
128115,M50.901,颈椎胸椎椎间盘疾患
121757,I25.400x001,冠状动脉窦动脉瘤
121758,I25.400x005,冠状动脉夹层
121759,I25.401,后天性冠状动脉动静脉瘘
121760,I25.402,冠状动脉扩张
121761,I25.403,冠状动脉扩张病
121762,I25.500,缺血性心肌病
121763,I25.600,无症状心肌缺血
121764,I25.600x001,隐匿性冠状动脉粥样硬化性心脏病
121765,I25.800,慢性缺血性心脏病，其他类型的
121766,I25.800x002,冠状动脉左房瘘
121767,I25.800x003,慢性冠状动脉供血不足
121768,I25.800x004,心肌供血不足
121769,I25.800x005,冠状动脉瘘
122704,I71.001,主动脉夹层动脉瘤破裂
122705,I71.002,降主动脉夹层
122706,I71.003,升主动脉夹层
122707,I71.004,腹主动脉夹层
122708,I71.005,主动脉夹层壁间血肿
122709,I71.006,腹主动脉壁间出血
122710,I71.007,胸主动脉夹层
122711,I71.100,胸主动脉瘤破裂
122712,I71.100x002,升主动脉瘤破裂
121967,I38.x02,心脏瓣膜穿孔
121968,I38.x03,心脏瓣膜钙化
121969,I40.000,感染性心肌炎
121970,I40.000x003,细菌性心肌炎
121971,I40.000x004,心肌脓肿
121972,I40.000x005,暴发性心肌炎
121973,I40.000x006,原虫性心肌炎
121974,I40.000x007,真菌性心肌炎
121975,I40.001,病毒性心肌炎
121976,I40.002,急性细菌性心肌炎
121977,I40.100,孤立性心肌炎
121978,I40.800,急性心肌炎，其他的
121980,I40.800x002,药物性心肌炎
121981,I40.800x003,过敏性心肌炎
121982,I40.900,急性心肌炎
121983,I42.000,扩张型心肌病
121985,I42.001,扩张型心肌病（充血型心肌病）
121986,I42.100,梗阻性肥厚型心肌病
121987,I42.100x002,肥厚性主动脉瓣下狭窄
121988,I42.200,肥厚型心肌病，其他的
121990,I42.201,心尖肥厚型心肌病
121991,I42.300,心内膜心肌（嗜酸性）病
121992,I42.301,心内膜心肌纤维化
121993,I42.400,心内膜弹力纤维增生症
121994,I42.401,先天性心肌病
121997,I42.501,缩窄性心肌病
121998,I42.600,酒精性心肌病
121999,I42.700,药物和其他外部因素引起的心肌病
122001,I42.800,心肌病，其他的
122002,I42.800x001,心肌囊肿
122003,I42.800x002,致心律失常性右室心肌病
121572,I20.100,心绞痛伴有确证的痉挛
121573,I20.101,变异型心绞痛
121574,I20.102,冠状动脉痉挛
121575,I20.800,心绞痛，其他类型的
121576,I20.800x006,自发型心绞痛
121577,I20.800x007,微血管性心绞痛
121579,I20.802,X综合征
121580,I20.803,劳力性心绞痛
121581,I20.806,慢性稳定型心绞痛
121582,I20.807,稳定劳力性心绞痛
121583,I20.808,冠状动脉慢血流综合征
121584,I20.900,心绞痛
121585,I21.000,前壁急性透壁性心肌梗死
121586,I21.000x005,急性前壁尖部心肌梗死
121587,I21.001,急性前壁心肌梗死
121588,I21.002,急性前侧壁心肌梗死
121589,I21.003,急性前间壁心肌梗死
121590,I21.004,急性广泛前壁心肌梗死
121591,I21.100,下壁急性透壁性心肌梗死
121592,I21.103,急性下壁心肌梗死
121593,I21.104,急性下间壁心肌梗死
121594,I21.105,急性下侧壁心肌梗死
121595,I21.106,急性下后壁心肌梗死
121596,I21.200,急性透壁心肌梗死，其他部位的
121597,I21.200x003,急性后壁心肌梗死
121599,I21.200x010,急性心尖部心肌梗死
121600,I21.200x011,急性后间壁心肌梗死
121601,I21.200x014,急性侧壁正后壁心肌梗死
121602,I21.200x015,急性尖-侧壁心肌梗死
121603,I21.200x016,急性下壁高侧壁心肌梗死
122519,I67.100x005,脑膜动静脉瘘
122520,I67.100x007,海绵窦动静脉瘘
122521,I67.100x008,垂体上动脉瘤
122522,I67.100x010,颅内多发动脉瘤
122523,I67.100x011,脉络膜前动脉瘤
122524,I67.100x012,细菌性颅内动脉瘤
122525,I67.100x013,前循环动脉瘤
122527,I67.100x018,颅内镜像动脉瘤
122528,I67.100x019,颈内动脉分叉段动脉瘤
121778,I25.902,冠状动脉缺血
121779,I26.000,肺栓塞提及急性肺源性心脏病
121781,I26.900,肺栓塞未提及急性肺源性心脏病
121782,I26.900x001,肺栓塞
121783,I26.900x002,肺动脉血栓形成
121785,I26.900x005,大面积肺血栓栓塞症
121786,I26.900x006,次大面积肺血栓肺栓塞症
121787,I26.900x007,非血栓性肺栓塞症
121788,I26.900x008,肺梗死
121790,I26.900x010,急性肺栓塞
121791,I26.900x011,急性大面积肺血栓栓塞症
128117,M51.001+G99.2*,胸椎间盘突出伴脊髓病
128118,M51.002+G99.2*,胸椎腰椎椎间盘突出伴脊髓病
128119,M51.003+G99.2*,腰椎间盘突出伴脊髓病
128120,M51.004+G99.2*,腰骶椎间盘突出伴脊髓病
122652,I70.211,上肢动脉粥样硬化性坏疽
122653,I70.213,下肢动脉粥样硬化伴坏疽
122654,I70.214,下肢动脉硬化闭塞症伴坏疽
122655,I70.217,趾动脉粥样硬化性坏疽
122656,I70.218,闭塞性周围动脉粥样硬化伴坏疽
122657,I70.219,肢体动脉硬化性闭塞症伴坏疽
122658,I70.800,动脉的动脉粥样硬化，其他的
122659,I70.800x003,眼底动脉硬化
122660,I70.800x005,髂动脉硬化
122661,I70.800x006,腋动脉粥样硬化
122662,I70.800x007,闭塞性视网膜动脉炎
122663,I70.801,视网膜动脉粥样硬化
122664,I70.802,髂动脉闭塞性粥样硬化
122665,I70.804,锁骨下动脉粥样硬化
122666,I70.805,乳内动脉粥样硬化
122668,I70.812,髂动脉闭塞性粥样硬化伴坏疽
122669,I70.900,全身性的动脉粥样硬化
122670,I70.900x002,闭塞性动脉硬化
122671,I70.900x003,动脉硬化
122672,I70.900x004,动脉粥样硬化
122673,I70.900x006,老年性动脉炎
122674,I70.900x007,外周动脉粥样硬化
122675,I70.901,闭塞性动脉炎
122676,I70.902,周身性动脉硬化
122678,I70.911,闭塞性动脉炎伴坏疽
122679,I70.912,周身性动脉硬化伴坏疽
122680,I71.000,主动脉夹层［任何部分］
122681,I71.000x002,主动脉夹层
122682,I71.000x003,主动脉壁内血肿
122684,I71.000x005,主动脉弓壁内血肿
122685,I71.000x006,胸主动脉壁内血肿
122686,I71.000x007,腹主动脉壁内血肿
122687,I71.000x008,胸腹主动脉壁内血肿
122688,I71.000x011,主动脉夹层A型
122690,I71.000x013,主动脉夹层A2S型
122691,I71.000x014,主动脉夹层A3S型
122692,I71.000x015,主动脉夹层A1C型
122693,I71.000x016,主动脉夹层A2C型
122695,I71.000x021,主动脉夹层B型
122696,I71.000x022,主动脉夹层B1S型
122697,I71.000x023,主动脉夹层B2S型
122698,I71.000x024,主动脉夹层B3S型
122700,I71.000x026,主动脉夹层B2C型
122701,I71.000x027,主动脉夹层B3C型
122702,I71.000x028,主动脉弓夹层
122005,I42.800x005,右心心肌病
122006,I42.800x006,致心律失常性左室心肌病
122007,I42.800x007,应激性心肌病(心尖球形综合征)
122008,I42.801,心尖球囊样综合征
122009,I42.802,心动过速性心肌病
122010,I42.803,右室心肌病
122011,I42.900,心肌病
122012,I42.901,继发性心肌病
122013,I42.902,家族性心肌病
122014,I42.904,特异性心肌病
122015,I42.905,特发性心肌病
122016,I44.000,Ⅰ度房室传导阻滞
122017,I44.100,Ⅱ度房室传导阻滞
122018,I44.101,二度Ⅰ型房室传导阻滞
122019,I44.102,二度Ⅱ型房室传导阻滞
122020,I44.200,Ⅲ度房室传导阻滞
122021,I44.201,高度房室传导阻滞
122022,I44.300,房室传导阻滞，其他和未特指的
122966,I74.800x008,腹腔干动脉栓塞
122967,I74.800x009,腹腔干动脉闭塞
122968,I74.800x010,脾动脉闭塞
122969,I74.800x011,肠系膜上动脉闭塞
122970,I74.800x012,脾动脉血栓
122971,I74.800x016,肝动脉闭塞
122972,I74.801,锁骨下动脉闭塞
122973,I74.802,锁骨下动脉血栓形成
122974,I74.803,肝动脉栓塞
122975,I74.804,肝动脉血栓形成
126848,L67.106,局限性白发
126849,L67.800,毛色和毛干异常，其他的
126850,L67.900,毛色和毛干异常
126851,L68.000,男性型多毛症
126852,L68.100,后天性胎毛过多
126853,L68.200,局限性多毛症
126854,L68.300,多毛症（基因变异）
126855,L68.800,多毛症，其他的
126857,L70.000,寻常痤疮
126858,L70.001,粉刺
126860,L70.003,囊肿型痤疮
126861,L70.004,脓疱性痤疮
126863,L70.100,聚会性痤疮
126864,L70.200,痘样痤疮
126865,L70.201,额面痤疮
126866,L70.202,粟粒坏死性痤疮
126868,L70.300,热带痤疮
126869,L70.400,婴儿痤疮
126870,L70.500,表皮脱落性痤疮
126871,L70.800,痤疮，其他的
126872,L70.801,恶病质痤疮
126874,L70.803,职业性痤疮
126875,L70.900,痤疮
126876,L70.900x002,成簇性眼眶周围痤疮
126877,L71.000,口周皮炎
126879,L71.800,酒渣鼻，其他的
126880,L71.900,酒渣鼻
126881,L72.000,表皮囊肿
126882,L72.000x006,脓疱性粟粒疹
126883,L72.000x007,红色粟粒疹
121792,I26.900x012,急性次大面积肺血栓栓塞症
121793,I26.900x013,急性低风险性肺血栓栓塞症
121794,I26.900x015,急性肺血栓栓塞症
121795,I26.900x016,慢性肺血栓栓塞急性再发
121796,I26.900x017,感染性肺栓塞
121797,I26.900x018,肺动脉菌栓栓塞
121798,I26.901,肺血栓形成
121799,I26.902,慢性肺血栓栓塞症
121800,I27.000,原发性肺动脉高压
121801,I27.000x007,可遗传性肺动脉高压
121802,I27.000x008,原发性轻度肺动脉高压
121803,I27.000x009,原发性中度肺动脉高压
121804,I27.000x010,原发性重度肺动脉高压
121805,I27.001,特发性肺动脉高压(原发性肺动脉高压)
121806,I27.100,脊柱后侧凸性心脏病
121807,I27.200,继发性肺动脉高压，其他的
121808,I27.200x002,结缔组织病相关性肺动脉高压
121809,I27.200x003,门静脉高压性肺动脉高压
121811,I27.200x005,药物性肺动脉高压
121812,I27.200x006,食物抑制剂相关性肺动脉高压
121813,I27.200x009,危险因素相关性肺动脉高压
121814,I27.200x012,肺动脉高压
121815,I27.200x013,肺动脉高压危象
121816,I27.200x015,轻度肺动脉高压
121817,I27.200x016,低氧相关性肺动脉高压
121819,I27.200x018,疾病相关性肺动脉高压
121820,I27.200x019,毒物相关性肺动脉高压
121821,I27.200x020,左心疾病相关性肺动脉高压
121823,I27.200x022,重度肺动脉高压
121825,I27.202,慢性血栓栓塞性肺动脉高压症
121826,I27.800,肺源性心脏病，其他特指的
121827,I27.801,艾森门格综合征
121828,I27.900,肺源性心脏病
122770,I72.101,上肢假性动脉瘤
122771,I72.103,上肢假性动脉瘤破裂
122772,I72.200,肾动脉瘤伴夹层
122773,I72.200x001,肾动脉瘤
122775,I72.201,肾假性动脉瘤
122776,I72.300,髂动脉瘤伴夹层
122777,I72.300x003,髂动脉夹层
122778,I72.300x006,髂动脉瘤
122031,I44.602,完全性左束支传导阻滞
122033,I45.000,右分支传导阻滞
122034,I45.100,右束支传导阻滞，其他和未特指的
122035,I45.101,不完全性右束支传导阻滞
122037,I45.103,右束支传导阻滞
122038,I45.200,双分支传导阻滞
122039,I45.300,三分支传导阻滞
122703,I71.000x029,胸腹主动脉夹层
123761,J38.402,声带水肿
123762,J38.500,喉痉挛
123763,J38.600,喉狭窄
123764,J38.601,喉梗阻
123765,J38.700,喉的其他疾病
123766,J38.700x001,喉室带囊肿
123767,J38.700x003,喉肌弱症
123768,J38.700x007,喉内炎性肿物
123769,J38.700x009,喉坏死
123770,J38.700x013,环杓关节炎
123771,J38.700x017,室带肥厚
123772,J38.700x021,喉蜂窝织炎
122909,I74.300x030,下肢动脉闭塞
122910,I74.300x111,股总动脉血栓形成
122911,I74.300x112,股深动脉血栓形成
122912,I74.300x113,股浅动脉血栓形成
122913,I74.300x121,股总动脉栓塞
122914,I74.300x122,股深动脉栓塞
122915,I74.300x123,股浅动脉栓塞
122916,I74.300x131,股总动脉闭塞
122917,I74.300x132,股深动脉闭塞
122918,I74.300x133,股浅动脉闭塞
122919,I74.300x210,胫动脉血栓形成
122920,I74.300x212,胫前动脉血栓形成
122921,I74.300x213,胫后动脉血栓形成
122922,I74.300x220,胫动脉栓塞
122923,I74.300x222,胫前动脉栓塞
122924,I74.300x223,胫后动脉栓塞
122925,I74.300x230,胫动脉闭塞
122926,I74.300x232,胫前动脉闭塞
122927,I74.300x233,胫后动脉闭塞
122928,I74.300x310,腓动脉血栓形成
122929,I74.300x320,腓动脉栓塞
122931,I74.300x410,胫腓干动脉血栓形成
122933,I74.300x430,胫腓干动脉闭塞
122934,I74.300x510,腘动脉血栓形成
122935,I74.300x520,腘动脉栓塞
122936,I74.301,下肢动脉栓塞
122937,I74.302,下肢动脉血栓形成
122939,I74.304,股动脉栓塞
122940,I74.305,股动脉闭塞
122941,I74.307,股动脉血栓形成
122942,I74.308,腘动脉闭塞
122943,I74.310,蓝趾综合征
122945,I74.401,四肢动脉栓塞
122946,I74.402,四肢动脉血栓形成
122947,I74.500,髂动脉栓塞和血栓形成
122948,I74.500x002,髂动脉闭塞
122949,I74.500x007,髂总动脉闭塞
122951,I74.500x009,髂内动脉血栓形成
122952,I74.500x010,髂外动脉血栓形成
122953,I74.500x011,髂动脉栓塞
122954,I74.500x012,髂内动脉栓塞
122955,I74.500x013,髂外动脉栓塞
126885,L72.000x011,深部粟粒疹
126886,L72.100,毛根鞘囊肿
126887,L72.101,面部皮脂腺囊肿
126888,L72.102,头颈皮脂腺囊肿
126889,L72.103,躯干皮脂腺囊肿
126890,L72.104,四肢皮脂腺囊肿
126891,L72.105,皮脂腺囊肿
126892,L72.106,会阴皮脂腺囊肿
126893,L72.200,多发性皮脂腺囊肿
126894,L72.800,皮肤和皮下组织的其他毛囊囊肿
126895,L72.800x001,发疹性毳毛囊肿
126896,L72.800x003,色素性毛囊囊肿
126897,L72.800x004,皮肤黏液样囊肿
126898,L72.900,皮肤和皮下组织的毛囊囊肿
126899,L72.900x001,耳后囊肿
126900,L72.900x002,皮下囊肿
126901,L72.900x003,皮肤纤毛性囊肿
126902,L72.901,头颈部囊肿
126903,L72.902,面部囊肿
126904,L72.903,躯干囊肿
126905,L72.904,腹股沟区皮肤囊肿
126906,L72.905,四肢囊肿
126907,L73.000,瘢瘤性痤疮
126908,L73.100,须部假性毛囊炎
126909,L73.200,化脓性汗腺炎
127907,M35.907,自身免疫病
127908,M40.000,姿势性脊柱后凸
127909,M40.000x091,青年型姿势性脊柱后凸
127910,M40.100,继发性脊柱后凸，其他的
127911,M40.100x051,继发性胸腰段脊柱后凸
127912,M40.101,强直性脊柱炎后凸畸形
127913,M40.200,脊柱后凸，其他的
127914,M40.200x021,颈椎后凸
127915,M40.200x041,胸椎后凸
127917,M40.201,脊柱后凸
127138,L93.202,深在性红斑狼疮
127139,L94.000,局限性硬皮病(硬斑病)
127140,L94.100,线状硬皮病
127141,L94.200,皮肤钙质沉着症
127143,L94.301,趾端硬化
127144,L94.400,戈特龙丘疹
127145,L94.500,血管萎缩性皮肤异色病
127146,L94.600,阿洪病
127148,L94.900,局限性结缔组织疾患
127149,L95.000,青斑血管炎
127150,L95.100,持久性隆起性红斑
127152,L95.800x004,恶性萎缩性丘疹病
127154,L95.802,皮肤变应性血管炎
127155,L95.900,局限于皮肤的血管炎
127156,L95.900x001,白细胞碎裂性血管炎
127157,L95.901,荨麻疹性血管炎
127159,L98.000,生脓性肉芽肿
127160,L98.001,毛细管扩张性肉芽肿
127161,L98.100,人为性皮炎
127162,L98.101,神经性表皮脱落
127163,L98.200,热性中性粒细胞皮肤病(斯威特)
123944,J62.800,含硅［矽］粉尘引起的肺尘埃沉着病，其他的
123945,J62.800x002,矽肺性肺纤维化
123946,J62.800x003,矽肺(硅肺)I期
123947,J62.800x004,矽肺(硅肺)II期
123948,J62.800x005,矽肺(硅肺)III期
123949,J62.800x006,陶工尘肺壹期
123950,J62.800x007,陶工尘肺贰期
123951,J62.800x008,陶工尘肺叁期
123952,J62.801,陶工尘肺
123953,J62.802,硅沉着病
123954,J62.803,矽肺
123955,J62.804,石匠哮喘
123956,J63.000,矾土肺（肺的）
123957,J63.000x001,铝尘肺壹期
123958,J63.000x002,铝尘肺贰期
123959,J63.000x003,铝尘肺叁期
123960,J63.001,铝尘肺
123961,J63.100,铁矾土纤维化（肺的）
123962,J63.200,铍中毒
123963,J63.201,铍肺
123964,J63.300,石墨纤维化（肺的）
123965,J63.300x001,石墨尘肺壹期
123966,J63.300x002,石墨尘肺贰期
123967,J63.300x003,石墨尘肺叁期
123968,J63.301,石墨尘肺
123969,J63.400,肺铁末沉着病
123970,J63.500,锡沉着病
123971,J63.800,无机粉尘引起的肺尘埃沉着病，其他特指的
123972,J63.800x001,铸工尘肺
120821,H40.500x002,继发性青光眼
120822,H40.500x008,晶状体过敏性青光眼
120823,H40.500x009,恶性青光眼(睫状环阻滞性青光眼)
120825,H40.502,无晶状体性青光眼
120827,H40.504,晶状体脱位性青光眼
120828,H40.505,晶状体溶解性青光眼
120829,H40.506,Schwartz综合征
121112,H57.002,瞳孔散大
121113,H57.003,埃迪瞳孔
121115,H57.100x002,眼眶痛
121116,H57.800,眼和附器其他特指的疾患
121117,H57.800x003,眼眶综合征
121119,H57.800x007,眼窝凹陷
121120,H57.900,眼和附器疾患
121121,H59.000,白内障术后（大泡性无晶状体的）角膜病变
121123,H59.002,玻璃体（触摸）综合征
121124,H59.003,玻璃体角膜综合征
121125,H59.800,眼和附器的其他操作后疾患
121126,H59.800x003,手术后角膜后弹力层脱离
121128,H59.800x007,手术后无前房
121129,H59.800x008,睑下垂矫正术后过矫
121130,H59.800x009,玻璃体切除术后视网膜脱离
121131,H59.800x010,视网膜脱离术后未复位
121133,H59.800x013,玻璃体内晶状体皮质残留
121456,I08.100x004,风湿性二尖瓣及三尖瓣关闭不全
121457,I08.100x005,风湿性二尖瓣及三尖瓣狭窄
121458,I08.101,二尖瓣狭窄伴三尖瓣关闭不全
121459,I08.102,二尖瓣狭窄关闭不全伴三尖瓣关闭不全
121460,I08.103,二尖瓣及三尖瓣关闭不全
121461,I08.104,二尖瓣及三尖瓣狭窄
121462,I08.200,主动脉瓣和三尖瓣的疾患
121463,I08.200x001,风湿性主动脉瓣三尖瓣联合瓣膜病
121464,I08.200x002,风湿性主动脉瓣及三尖瓣关闭不全
121465,I08.201,主动脉瓣及三尖瓣关闭不全
121466,I08.300,二尖瓣、主动脉瓣和三尖瓣的合并疾患
121467,I08.300x001,风湿性二尖瓣主动脉瓣三尖瓣联合瓣膜病
121468,I08.300x002,风湿性二尖瓣狭窄关闭不全伴主动脉瓣及三尖瓣关闭不全
121469,I08.300x003,风湿性二尖瓣狭窄及主动脉瓣三尖瓣关闭不全
121470,I08.300x004,风湿性二尖瓣主动脉瓣及三尖瓣关闭不全
121471,I08.300x005,风湿性二尖瓣主动脉瓣及三尖瓣狭窄关闭不全
121472,I08.300x006,风湿性二尖瓣狭窄关闭不全伴主动脉瓣三尖瓣狭窄
121473,I08.300x007,风湿性二尖瓣主动脉瓣狭窄关闭不全伴三尖瓣关闭不全
121475,I08.302,二尖瓣狭窄及主动脉瓣三尖瓣关闭不全
121476,I08.303,二尖瓣主动脉瓣及三尖瓣关闭不全
121477,I08.304,二尖瓣主动脉瓣及三尖瓣狭窄关闭不全
121478,I08.305,二尖瓣狭窄关闭不全伴主动脉瓣三尖瓣狭窄
121480,I08.800,多个心瓣膜疾病，其他的
121481,I08.800x002,风湿性二尖瓣狭窄伴三尖瓣关闭不全及肺动脉瓣关闭不全
122391,I63.207,椎动脉闭塞脑梗死
122393,I63.300,大脑动脉血栓形成引起的脑梗死
122394,I63.301,血栓形成性脑软化
122396,I63.400,大脑动脉栓塞引起的脑梗死
122397,I63.401,大脑动脉栓塞引起的偏瘫
122398,I63.402,大脑动脉栓塞引起脑梗死
122400,I63.500x002,丘脑穿支动脉梗死
122401,I63.501,大脑动脉狭窄脑梗死
142380,Z47.900,矫形外科的随诊医疗
142381,Z48.000,手术敷料和缝线的维护
142382,Z48.000x001,手术后拆除缝线
142384,Z48.800,随诊医疗，其他特指手术的
142385,Z48.801,取出眼内硅油
142386,Z48.900,手术的随诊医疗
142387,Z48.900x001,手术后随诊医疗
142388,Z49.000,透析的准备性医疗
142390,Z49.000x004,为肾透析的动静脉造瘘
142391,Z49.100,体外透析
110788,A27.800,钩端螺旋体病，其他形式的
110789,A27.800x001,流感伤寒型钩端螺旋体病
121252,H70.800,"乳突炎和有关情况,其他的"
121253,H70.800x001,岩尖病变
121254,H70.800x002,颞部感染
121255,H70.900,乳突炎
121256,H71.x00,中耳胆脂瘤
121257,H71.x01,慢性化脓性中耳炎胆脂瘤型
121258,H71.x02,中耳肉芽肿
121259,H71.x03,鼓室胆脂瘤
121260,H71.x04,乳突胆脂瘤
121261,H71.x05,颞骨胆脂瘤
121262,H72.000,鼓膜中心穿孔
121263,H72.001,鼓膜紧张部穿孔
121264,H72.100,鼓膜鼓室上隐窝穿孔
121265,H72.101,鼓膜松弛部穿孔
121266,H72.200,鼓膜其他边缘性穿孔
121267,H72.800,鼓膜的其他穿孔
121268,H72.900,鼓膜穿孔
121269,H73.000,急性鼓膜炎
121270,H73.001,大疱性鼓膜炎
121271,H73.100,慢性鼓膜炎
121272,H73.101,慢性鼓室炎
121273,H73.102,慢性肉芽性鼓膜炎
121274,H73.800,鼓膜其他特指的疾患
121275,H73.800x005,血鼓室
121276,H73.801,鼓室粘连
121277,H73.802,鼓膜炎
121278,H73.803,鼓室炎
121279,H73.804,鼓膜萎缩
121280,H73.900,鼓膜疾患
121281,H74.000,鼓室硬化
121282,H74.100,粘连性中耳疾病
121283,H74.101,粘连性中耳炎
121284,H74.200,听骨不连续性和脱位
121285,H74.201,听骨链中断
121287,H74.300x003,听骨部分丧失
121288,H74.300x004,听骨关节强硬
121289,H74.400,中耳息肉
121291,H74.801,中耳瘘
121292,H74.802,慢性化脓性中耳炎骨疡型
121293,H74.900,中耳和乳突疾患
121294,H80.000,耳硬化累及前庭窗，非闭塞性
121296,H80.000x002,非闭塞性镫骨耳硬化
121297,H80.100,耳硬化累及前庭窗，闭塞性
121298,H80.100x001,闭塞性耳硬化累及前庭窗
121299,H80.100x002,闭塞性镫骨耳硬化
121300,H80.200,耳蜗性耳硬化症
121302,H80.800x001,其他耳硬化
121303,H80.900,耳硬化
121304,H81.000,梅尼埃［美尼尔］病
121305,H81.100,良性阵发性眩晕
121306,H81.101,儿童良性阵发性眩晕
122217,I51.700x015,右室扩大
122218,I51.701,左室肥大
122219,I51.702,右室肥大
122220,I51.703,左房扩大
122221,I51.704,右房扩大
142769,Z80.600,白血病家族史
142770,Z80.700,淋巴、造血和有关组织恶性肿瘤家族史
142771,Z80.800,"器官或系统恶性肿瘤家族史,其他的"
142773,Z80.900,恶性肿瘤家族史
142774,Z81.000,精神发育迟缓家族史
142775,Z81.000x001,精神发育迟滞家族史
142776,Z81.100,酒精滥用家族史
142777,Z81.200,烟草滥用家族史
142778,Z81.300,精神活性物质滥用家族史，其他的
142779,Z81.400,家族史，其他物质滥用的
142780,Z81.800,精神和行为障碍家族史，其他的
142781,Z82.000,癫痫和神经系统其他疾病家族史
113807,C85.100x017,ALK+大B细胞淋巴瘤
113808,C85.100x021,原发皮肤B细胞淋巴瘤
113809,C85.200,纵膈（胸腺）大B细胞淋巴瘤
113810,C85.700,非霍奇金淋巴瘤的其他特指类型
113811,C85.700x004,慢性NK细胞淋巴增殖性疾病
113812,C85.700x016,皮下NK细胞淋巴瘤
113813,C85.701,单核细胞样B细胞淋巴瘤
113814,C85.704,血管中心性T-细胞淋巴瘤
113815,C85.705,大细胞（ki-1+）淋巴瘤
113816,C85.707,NK/T-细胞淋巴瘤
113817,C85.709,间变大细胞淋巴瘤
113818,C85.715,血管内皮瘤病
113819,C85.900,非霍奇金淋巴瘤
113820,C85.900x001,鼻窦淋巴瘤
113821,C85.900x002,鼻腔淋巴瘤
113822,C85.900x003,扁桃体淋巴瘤
113823,C85.900x004,肠淋巴瘤
113825,C85.900x006,淋巴瘤
113826,C85.900x008,肺淋巴瘤
113827,C85.900x009,腹膜后淋巴瘤
113828,C85.900x010,腹腔淋巴瘤
113829,C85.900x011,肝淋巴瘤
113831,C85.900x013,纵隔淋巴瘤
113832,C85.900x014,回盲部淋巴瘤
113833,C85.900x015,结肠淋巴瘤
113834,C85.900x016,卵巢淋巴瘤
113835,C85.900x017,盲肠淋巴瘤
113837,C85.900x020,脾淋巴瘤
113838,C85.900x022,舌淋巴瘤
113839,C85.900x023,胃淋巴瘤
113840,C85.900x024,小肠淋巴瘤
113842,C85.900x026,硬膜外淋巴瘤
113843,C85.900x027,肢体淋巴瘤
113844,C85.900x028,直肠淋巴瘤
113845,C85.900x029,骨淋巴瘤
110828,A31.000x004,堪萨斯分枝杆菌感染
110830,A31.001,肺非典型分枝杆菌病
110831,A31.002,鸟-胞内复合分枝杆菌感染
110832,A31.100,皮肤分枝杆菌感染
121197,H61.800x005,外耳道瘢痕
121198,H61.801,颞下颌关节外耳道疝
121199,H61.802,外耳道外生骨疣
121200,H61.803,外耳瘘
121201,H61.804,外耳道角化症
121202,H61.805,外耳道坏死
121203,H61.806,外耳道囊肿
121204,H61.900,外耳疾患
121205,H61.901,外耳道肿物
121206,H61.902,后天性外耳道闭锁
121207,H65.000,急性浆液性中耳炎
121208,H65.000x002,急性分泌性中耳炎
121209,H65.100,急性非化脓性中耳炎，其他的
121210,H65.101,蓝鼓膜综合征
121211,H65.102,急性变应性中耳炎
121212,H65.200,慢性浆液性中耳炎
121213,H65.300,慢性黏液样中耳炎
121214,H65.300x001,慢性分泌性中耳炎
121215,H65.400,慢性非化脓性中耳炎，其他的
121216,H65.400x001,其他的慢性非化脓性中耳炎
121217,H65.900,非化脓性中耳炎
121218,H65.900x001,分泌性中耳炎
121219,H65.901,浆液性中耳炎
121220,H66.000,急性化脓性中耳炎
121221,H66.001,岩尖综合征
121222,H66.100,慢性咽鼓管及鼓室化脓性中耳炎
121223,H66.101,慢性鼓室化脓性中耳炎
121224,H66.102,良性慢性化脓性中耳炎
121225,H66.200,慢性鼓窦隐窝化脓性中耳炎
121226,H66.300,慢性化脓性中耳炎，其他的
121227,H66.301,慢性化脓性中耳炎
121230,H66.900x002,急性中耳炎
121231,H66.900x003,慢性中耳炎
121232,H68.000,咽鼓管炎
121233,H68.100,咽鼓管阻塞
121235,H68.101,咽鼓管狭窄
121236,H69.000,咽鼓管开放症
122150,I49.801,窦性心律失常
122151,I49.802,室性心律失常
122152,I49.804,长QT间期综合征
122154,I49.900,心律失常
122155,I50.000,充血性心力衰竭
122156,I50.000x005,右心室衰竭（继发于左心衰竭）
122157,I50.000x006,急性右心衰竭
122158,I50.001,右心衰竭
122159,I50.002,全心衰竭
122161,I50.100x006,左心衰竭
128055,M48.000,椎管狭窄
128056,M48.000x081,尾部狭窄
128057,M48.001,枕寰枢椎管狭窄
128059,M48.003,胸椎椎管狭窄
128060,M48.004,胸腰椎椎管狭窄
128061,M48.005,腰椎椎管狭窄
128062,M48.006,颈腰综合征
128064,M48.100x091,弥漫性特发性骨肥厚(DISH病)
128065,M48.200,脊椎棘突吻合
142392,Z49.101,血液透析
142393,Z49.200,透析，其他特指的
142394,Z49.201,腹膜透析
142395,Z50.000,心脏病康复
142396,Z50.100,物理治疗，其他的
142397,Z50.100x001,物理治疗
142398,Z50.101,脑出血后物理康复训练
142399,Z50.200,酒精滥用康复
142400,Z50.300,药物滥用康复
142401,Z50.400,心理治疗，不可归类在他处者
142402,Z50.400x001,心理治疗
142403,Z50.500,言语治疗
142404,Z50.501,脑出血后语言康复训练
142405,Z50.600,视轴矫正训练
142406,Z50.700,职业性治疗和职业性康复，不可归类在他处者
142407,Z50.700x001,职业康复训练和治疗
142408,Z50.800,涉及使用其他康复操作的医疗
142409,Z50.800x002,烟草滥用康复
142410,Z50.801,烧伤后康复治疗
142411,Z50.900,涉及使用康复操作的医疗
143265,Z98.800x418,心脏消融术后
143266,Z98.800x420,血管成形术后
143267,Z98.800x421,心脏置入装置调整术后
143268,Z98.800x422,心脏术后
143269,Z98.800x423,主动脉瓣球囊扩张术后
143270,Z98.800x501,垂体术后
143271,Z98.800x502,甲状腺术后
143272,Z98.800x503,肾上腺术后
143273,Z98.800x507,脑术后
143274,Z98.800x602,骨折术后
143275,Z98.800x605,胸廓术后
143276,Z98.800x606,腹股沟术后
143277,Z98.800x609,清创术后
143278,Z98.800x610,韧带术后
143279,Z98.800x611,脊柱术后
143281,Z98.800x614,颈椎术后
143282,Z98.800x615,胸椎术后
143283,Z98.800x616,腰椎术后
143284,Z98.800x701,耳术后
143285,Z98.800x704,眼术后
143287,Z98.800x902,食管支架置入术后
143288,Z98.800x903,胆管支架置入术后
143289,Z98.800x904,胰管支架置入术后
143290,Z98.800x905,十二直肠支架置入术后
143292,Z98.800x907,输尿管支架置入术后
143293,Z98.800x908,脾术后
143294,Z98.801,玻璃体切除硅油充填状态
110722,A21.000,溃疡腺型土拉菌病
110723,A21.100,眼腺型土拉菌病
110724,A21.200,肺土拉菌病
110726,A21.300,胃肠土拉菌病
110727,A21.300x002,咽腺型土拉菌病
110728,A21.301,腹部土拉菌病
122222,I51.705,运动员心脏综合征
122223,I51.706,室间隔肥大
122224,I51.707,心房肥大
122225,I51.708,心肌肥厚
122226,I51.709,心室肥大
122227,I51.800,"心脏病,其他不明确的"
122228,I51.800x004,心肌功能不全
122229,I51.800x005,心室肿物
122230,I51.800x006,心房肿物
121492,I09.200x003,慢性风湿性心肌心包炎
121493,I09.200x004,慢性风湿性纵隔心包炎
121494,I09.800,风湿性心脏病，其他特指的
121495,I09.801,风湿性肺动脉瓣狭窄
121496,I09.802,风湿性肺动脉瓣关闭不全
121497,I09.900,风湿性心脏病
121499,I10.x00,特发性（原发性）高血压
121501,I10.x00x007,老年收缩期高血压
121502,I10.x00x008,良性高血压
121503,I10.x00x009,临界性高血压
121504,I10.x00x015,青春期高血压
121505,I10.x00x016,白大衣高血压
121506,I10.x00x017,假性高血压
121507,I10.x01,正常高值血压
121508,I10.x02,恶性高血压
121512,I10.x06,高血压危象
121513,I10.x08,单纯收缩期高血压
121514,I10.x09,原发性高血压
121515,I10.x10,高血压急症
121516,I10.x12,难治性高血压
121517,I10.x13,低肾素性高血压
121518,I10.x14,高血压亚急症
121519,I11.000,高血压心脏病伴有（充血性）心力衰竭
121521,I11.002,高血压心脏病伴心力衰竭
121522,I11.900,高血压心脏病不伴有（充血性）心力衰竭
121523,I11.901,高血压性心脏病
121525,I12.000x001,高血压性肾衰竭
121526,I12.900,高血压肾脏病不伴有肾衰竭
121527,I12.900x001,动脉硬化性肾病
121528,I12.900x002,动脉硬化性肾炎
121530,I12.900x005,肾萎缩伴高血压
121531,I12.900x006,小动脉性肾病
121532,I12.900x008,恶性肾小动脉硬化症
121533,I12.900x009,良性肾小动脉硬化症
121535,I12.904,肾小动脉硬化症
121536,I13.000,高血压心脏和肾脏病伴有（充血性）心力衰竭
121538,I13.100,高血压心脏和肾脏病伴有肾衰竭
121539,I13.100x001,高血压性心脏病和肾脏病伴肾衰竭
121540,I13.200,高血压心脏和肾脏病同时伴有（充血性）心力衰竭和肾衰竭
110834,A31.101,伯鲁里溃疡
110835,A31.102,海分枝杆菌感染
110836,A31.800,分枝杆菌感染，其他的
110837,A31.800x001,猿猴分枝杆菌感染
110838,A31.800x002,瘰疬分枝杆菌感染
110839,A31.800x003,偶然分枝杆菌感染
110840,A31.800x004,龟分枝杆菌感染
110841,A31.800x005,土地分枝杆菌感染
110842,A31.800x006,鸟分枝杆菌感染
110843,A31.800x007,脓肿分枝杆菌感染
110844,A31.801,淋巴结分枝杆菌感染
110845,A31.802,足分枝杆菌病
110846,A31.803,播散性非结核分枝杆菌病
110847,A31.900,分枝杆菌感染
110848,A31.900x001,分枝杆菌病
110849,A31.901,非典型分枝杆菌感染
110850,A32.000,皮肤利斯特菌病
110851,A32.100,利斯特菌性脑膜炎和脑膜脑炎
121321,H83.100,迷路瘘管
121322,H83.101,半规管瘘
121323,H83.200,迷路功能障碍
121324,H83.200x001,半规管轻瘫
121325,H83.200x002,迷路机能减退
121326,H83.200x003,前庭功能丧失
121327,H83.300,噪声对内耳的影响
121328,H83.300x001,爆震性聋
121329,H83.301,声创伤
121330,H83.302,噪音性耳聋
121331,H83.800,内耳其他特指的疾病
121332,H83.800x002,自发性圆窗膜破裂
121333,H83.800x003,迷路卒中
121334,H83.800x004,上半规管裂综合征
121335,H83.801,迷路出血
121337,H83.900x001,内耳道肿物
121338,H90.000,双侧传导性听觉丧失
121340,H90.200,传导性听觉丧失
121341,H90.300,双侧感音神经性听觉丧失
121342,H90.400,单侧感音神经性听觉丧失，对侧听觉不受限制
121343,H90.500,感音神经性听觉丧失
121344,H90.501,先天性耳聋
121345,H90.502,非综合征性耳聋
121347,H90.700,单侧混合性传导性和感音神经性听觉丧失，对侧听觉不受限制
121348,H90.800,混合性传导性和感音神经性听觉丧失
121349,H90.801,混合性耳聋
121350,H91.000,耳毒性听觉丧失
121351,H91.001,药物性耳聋
121353,H91.200,突发特发性听觉丧失
121354,H91.200x001,突发性聋
121355,H91.300,聋哑，不可归类在他处者
121357,H91.800,听觉丧失，其他特指的
121359,H91.900,听觉丧失
121360,H91.900x002,听力减退
121361,H91.900x004,低频率耳聋
121134,H59.800x014,囊袋阻滞综合征
121135,H59.800x015,手术后眉下垂
121136,H59.801,青光眼术后无前房
121137,H59.802,毒性眼前节综合征
121138,H59.803,手术后结膜瘘
121139,H59.804,手术后视网膜瘢痕
121140,H59.805,手术后脉络膜视网膜瘢痕
121142,H59.807,手术后虹膜脱垂
121143,H59.808,青光眼术后浅前房
121144,H59.809,青光眼术后滤过泡漏
121145,H59.810,手术后巩膜坏死
121146,H59.811,疱疹相关性眼内炎
121147,H59.812,操作后后疱疹感染
121148,H59.813,操作后滤过泡感染
121149,H59.900,眼和附器的操作后疾患
121150,H60.000,外耳脓肿
121151,H60.000x002,外耳道脓肿
121152,H60.000x004,耳廓痈
121153,H60.000x005,耳廓疖
121155,H60.002,外耳痈
121156,H60.100,外耳蜂窝织炎
121157,H60.100x001,外耳道蜂窝织炎
121158,H60.100x002,耳廓蜂窝织炎
121159,H60.200,恶性外耳炎
121161,H60.300x002,耳廓感染
121162,H60.300x003,耳廓瘘感染
121163,H60.300x005,弥漫性外耳道炎
121164,H60.300x006,外耳继发性感染
121165,H60.301,出血性外耳炎
121166,H60.302,弥漫性外耳炎
121167,H60.303,游泳者耳病
121168,H60.400,外耳胆脂瘤
122086,I47.110,房内折返性心动过速
122087,I47.111,局灶性房性心动过速
122088,I47.200,室性心动过速
122090,I47.200x003,右室室性心动过速
122091,I47.200x005,左室室性心动过速
122092,I47.200x006,宽QRS心动过速
122093,I47.200x007,非持续性室性心动过速
129042,M89.901,锁骨肿物
129043,M89.902,肩胛骨肿物
129044,M89.903,肱骨肿物
129045,M89.904,腕骨病变
129046,M89.905,指骨病变
129047,M89.906,股骨病变
129048,M89.907,骨盆区骨肿物
129051,M89.910,腓骨肿物
129052,M89.911,胫骨肿物
129053,M89.912,跖骨肿物
129054,M89.913,踝骨肿物
129055,M89.914,足骨肿物
129056,M89.915,胸骨病变
129058,M89.917,椎骨病变
129059,M89.918,肋骨肿物
129060,M89.919,骨肿物
129061,M89.920,骨病变
129062,M89.921,肩胛骨骨疣
110729,A21.700,全身性土拉菌病
110730,A21.700x002,土拉菌脓毒症
110731,A21.800,土拉菌病，其他形式的
110732,A21.800x001,伤寒中毒型土拉菌病
110733,A21.900,土拉菌病
110734,A21.900x001,兔热病
110735,A22.000,皮肤炭疽
110736,A22.100,肺炭疽
110737,A22.100x003,职业性炭疽
110738,A22.102+J17.0*,炭疽肺炎
110739,A22.200,胃肠炭疽
110740,A22.200x001,肠炭疽
110741,A22.700,炭疽性脓毒症
110742,A22.800,炭疽，其他形式的
110743,A22.801+G01*,炭疽脑膜炎
110744,A22.900,炭疽
110745,A23.000,马耳他布氏菌病
110746,A23.000x001,羊布氏杆菌病
110747,A23.100,流产布氏菌病
110748,A23.100x001,牛布氏菌病
110749,A23.200,猪布氏菌病
110750,A23.300,犬布氏菌病
110751,A23.800,布氏菌病，其他的
110752,A23.900,布氏菌病
110753,A23.900x001,布氏杆菌病(波状热)
110754,A23.900x003,布氏杆菌性葡萄膜炎
110755,A23.900x004,慢性布氏杆菌病
110756,A23.900x005+G05.0*,布氏杆菌性脑炎
110757,A23.900x006,布氏杆菌多发性神经根神经病
110758,A23.901+M49.1*,布氏菌病脊柱炎
110759,A23.902+M01.3*,布氏菌病关节炎
110760,A23.903+N16.0*,布氏菌病肾小管-间质病变
110761,A24.000,鼻疽
111679,B18.900x006,病毒性肝炎慢性淤胆型
111681,B18.902,慢性中度病毒性肝炎
111682,B18.903,慢性重度病毒性肝炎
111683,B18.904+N08.0*,病毒性肝炎相关性肾病
111685,B19.001,急性重型病毒性肝炎伴肝昏迷
111686,B19.002,亚急性重型病毒性肝炎伴肝昏迷
111687,B19.900,病毒性肝炎，不伴有肝昏迷
111688,B19.900x001+M03.2*,病毒性肝炎相关性关节炎
111690,B20.000,人类免疫缺陷病毒(HIV)病造成的分枝杆菌感染
111691,B20.000x001,艾滋病伴分枝杆菌感染
111693,B20.002,人类免疫缺陷病毒病性颈淋巴结结核
111694,B20.003,人类免疫缺陷病毒病性肺结核
111695,B20.004,人类免疫缺陷病毒病性结核性胸膜炎
111697,B20.006,人类免疫缺陷病毒病性结核性腹膜炎
111698,B20.100,人类免疫缺陷病毒(HIV)病造成的其他细菌感染
111699,B20.100x001,艾滋病伴细菌感染
122162,I50.101,急性左心衰竭
121541,I13.200x001,高血压性心脏病和肾脏病伴心力衰竭和肾衰竭
121542,I13.900,高血压心脏和肾脏病
122456,I65.800x007,无名动脉闭塞
122457,I65.900,入脑前动脉的闭塞和狭窄
122458,I65.900x001,入脑前动脉栓塞
122459,I65.900x002,入脑前动脉狭窄
122460,I65.900x003,入脑前动脉闭塞
122461,I66.000,大脑中动脉闭塞和狭窄
122462,I66.001,大脑中动脉狭窄
122463,I66.002,大脑中动脉闭塞
122464,I66.003,大脑中动脉血栓形成
122465,I66.004+G46.0*,大脑中动脉综合征
142587,Z59.500,与极端贫穷有关，具有潜在健康问题
142588,Z59.600,与低收入有关，具有潜在健康问题
142589,Z59.700,与社会保险和福利支持不足有关，具有潜在健康问题
142590,Z59.800,与住房和经济情况有关的其他问题，具有潜在健康问题
142591,Z59.900,与住房和经济情况有关的问题，具有潜在健康问题
142592,Z60.000,对生活周期转换的适应问题，具有潜在健康问题
142593,Z60.000x001,对生活周期转换的适应问题
142594,Z60.100,与不定型的养育状况有关，具有潜在健康问题
142595,Z60.100x001,与单亲家庭有关的问题
142596,Z60.200,与独自生活有关，具有潜在健康问题
142597,Z60.200x001,与独自生活有关的问题
142598,Z60.300,与文化适应困难有关，具有潜在健康问题
142599,Z60.300x002,与社会移居者有关的问题
142601,Z60.500,与感觉成为不良歧视和迫害的目标有关，具有潜在健康问题
142602,Z60.800,与社会环境有关的其他问题，具有潜在健康问题
142603,Z60.900,与社会环境有关的问题，具有潜在健康问题
142605,Z61.000x001,与童年时失去所爱亲属有关的问题
142606,Z61.100,与童年离家有关，具有潜在健康问题
142607,Z61.100x001,与童年离家有关的问题
142608,Z61.200,与童年时家庭关系模式的改变有关，具有潜在健康问题
142610,Z61.300,与童年时导致丧失自尊的事件有关，具有潜在健康问题
142611,Z61.300x001,与童年时导致丧失自尊事件有关的问题
142612,Z61.400,与儿童据说受家族内成员的性虐待有关，具有潜在健康问题
142614,Z61.500,与儿童据说受家族以外人员的性虐待有关，具有潜在健康问题
142615,Z61.500x001,与儿童据说受家族以外人员的性虐待有关问题
142616,Z61.600,与儿童据说身体被虐待有关，具有潜在健康问题
121362,H91.901,高频率耳聋
121363,H92.000,耳痛
121364,H92.100,耳漏
121365,H92.100x001,耳流脓
121366,H92.200,耳出血
121367,H93.000,耳的变性性和血管性疾患
121368,H93.001,短暂缺血性聋
121369,H93.100,耳鸣
121370,H93.101,血管性耳鸣
121371,H93.102,神经性耳鸣
121372,H93.103,噪声性耳鸣
121373,H93.200,听觉异常，其他特指的
121374,H93.200x002,听功能障碍
121375,H93.200x005,听觉过敏
121376,H93.201,复听
122270,I60.600x003,小脑前下动脉动脉瘤破裂伴蛛网膜下腔出血
122271,I60.600x004,小脑上动脉动脉瘤破裂伴蛛网膜下腔出血
122272,I60.600x005,迷路动脉动脉瘤破裂伴蛛网膜下腔出血
122273,I60.600x006,多发颅内动脉瘤破裂伴蛛网膜下腔出血
122274,I60.600x007,颅内镜像动脉瘤破裂伴蛛网膜下腔出血
122275,I60.600x008,脑干前非动脉瘤出血(中脑周围非动脉瘤性出血)
122276,I60.601,小脑后下动脉动脉瘤破裂伴蛛网膜下隙出血
142885,Z86.400,精神活性物质滥用个人史
142886,Z86.500,精神和行为障碍个人史，其他的
142887,Z86.501,精神病个人史
142888,Z86.600,神经系统和感觉器官疾病个人史
142889,Z86.600x001,视力问题个人史
142890,Z86.600x002,听觉问题个人史
142891,Z86.600x003,嗅觉和味觉问题个人史
142893,Z86.600x005,吞咽和咀嚼问题个人史
142894,Z86.700,循环系统疾病个人史
142895,Z86.701,病毒性心肌炎个人史
142896,Z86.702,脑出血个人史
142898,Z87.000,呼吸系统疾病个人史
142899,Z87.100,消化系统疾病个人史
142900,Z87.100x011,消化性溃疡个人史
142901,Z87.100x021,结肠息肉个人史
142903,Z87.300,肌肉骨骼系统和结缔组织疾病个人史
142905,Z87.500,妊娠、分娩和产褥期并发症个人史
142907,Z87.500x003,剖宫产个人史
142908,Z87.500x004,异位妊娠个人史
142909,Z87.500x005,不良孕产个人史
142910,Z87.600,起源于围生期的某些情况个人史
142911,Z87.600x001,围生期问题个人史
142913,Z87.701,先天异常疾病个人史
142914,Z87.800,个人史，其他特指情况的
142915,Z88.000,青霉素过敏个人史
142916,Z88.000x001,青霉素过敏史
142917,Z88.100,抗生素制剂过敏个人史，其他的
129063,M89.922,肱骨骨疣
129064,M89.923,尺骨骨疣
129065,M89.924,桡骨骨疣
129066,M89.925,股骨骨疣
129067,M89.926,胫骨骨疣
129068,M89.927,趾骨骨疣
129069,M89.928,额骨骨疣
129070,M89.929,脊柱骨疣
129071,M91.000,幼年型骨盆骨软骨病
129072,M91.000x051,耻骨联合幼年型骨软骨病
129073,M91.001,坐骨软骨结合
129074,M91.002,耻骨软骨结合
129075,M91.003,髂嵴软骨病
129076,M91.004,髋臼骨软骨病
129077,M91.100,幼年型股骨头骨软骨病(莱格-卡尔韦-佩尔特斯)
129078,M91.101,幼年型股骨骺骨软骨病
129079,M91.102,幼年型髋关节骨软骨病
129080,M91.200,扁平髋
129081,M91.201,幼年骨软骨病性髋关节畸形
129082,M91.300,假性髋关节痛
129083,M91.800,幼年型髋关节和骨盆骨软骨病，其他的
129084,M91.800x051,先天性髋关节脱位复位后幼年型骨软骨病
129085,M91.900,幼年型髋关节和骨盆骨软骨病
129086,M92.000,幼年型肱骨骨软骨病
129087,M92.000x001,幼年型肱骨头骨软骨病
129088,M92.001,幼年型肱骨小头骨软骨病
129089,M92.100,幼年型桡骨和尺骨的骨软骨病
129090,M92.101,尺骨下段幼年型骨软骨病
129091,M92.102,桡骨头骨软骨病
129092,M92.200,幼年型手部骨软骨病
129093,M92.201,幼年型腕骨骨软骨病
129094,M92.202,幼年型掌骨骨软骨病
129096,M92.301,幼年型臂软骨病
129097,M92.302,幼年型锁骨骨软骨病
129098,M92.303,幼年型胸骨骨软骨病
129099,M92.400,幼年型髌骨骨软骨病
129100,M92.401,髌骨克勒病
130093,N76.100x002,亚急性外阴阴道炎
130094,N76.101,慢性阴道炎
130095,N76.200,急性外阴炎
130096,N76.201,外阴蜂窝织炎
130098,N76.300x001,亚急性外阴炎
130099,N76.301,慢性外阴炎
130101,N76.401,外阴疖
130102,N76.500,阴道溃疡
124766,K12.109,口腔黏膜溃疡
124768,K12.111,口腔感染
124769,K12.112,口腔炎
124770,K12.114,小疱性口炎
124771,K12.115,颊溃疡
124772,K12.116,口腔炎性肿块
124774,K12.200,口蜂窝织炎和脓肿
124775,K12.200x003,颏下间隙感染
124776,K12.200x011,口底多间隙感染
124777,K12.200x012,颌下感染
122163,I50.102,左心房衰竭
122164,I50.103,左心衰竭合并肺水肿
122165,I50.104,心源性哮喘
122166,I50.105,慢性左心功能不全
122167,I50.900,心力衰竭
122168,I50.900x001,低心排综合征
122169,I50.900x002,心功能不全
122170,I50.900x007,心功能Ⅱ级（NYHA分级）
122171,I50.900x008,心功能III级（NYHA分级）
122172,I50.900x009,心功能Ⅱ--Ⅲ级（NYHA分级）
122173,I50.900x010,心功能IV级（NYHA分级）
122174,I50.900x014,KillipII级
122175,I50.900x015,KillipIII级
122176,I50.900x016,KillipIV级
122178,I50.900x018,慢性心功能不全急性加重
122179,I50.900x019,舒张性心力衰竭
122180,I50.906,心肌损害
122181,I50.907,急性心力衰竭
122182,I50.908,慢性心力衰竭
122183,I51.000,心间隔缺损，后天性
122184,I51.000x001,后天性室间隔缺损
122185,I51.001,后天性房间隔缺损
122186,I51.100,腱索断裂，不可归类在他处者
122187,I51.100x001,心脏腱索断裂
122188,I51.200,乳头肌断裂，不可归类在他处者
122189,I51.200x001,心脏乳头肌断裂
122190,I51.300,心内血栓形成，不可归类在他处者
122191,I51.301,心室血栓
122192,I51.302,心房血栓
122193,I51.303,心耳血栓
122194,I51.304,心尖部血栓
122195,I51.400,心肌炎
122197,I51.400x006,巨细胞型心肌炎
122198,I51.401,老年性心肌炎
122199,I51.402,老年性心脏病
122200,I51.403,心肌炎后遗症
122201,I51.404,间质性心肌炎
122202,I51.500,心肌变性
122204,I51.500x006,老年性心肌病
122205,I51.501,老年性心肌变性
122206,I51.502,心肌脂肪变性
122207,I51.600,心血管疾病
122209,I51.600x003,心血管硬化
122210,I51.700,心脏肥大
122211,I51.700x003,心房扩大
122212,I51.700x004,心肌肥大
122213,I51.700x006,心室肥厚
122214,I51.700x007,心室扩大
122216,I51.700x014,左室扩大
123168,I82.900,静脉栓塞和血栓形成
123169,I82.900x001,静脉栓塞
123170,I82.900x002,静脉血栓形成
123172,I82.900x004,静脉血栓栓塞症
123173,I83.000,下肢静脉曲张伴有溃疡
123174,I83.001,大隐静脉曲张伴有溃疡
142619,Z61.700x001,与童年时受惊吓的经历有关的问题
142620,Z61.800,与童年时其他消极生活事件有关，具有潜在健康问题
142621,Z61.900,与童年时的消极生活事件有关，具有潜在健康问题
142622,Z61.900x001,与童年时消极生活事件有关的问题
142623,Z62.000,与父母监督和管教不足有关，具有潜在健康问题
142624,Z62.000x001,与父母监督和管教不足有关的问题
142625,Z62.100,与父母溺爱有关，具有潜在健康问题
142626,Z62.100x001,与父母溺爱有关的问题
142627,Z62.200,与公共机构的养育有关，具有潜在健康问题
142628,Z62.200x001,与公共机构的养育有关的问题
142629,Z62.300,与敌视儿童和儿童代为受过有关，具有潜在健康问题
142630,Z62.300x001,与敌视儿童和儿童代为受过有关的问题
110790,A27.900,钩端螺旋体病
110791,A27.900x002,钩端螺旋体病感染中毒型
110792,A27.900x004,钩端螺旋体病肺出血型
110793,A27.900x005,钩端螺旋体病肾衰竭型
110794,A27.900x006,钩端螺旋体病脑膜脑炎型
110796,A28.001,巴斯德菌脓毒症
110797,A28.100,猫抓病
110798,A28.200,肠外耶尔森菌病
110799,A28.800,动物源性细菌性疾病，其他特指的，不可归类在他处者
110800,A28.801,人感染猪链球菌
110802,A30.000,未定类麻风
110803,A30.000x001,未定类（I）麻风
110804,A30.100,结核样型麻风
110805,A30.100x001,结核样型（TT）麻风
110807,A30.200,偏结核样型界线类麻风
110808,A30.200x001,界限结核样型（BT）麻风
110809,A30.300,中间界线类麻风
110810,A30.300x001,界线类（BB）麻风
110811,A30.300x002,混合型麻风
110813,A30.400x001,界限瘤型（BL）麻风
110814,A30.400x002,近瘤型中间型麻风
110815,A30.500,瘤型麻风
110816,A30.500x001,瘤型（LL）麻风
110818,A30.900,麻风
110819,A30.900x002,麻木型麻风
110820,A30.900x003,斑疹麻木型麻风
110821,A30.900x004,斑疹性麻风
110822,A30.900x005,神经性麻风
110824,A30.900x007+H32.0*,麻风性脉络膜炎
110825,A30.900x008,麻风性神经病
110826,A31.000,肺分枝杆菌感染
111728,B22.000x001,艾滋病相关的脑病
111729,B22.000x003,艾滋病性脑炎
111731,B22.000x005,艾滋病性脑膜脑炎
142919,Z88.102,氟哌酸过敏个人史
142920,Z88.200,磺胺类药过敏个人史
142921,Z88.200x001,磺胺类药过敏史
142922,Z88.300,抗感染制剂过敏个人史，其他的
142923,Z88.300x001,抗感染剂过敏史
142925,Z88.302,痢特灵过敏个人史
142926,Z88.400,麻醉药过敏个人史
142927,Z88.400x001,麻醉剂过敏史
142928,Z88.500,麻醉品过敏个人史
142929,Z88.500x001,催眠剂过敏史
142930,Z88.600,镇痛药过敏个人史
142931,Z88.600x001,镇痛药过敏史
142932,Z88.700,血清和疫苗过敏个人史
142933,Z88.700x001,血清和疫苗过敏史
142934,Z88.800,对其他药物、药剂和生物制品过敏个人史
142935,Z88.801,阿托品过敏个人史
142936,Z88.802,氨茶碱过敏个人史
142937,Z88.803,鼻炎宁冲剂过敏个人史
142938,Z88.804,别嘌呤醇过敏个人史
142939,Z88.805,低分子右旋糖酐过敏个人史
142940,Z88.806,颠茄过敏个人史
142941,Z88.807,碘剂过敏个人史
142942,Z88.808,泛影葡胺过敏个人史
142943,Z88.811,汞剂过敏个人史
142944,Z88.812,甲氰咪胍过敏个人史
142945,Z88.813,酒精过敏个人史
142946,Z88.814,抗高血压药过敏个人史
142782,Z82.000x001,癫痫病家族史
142783,Z82.100,盲和视力丧失家族史
142785,Z82.300,脑卒中家族史
142786,Z82.300x001,中风家族史
142787,Z82.400,缺血性心脏病和其他循环系统疾病家族史
142789,Z82.600,关节炎和肌肉骨骼系统和结缔组织其他疾病家族史
142790,Z82.700,先天性畸形、变形和染色体异常家族史
142791,Z82.701,唐氏综合征家族史
142793,Z83.000,人类免疫缺陷病毒(HIV)病家族史
142794,Z83.100,传染病和寄生虫病家族史，其他的
142795,Z83.200,血液及造血器官疾病和某些涉及免疫机制的疾患家族史
142796,Z83.201,血友病家族史
142797,Z83.300,糖尿病家族史
142798,Z83.400,内分泌、营养和代谢疾病家族史，其他的
142799,Z83.500,眼和耳疾患家族史
142800,Z83.600,呼吸系统疾病家族史
142802,Z84.000,皮肤和皮下组织疾病家族史
142803,Z84.100,肾和输尿管疾患家族史
142804,Z84.200,泌尿生殖系统其他疾病家族史
142806,Z84.300,同血缘家族史
142807,Z84.800,家族史，其他特指情况
142808,Z85.000,消化器官恶性肿瘤个人史
142809,Z85.000x001,胆囊恶性肿瘤史
124779,K12.200x018,软腭脓肿
124780,K12.200x019,硬腭脓肿
124781,K12.201,口腔脓肿
124782,K12.202,颌下间隙感染
124784,K12.204,颊间隙感染
124785,K12.205,颊瘘
124786,K12.206,腭瘘
124787,K12.207,颌下瘘管
124788,K12.208,口腔瘘管
124789,K12.209,口腔皮肤瘘
124790,K12.210,眶下间隙感染
124791,K12.211,颞下间隙感染
124792,K12.212,舌下间隙感染
124793,K12.213,咬肌间隙感染
124794,K12.214,口蜂窝织炎
124795,K12.215,翼下颌间隙感染
124796,K12.216,牙源性面部皮肤瘘
124797,K12.217,颌面间隙感染
124798,K12.218,颊黏膜脓肿
124799,K12.300,口腔黏膜炎（溃疡）
124800,K12.301,黏膜炎（口腔）（口咽）
124801,K12.302,药物性黏膜炎（口腔）（口咽）
124802,K12.303,放射性黏膜炎（口腔）（口咽）
124803,K12.304,病毒性黏膜炎（口腔）（口咽）
124804,K12.305,腭黏膜炎
124805,K13.000,唇疾病
124806,K13.000x001,感染性口角炎
124807,K13.000x006,剥脱性唇炎
124808,K13.000x007,腺性唇炎
124809,K13.000x012,唇表皮化
124810,K13.000x014,唇黏液囊肿
124811,K13.000x016,烧伤后唇畸形
124812,K13.000x017,变应性接触性唇炎
124813,K13.000x018,唇脓肿
124814,K13.000x023,唇结节病
124815,K13.001,唇瘘
124816,K13.002,唇瘢痕
124817,K13.003,唇肥厚
124819,K13.005,唇溃疡
124820,K13.006,唇囊肿
124822,K13.008,唇外翻
124823,K13.009,唇肉芽肿
124824,K13.010,唇部肿物
124825,K13.011,唇蜂窝织炎
124827,K13.013,唇炎
124828,K13.014,口角炎
124829,K13.015,唇皲裂
121605,I21.200x018,急性下壁后壁右心室心肌梗死
121607,I21.200x020,急性前侧壁下壁心肌梗死
121608,I21.200x021,急性前壁高侧壁心肌梗死
121609,I21.200x022,急性前间壁高侧壁心肌梗死
121610,I21.200x023,急性广泛前壁下壁心肌梗死
121612,I21.200x025,急性广泛前壁下壁高侧壁心肌梗死
120830,H40.600,药物性青光眼
120831,H40.600x002,糖皮质激素性青光眼
120832,H40.800,"青光眼,其他的"
120833,H40.800x002,血影细胞性青光眼
120834,H40.800x004,发育性青光眼
123175,I83.100,下肢静脉曲张伴有炎症
123176,I83.100x001,下肢静脉曲张性皮炎
123177,I83.101,下肢静脉曲张伴静脉炎
123178,I83.102,淤积性皮炎
122402,I63.502,大脑动脉闭塞脑梗死
122403,I63.600,大脑静脉血栓形成引起的脑梗死，非生脓性
122404,I63.600x001,非生脓性大脑静脉血栓形成引起的脑梗死
122405,I63.800,脑梗死，其他的
122406,I63.801,腔隙性脑梗死
122407,I63.802,动脉硬化性脑软化
122408,I63.900,脑梗死
122409,I63.900x007,分水岭脑梗死(边缘带脑梗死)
122410,I63.901,脑干梗死
122411,I63.902,大面积脑梗死
122412,I63.903,出血性脑梗死
122414,I63.905,多发性脑梗死
122415,I63.906,基底节脑梗死
122416,I63.907,丘脑梗死
122417,I63.908,创伤性脑梗死
122418,I63.909,无症状性脑梗死
122419,I64.x00,脑卒中
122420,I64.x01,脑血管意外
122421,I65.000,椎动脉闭塞和狭窄
122422,I65.000x004,椎动脉栓塞
122423,I65.000x005,椎动脉迂曲
122424,I65.001,椎动脉狭窄
122425,I65.002,椎动脉闭塞
122426,I65.003,椎动脉血栓形成
122427,I65.100,基底动脉闭塞和狭窄
122428,I65.100x004,基底动脉栓塞
122429,I65.101,基底动脉闭塞
122430,I65.102,基底动脉狭窄
122431,I65.103,基底动脉血栓形成
122432,I65.200,颈动脉闭塞和狭窄
122434,I65.200x009,颈动脉栓塞
122435,I65.200x010,颈动脉血栓形成
122436,I65.200x011,颈外动脉血栓形成
122437,I65.200x012,颈外动脉栓塞
122439,I65.200x014,颈总动脉血栓形成
122440,I65.200x015,颈动脉闭塞
122441,I65.201,颈内动脉狭窄
122442,I65.202,颈总动脉狭窄
122443,I65.203,颈内动脉闭塞
122445,I65.205,颈外动脉闭塞
122446,I65.206,颈内动脉血栓形成
122447,I65.207,颈总动脉闭塞
122448,I65.208,颈内动脉栓塞
122450,I65.300x001,多个入脑前动脉闭塞和狭窄
122451,I65.300x002,双侧入脑前动脉闭塞
122453,I65.800,"入脑前动脉的闭塞和狭窄,其他的"
122454,I65.800x001,无名动脉斑块
123429,J04.000x006,急性声门下喉炎
123430,J04.000x008,急性溃疡性喉炎
123431,J04.001,急性化脓性喉炎
111732,B22.001+F02.4*,人类免疫缺陷病毒病性痴呆
111733,B22.100,人类免疫缺陷病毒(HIV)病造成的淋巴组织间质性肺炎
111734,B22.200,人类免疫缺陷病毒(HIV)病造成的消瘦综合征
111735,B22.700,人类免疫缺陷病毒(HIV)病造成的分类于他处的多种疾病
111736,B22.701,人类免疫缺陷病毒病性多发性疾病
111737,B23.000,急性人类免疫缺陷病毒(HIV)感染综合征
111738,B23.100,人类免疫缺陷病毒(HIV)病造成的（持续的）全身性淋巴结病
111740,B23.100x002,HIV感染的不典型皮肤淋巴细胞增生性疾病
111741,B23.200,人类免疫缺陷病毒(HIV)病造成的不可归类在他处的血液学和免疫学的异常
111742,B23.201,人类免疫缺陷病毒病造成免疫学异常
111743,B23.800,人类免疫缺陷病毒(HIV)病造成的其他特指的情况
111744,B23.800x001,空泡样脊髓病
111745,B23.800x002,艾滋病神经综合征
111746,B23.801,免疫重建炎症综合征
111747,B24.x00,人类免疫缺陷病毒(HIV)病
122231,I51.801,心室假腱索
122232,I51.802,全心炎
122233,I51.803,乳头肌功能不全
122234,I51.900,心脏病
122235,I51.900x001,肝源性心脏病
122237,I51.900x003,KillipⅠ级
122238,I51.901,心脏肿物
122239,I51.903,贫血性心脏病
122240,I60.000,颈动脉弯管和杈的蛛网膜下出血
122241,I60.000x001,颈内动脉虹吸弯和分叉部蛛网膜下腔出血
122243,I60.000x003,颈内动脉眼动脉段动脉瘤破裂伴蛛网膜下腔出血
122244,I60.000x004,脉络膜前动脉动脉瘤破裂伴蛛网膜下腔出血
122245,I60.000x006,颈内动脉海绵窦段动脉瘤破裂伴蛛网膜下腔出血
122247,I60.000x008,颈内动脉背侧动脉瘤破裂伴蛛网膜下腔出血
122248,I60.001,颈动脉动脉瘤破裂伴蛛网膜下隙出血
122249,I60.100,大脑中动脉的蛛网膜下出血
122250,I60.101,大脑中动脉瘤破裂伴蛛网膜下腔出血
122251,I60.200,前交通动脉的蛛网膜下出血
122253,I60.200x003,大脑前动脉近侧段（A1）动脉瘤破裂伴蛛网膜下腔出血
122254,I60.200x004,大脑前动脉近侧段（A2）动脉瘤破裂伴蛛网膜下腔出血
122255,I60.200x005,大脑前动脉远侧段（A2-A5）动脉瘤破裂伴蛛网膜下腔出血
122257,I60.201,前交通动脉瘤破裂伴蛛网膜下腔出血
122258,I60.300,后交通动脉的蛛网膜下出血
122259,I60.301,后交通动脉瘤破裂伴蛛网膜下腔出血
142810,Z85.000x008,胆道恶性肿瘤史
142811,Z85.001,食管恶性肿瘤个人史
142812,Z85.002,胃恶性肿瘤个人史
142813,Z85.003,小肠恶性肿瘤个人史
142814,Z85.004,盲肠恶性肿瘤个人史
142815,Z85.005,阑尾恶性肿瘤个人史
112603,C14.800,唇、口腔和咽交搭跨越恶性肿瘤的损害
112604,C14.800x001,颊部及牙龈恶性肿瘤
112605,C14.800x002,舌根及咽部恶性肿瘤
112606,C14.800x003,舌根和咽部及喉部恶性肿瘤
112607,C14.800x004,舌部及口底恶性肿瘤
112608,C14.800x005,口腔及咽部恶性肿瘤
112609,C14.800x006,腭部及咽部恶性肿瘤
112610,C14.800x007,舌下腺及舌根恶性肿瘤
112611,C15.000,颈部食管恶性肿瘤
112612,C15.100,胸部食管恶性肿瘤
112613,C15.100x002,食管胸上段恶性肿瘤
112614,C15.100x003,食管胸中段恶性肿瘤
112615,C15.100x004,食管胸下段恶性肿瘤
112616,C15.200,腹部食管恶性肿瘤
112617,C15.300,食管上三分之一的恶性肿瘤
112618,C15.400,食管中三分之一的恶性肿瘤
112619,C15.500,食管下三分之一的恶性肿瘤
112620,C15.800,食管交搭跨越恶性肿瘤的损害
112621,C15.800x001,食管颈部及腹部恶性肿瘤
112622,C15.800x002,食管颈部及胸部恶性肿瘤
112623,C15.800x003,食管胸部及腹部恶性肿瘤
112624,C15.800x004,食管颈部和胸部及腹部恶性肿瘤
110852,A32.101+G01*,利斯特菌性脑膜炎
110853,A32.102+G05.0*,利斯特菌性脑膜脑炎
110854,A32.700,利斯特菌脓毒症
110856,A32.800,利斯特菌病，其他形式的
110857,A32.801+I68.1*,利斯特菌性大脑动脉炎
110858,A32.802+I39.8*,利斯特菌性心内膜炎
110859,A32.803,眼腺利斯特菌病
110860,A32.900,利斯特菌病
110862,A34.x00,产科破伤风
110863,A35.x00,破伤风，其他的
110864,A35.x00x001,破伤风
110865,A36.000,咽白喉
110866,A36.000x002,扁桃体白喉
110868,A36.000x004,白喉性悬雍垂麻痹
110870,A36.200,喉白喉
110871,A36.200x002,白喉性喉麻痹
110872,A36.201,白喉性喉气管炎
110873,A36.300,皮肤白喉
110875,A36.800x005+N33.8*,白喉性膀胱炎
110876,A36.800x006+H22.8*,白喉性虹膜麻痹
110877,A36.801+H13.1*,白喉性结膜炎
120835,H40.800x005,分泌过多性青光眼
120836,H40.801,混合型青光眼
120837,H40.900,青光眼
120838,H43.000,玻璃体脱出
120839,H43.001,玻璃体疝
120840,H43.100,玻璃体积血
120841,H43.100x003,蛛网膜下腔出血合并玻璃体积血(Terson综合征)
120842,H43.200,玻璃体内结晶沉积
120844,H43.300,玻璃体混浊，其他的
120845,H43.800,玻璃体的其他疾患
120846,H43.800x003,玻璃体脱离
120847,H43.800x004,玻璃体萎缩
120848,H43.800x005,闪辉性玻璃体液化
120849,H43.801,玻璃体囊肿
120850,H43.802,玻璃体黄斑牵拉综合征
120851,H43.803,玻璃体变性
120852,H43.804,玻璃体机化
120853,H43.805,增殖性玻璃体病变
120854,H43.806,玻璃体增生
120855,H43.900,玻璃体疾患
120856,H44.000,化脓性眼内炎
120857,H44.000x002,感染性眼内炎
120858,H44.000x005,眼内炎
120859,H44.000x007,转移性眼内炎
120860,H44.001,玻璃体脓肿
120861,H44.002,全眼球炎
120862,H44.003,眼脓肿
120863,H44.100,眼内炎，其他的
120864,H44.100x003,眼小梁炎
120865,H44.101,全色素膜炎
120866,H44.102,眼炎性假瘤
120867,H44.103,交感性眼炎
120868,H44.104,寄生虫性眼内炎
120869,H44.200,变性近视
120870,H44.200x001,病理性近视
120872,H44.300x001,虹膜铁质沉着症
120873,H44.300x002,晶状体铁质沉着症
120874,H44.300x003,视网膜铁质沉着症
120875,H44.301,眼铁质沉着病
120877,H44.400,低眼压症
120878,H44.401,角膜瘘
120879,H44.402,巩膜瘘
120880,H44.500,眼球的变性性情况
120881,H44.501,绝对期青光眼
120882,H44.502,眼球萎缩
120884,H44.600,眼内残留（陈旧性）磁性异物
120885,H44.600x002,陈旧性前房磁性异物
120887,H44.600x004,陈旧性虹膜磁性异物
120888,H44.600x005,陈旧性晶状体磁性异物
121829,I27.900x002,慢性肺源性心脏病
121830,I28.000,肺血管动静脉瘘
121832,I28.000x003,肺动静脉瘘
121833,I28.100,肺动脉的动脉瘤
121834,I28.800,肺血管其他特指的疾病
121835,I28.800x003,肺小静脉炎
121836,I28.800x005,肺毛细血管瘤样病变
123432,J04.002,急性水肿性喉炎
123433,J04.003,急性痉挛性喉炎
123434,J04.004,链球菌性喉炎
123435,J04.005,溃疡性喉炎
123437,J04.200,急性喉气管炎
123438,J05.000,急性梗阻性喉炎［哮吼］
123439,J05.100,急性会厌炎
123440,J06.000,急性咽喉炎
123441,J06.000x002,过敏性咽喉炎
143309,N401,生育分娩住院-N401
143310,N402,生育分娩住院-N402
143311,N403,生育分娩住院-N403
142412,Z50.900x001,康复医疗
142413,Z51.000,放射治疗疗程
142414,Z51.000x003,放射治疗
142415,Z51.000x008,恶性肿瘤放射性粒子置入治疗
142416,Z51.000x012,恶性肿瘤术中放疗
142417,Z51.000x013,恶性肿瘤终末期放疗
142418,Z51.001,恶性肿瘤术前放射治疗
142419,Z51.002,恶性肿瘤术后放射治疗
142420,Z51.003,恶性肿瘤放射治疗
142421,Z51.100,为肿瘤化学治疗疗程
142422,Z51.100x004,恶性肿瘤终末期化疗
142423,Z51.101,手术前恶性肿瘤化学治疗
142424,Z51.102,手术后恶性肿瘤化学治疗
142425,Z51.103,恶性肿瘤维持性化学治疗
142426,Z51.104,姑息性化疗
142427,Z51.200,化学治疗，其他的
142428,Z51.200x008,化学治疗
142429,Z51.300,（无诊断报告的）输血
142430,Z51.400,为随后治疗的准备医疗，不可归类在他处者
142432,Z51.400x002,随后治疗的准备医疗
142433,Z51.400x003,自体血准备
142434,Z51.401,造血干细胞动员
142435,Z51.500,姑息性医疗
142436,Z51.500x001,姑息医疗
142438,Z51.500x003,恶性肿瘤终末期维持治疗
142439,Z51.600,对变应原脱敏
142440,Z51.800,医疗照顾，其他特指的
142441,Z51.800x001,冲击治疗
142444,Z51.800x095,恶性肿瘤免疫治疗
142445,Z51.800x096,恶性肿瘤生物治疗
142446,Z51.800x097,恶性肿瘤射频治疗
142447,Z51.800x921,恶性肿瘤冷冻治疗
142449,Z51.800x924,恶性肿瘤热疗
142450,Z51.800x925,恶性肿瘤激光治疗
142451,Z51.800x927,恶性肿瘤光动力治疗
142452,Z51.800x951,恶性肿瘤术前免疫治疗
142454,Z51.800x953,恶性肿瘤终末期免疫治疗
122260,I60.400,基底动脉的蛛网膜下出血
122261,I60.400x002,椎动脉与基底动脉结合部动脉瘤破裂伴蛛网膜下腔出血
122262,I60.400x003,基底动脉顶端动脉瘤破裂伴蛛网膜下腔出血
122263,I60.400x004,基底动脉干动脉瘤破裂伴蛛网膜下腔出血
122264,I60.401,基底动脉瘤破裂伴蛛网膜下腔出血
122265,I60.500,椎动脉的蛛网膜下出血
122266,I60.500x003,椎动脉动脉瘤破裂伴蛛网膜下腔出血
122267,I60.500x004,脊髓前动脉瘤破裂伴蛛网膜下腔出血
122268,I60.600,颅内动脉的蛛网膜下出血，其他的
122269,I60.600x001,大脑后动脉动脉瘤破裂伴蛛网膜下腔出血
123235,I87.101,上肢静脉阻塞
123236,I87.102,上肢静脉狭窄
123237,I87.103,无名静脉狭窄
123238,I87.104,无名静脉阻塞
123239,I87.106,上腔静脉综合征
123240,I87.108,脾静脉狭窄
123241,I87.109,门静脉狭窄
123242,I87.110,肝静脉-下腔静脉阻塞
123243,I87.111,下腔静脉综合征
123244,I87.112,下腔静脉狭窄
123245,I87.113,下腔静脉阻塞
123246,I87.114,上下腔静脉回流障碍综合征
123247,I87.115,髂总静脉狭窄
122466,I66.100,大脑前动脉闭塞和狭窄
122467,I66.100x003,大脑前动脉血栓形成
122469,I66.102,大脑前动脉闭塞
122470,I66.103+G46.1*,大脑前动脉综合征
122471,I66.200,大脑后动脉闭塞和狭窄
122472,I66.200x002,大脑后动脉栓塞
122474,I66.202,大脑后动脉狭窄
122475,I66.203,红核丘脑综合征
122476,I66.204,大脑后动脉血栓形成
122477,I66.205+G46.2*,大脑后动脉综合征
122479,I66.300x005,迷路动脉栓塞
122480,I66.300x007,小脑后下动脉狭窄
122481,I66.300x008,小脑后下动脉闭塞
122482,I66.300x010,小脑前下动脉狭窄
122484,I66.300x013,小脑上动脉狭窄
122485,I66.300x014,小脑上动脉闭塞
122486,I66.300x015,小脑动脉栓塞
122487,I66.301,小脑动脉狭窄
122488,I66.302,小脑动脉闭塞
122490,I66.304+G46.3*,瓦伦贝格综合征
122491,I66.400,多个和双侧大脑动脉闭塞和狭窄
122492,I66.400x002,双侧大脑动脉闭塞
122495,I66.800,大脑动脉闭塞和狭窄，其他的
122496,I66.800x001,大脑穿支动脉闭塞
122497,I66.800x002,大脑穿支动脉狭窄
110879,A36.803+G63.0*,白喉性多神经炎
110880,A36.804+N16.0*,白喉性肾小管-间质病变
110881,A36.900,白喉
110882,A36.900x002,播散性白喉
110883,A37.000,百日咳博德特杆菌性百日咳
110884,A37.100,副百日咳博德特杆菌性百日咳
110885,A37.800,博德特杆菌属性百日咳，其他的
110886,A37.800x001,支气管败血性杆菌百日咳
110887,A37.900,百日咳
110888,A37.900x003,百日咳肺不张
110889,A37.900x004,百日咳肺气肿
110890,A37.900x005,百日咳脑病
111779,B26.804,流行性腮腺炎伴颌下腺炎
111780,B26.805+N08.0*,流行性腮腺炎性肾小球病变
111781,B26.900,流行性腮腺炎不伴有并发症
111782,B26.900x001,流行性腮腺炎
111783,B27.000,γ疱疹病毒性单核细胞增多症
111784,B27.001,EB病毒性单核细胞增多症
111785,B27.100,巨细胞病毒性单核细胞增多症
111786,B27.800,传染性单核细胞增多症，其他的
111787,B27.900,传染性单核细胞增多症
111788,B27.900x001,传染性单核细胞增多症(腺性热)
111789,B30.000+H19.2*,腺病毒性角膜结膜炎
111790,B30.001+H19.2*,流行性角膜结膜炎
111791,B30.100+H13.1*,腺病毒性结膜炎
111792,B30.200+H13.1*,病毒性咽结膜炎
111793,B30.201+H13.1*,咽结膜热
111795,B30.301+H13.1*,流行性出血性结膜炎
111796,B30.800+H13.1*,病毒性结膜炎，其他的
111797,B30.900,病毒性结膜炎
111798,B33.000,流行性肌痛
111799,B33.000x001,波恩霍尔姆病
111800,B33.001,流行性胸肌痛
111801,B33.100,罗斯河病
122278,I60.700,颅内动脉的蛛网膜下出血
122280,I60.701,颅内动脉瘤破裂伴蛛网膜下隙出血
122281,I60.800,蛛网膜下出血，其他的
122282,I60.800x002,脑动脉畸形伴蛛网膜下腔出血
122284,I60.800x004,脑海绵状血管畸形伴蛛网膜下腔出血
122285,I60.800x005,脑干海绵状血管畸形伴蛛网膜下腔出血
122286,I60.800x006,小脑幕下海绵状血管畸形伴蛛网膜下腔出血
122288,I60.800x010,脑动脉夹层伴蛛网膜下腔出血
122289,I60.800x013,脊髓动静脉畸形伴蛛网膜下腔出血
122290,I60.800x014,脊髓髓周动静脉瘘伴蛛网膜下腔出血
122291,I60.800x015,颅脑肿瘤伴蛛网膜下腔出血
122095,I47.200x009,儿茶酚胺敏感性室性心动过速
122096,I47.200x010,多形性室性心动过速
122097,I47.200x011,单形性室性心动过速
122098,I47.200x013,双向性室性心动过速
122099,I47.200x014,心律失常电风暴
122100,I47.201,阵发性室性心动过速
122101,I47.202,非阵发性室性心动过速
122102,I47.203,持续性室性心动过速
122103,I47.204,儿茶酚胺敏感性多形性室性心动过速
122104,I47.900,阵发性心动过速
122105,I48.000,阵发性心房颤动
122106,I48.100,持续性心房颤动
122107,I48.100x002,永久性心房颤动
122108,I48.100x003,长程持续性心房颤动
122110,I48.300,典型心房扑动
122111,I48.301,I型心房扑动
122112,I48.400,非典型心房扑动
122113,I48.401,II型心房扑动
122114,I48.900,心房颤动和心房扑动，未特指
122115,I48.900x003,心房扑动
122117,I48.900x015,新诊断心房颤动
122118,I49.000,心室颤动和扑动
122120,I49.002,心室扑动
122121,I49.100,心房过早除极
122122,I49.100x001,房性期前收缩(房性早搏)
122123,I49.101,频发性房性期外收缩
122124,I49.200,交界性过早除极
122125,I49.200x001,结性期前收缩(交界性过早搏动)
122126,I49.300,心室过早除极
122127,I49.300x002,室性期前收缩
122129,I49.301,频发性室性期外收缩
122130,I49.302,室性自搏
122131,I49.303,阵发性室性期外收缩
122132,I49.400,过早除极，其他的
122133,I49.400x001,期前收缩
122135,I49.402,偶发房室性期外收缩
122136,I49.403,结性逸搏
122137,I49.404,过早除极
122138,I49.500,病态窦房结综合征
122139,I49.501,快慢综合征
122141,I49.800x001,室性并行心律
122142,I49.800x002,窦房结-房室结游走节律
122143,I49.800x003,窦房结游走性心律
122144,I49.800x005,反复心律（逆节律）
122146,I49.800x007,结性心律
122147,I49.800x010,紊乱性房性心律
122148,I49.800x015,房性逸搏
122149,I49.800x016,室性逸搏
123105,I80.001,下肢浅表静脉炎
123106,I80.002,下肢化脓性浅表血栓静脉炎
123107,I80.100,股静脉的静脉炎和血栓性静脉炎
142455,Z51.800x981,恶性肿瘤术前靶向治疗
142456,Z51.800x983,恶性肿瘤终末期靶向治疗
142457,Z51.801,恶性肿瘤靶向治疗
142458,Z51.802,恶性肿瘤中医治疗
142459,Z51.804,肿瘤内分泌治疗
142460,Z51.805,肿瘤术后免疫治疗
142461,Z51.806,肿瘤术后同位素治疗
142462,Z51.807,恶性肿瘤术后靶向治疗
142463,Z51.808,恶性肿瘤术后中医治疗
142464,Z51.809,肿瘤术后内分泌治疗
142465,Z51.810,肿瘤免疫治疗
142466,Z51.811,肿瘤同位素治疗
142467,Z51.900,医疗照顾
142469,Z52.000,供血者
111701,B20.200x001,艾滋病伴巨细胞病毒感染
111702,B20.300,人类免疫缺陷病毒(HIV)病造成的其他病毒感染
111703,B20.300x001,艾滋病伴病毒感染
111704,B20.301,人类免疫缺陷病毒病性带状疱疹
111705,B20.400,人类免疫缺陷病毒(HIV)病造成的念珠菌病
111706,B20.400x001,艾滋病伴念珠菌病
111707,B20.500,人类免疫缺陷病毒(HIV)病造成的其他真菌病
111708,B20.500x001,艾滋病伴真菌病
111709,B20.600,人类免疫缺陷病毒(HIV)病造成的卡氏肺囊虫肺炎(肺孢子虫病)
111710,B20.600x001,艾滋病伴卡氏肺孢子虫肺炎
111711,B20.700,人类免疫缺陷病毒(HIV)病造成的多发性感染
111713,B20.800,人类免疫缺陷病毒(HIV)病造成的其他传染病和寄生虫病
111714,B20.801,人类免疫缺陷病毒病性弓形虫病
111716,B20.901,人类免疫缺陷病毒病造成寄生虫病
111717,B21.000,人类免疫缺陷病毒(HIV)病造成的卡波西肉瘤
111718,B21.000x001,艾滋病伴卡波西肉瘤
111719,B21.100,人类免疫缺陷病毒(HIV)病造成的伯基特淋巴瘤
111720,B21.100x001,艾滋病伴伯基特淋巴瘤
111722,B21.200x001,艾滋病伴非霍奇金淋巴瘤
111723,B21.300,人类免疫缺陷病毒(HIV)病造成的淋巴造血和有关组织的其他恶性肿瘤
111724,B21.700,人类免疫缺陷病毒(HIV)病造成的多发性恶性肿瘤
111725,B21.800,人类免疫缺陷病毒(HIV)病造成的其他恶性肿瘤
111727,B22.000,人类免疫缺陷病毒(HIV)病造成的脑病
112731,C26.800x002,胃体及横结肠恶性肿瘤
112732,C26.800x003,胆管及胆囊恶性肿瘤
112733,C26.900,消化系统部位不明确的恶性肿瘤
112734,C26.901,胃肠道恶性肿瘤
112736,C30.001,鼻软骨恶性肿瘤
112737,C30.002,鼻甲恶性肿瘤
112738,C30.003,内鼻恶性肿瘤
122499,I66.800x004,后交通动脉闭塞
122500,I66.800x005,前交通动脉狭窄
122501,I66.800x006,前交通动脉闭塞
122502,I66.800x007,脑桥动脉栓塞
122503,I66.800x008,脉络膜前动脉栓塞
122504,I66.900,大脑动脉的闭塞和狭窄
122505,I66.900x003,脑栓塞
122506,I66.901,脑动脉狭窄
122507,I66.902,脑动脉闭塞
122508,I66.903,脑血栓形成
122509,I67.000,大脑动脉夹层形成，未破裂
122510,I67.000x001,脑动脉夹层
122511,I67.000x002,大脑前动脉夹层
122512,I67.000x003,大脑中动脉夹层
122513,I67.000x005,颅内颈内动脉夹层
122514,I67.000x007,脉络膜前动脉夹层
122515,I67.000x009,颅内椎动脉夹层
122516,I67.000x010,大脑后动脉夹层
122517,I67.100,脑动脉瘤，未破裂
123482,J11.800x002,未知病毒的流感性胃肠炎
123483,J11.801+I41.1*,未明确病毒性流行性感冒性心肌炎
123484,J11.802+H67.1*,未确认的流感病毒性中耳炎
123485,J11.803+G05.1*,未确认的季节性流感病毒性脑炎
123486,J12.000,腺病毒肺炎
123487,J12.100,呼吸道合胞体病毒肺炎
123488,J12.200,副流感病毒肺炎
123489,J12.300,人类偏肺病毒肺炎
123490,J12.800,病毒性肺炎，其他的
142632,Z62.400x001,与对儿童情感的忽视有关的问题
142633,Z62.500,与忽视养育有关的其他问题，具有潜在健康问题
142634,Z62.500x001,与缺乏学习和游戏的体验有关的问题
142636,Z62.600x001,与父母的不适当压力和异常性质的养育有关的问题
142637,Z62.800,与养育有关的其他特指问题，具有潜在健康问题
142638,Z62.900,与养育有关的问题，具有潜在健康问题
142639,Z63.000,与配偶关系有关的问题，具有潜在健康问题
142640,Z63.100,与父母亲和姻亲关系有关的问题，具有潜在健康问题
142642,Z63.200,与家庭生活不适当有关，具有潜在健康问题
142643,Z63.200x001,与家庭生活不适当有关的问题
142644,Z63.300,与家庭成员缺少有关，具有潜在健康问题
142646,Z63.400,与家庭成员失踪和死亡有关，具有潜在健康问题
142647,Z63.400x001,与家庭成员假定的死亡有关的问题
142648,Z63.400x002,与家庭成员失踪有关的问题
142650,Z63.500,与分居和离婚使家庭分裂有关，具有潜在健康问题
142651,Z63.500x001,与离婚使家庭分裂有关的问题
122293,I60.802,脑膜出血
122294,I60.900,蛛网膜下出血
122296,I60.900x005,感染性颅内动脉瘤破裂伴蛛网膜下腔出血
122297,I60.900x006,蛛网膜下腔出血
122298,I60.902+H45.0*,眼-脑综合征
122299,I61.000,大脑半球的脑内出血，皮质下
122300,I61.000x006,胼胝体出血
122301,I61.000x007,尾状核头出血
122302,I61.000x008,壳核出血
122303,I61.000x009,尾状核出血
122304,I61.000x011,最外囊出血
122305,I61.001,豆状核出血
122306,I61.002,大脑皮质下出血
122307,I61.003,豆纹动脉出血
122308,I61.004,基底节出血
122309,I61.005,内囊出血
122310,I61.006,外囊出血
122311,I61.100,大脑半球的脑内出血，皮质的
122312,I61.100x001,顶叶出血
122313,I61.100x002,多处脑叶出血
122314,I61.100x003,额叶出血
122315,I61.100x004,额颞叶出血
122316,I61.100x005,枕叶出血
122317,I61.100x006,颞叶出血
122318,I61.100x007,额顶叶脑出血
122319,I61.100x008,顶枕叶脑出血
122320,I61.100x009,额顶枕叶脑出血
122321,I61.100x010,额颞顶叶脑出血
122322,I61.100x011,额颞顶枕叶脑出血
122323,I61.100x012,额颞枕叶脑出血
122324,I61.100x013,颞顶叶脑出血
122325,I61.100x014,颞枕叶脑出血
123300,I89.000x023,右淋巴导管梗阻
123302,I89.000x025,阴唇橡皮肿
123303,I89.000x026,象皮腿
123304,I89.000x027,胸导管颈段梗阻
123305,I89.000x028,胸导管胸段梗阻
123307,I89.001,原发性淋巴水肿
123308,I89.002,淋巴管闭塞
123309,I89.003,胸导管梗阻
123310,I89.004,上肢淋巴水肿
123311,I89.005,肠淋巴管扩张
142947,Z88.815,抗甲状腺素药过敏个人史
142949,Z88.818,灭吐灵过敏个人史
142950,Z88.819,脑益嗪过敏个人史
142951,Z88.820,扑尔敏过敏个人史
142952,Z88.821,氢化可的松过敏个人史
142954,Z88.823,心律平过敏个人史
142955,Z88.824,烟酸过敏个人史
142956,Z88.825,优降糖过敏个人史
142957,Z88.900,对药物、药剂和生物制品过敏个人史
142959,Z89.000,单侧手指(包括拇指)后天性缺失
142960,Z89.000x001,后天性单侧手指缺失
142961,Z89.000x002,后天性单侧指缺损
123108,I80.100x003,髂股静脉炎
123109,I80.101,股静脉炎
123110,I80.102,股静脉血栓性静脉炎
123111,I80.103,髂股静脉血栓形成
123112,I80.104,股静脉血栓形成
130103,N76.600,外阴溃疡
130104,N76.601,复发性阿弗他女性生殖器官溃疡
130105,N76.800,阴道和外阴其他特指的炎症
130106,N76.801,外阴炎性肿块
130107,N76.802,阴道肉芽肿
130108,N80.000,子宫的子宫内膜异位症
130110,N80.100,卵巢的子宫内膜异位症
130111,N80.100x001,卵巢巧克力样囊肿
130112,N80.200,输卵管的子宫内膜异位症
130113,N80.200x001,输卵管子宫内膜异位症
130114,N80.300,盆腔腹膜的子宫内膜异位症
130115,N80.301,腹膜子宫内膜异位症
130116,N80.302,盆腔子宫内膜异位症
130117,N80.303,子宫直肠凹子宫内膜异位症
130118,N80.400,直肠阴道隔和阴道的子宫内膜异位症
130119,N80.401,直肠阴道隔子宫内膜异位症
130120,N80.500,肠的子宫内膜异位症
130121,N80.501,直肠子宫内膜异位症
130122,N80.600,皮肤瘢痕的子宫内膜异位症
130123,N80.601,腹壁瘢痕子宫内膜异位症
130124,N80.602,会阴子宫内膜异位症
130125,N80.603,外阴子宫内膜异位症
130126,N80.800,子宫内膜异位症，其他的
130128,N80.800x010,腹壁子宫内膜异位
130129,N80.800x011,胸子宫内膜异位症
130130,N80.801,外耳道子宫内膜异位症
130131,N80.802,肺子宫内膜异位症
130133,N80.804,输尿管子宫内膜异位症
130134,N80.805,膀胱子宫内膜异位症
130135,N80.806,子宫韧带子宫内膜异位症
130136,N80.807,腹膜后子宫内膜异位症
130138,N80.809,胸腔子宫内膜异位症
130139,N80.900,子宫内膜异位症
130140,N81.000,女性尿道膨出
130144,N81.200,子宫阴道不完全性脱垂
130145,N81.201,Ⅰ度子宫脱垂
130146,N81.202,Ⅱ度子宫脱垂
130147,N81.203,宫颈脱垂
130149,N81.301,Ⅲ度子宫脱垂
130150,N81.400,子宫阴道脱垂
130151,N81.500,阴道小肠膨出
130152,N81.500x002,小肠阴道疝
130153,N81.500x003,阴道后疝
130155,N81.601,阴道后壁脱垂
130156,N81.602,阴道后壁脱垂伴直肠膨出
130157,N81.800,女性生殖器脱垂，其他的
112739,C30.004,鼻中隔恶性肿瘤
112740,C30.005,鼻前庭恶性肿瘤
112741,C30.100,中耳恶性肿瘤
112742,C30.101,咽鼓管恶性肿瘤
112743,C30.102,乳突恶性肿瘤
112744,C30.103,内耳恶性肿瘤
112745,C31.000,上颌窦恶性肿瘤
112746,C31.100,筛窦恶性肿瘤
112747,C31.200,额窦恶性肿瘤
112748,C31.300,蝶窦恶性肿瘤
112749,C31.800,鼻旁窦交搭跨越恶性肿瘤的损害
112750,C31.801,筛窦蝶窦恶性肿瘤
112751,C31.900,鼻旁窦恶性肿瘤
112752,C31.900x001,鼻窦恶性肿瘤
112753,C32.000,声门恶性肿瘤
112754,C32.001,声带恶性肿瘤
112755,C32.100,声门上恶性肿瘤
112756,C32.100x004,会厌后面（喉面）恶性肿瘤
112757,C32.101,会厌恶性肿瘤
112758,C32.102,喉外部恶性肿瘤
123179,I83.200,下肢静脉曲张伴有溃疡和炎症
123180,I83.200x001,下肢静脉曲张伴静脉炎和溃疡
123181,I83.900,下肢静脉曲张不伴有溃疡或炎症
123183,I83.901,下肢静脉瘤
123184,I83.902,下肢静脉曲张破裂
123185,I83.903,大隐静脉曲张
123186,I83.904,大隐静脉瘤
123187,I83.905,小隐静脉曲张
123188,I85.000,食管静脉曲张伴有出血
123189,I85.000x001,食管静脉曲张破裂出血
123190,I85.900,食管静脉曲张不伴有出血
123192,I85.901,食管静脉瘤
123194,I86.100,阴囊静脉曲张
123195,I86.101,精索静脉曲张
123196,I86.200,盆腔静脉曲张
123197,I86.201,膀胱静脉曲张
123199,I86.400,胃静脉曲张
123200,I86.400x001,胃底静脉曲张
123201,I86.400x002,胃血管扩张
123202,I86.400x004,胃静脉瘤
123204,I86.800,静脉曲张，其他特指部位的
123205,I86.800x005,颈外静脉扩张
123206,I86.800x010,椎管内静脉曲张
123207,I86.800x011,上肢静脉瘤
123209,I86.800x015,静脉湖
123210,I86.800x017,鼻中隔静脉曲张性溃疡
123211,I86.800x022,乙状结肠静脉瘤
123212,I86.801,颞静脉曲张
123213,I86.802,颞静脉瘤
123214,I86.803,眼眶静脉曲张
123216,I86.805,颈外静脉瘤
123217,I86.806,颈静脉曲张
123218,I86.807,冠状静脉窦扩张
123219,I86.808,肝静脉瘤
123220,I86.809,肝静脉曲张
142652,Z63.500x002,与分居使家庭分裂有关的问题
142653,Z63.500x003,与疏远有关的问题
142654,Z63.600,与需要在家照料的不能独立生活的亲属有关，具有潜在健康问题
142655,Z63.700,与影响家庭和家属的其他充满压力的生活事件有关，具有潜在健康问题
142656,Z63.700x001,与影响家庭和家属的充满压力的生活事件有关的问题
142657,Z63.700x011,与家庭中的酒精中毒有关的问题
142658,Z63.700x021,与家庭中的赌博有关的问题
142659,Z63.700x091,与家中的健康问题有关的问题
142660,Z63.700x092,与患病或受滋扰的家庭成员有关的问题
142661,Z63.700x093,与孤立的家庭有关的问题
142662,Z63.800,与家族有关的其他特指问题，具有潜在健康问题
142663,Z63.800x001,与家庭不和有关的问题
142664,Z63.800x002,与家中表现的高度情绪激动有关的问题
142665,Z63.800x003,与家中交往不足有关的问题
142666,Z63.800x004,与家中交往曲解有关的问题
142667,Z63.900,与家族有关的问题，具有潜在健康问题
142668,Z64.000,与不想要的妊娠有关的问题，具有潜在健康问题
142669,Z64.000x001,与不想要的妊娠有关的问题
142670,Z64.100,与多产有关的问题，具有潜在健康问题
142671,Z64.100x001,与多产有关的问题
142672,Z64.200,寻求和接受躯体、营养和化学性干预措施，这些措施已知是危险和有害的
142674,Z64.400,与顾问不和有关，具有潜在健康问题
142675,Z64.400x001,与监督缓刑犯的官员不和的有关问题
111748,B24.x01,艾滋病
111749,B25.000+J17.1*,巨细胞病毒性肺炎
111750,B25.100+K77.0*,巨细胞病毒性肝炎
111751,B25.101+K77.0*,巨细胞病毒性肝炎伴肝昏迷
111753,B25.800,巨细胞病毒病，其他的
111754,B25.800x001,巨细胞病毒血症
111755,B25.800x002+H19.2*,巨细胞病毒性角膜炎
111756,B25.801+G05.1*,巨细胞病毒性脑炎
111757,B25.802+H32.0*,巨细胞病毒性视网膜炎
111759,B25.900,巨细胞病毒病
111760,B25.900x001,巨细胞病毒感染
111761,B25.900x002,巨细胞包涵体病
111762,B26.000+N51.1*,流行性腮腺炎性睾丸炎
111764,B26.200+G05.1*,流行性腮腺炎性脑炎
111765,B26.201+G05.1*,流行性腮腺炎性脑膜脑炎
111766,B26.202+G05.1*,流行性腮腺炎性脑脊髓炎
111767,B26.300+K87.1*,流行性腮腺炎性胰腺炎
142962,Z89.000x003,后天性单侧拇指缺损
142963,Z89.100,手和腕后天性缺失
142964,Z89.100x001,后天性手和腕缺失
142965,Z89.200,腕以上的上肢后天性缺失
142966,Z89.200x002,后天性肱骨缺失
142967,Z89.300,双上肢(任何水平)后天性缺失
142968,Z89.300x002,后天性双侧指缺失
142969,Z89.400,足和踝后天性缺失
142970,Z89.400x001,后天性足和踝缺失
142971,Z89.401,后天性趾缺失
142972,Z89.500,膝或膝以下小腿后天性缺失
142973,Z89.500x002,后天性小腿缺失
142974,Z89.600,膝以上大腿后天性缺失
142975,Z89.600x001,手术后股骨缺失
142976,Z89.600x002,后天性膝以上大腿缺失
142977,Z89.700,双下肢后天性缺失(任何水平，除外仅趾)
142978,Z89.700x001,后天性双下肢缺失
142979,Z89.800,上肢和下肢后天性缺失(任何水平)
142980,Z89.800x001,后天性上肢和下肢缺失
142981,Z89.900,四肢后天性缺失
142982,Z89.900x001,后天性四肢缺失
142983,Z90.000,头和颈部分后天性缺失
142984,Z90.000x001,后天性头部器官缺失
142985,Z90.000x002,后天性头皮缺失
142986,Z90.000x003,手术后颅骨缺失
142987,Z90.000x004,手术后颌骨缺损
142988,Z90.000x005,后天性上颌骨缺失
142989,Z90.000x006,后天性无眼球
142992,Z90.000x009,后天性喉缺失
142993,Z90.000x010,后天性睫毛缺失
142994,Z90.000x011,后天性睑缘缺失
142995,Z90.000x012,后天性颊的缺损
142996,Z90.000x013,后天性颧骨缺失
142998,Z90.000x015,后天性眼睑缺失
142999,Z90.000x016,后天性颅骨缺损
143000,Z90.000x017,后天性额部缺损
143001,Z90.000x018,后天性颞部缺损
143003,Z90.000x021,后天性唇缺失
143004,Z90.000x022,后天性耳缺损
143005,Z90.000x023,后天性耳廓缺损
143006,Z90.001,眼球摘除术后状态
143007,Z90.002,后天性鼻缺失
143009,Z90.100x001,后天性乳房缺失
123046,I77.204,腹主动脉-空肠瘘
123047,I77.300,动脉纤维肌肉发育异常
123049,I77.300x003,锁骨下动脉纤维肌性结构发育不良
123050,I77.301,肾动脉纤维肌肉发育不良
123051,I77.302,脑血管纤维性肌发育不良
123052,I77.400,腹腔动脉压迫综合征
123054,I77.600,动脉炎
126985,L87.100,反应性穿通性胶原病
126986,L87.200,匐行穿孔性弹性组织变性
126987,L87.800,经表皮排除疾患，其他的
126988,L87.900,经表皮排除疾患
126989,L88.x00,坏疽性脓皮症
126990,L89.000,受压区Ⅰ期压疮
126991,L89.001,骶尾区Ⅰ期压疮
126992,L89.002,坐骨区Ⅰ期压疮
126993,L89.003,股骨区Ⅰ期压疮
126994,L89.004,跟骨区Ⅰ期压疮
121613,I21.200x026,急性前间壁下壁心肌梗死
121614,I21.200x027,急性高侧壁正后壁心肌梗死
121615,I21.200x029,急性下壁侧壁心肌梗死
121616,I21.200x030,急性下后壁右心室心肌梗死
121617,I21.204,急性高侧壁心肌梗死
121618,I21.205,急性正后壁心肌梗死
121619,I21.206,急性右室心肌梗死
121620,I21.207,急性下壁右心室心肌梗死
121621,I21.208,急性下壁正后壁心肌梗死
121622,I21.210,急性侧壁心肌梗死
121623,I21.211,急性前壁下壁心肌梗死
121624,I21.212,急性下壁侧壁正后壁心肌梗死
121625,I21.213,急性多壁心肌梗死
121626,I21.300,急性透壁性心肌梗死
121627,I21.300x003,手术后心肌梗死
121628,I21.300x004,急性ST段抬高型心肌梗死
121629,I21.300x005,围手术期心肌梗死
121630,I21.300x008,支架内血栓相关性心肌梗死
121631,I21.302,冠状动脉旁路术后心肌梗死
121632,I21.303,冠状动脉介入治疗术后心肌梗死
121633,I21.400,急性心内膜下心肌梗死
121634,I21.400x003,急性小灶心肌梗死
121636,I21.402,非透壁性心肌梗死
121637,I21.900,急性心肌梗死
121638,I21.900x001,非冠心病性心肌梗死
121639,I21.901,冠状动脉破裂
121642,I22.000x002,急性广泛前壁再发心肌梗死
121643,I22.000x003,急性前间壁再发心肌梗死
121644,I22.000x004,急性前尖壁再发心肌梗死
121645,I22.000x005,急性前侧壁再发心肌梗死
121647,I22.100x001,急性下壁再发心肌梗死
121648,I22.100x002,急性下后壁再发心肌梗死
121649,I22.100x003,急性下侧壁再发心肌梗死
121651,I22.800x001,急性后壁再发心肌梗死
121652,I22.800x002,急性后间壁再发心肌梗死
121653,I22.800x003,急性间壁再发心肌梗死
121654,I22.800x004,急性侧壁再发心肌梗死
121656,I22.800x006,急性前壁高侧壁再发心肌梗死
123222,I86.811,肾静脉瘤
123223,I86.812,十二指肠静脉曲张伴出血
123224,I86.813,腹壁静脉曲张
123225,I86.814,躯干静脉瘤
123226,I86.815,颈静脉扩张
123227,I86.816,颈内静脉扩张
123228,I87.000,血栓形成后综合征
123229,I87.001,静脉炎后综合征
123230,I87.100,静脉受压
123231,I87.100x003,腔静脉综合征
123232,I87.100x007,上腔静脉梗阻
123233,I87.100x008,锁骨下静脉压迫综合征
123234,I87.100x009,头臂静脉狭窄(无名静脉狭窄)
124318,K00.402,釉质发育不全（新生儿）（生后）（生前）
124319,K00.500,遗传性牙结构紊乱，不可归类在他处者
124320,K00.500x002,壳状牙
124321,K00.501,牙本质发育不全
124322,K00.502,牙生长不全
124323,K00.503,釉质发生不全
124324,K00.600,牙萌出障碍
124325,K00.600x002,诞生牙
124326,K00.600x006,恒牙萌出过迟
124327,K00.600x007,恒牙早萌
124328,K00.600x008,低位乳牙
124329,K00.601,个别乳磨牙早失
123442,J06.800,多个部位的其他急性上呼吸道感染
123443,J06.800x001,急性咽气管炎
123444,J06.900,急性上呼吸道感染
123445,J06.900x001,病毒性上呼吸道感染
123446,J09.x00,被标明的人畜共患或大流行性流感病毒引起的流感
123447,J09.x01,人感染H5N1禽流感
123448,J09.x02,人感染H7N9禽流感
123450,J09.x04+G05.1*,已确认的人畜共病或大流行性流感病毒性脑炎
123451,J09.x05+H67.1*,流感，人畜共患或大流行性流感病毒性中耳炎
123452,J10.000,流行性感冒伴有肺炎，季节性流感病毒
123453,J10.000x001,已知病毒的流感性肺炎
123454,J10.001,甲型H1N1流行性感冒性肺炎
123456,J10.100x001,已知病毒的流行性感冒
123457,J10.100x002,已知病毒的流感性急性上呼吸道感染
123458,J10.100x003,已知病毒的流感性咽炎
123459,J10.100x004,已知病毒的流感性喉炎
123460,J10.100x005,已知病毒的流感性胸膜炎
123462,J10.800,流行性感冒伴有其他表现，季节性流感病毒被标明
123463,J10.800x001+G94.8*,已知病毒的流感性脑病
123465,J10.800x003+I41.1*,已知病毒的流感性心肌炎
123466,J10.801+G94.8*,甲型H1N1型流行性感冒性脑病
123467,J10.802+I41.1*,甲型H1N1型流行性感冒性心肌炎
111769,B26.800x001+M01.5*,流行性腮腺炎性关节炎
111771,B26.800x004,流行性腮腺炎并发胸骨前水肿
111772,B26.800x008+N08.0*,流行性腮腺炎性肾炎
111773,B26.800x009+N74.8*,流行性腮腺炎并发卵巢炎
111774,B26.800x010,流行性腮腺炎并发乳腺炎
111775,B26.800x011,流行性腮腺炎并发甲状腺炎
111776,B26.801+H13.1*,流行性腮腺炎性结膜炎
111777,B26.802+K77.0*,流行性腮腺炎性肝炎
111778,B26.803+I41.1*,流行性腮腺炎并心肌炎
112796,C37.x00,胸腺恶性肿瘤
112797,C38.000,心脏恶性肿瘤
112798,C38.000x004,心室恶性肿瘤
112799,C38.001,心包恶性肿瘤
112800,C38.002,心房恶性肿瘤
112801,C38.100,前纵隔恶性肿瘤
112802,C38.200,后纵隔恶性肿瘤
112803,C38.300,纵隔恶性肿瘤
112804,C38.400,胸膜恶性肿瘤
112805,C38.400x003,胸膜脏层恶性肿瘤
112806,C38.401,胸膜壁层恶性肿瘤
112807,C38.800,心脏、纵隔和胸膜交搭跨越恶性肿瘤的损害
112808,C39.000,上呼吸道的恶性肿瘤
112809,C39.800,呼吸和胸腔内器官交搭跨越恶性肿瘤的损害
112810,C39.801,"鼻腔,鼻窦恶性肿瘤"
112811,C39.900,呼吸系统不明确部位的恶性肿瘤
112812,C39.900x001,呼吸系统恶性肿瘤
112813,C40.000,上肢长骨和肩胛骨恶性肿瘤
112815,C40.001,肩胛骨恶性肿瘤
112816,C40.002,肱骨恶性肿瘤
112817,C40.003,尺骨恶性肿瘤
112818,C40.004,桡骨恶性肿瘤
112819,C40.005,肘关节恶性肿瘤
112820,C40.100,上肢短骨恶性肿瘤
112822,C40.100x007,手关节恶性肿瘤
123248,I87.116,髂总静脉压迫综合征(Cockett综合征)
123249,I87.117,左肾静脉压迫综合征(胡桃夹现象)
123251,I87.119,下肢静脉阻塞
123252,I87.120,精索静脉压迫综合征
123253,I87.121,肝小静脉闭塞病
123255,I87.200x001,慢性周围静脉功能不全
123256,I87.201,下肢静脉功能不全
123257,I87.202,下肢深静脉瓣膜功能不全
123258,I87.800,静脉其他特指的疾患
123259,I87.801,静脉硬化
123260,I87.802,静脉石
123261,I87.803,门静脉海绵样变
123263,I87.805,下肢静脉回流障碍
123264,I87.900,静脉疾患
123265,I88.000,非特异性肠系膜淋巴结炎
123266,I88.000x003,慢性肠系膜淋巴结炎
123055,I77.600x001,大动脉炎
123056,I77.600x004,多发性大动脉炎
123057,I77.600x012,药物性血管炎
123058,I77.600x013,脓疱性血管炎
123059,I77.600x014,重症血管炎
123060,I77.600x015,肺动脉炎
123061,I77.600x016,中枢神经系统血管炎
123062,I77.601,主动脉炎
123063,I77.602,动脉内膜炎
123064,I77.603,血管炎
123065,I77.604,上肢动脉炎
123067,I77.800,动脉和小动脉其他特指的疾患
123068,I77.800x002,主动脉根部病变
123069,I77.800x006,颈动脉溃疡
123070,I77.800x007,锁骨下动脉溃疡
123071,I77.800x008,椎动脉溃疡
123072,I77.800x009,肾动脉溃疡
123073,I77.800x010,腹腔动脉溃疡
123074,I77.800x011,肠系膜动脉溃疡
123075,I77.800x012,腋动脉溃疡
123076,I77.800x013,肱动脉溃疡
123077,I77.800x014,髂动脉溃疡
123078,I77.800x015,股动脉溃疡
123079,I77.800x016,胫动脉溃疡
123080,I77.800x017,胫腓干动脉溃疡
123081,I77.800x018,腓动脉溃疡
123082,I77.800x019,腘动脉溃疡
123083,I77.800x020,升主动脉溃疡
123084,I77.800x021,主动脉弓溃疡
123085,I77.800x022,胸主动脉溃疡
123086,I77.800x024,胸腹主动脉溃疡
123087,I77.801,动脉溃疡
123088,I77.802,腹主动脉溃疡
123089,I77.803,主动脉溃疡
123091,I77.805,后天性腹主动脉畸形
123092,I77.806,主动脉脓肿
123093,I77.807,动脉糜烂
123096,I78.100,非瘤性痣
123097,I78.101,老年痣
123098,I78.102,蜘蛛痣
123099,I78.800,毛细血管疾病，其他的
123101,I78.802,胃肠道毛细血管扩张症
123102,I78.803,毛细血管扩张症
123103,I78.900,毛细血管疾病
124173,J95.003,气管造口术后狭窄
124175,J95.005,气管造口术后气道阻塞
124176,J95.100,胸腔手术后的急性肺功能不全
124177,J95.200,非胸腔手术后的急性肺功能不全
124178,J95.300,手术后慢性肺功能不全
124180,J95.401,吸入性麻醉引起的化学性肺炎
124181,J95.500,操作后的声门下狭窄
126923,L74.200,深部痱
126924,L74.300,痱
126925,L74.400,无汗症
126927,L74.801,红鼻肉芽肿
121657,I22.800x007,急性下壁侧壁正后壁再发心肌梗死
121658,I22.800x008,急性下壁右心室再发心肌梗死
121659,I22.800x009,急性下壁正后壁再发心肌梗死
121660,I22.800x010,急性正后壁再发心肌梗死
122582,I67.900x004+G46.3*,本尼迪克综合征
122583,I67.900x005,脑毛细血管扩张症
122584,I67.901+G46.3*,中脑红核综合征
122585,I67.902+G46.3*,韦伯综合征(大脑脚综合征)
122586,I69.000,蛛网膜下出血后遗症
122587,I69.000x001,蛛网膜下腔出血后遗症
122588,I69.000x002,蛛网膜下腔出血恢复期
122589,I69.000x003,陈旧性蛛网膜下腔出血
121838,I28.800x008,特发性肺动脉扩张
121839,I28.800x010,肺动脉闭塞
121840,I28.801,肺动脉扩张
121841,I28.802,肺静脉狭窄
121842,I28.803,后天性肺动脉狭窄
121843,I28.804,肺静脉闭塞症
121844,I28.900,肺血管未特指的病
121845,I28.900x001,肺血管病
121846,I30.000,急性非特异性特发性心包炎
121847,I30.100,感染性心包炎
121848,I30.100x005,肺炎球菌性心包炎
121849,I30.100x006,急性感染心包积液
121850,I30.100x007,链球菌性心包炎
121851,I30.100x008,葡萄球菌性心包炎
121852,I30.101,化脓性心包炎
121854,I30.103,病毒性心包炎
121855,I30.800,急性心包炎，其他类型的
121856,I30.801,纤维蛋白性心包炎
121857,I30.900,急性心包炎
121859,I30.900x003,急性心肌心包炎
121860,I31.000,慢性粘连性心包炎
121861,I31.000x002,慢性粘连性纵隔心包炎
121862,I31.001,心包粘连
121863,I31.100,慢性缩窄性心包炎
121865,I31.101,心包钙化
121866,I31.200,心包积血，不可归类在他处者
121867,I31.200x001,心包积血
121868,I31.300,心包积液（非炎性）
121870,I31.301,乳糜性心包积液
121871,I31.302,包裹性心包积液
121872,I31.800,心包其他特指的疾病
121873,I31.800x001,心包破裂
121874,I31.800x003,心包积气
121875,I31.900,心包疾病
121876,I31.900x008,纵隔心包炎
121878,I31.900x010,肿瘤性心包炎
121879,I31.901,心包压塞
121880,I31.902,心包炎
121881,I31.903,非特异性心包炎
121882,I31.904,慢性心包炎
123469,J10.804+G05.1*,已确认的季节性流感病毒性脑炎
123470,J10.805+G05.1*,流行性感冒性脑炎，其他流感病毒被标明
123471,J11.000,流行性感冒伴有肺炎，病毒未标明
123472,J11.000x001,未知病毒的流感性肺炎
123473,J11.100,流行性感冒伴有其他呼吸道表现，病毒未标明
123475,J11.100x002,未知病毒的流感性急性上呼吸道感染
123476,J11.100x003,未知病毒的流感性咽炎
123477,J11.100x004,未知病毒的流感性喉炎
123478,J11.100x005,未知病毒的流感性胸膜炎
123479,J11.102,流行性感冒伴胸膜渗漏
123480,J11.800,流行性感冒伴有其他表现，病毒未标明
123481,J11.800x001+G94.8*,未知病毒的流感性脑病
124609,K09.100x003,球上颌囊肿
124610,K09.100x004,口腔发育性（非牙源性）囊肿
124611,K09.100x006,鼻腭囊肿
124612,K09.102,鼻牙槽囊肿
124614,K09.200,颌的其他囊肿
124615,K09.200x001,颌骨囊肿
124616,K09.201,颌出血性囊肿
124617,K09.202,颌动脉瘤性囊肿
124618,K09.203,髁状突囊肿
124619,K09.204,上颌骨囊肿
124620,K09.205,下颌骨囊肿
124621,K09.800,"口区囊肿，其他的,不可归类在他处者"
142470,Z52.001,供干细胞者
142471,Z52.100,供皮者
142472,Z52.200,供骨者
142473,Z52.300,供骨髓者
142474,Z52.300x002,骨髓干细胞供者
142475,Z52.400,供肾者
142477,Z52.600,供肝者
142478,Z52.600x001,供肝脏者
142479,Z52.700,供心者
142480,Z52.800,"器官和组织的供者,其他的"
142482,Z52.900,器官或组织的供者
142483,Z53.000,由于禁忌证而未进行操作
142484,Z53.000x001,因禁忌症未进行操作
142486,Z53.100x001,因信仰或群体压力使病人决定不进行操作
142487,Z53.200,由于其他和未特指原因而使病人决定不进行操作
142488,Z53.200x001,因病人原因未进行操作
142489,Z53.800,由于其他原因而未进行操作
142491,Z53.800x002,因医生原因而未进行操作
142492,Z53.800x003,因医疗条件未进行操作
142493,Z53.900,未进行操作
142494,Z53.900x001,未按计划诊疗
142495,Z53.900x002,维持性救治
142497,Z54.000x002,睑袋术后恢复期
142498,Z54.000x003,吸脂术后恢复期
123267,I88.001,急性肠系膜淋巴结炎
123268,I88.100,慢性淋巴结炎，除外肠系膜
123269,I88.101,慢性颈淋巴结炎
123270,I88.102,慢性颌下淋巴结炎
123271,I88.103,慢性颏下淋巴结炎
123272,I88.104,慢性腮腺淋巴结炎
123273,I88.105,慢性食管旁淋巴结炎
123274,I88.106,慢性肺门淋巴结炎
123275,I88.107,慢性纵隔淋巴结炎
123277,I88.800,非特异性淋巴结炎，其他的
123278,I88.800x001,其他非特异性淋巴结炎
123279,I88.900,非特异性淋巴结炎
123280,I88.900x002,肺门淋巴结炎
123281,I88.900x003,腹股沟淋巴结炎
123282,I88.900x004,颌下淋巴结炎
123283,I88.900x005,颈淋巴结炎
123284,I88.900x006,淋巴结炎
123285,I88.900x007,腮腺肉芽肿性淋巴结炎
123286,I88.900x008,纵隔淋巴结炎
123287,I88.901,反应性淋巴结炎
123288,I89.000,淋巴水肿，不可归类在他处者
123289,I89.000x004,淋巴水肿
123290,I89.000x013,继发性淋巴水肿
123291,I89.000x014,头面部淋巴水肿
123292,I89.000x015,颈部淋巴水肿
123293,I89.000x016,胸壁淋巴水肿
123294,I89.000x017,腹壁淋巴水肿
123295,I89.000x018,会阴淋巴水肿
123296,I89.000x019,阴唇淋巴水肿
123297,I89.000x020,臀部淋巴水肿
123298,I89.000x021,下肢淋巴水肿
123299,I89.000x022,包皮淋巴水肿
124392,K03.603,龈上牙石（龈上垢）
124394,K03.700,牙硬组织萌出后颜色改变
124395,K03.800,牙硬组织疾病，其他特指的
124396,K03.800x001,辐照性牙釉质
124398,K03.800x003,牙隐裂
124399,K03.800x005,牙震荡
124400,K03.801,牙根纵裂
124401,K03.900,牙硬组织疾病
124403,K04.000x007,溃疡性牙髓炎
123491,J12.900,病毒性肺炎
123492,J13.x00,链球菌性肺炎
123493,J14.x00,流感嗜血杆菌性肺炎
123494,J15.000,肺炎杆菌性肺炎
123496,J15.100,假单胞菌性肺炎
123497,J15.101,铜绿假单胞菌性肺炎
123498,J15.200,葡萄球菌性肺炎
123499,J15.300,B族链球菌性肺炎
123500,J15.400,链球菌性肺炎，其他的
123502,J15.500,大肠杆菌性肺炎
123503,J15.600,其他革兰氏阴性细菌性肺炎
123504,J15.600x002,革兰阴性细菌性肺炎
126928,L74.900,外分泌汗腺疾患
126929,L75.000,臭汗症
126930,L75.100,色汗症
126931,L75.200,顶浆分泌腺粟疹
126932,L75.201,福克斯-福代斯病
126933,L75.800,顶浆分泌汗腺疾患，其他的
126935,L80.x00,白癜风
126936,L81.000,炎症后色素沉着过度
126937,L81.100,黄褐斑
126938,L81.200,雀斑
126939,L81.300,咖啡牛乳色斑
126940,L81.400,其他黑色素沉着过度
126941,L81.400x001,着色病
126942,L81.401,黑皮病
126943,L81.402,黑变病
126944,L81.403,焦油性黑变病
126945,L81.404,里尔黑变病
126946,L81.405,雀斑痣
126947,L81.407,中毒性黑变病
126948,L81.500,白斑病，不可归类在他处者
126949,L81.600,黑色素形成减少的其他疾患
126950,L81.601,皮肤异色病
126951,L81.700,着色紫癜性皮肤病
126952,L81.700x002,匍行性血管瘤
126953,L81.701,进行性色素性皮肤病
126954,L81.702,毛细血管扩张性环状紫癜
126955,L81.703,尚贝格色素皮肤病
126956,L81.800,色素沉着其他特指的疾患
126957,L81.800x003,色素分界线
126958,L81.800x005,斑蝥黄沉着
126959,L81.801,铁色素沉着
126960,L81.802,文身色素沉着
126961,L81.803,地方性砷中毒
126962,L81.900,色素沉着的疾患
126963,L82.x00,脂溢性角化病
126964,L82.x01,黑色丘疹性皮肤病
126966,L83.x00,黑棘皮病
126967,L83.x01,融合性网状乳头瘤病
126968,L83.x02,假黑棘皮病
126969,L84.x00,鸡眼和胼胝
126970,L84.x00x001,鸡眼
126972,L84.x01,感染性胼胝
126973,L85.000,获得性鱼鳞癣
126974,L85.100,后天性掌跖角化病(皮肤角化病)
126975,L85.200,点状角化病（掌跖）
126977,L85.800,表皮增厚，其他特指的
126978,L85.801,角化棘皮瘤
126979,L85.803,皮角
126980,L85.804,砷角化病
126983,L87.000,皮肤穿入性毛囊和毛囊周角化病(克尔)
127975,M43.600,斜颈
127976,M43.601,肌性斜颈
127978,M43.800,变形性背部病，其他特指的
127979,M43.801,脊柱旋转不足
127980,M43.802,腰骶关节畸形
127982,M43.804,骶骨畸形
127983,M43.805,尾骨畸形
127984,M43.900,变形性背部病
127985,M43.901,后天性脊柱变形
121884,I33.000x001,恶性心内膜炎
121885,I33.000x004,感染性心内膜炎
121886,I33.000x006,革兰阳性杆菌性心内膜炎
121887,I33.000x007,急性细菌性心内膜炎
121888,I33.000x008,假单胞菌性心内膜炎
121889,I33.000x011,葡萄球菌性心内膜炎
121890,I33.000x012,奥斯勒结节
121891,I33.000x018,HIV性心内膜炎
121892,I33.000x019,吸毒性心内膜炎
121893,I33.000x020,二尖瓣瓣周脓肿
122834,I72.800,动脉的动脉瘤伴夹层，其他特指的
122835,I72.800x023,锁骨下动脉夹层
122836,I72.800x042,腹腔动脉假性动脉瘤
122837,I72.800x051,腹腔干动脉瘤
122839,I72.800x061,肠系膜动脉瘤
122840,I72.800x063,肠系膜动脉夹层
122841,I72.800x072,肝动脉假性动脉瘤
122842,I72.800x093,脾动脉夹层
124255,J98.417,支气管源性囊肿
124256,J98.418,后天性肺疝
124257,J98.500,纵隔疾病，不可归类在他处者
124258,J98.500x001,慢性纵隔炎
124259,J98.500x007,纵隔萎缩(Retractionofmediastinum)
124260,J98.500x008,纵隔肉芽肿
124261,J98.501,急性纵隔炎
124262,J98.502,纵隔感染
124263,J98.503,纵隔炎
124264,J98.504,纵隔疝
124265,J98.505,纵隔囊肿
124266,J98.506,纵隔纤维化
124267,J98.507,纵隔肿物
124268,J98.508,纵隔炎性假瘤
124270,J98.600x001,膈膨升
124271,J98.601,膈肌麻痹
124272,J98.602,膈肌囊肿
124275,J98.800x001,气管肿物
124276,J98.800x003,气管憩室
124277,J98.800x004,大气道狭窄
124278,J98.800x006,气管梗阻
124279,J98.800x007,气管假性淋巴瘤
124281,J98.800x014,气管瘘口狭窄
124282,J98.800x016,气管角化病
124283,J98.800x018,纤毛不动综合征
124284,J98.801,呼吸道梗阻
124285,J98.802,胸腔感染
124287,J98.901,胸腔肿物
124288,K00.000,无牙症
124289,K00.000x003,少牙畸形
124290,K00.000x004,先天缺牙
124291,K00.001,牙齿发育不全
124293,K00.100,额外牙［多生牙］
124294,K00.100x001,多生牙
124295,K00.101,第四臼齿
124297,K00.200x001,巨牙症
124298,K00.200x002,釉珠
142499,Z54.000x004,隆鼻术后恢复期
142500,Z54.000x005,重睑术后恢复期
142501,Z54.000x006,毛发移植术后恢复期
142502,Z54.000x007,瘢痕切除术后恢复期
142503,Z54.000x008,痣切除术后恢复期
142504,Z54.000x009,睑闭合不全矫正术后恢复期
142505,Z54.000x010,开放性外伤术后恢复期
142506,Z54.000x012,面部瘢痕磨削术后恢复期
142507,Z54.000x013,上睑下垂术后恢复期
142508,Z54.000x014,拆线术后恢复期
142509,Z54.000x015,假体取出术后恢复期
142510,Z54.000x016,扩张器植入术后恢复期
142511,Z54.000x017,除皱术后恢复期
142512,Z54.000x018,皮肤异物取出术后恢复期
142513,Z54.000x019,睑外翻术后恢复期
142514,Z54.000x020,隆颏术后恢复期
142515,Z54.000x021,内眦成形术后恢复期
142516,Z54.000x022,骨折术后恢复期
142517,Z54.001,恶性肿瘤术后恢复期
142518,Z54.100,放疗后恢复期
142519,Z54.200,化疗后恢复期
142520,Z54.200x001,恶性肿瘤化学治疗后恢复期
142521,Z54.300,心理治疗后恢复期
142522,Z54.400,骨折治疗后恢复期
142524,Z54.800,恢复期，其他治疗后的
142525,Z54.800x001,风疹恢复期
142526,Z54.800x002,肝炎恢复期
142527,Z54.800x003,脊髓灰质炎恢复期
142528,Z54.800x004,脑外伤恢复期
142529,Z54.800x005,脑炎恢复期
142530,Z54.800x006,沙眼恢复期
142531,Z54.800x007,天花恢复期
142533,Z54.800x009,脑膜炎恢复期
112759,C32.103,假声带恶性肿瘤
112760,C32.104,喉室带恶性肿瘤
112761,C32.200,声门下恶性肿瘤
112762,C32.300,喉软骨恶性肿瘤
112764,C32.900,喉恶性肿瘤
112765,C33.x00,气管恶性肿瘤
112766,C34.000,主支气管恶性肿瘤
112767,C34.000x002,左主支气管恶性肿瘤
112768,C34.000x003,右主支气管恶性肿瘤
112770,C34.100,上叶，支气管或肺的恶性肿瘤
112771,C34.100x003,左肺上叶恶性肿瘤
112772,C34.100x004,右肺上叶恶性肿瘤
112774,C34.102,肺上沟恶性肿瘤
112775,C34.200,中叶，支气管或肺的恶性肿瘤
112776,C34.201,肺中叶恶性肿瘤
112778,C34.300x003,左肺下叶恶性肿瘤
112779,C34.300x004,右肺下叶恶性肿瘤
112780,C34.301,肺下叶恶性肿瘤
123505,J15.600x003,粘质沙雷菌性肺炎
123506,J15.600x005,鲍曼不动杆菌性肺炎
123507,J15.600x006,坂崎肠杆菌性肺炎
123508,J15.601,变形杆菌性肺炎
123509,J15.602,阴沟杆菌性肺炎
123510,J15.700,肺炎支原体性肺炎
123511,J15.800,细菌性肺炎，其他的
123512,J15.800x001,革兰阳性细菌性肺炎
123513,J15.800x002,产气杆菌性肺炎
123514,J15.900,细菌性肺炎
123515,J15.901,细菌性支气管肺炎
123516,J15.902,社区获得性肺炎，非重症
123517,J15.903,社区获得性肺炎，重症
123518,J16.000,衣原体肺炎
123519,J16.800,传染性病原体引起的肺炎，其他特指的
123520,J16.800x001,中东呼吸综合征
123521,J18.000,支气管肺炎
123522,J18.000x001,喘息性支气管肺炎
123523,J18.000x002,毛细管支气管性肺炎
123524,J18.001,弥漫性肺炎
123525,J18.002,支气管肺炎，非重症
123526,J18.100,大叶性肺炎
123527,J18.200,坠积性肺炎
123528,J18.800,"肺炎，其他的,病原体未特指的"
123529,J18.800x001,多重感染的肺炎
123530,J18.800x002,节段性肺炎
123531,J18.800x004,中毒性肺炎
123532,J18.800x006,中叶性肺炎
123534,J18.801,肺泡性肺炎
123535,J18.802,医院获得性肺炎
123536,J18.803,阻塞性肺炎
123537,J18.900,肺炎
123538,J18.901,非典型性肺炎
123539,J18.902,迁延性肺炎
123540,J18.903,重症肺炎
123542,J20.100,流感嗜血杆菌急性支气管炎
123543,J20.200,链球菌急性支气管炎
123544,J20.300,柯萨奇病毒急性支气管炎
123545,J20.400,副流感病毒急性支气管炎
130626,O04.701,医疗性流产并发羊水栓塞
138772,T34.100,颈部冻伤伴有组织坏死
142251,Z43.400x003,T型引流管置换
142816,Z85.006,结肠恶性肿瘤个人史
142818,Z85.008,肝恶性肿瘤个人史
142819,Z85.009,胰腺恶性肿瘤个人史
142820,Z85.100,气管、支气管和肺恶性肿瘤个人史
142821,Z85.101,肺恶性肿瘤个人史
142677,Z64.400x003,与顾问不和的有关问题
142678,Z65.000,与在民事和刑事诉讼程序中定罪、未被监禁有关，具有潜在健康问题
142679,Z65.100,与监禁和其他入狱有关，具有潜在健康问题
142681,Z65.200,与从监狱释放有关的问题，具有潜在健康问题
127986,M45.x00,强直性脊柱炎
127987,M45.x01,类风湿性脊椎炎
122529,I67.100x020,大脑前-前交通动脉瘤
122530,I67.100x021,大脑前动脉近侧段（A1）动脉瘤
122531,I67.100x023,大脑前动脉远侧段（A2-A5）动脉瘤
122532,I67.100x026,椎动脉与基底动脉结合部动脉瘤
122533,I67.100x029,小脑前下动脉动脉瘤
122534,I67.100x030,小脑后下动脉动脉瘤
122535,I67.100x032,后循环动脉瘤
122536,I67.100x033,大脑后动脉动脉瘤
122537,I67.100x035,小脑上动脉动脉瘤
122538,I67.101,"脑动静脉瘘,后天性"
122539,I67.103,后交通动脉瘤
122540,I67.106,颈内动脉海绵窦瘘
122541,I67.107,前交通动脉瘤
122542,I67.108,大脑中动脉瘤
122543,I67.109,脑假性动脉瘤
122544,I67.110,颅内动脉瘤
122545,I67.111,小脑动脉瘤
122547,I67.200x002,皮层下动脉硬化性脑病
122548,I67.200x003,颈动脉斑块
122550,I67.201,动脉硬化性脑病
122551,I67.202,颈内动脉粥样硬化
122552,I67.203,椎动脉粥样硬化
122553,I67.300,进行性血管性脑白质病
122554,I67.301,宾斯旺格病
122555,I67.400,高血压脑病
122556,I67.400x001,高血压性脑病
122557,I67.500,烟雾病
122558,I67.600,颅内静脉系统的非脓性血栓形成
122559,I67.600x003,乙状窦憩室
122561,I67.600x008,非化脓性直窦血栓形成
122562,I67.601,颅内静脉窦非脓性血栓形成
122563,I67.602,横窦非脓性血栓形成
122564,I67.603,海绵窦非脓性血栓形成
122565,I67.604,上矢状窦非脓性血栓形成
122567,I67.606,大脑静脉非脓性血栓形成
122568,I67.700,大脑动脉炎，不可归类在他处者
122569,I67.700x001,脑动脉炎
122571,I67.800,脑血管疾病，其他特指的
122572,I67.800x003,脑血管供血不足
122573,I67.800x004,缺血性脑血管病
122574,I67.800x005,伴有皮层下梗塞和白质脑病的常染色体显性脑动脉病
122575,I67.801,复发性脑血管病
122577,I67.803,脑动脉供血不足
122578,I67.804,脑坏死
122579,I67.805,慢性缺血性脑血管病
123613,J32.800x011,额窦筛窦蝶窦炎
123614,J32.801,上颌窦筛窦炎
123615,J32.802,额筛窦脓肿
123616,J32.803,慢性多鼻窦炎
124299,K00.200x003,过小牙
124300,K00.200x005,牛牙症
124301,K00.200x009,畸形中央尖
124302,K00.200x010,牙内陷
124303,K00.201,双生牙
124304,K00.202,结合齿
124305,K00.203,套叠齿
124306,K00.204,融合齿
124307,K00.205,圆锥齿
124308,K00.206,齿前突
124309,K00.207,齿中突
124310,K00.300,斑釉牙
124311,K00.300x002,无氟釉质不透明
124312,K00.301,氟牙症
124313,K00.400,牙形成障碍
124314,K00.400x001,弯曲牙
124315,K00.400x002,特奈牙
124316,K00.400x004,牙根发育不良
124317,K00.401,区域性牙齿发育异常
121169,H60.400x004,外耳道胆脂瘤
121170,H60.401,外耳肉芽肿
121171,H60.500,急性外耳炎，非感染性
121172,H60.500x006,急性接触性外耳炎
121173,H60.500x007,急性反应性外耳炎
121174,H60.501,外耳湿疹
121175,H60.502,急性光化性外耳炎
121176,H60.503,急性化学性外耳炎
121177,H60.800,外耳炎，其他特指的
121178,H60.801,慢性外耳炎
121179,H60.900,外耳炎
121180,H60.901,外耳道炎
126995,L89.005,足踝区Ⅰ期压疮
126996,L89.006,肩胛区Ⅰ期压疮
126998,L89.008,多处Ⅰ期压疮
126999,L89.100,受压区Ⅱ期压疮
127000,L89.101,骶尾区Ⅱ期压疮
127001,L89.102,坐骨区Ⅱ期压疮
127002,L89.103,股骨区Ⅱ期压疮
127003,L89.104,跟骨区Ⅱ期压疮
127004,L89.105,足踝区Ⅱ期压疮
127005,L89.106,肩胛区Ⅱ期压疮
127006,L89.107,枕骨区Ⅱ期压疮
127008,L89.200,受压区Ⅲ期压疮
127009,L89.201,骶尾区Ⅲ期压疮
127010,L89.202,坐骨区Ⅲ期压疮
127011,L89.203,股骨区Ⅲ期压疮
127013,L89.205,足踝区Ⅲ期压疮
127014,L89.206,肩胛区Ⅲ期压疮
127015,L89.207,枕骨区Ⅲ期压疮
127016,L89.208,多处Ⅲ期压疮
127018,L89.301,骶尾区Ⅳ期压疮
127019,L89.302,坐骨区Ⅳ期压疮
127020,L89.303,股骨区Ⅳ期压疮
127021,L89.304,跟骨区Ⅳ期压疮
127022,L89.305,足踝区Ⅳ期压疮
127024,L89.307,枕骨区Ⅳ期压疮
127025,L89.308,多处Ⅳ期压疮
127026,L89.900,受压区压疮
127027,L90.000,硬化萎缩性苔藓
127029,L90.200,雅达松-佩利扎里皮肤松弛
112781,C34.800,支气管和肺交搭跨越恶性肿瘤的损害
112782,C34.800x001,右肺中上叶恶性肿瘤
112783,C34.800x002,右肺中下叶恶性肿瘤
112784,C34.800x003,左肺上下叶恶性肿瘤
112785,C34.801,肺中上叶恶性肿瘤
112786,C34.802,肺中下叶恶性肿瘤
112787,C34.803,肺上下叶恶性肿瘤
112788,C34.900,支气管或肺恶性肿瘤
112789,C34.900x001,肺恶性肿瘤
112790,C34.900x004,左肺恶性肿瘤
112791,C34.900x005,右肺恶性肿瘤
112792,C34.900x006,双肺恶性肿瘤
112793,C34.900x008,肺多处恶性肿瘤
112794,C34.901,支气管恶性肿瘤
113727,C81.900,霍奇金淋巴瘤，未特指
113728,C81.900x005,皮肤霍奇金淋巴瘤
113729,C82.000,滤泡性淋巴瘤I级
113730,C82.100,滤泡性淋巴瘤II级
113731,C82.200,滤泡性淋巴瘤III级
113732,C82.300,滤泡性淋巴瘤IIIa级
113733,C82.400,滤泡性淋巴瘤IIIb级
113734,C82.500,弥漫性滤泡中心细胞淋巴瘤
113735,C82.600,皮肤滤泡中心细胞淋巴瘤
113736,C82.700,滤泡性淋巴瘤，其他类型的
113737,C82.701,"恶性淋巴瘤,淋巴细胞性,高分化,结节性"
113738,C82.702,"恶性淋巴瘤,淋巴细胞性,中分化,结节性"
113739,C82.703,"恶性淋巴瘤,淋巴细胞性,低分化,结节性"
113740,C82.704,"恶性淋巴瘤,中心母细胞性,滤泡性"
113742,C82.901,"恶性淋巴瘤,滤泡中心性"
113743,C82.903,结节性淋巴瘤，未特指
113744,C83.000,小B细胞淋巴瘤
113746,C83.002,结节边缘区淋巴瘤
113747,C83.003,脾缘区淋巴瘤
113748,C83.004,非白血病B-CLL变异
113749,C83.100,曼特尔细胞淋巴瘤
113750,C83.101,中心细胞性淋巴瘤
124330,K00.602,新生儿牙
124331,K00.603,牙齿萌出过早
124333,K00.605,乳齿过早脱落
124334,K00.608,乳牙滞留
124335,K00.700,出牙综合征
124337,K00.800x002,四环素牙
124338,K00.801,牙齿形成期间颜色改变
124339,K00.900,牙发育疾患
124340,K01.000,埋伏牙
124341,K01.100,阻生牙
124343,K02.001,牙齿白斑点损害
124344,K02.100,牙本质龋
124345,K02.101,乳牙中龋
124346,K02.200,牙骨质龋
124347,K02.300,静止龋
124349,K02.400x001,牙折断
124350,K02.400x002,婴儿黑牙病
142682,Z65.300,与其他法律情况有关的问题逮捕，具有潜在健康问题
142683,Z65.300x001,与逮捕有关的问题
142684,Z65.300x002,与儿童监护有关的问题
142685,Z65.300x003,与诉讼有关的问题
142687,Z65.300x005,与抚养的诉讼程序有关的问题
142688,Z65.400,与犯罪和恐怖主义的受害者有关，具有潜在健康问题
142689,Z65.400x001,与犯罪行为的受害者有关的问题
142690,Z65.400x002,与拷打的受害者有关的问题
142691,Z65.400x003,与恐怖主义的受害者有关的问题
142692,Z65.500,与暴露于灾害、战争和其他敌对行为有关，具有潜在健康问题
142693,Z65.500x001,与暴露于灾害有关的问题
142694,Z65.500x002,与暴露于敌对行为有关的问题
142695,Z65.500x003,与暴露于战争有关的问题
142696,Z65.800,与心理社会情况有关的其他特指问题，具有潜在健康问题
142697,Z65.900,与心理社会情况有关的问题，具有潜在健康问题
142698,Z70.000,与性态度有关的咨询
142699,Z70.100,与病人的性行为和性取向有关的咨询
142700,Z70.200,与第三方的性行为和性取向有关的咨询
142701,Z70.300,综合涉及与性态度、性行为和性取向有关的咨询
142702,Z70.800,性咨询，其他的
142704,Z71.000,代表他人咨询的人
142705,Z71.100,未作诊断而具有恐惧主诉的人
142706,Z71.200,为寻求解释调查结果的人
142708,Z71.400,酒精滥用的咨询和监督
142709,Z71.500,药物滥用的咨询和监督
142710,Z71.600,烟草滥用的咨询
142712,Z71.800,咨询，其他特指的
142713,Z71.900,咨询
142714,Z72.000,与吸烟有关的医疗咨询
142715,Z72.100,与饮酒有关的医疗咨询
142716,Z72.200,与用药有关的医疗咨询
142718,Z72.400,与不恰当的饮食习惯有关的医疗咨询
142719,Z72.500,与高危的性行为有关的医疗咨询
142720,Z72.600,与赌博和打赌有关的医疗咨询
142721,Z72.800,与生活方式有关的其他问题的医疗咨询
142723,Z73.000,与体力耗尽有关的医疗咨询
142724,Z73.100,与个性品质增强有关的医疗咨询
142725,Z73.100x001,与人格特征突出有关的问题
142727,Z73.300,与精神紧张有关的医疗咨询，不可归类在他处者
112823,C40.101,腕骨恶性肿瘤
112824,C40.102,指骨恶性肿瘤
112825,C40.103,掌骨恶性肿瘤
112826,C40.200,下肢长骨恶性肿瘤
112827,C40.200x005,膝关节恶性肿瘤
123618,J32.900x007,鼻窦滴漏综合征
123619,J32.900x008,上颌窦肿物
123620,J32.900x009,筛窦肿物
123621,J32.900x010,额窦肿物
123622,J32.900x011,蝶窦肿物
123623,J32.901,慢性化脓性鼻窦炎
122779,I72.300x012,髂总动脉假性动脉瘤
122780,I72.300x013,髂总动脉夹层
122781,I72.300x021,髂内动脉瘤
122782,I72.300x022,髂内动脉假性动脉瘤
122783,I72.300x023,髂内动脉夹层
122784,I72.300x031,髂外动脉瘤
122785,I72.300x032,髂外动脉假性动脉瘤
122787,I72.301,髂总动脉瘤
122788,I72.302,髂动脉假性动脉瘤破裂
122789,I72.303,髂动脉假性动脉瘤
122790,I72.304,髂动脉瘤破裂
122791,I72.305,髂动脉扩张
122792,I72.400,下肢动脉瘤伴夹层
122793,I72.400x010,下肢动脉瘤
122794,I72.400x030,下肢动脉瘤破裂
122795,I72.400x110,股动脉瘤
122796,I72.400x111,股总动脉瘤
122797,I72.400x112,股深动脉瘤
122798,I72.400x113,股浅动脉瘤
122799,I72.400x121,股总动脉假性动脉瘤
122800,I72.400x122,股深动脉假性动脉瘤
122801,I72.400x123,股浅动脉假性动脉瘤
122802,I72.400x130,股动脉夹层
122803,I72.400x131,股总动脉夹层
122805,I72.400x133,股浅动脉夹层
122806,I72.400x210,胫动脉瘤
122807,I72.400x212,胫前动脉瘤
122808,I72.400x213,胫后动脉瘤
122809,I72.400x220,胫动脉假性动脉瘤
122811,I72.400x223,胫后动脉假性动脉瘤
122812,I72.400x230,胫动脉夹层
122813,I72.400x232,胫前动脉夹层
122814,I72.400x233,胫后动脉夹层
122815,I72.400x310,腓动脉瘤
122817,I72.400x330,腓动脉夹层
122818,I72.400x410,胫腓干动脉瘤
122819,I72.400x420,胫腓干动脉假性动脉瘤
122820,I72.400x430,胫腓干动脉夹层
122822,I72.400x530,腘动脉夹层
122823,I72.401,下肢假性动脉瘤
122824,I72.402,下肢假性动脉瘤破裂
122825,I72.403,股动脉假性动脉瘤破裂
122826,I72.404,股动脉假性动脉瘤
122827,I72.405,腘动脉瘤
122829,I72.500x001,基底动脉瘤
122830,I72.500x002,基底动脉顶端动脉瘤
122831,I72.501,基底动脉瘤伴夹层
127030,L90.300,特发性皮肤萎缩
127031,L90.400,慢性萎缩性肢端皮炎
127032,L90.401,特发性弥漫性皮肤萎缩
127033,L90.500,皮肤瘢痕情况和纤维化
127034,L90.500x006,头皮瘢痕
127035,L90.500x007,枕部瘢痕
127036,L90.500x008,鬓角瘢痕
127037,L90.500x009,面部瘢痕
127038,L90.500x010,额部瘢痕
127039,L90.500x011,颞部瘢痕
127040,L90.500x012,颧部瘢痕
127041,L90.500x013,颌部瘢痕
127042,L90.500x014,颏部瘢痕
127043,L90.500x015,颊部瘢痕
127044,L90.500x016,眼睑瘢痕
127045,L90.500x017,内眦瘢痕
127046,L90.500x018,上睑瘢痕
127047,L90.500x019,下睑瘢痕
127048,L90.500x020,外眦瘢痕
127049,L90.500x021,眼眶瘢痕
127050,L90.500x022,眉部瘢痕
127051,L90.500x023,鼻部瘢痕
127052,L90.500x024,鼻翼瘢痕
127053,L90.500x025,口部瘢痕
127054,L90.500x026,上唇瘢痕
128043,M47.800x032,齿状突骨质增生
128044,M47.801,颈椎关节强硬
128045,M47.802,混合型颈椎病
128047,M47.804,腰椎关节强硬
128048,M47.806,腰骶关节强硬
128049,M47.900,脊椎关节强硬
128050,M47.900x091,脊柱骨关节病
128051,M47.901,肥厚性脊柱炎
128052,M47.902,脊柱变性
128053,M47.903,老年性脊柱炎
128054,M47.904,椎骨关节面破坏
122590,I69.100,脑内出血后遗症
122592,I69.100x002,脑出血恢复期
122593,I69.100x003,陈旧性脑出血
122594,I69.200,非创伤性颅内出血后遗症，其他的
122595,I69.200x001,颅内出血后遗症
122597,I69.300x002,陈旧性脑梗死
122598,I69.300x003,脑梗死恢复期
122599,I69.400,脑卒中后遗症
122601,I69.800x002,脑血管病恢复期
122602,I69.800x003,缺血缺氧性脑病后遗症
122603,I69.801,脑血栓后遗症
122604,I69.802,脑血管病后遗症
122605,I70.000,主动脉的动脉粥样硬化
122606,I70.000x003,主动脉硬化
122608,I70.000x006,主动脉弓粥样硬化
122609,I70.000x007,胸主动脉粥样硬化
122610,I70.000x008,胸腹主动脉粥样硬化
122611,I70.000x009,升主动脉钙化
122613,I70.000x011,胸主动脉钙化
122614,I70.000x012,腹主动脉钙化
124351,K02.400x003,黑牙折断
124352,K02.500,龋齿伴牙髓暴露
124353,K02.800,龋（牙），其他的
124354,K02.800x001,继发龋
124355,K02.800x002,急性龋
124356,K02.800x003,乳牙浅龋
124357,K02.800x005,乳牙深龋
124358,K02.800x006,恒牙浅龋
124359,K02.800x007,恒牙中龋
124360,K02.800x008,恒牙深龋
124361,K02.900,龋（牙）
124363,K02.901,蔓延性龋
124364,K03.000,牙过度磨耗
124365,K03.000x002,牙齿颌面磨损
124366,K03.001,邻面磨损
124367,K03.100,牙磨损
124368,K03.100x001,牙齿磨损
124369,K03.101,牙齿楔状缺损
124370,K03.102,净齿剂牙磨损
124371,K03.103,习惯性牙磨损
124372,K03.104,职业性牙磨损
124373,K03.105,宗教仪式性牙磨损
124374,K03.106,传统性牙磨损
124375,K03.200,牙腐蚀
124376,K03.200x002,牙酸蚀病
124377,K03.201,特发性牙腐蚀
124378,K03.202,药物性牙腐蚀
124379,K03.203,职业性牙腐蚀
124380,K03.204,持续性呕吐致牙腐蚀
124381,K03.300,牙病理性吸收
124382,K03.300x001,牙髓内部肉芽肿
124383,K03.300x002,牙根外吸收
124384,K03.300x003,牙内吸收
124385,K03.400,牙骨质增生
124386,K03.401,齿槽骨质增生
124387,K03.500,牙骨粘连
124388,K03.600,牙齿沉积物［增积物］
124389,K03.600x001,牙齿变色
124390,K03.601,牙石
124391,K03.602,龈下牙石（龈下垢）
121238,H69.900,咽鼓管疾患
121239,H70.000,急性乳突炎
121240,H70.000x007,乳突脓肿
121241,H70.000x009,急性乳突积脓
121242,H70.001,耳后脓肿
121243,H70.002,急性化脓性乳突炎
121245,H70.004,乳突囊肿
121247,H70.101,耳后瘘管
121248,H70.102,乳突骨疽
121249,H70.103,乳突瘘
121250,H70.200,岩锥炎
124623,K09.801,腮腺淋巴上皮囊肿
124624,K09.804,颏部皮样囊肿
124625,K09.805,颊囊肿
124626,K09.806,口腔表皮样囊肿
124627,K09.807,口腔皮样囊肿
124628,K09.808,口腔黏液腺囊肿
124629,K09.809,口腔淋巴上皮囊肿
124631,K09.900x001,口腔囊肿
124632,K10.000,颌的发育性疾患
124633,K10.000x002,腭隆凸
112828,C40.201,股骨恶性肿瘤
112830,C40.203,腓骨恶性肿瘤
112831,C40.300,下肢短骨恶性肿瘤
112832,C40.300x003,踝骨恶性肿瘤
112833,C40.300x004,距骨恶性肿瘤
112834,C40.300x005,跟骨恶性肿瘤
112835,C40.300x009,足骨恶性肿瘤
112836,C40.300x010,踝关节恶性肿瘤
112837,C40.300x011,足关节恶性肿瘤
112838,C40.301,髌骨恶性肿瘤
112839,C40.302,跗骨恶性肿瘤
112840,C40.303,趾骨恶性肿瘤
112841,C40.304,跖骨恶性肿瘤
112842,C40.800,四肢骨和关节软骨交搭跨越恶性肿瘤的损害
112843,C40.900,四肢骨和关节软骨恶性肿瘤
112844,C40.900x001,四肢骨恶性肿瘤
112845,C40.901,四肢关节软骨恶性肿瘤
112846,C41.000,颅骨和面骨恶性肿瘤
112847,C41.000x018,颅骨恶性肿瘤
112848,C41.000x019,斜坡恶性肿瘤
112849,C41.000x020,舌骨恶性肿瘤
112850,C41.000x021,犁骨恶性肿瘤
112851,C41.000x023,颚骨恶性肿瘤
112852,C41.000x025,鼻甲骨恶性肿瘤
112853,C41.000x027,颌面骨恶性肿瘤
112854,C41.001,面骨恶性肿瘤
112855,C41.002,额骨恶性肿瘤
112856,C41.003,顶骨恶性肿瘤
112857,C41.004,枕骨恶性肿瘤
112858,C41.005,蝶骨恶性肿瘤
112859,C41.006,筛骨恶性肿瘤
112860,C41.007,颞骨恶性肿瘤
112861,C41.008,眶骨恶性肿瘤
113785,C84.400,周围T细胞淋巴瘤，不可分类在他处
113787,C84.401,血管免疫母细胞性T-细胞淋巴瘤
113788,C84.402,外周T-细胞淋巴瘤，多形性小细胞
113789,C84.403,外周T-细胞淋巴瘤，多形性中等细胞和大细胞
113791,C84.405,"外周T-细胞淋巴瘤,AILD"
113792,C84.406,Lennert淋巴瘤
113793,C84.407,淋巴上皮样淋巴瘤
113795,C84.500x004,儿童系统性EBV阳性T细胞增殖性疾病
113797,C84.500x016,原发皮肤CD4+小/中多形性T细胞淋巴瘤
113798,C84.502,皮肤淋巴瘤
113799,C84.600,间变性大细胞淋巴瘤，ALK阳性
113800,C84.601,间变性大细胞淋巴瘤，CD30阳性
113802,C84.800,皮肤T细胞淋巴瘤，未特指
113803,C84.900,成熟T/NK细胞淋巴瘤，未特指
113804,C84.901,T/NK细胞淋巴瘤，未特指
113805,C85.100,B-细胞淋巴瘤
113806,C85.100x010,富T细胞/富组织细胞大B细胞淋巴瘤
122832,I72.600,椎动脉瘤伴夹层
122833,I72.600x002,椎动脉动脉瘤
123907,J45.900x013,支气管哮喘（未控制）
123908,J45.900x021,支气管哮喘（急性发作期）
123909,J45.900x023,支气管哮喘（临床缓解期）
123910,J45.900x031,支气管哮喘（间歇发作）
123912,J45.901,哮喘性支气管炎
123913,J45.902,迟发型哮喘
123914,J45.903,支气管哮喘，非危重
123915,J46.x00,哮喘持续状态
124182,J95.501,手术后喉狭窄
124183,J95.800,操作后的呼吸性疾患，其他的
124184,J95.800x001,气管插管后喉水肿
124185,J95.800x004,手术操作后呼吸衰竭
124186,J95.800x009,主支气管吻合口狭窄
124187,J95.800x010,气管吻合口狭窄
124188,J95.800x012,手术后气管食管瘘
124189,J95.800x013,手术后气管瘘
124190,J95.800x016,手术后脓胸
124191,J95.800x021,手术后成人呼吸窘迫综合症
124192,J95.801,手术后胸腔积液
124193,J95.802,呼吸机相关性肺炎
124194,J95.803,空鼻综合征
124195,J95.804,手术后气胸
124196,J95.805,手术后喉水肿
124197,J95.806,手术后声带麻痹
124198,J95.807,手术后声带粘连
124199,J95.808,手术后气管狭窄
124200,J95.809,手术后喉粘连
124201,J95.810,手术后支气管吻合口狭窄
124202,J95.811,手术后肺水肿
124203,J95.900,呼吸性疾患，操作后的
124204,J96.000,急性呼吸衰竭
124206,J96.900,未特指的呼吸衰竭
124207,J96.900x001,呼吸衰竭
124208,J96.900x002,I型呼吸衰竭
124209,J96.900x003,Ⅱ型呼吸衰竭
124211,J98.000x009,支气管软化
124212,J98.000x011,支气管痉挛
124213,J98.000x012,气管支气管肥大症
124214,J98.000x013,气管支气管软骨骨形成症
124215,J98.001,支气管黏膜纤维组织增生
124217,J98.003,支气管结石
124218,J98.004,支气管息肉
124219,J98.005,支气管狭窄
124220,J98.006,支气管肉芽肿
124221,J98.007,支气管溃疡
124223,J98.009,支气管阻塞
124225,J98.011,支气管囊肿
124226,J98.100,肺萎陷
124227,J98.101,肺不张
124229,J98.200,间质性肺气肿
124230,J98.201,纵隔气肿
124231,J98.300,代偿性肺气肿
124232,J98.400,肺的其他疾患
122615,I70.000x013,胸腹主动脉钙化
122616,I70.001,主动脉钙化
122617,I70.002,腹主动脉粥样硬化
122618,I70.003,升主动脉狭窄
122619,I70.004,髂总动脉粥样硬化
122620,I70.010,主动脉的动脉粥样硬化伴坏疽
122621,I70.011,主动脉钙化伴坏疽
122622,I70.012,腹主动脉粥样硬化伴坏疽
122623,I70.013,升主动脉狭窄伴坏疽
122624,I70.014,髂总动脉粥样硬化伴坏疽
122625,I70.100,肾动脉的动脉粥样硬化
122626,I70.100x002,肾动脉动脉硬化症
122627,I70.101,肾动脉狭窄
122628,I70.102,移植肾动脉狭窄
122629,I70.110,肾动脉动脉粥样硬化伴坏疽
122630,I70.111,肾动脉狭窄伴坏疽
122631,I70.112,移植肾动脉狭窄伴坏疽
122632,I70.200,四肢动脉的动脉粥样硬化
122633,I70.200x002,肢体动脉硬化
122634,I70.200x004,肢体闭塞性动脉硬化
122635,I70.200x005,动脉中层硬化症
122636,I70.200x011,肢体动脉粥样硬化伴间歇性跛行
122637,I70.200x021,肢体动脉粥样硬化伴疼痛
122638,I70.200x031,肢体动脉粥样硬化伴溃疡
122639,I70.200x061,肱动脉粥样硬化
122640,I70.200x062,股动脉粥样硬化
122641,I70.200x063,腘动脉粥样硬化
122642,I70.200x064,胫动脉粥样硬化
123688,J35.000,慢性扁桃体炎
123689,J35.100,扁桃体肥大
123690,J35.200,腺样体肥大
123693,J35.800x008,扁桃体瘢痕
123694,J35.800x009,腺样体瘢痕
123695,J35.801,扁桃体残体
123696,J35.802,扁桃体溃疡
123697,J35.803,扁桃体囊肿
123698,J35.804,扁桃体结石
122843,I72.800x101,腋动脉瘤
122845,I72.800x103,腋动脉夹层
122846,I72.800x111,支气管动脉瘤
122847,I72.800x121,脊髓前动脉瘤
122848,I72.800x131,胃十二指肠动脉瘤
122850,I72.800x142,肠系膜上动脉假性动脉瘤
122851,I72.800x151,胰十二指肠动脉瘤
122852,I72.801,肠系膜上动脉夹层动脉瘤
122853,I72.802,肠系膜上动脉动脉瘤
122854,I72.803,眶内动脉瘤
122856,I72.805,锁骨下动脉假性动脉瘤
122857,I72.806,无名动脉瘤
122858,I72.807,胃十二指肠动脉假性动脉瘤
122860,I72.809,肝动脉瘤
122861,I72.811,脾动脉瘤
122862,I72.812,脾动脉假性动脉瘤
124634,K10.000x003,颌的潜伏性骨囊肿
124635,K10.000x004,斯塔夫尼囊肿
124636,K10.001,下颌隆凸
124637,K10.002,腭裂手术后畸形
124638,K10.100,中心性巨细胞肉芽肿
124639,K10.100x001,颌骨中枢性巨细胞病变
124640,K10.100x003,颌下区肉芽肿
124641,K10.101,颌骨巨细胞修复性肉芽肿
124642,K10.102,颌骨巨细胞肉芽肿
124643,K10.103,颌肉芽肿
124644,K10.200,颌的炎性情况
124645,K10.200x009,新生儿颌骨骨髓炎
124646,K10.201,放射性颌骨坏死
124647,K10.202,颌骨骨髓炎
124648,K10.203,颌骨放射性骨髓炎
124649,K10.204,颌骨炎性增生
124650,K10.205,颌骨骨炎
124651,K10.206,颌骨死骨
124652,K10.207,化脓性颌骨髓炎
124653,K10.208,髁状突炎
124654,K10.209,慢性下颌骨边缘性骨髓炎
124655,K10.210,慢性下颌骨中央性骨髓炎
124656,K10.211,慢性颌骨炎
124657,K10.212,下颌炎性窦道
124658,K10.213,下颌骨局限坏死
124659,K10.214,翼腭窝炎
124660,K10.300,颌的牙槽炎
124661,K10.300x003,颌骨牙槽炎
124662,K10.301,牙槽骨骨炎
124663,K10.302,干槽症
124664,K10.800,颌的疾病，其他特指的
124665,K10.800x002,腭血肿
124666,K10.800x005,颌骨纤维异常增殖症
124667,K10.800x006,颌骨骨质增生
124668,K10.800x008,家族性巨颌症
124669,K10.800x010,颌骨单侧髁突增生
124671,K10.800x012,髁突肥大
124672,K10.801,单侧髁状突肥大
124673,K10.802,髁状突骨疣
124674,K10.803,后天性腭畸形
124675,K10.804,颌骨纤维结构发育不良
124676,K10.805,颌外生性骨疣
124678,K10.809,颌部瘤样纤维组织增生
124679,K10.900,颌的疾病
121483,I08.801,二尖瓣狭窄及关闭不全肺动脉瓣关闭不全
121485,I08.901,风湿性联合瓣膜病
121486,I09.000,风湿性心肌炎
121487,I09.100,瓣膜风湿性心内膜疾病
121488,I09.100x001,慢性风湿性心内膜炎
121489,I09.100x002,慢性风湿性心瓣膜炎
121491,I09.200x001,风湿性粘连性心包炎
142534,Z54.800x010,肺炎恢复期
142535,Z54.900,"恢复期,治疗后的"
142536,Z54.900x001,治疗后恢复期
142538,Z55.100,与得不到和未完成教育有关，具有潜在健康问题
124406,K04.002,慢性牙髓炎
124407,K04.006,可逆性牙髓炎
124408,K04.007,不可逆性牙髓炎
124409,K04.100,牙髓坏死
124410,K04.101,牙髓坏疽
124411,K04.200,牙髓变性
124412,K04.200x003,牙髓钙化
124413,K04.201,牙髓石
124414,K04.300,牙髓异常硬组织形成
124415,K04.400,急性牙髓源性根尖牙周炎
124416,K04.401,急性根尖周炎
124417,K04.500,慢性根尖牙周炎
124418,K04.500x001,慢性根尖周炎
124419,K04.501,根尖肉芽肿
124420,K04.600,根尖周脓肿伴有窦道
124421,K04.700,根尖周脓肿不伴有窦道
124422,K04.701,根尖脓肿
124423,K04.702,牙槽脓肿
124424,K04.703,剩余牙根脓肿
124425,K04.800,牙根囊肿
124426,K04.801,根尖囊肿
124427,K04.802,根尖周囊肿
124428,K04.803,残余牙根囊肿
124429,K04.900,牙髓和根尖周组织其他和未特指的疾病
124430,K04.901,牙髓和根尖周组织疾病
124431,K04.902,牙周牙髓综合征
124432,K05.000,急性龈炎
124433,K05.000x002,急性龈乳头炎
124434,K05.100,慢性龈炎
124435,K05.100x005,龈炎
124436,K05.100x008,青春期龈炎
124437,K05.100x010,龈乳头炎
124438,K05.100x011,菌斑性龈炎
124439,K05.100x012,萌出性龈炎
124440,K05.100x013,浆细胞龈炎
124441,K05.101,化脓性牙龈炎
124444,K05.104,边缘性龈炎
124445,K05.105,肥大性龈炎
124446,K05.106,脱屑性龈炎
124447,K05.200,急性牙周炎
124449,K05.201,牙周脓肿
124450,K05.202,牙冠周脓肿
124451,K05.203,牙龈脓肿
124452,K05.204,急性冠周炎
124453,K05.300,慢性牙周炎
124454,K05.300x002,复合性牙周炎
124456,K05.400,牙周变性
124457,K05.400x002,幼年牙周变性
124458,K05.500,牙周疾病，其他的
124459,K05.500x001,咬合创伤
124461,K05.500x003,根分歧病变
124462,K05.500x005,种植体周围炎
124463,K05.600,牙周病
124464,K06.000,牙龈退缩
121308,H81.300,周围性眩晕，其他的
121310,H81.302,耳源性眩晕
121311,H81.303,前庭周围性眩晕
121312,H81.400,中枢性眩晕
121313,H81.400x003,中枢性位置性眼球震颤
121314,H81.800,前庭功能的其他疾患
124233,J98.400x001,肺病
124234,J98.400x005,肺厚壁空洞
124235,J98.400x008,肺假性肿瘤
124236,J98.400x012,过敏性支气管肺疾患
124237,J98.400x013,炎症性损毁肺
124239,J98.400x019,血管炎性肺损害
124240,J98.401,多囊肺
124241,J98.402,肺不典型增生
121102,H54.601,单眼视力低下
121103,H54.900,视力缺损，双眼
121104,H55.x00,眼震和其他不规则眼运动
121105,H55.x00x001,先天性眼球震颤
121106,H55.x00x002,眼球震颤
121107,H55.x00x005,隐性眼球震颤
121108,H55.x01,不规则眼运动
121109,H57.000,瞳孔功能异常
121110,H57.000x003,虹膜麻痹
121111,H57.001,瞳孔缩小
127988,M45.x02,萎缩性脊柱炎
127989,M45.x03+H22.1*,强直性脊柱炎伴虹膜睫状体炎
127990,M46.000,脊柱肌腱端病
127991,M46.000x093,棘间韧带发育不良
127992,M46.000x094,棘上韧带炎
127993,M46.001,颈椎肌腱端炎
127994,M46.002,胸椎肌腱端炎
127995,M46.003,腰椎肌腱端炎
127996,M46.004,颈椎棘上韧带炎
127997,M46.100,骶髂关节炎，不可归类在他处者
127998,M46.200,椎骨骨髓炎
127999,M46.200x021,颈椎骨髓炎
128000,M46.200x041,胸椎骨髓炎
128001,M46.200x061,腰椎骨髓炎
128002,M46.300,椎间盘感染（脓性）
128004,M46.300x041,胸椎间盘感染
128005,M46.300x061,腰椎间盘感染
128006,M46.301,化脓性胸椎间盘感染
128007,M46.302,化脓性腰椎间盘感染
128009,M46.401,颈椎椎间盘炎
128010,M46.402,胸椎椎间盘炎
128011,M46.403,腰椎椎间盘炎
128012,M46.500,感染性脊椎病，其他的
128014,M46.500x092,化脓性脊柱炎
128015,M46.501,颈椎脓肿
128016,M46.502,胸椎脓肿
128017,M46.503,腰椎脓肿
128018,M46.504,骶尾椎脓肿
128020,M46.800x091,肥大性脊柱炎
128021,M46.800x093,变形性脊柱炎
128023,M46.803,增生性脊柱炎
128024,M46.900,炎性脊椎病
128026,M47.001+G99.2*,椎动脉型颈椎病
128027,M47.002+G99.2*,椎动脉压迫综合征
128028,M47.003+G99.2*,脊髓前动脉压迫综合征
128029,M47.100,脊椎关节强硬伴有脊髓病，其他的
128030,M47.101+G99.2*,脊髓型颈椎病
122863,I72.813,腹腔动脉瘤
122864,I72.814,腹腔干动脉假性动脉瘤
122865,I72.815,腹腔动脉瘤破裂
122866,I72.816,腹腔动脉夹层动脉瘤
122867,I72.900,动脉瘤伴夹层
122868,I72.900x002,肢端小动脉扩张
122869,I72.900x003,动脉瘤
122871,I72.901,假性动脉瘤
122872,I73.000,雷诺综合征
122873,I73.001,雷诺现象
122874,I73.100,血栓闭塞性血管炎［伯格］
122875,I73.800,周围血管疾病，其他特指的
122876,I73.800x001,股绀红皮病
122877,I73.800x003,四肢供血不足
122878,I73.800x006,肢端血管功能失调
122879,I73.800x007,腘动脉陷迫综合征
122880,I73.800x008,肢端发绀
122881,I73.802,上肢缺血
122882,I73.803,下肢缺血
122883,I73.804,红斑性肢痛症
122884,I73.805,肢端绀红皮病
122885,I73.900,周围血管疾病
122886,I73.901,间歇性跛行
122887,I73.902,血管痉挛
122888,I73.903,动脉痉挛
122889,I74.000,腹主动脉栓塞和血栓形成
122890,I74.000x003,勒里施综合征(Leriche综合征)
122891,I74.001,腹主动脉栓塞
122892,I74.002,腹主动脉血栓形成
122893,I74.003,主动脉分叉综合征
122894,I74.004,平肾腹主动脉闭塞
122895,I74.005,肾下腹主动脉闭塞
122896,I74.006,腹主动脉闭塞
122897,I74.100,主动脉的栓塞和血栓形成，其他部位
122898,I74.101,主动脉栓塞
123973,J63.800x003,电焊工尘肺
123974,J63.800x005,云母尘肺
123975,J63.800x009,锑尘肺
123976,J63.800x010,钡尘肺
123977,J63.800x011,硬金属肺病
123979,J63.800x013,水泥尘肺贰期
123980,J63.800x014,水泥尘肺叁期
123981,J63.800x015,铸工尘肺壹期
123982,J63.800x016,铸工尘肺贰期
121182,H61.001,慢性结节性耳轮软骨皮炎
121183,H61.100,耳廓非感染性疾患
121184,H61.100x002,后天性耳廓畸形
121186,H61.100x006,烧伤后小耳畸形
121188,H61.100x009,耳廓瘢痕
121189,H61.101,后天性外耳畸形
121190,H61.102,耳廓瘘
121191,H61.103,耳廓假性囊肿
121193,H61.105,耳廓肿物
121194,H61.200,耵聍栓塞
121195,H61.300,后天性外耳道狭窄
121196,H61.800,外耳其他特指的疾患
142539,Z55.200,与考试不及格有关，具有潜在健康问题
142540,Z55.300,与在校学习落后有关，具有潜在健康问题
142541,Z55.400,与教育失调及与教师和同学不和有关，具有潜在健康问题
142542,Z55.800,与教育和文化素养有关的其他问题，具有潜在健康问题
142543,Z55.900,与教育和文化素养有关的问题，具有潜在健康问题
142544,Z56.000,与失业有关，具有潜在健康问题
142545,Z56.100,与换工作有关，具有潜在健康问题
142546,Z56.200,与失业威胁有关，具有潜在健康问题
142547,Z56.300,与紧张的工作进度有关，具有潜在健康问题
142548,Z56.400,与老板和同事不和有关，具有潜在健康问题
142549,Z56.500,与不合意的工作有关，具有潜在健康问题
142550,Z56.600,与工作有关的其他身体和精神紧张，具有潜在健康问题
142551,Z56.700,与就业有关的其他的问题，具有潜在健康问题
142552,Z57.000,职业性暴露于噪声
142553,Z57.100,职业性暴露于辐射
142554,Z57.200,职业性暴露于粉尘
142555,Z57.201,接触粉尘
142556,Z57.300,职业性暴露于其他大气污染
142557,Z57.400,职业性暴露于农业毒物
142558,Z57.500,职业性暴露于其他工业毒物
142559,Z57.501,接触锰
142560,Z57.502,接触苯
142562,Z57.504,接触汞
142563,Z57.505,接触二氯乙烷
142564,Z57.506,接触甲苯二异氢酸
142565,Z57.507,接触二氯油硝基苯
142567,Z57.600,职业性暴露于极端温度
142568,Z57.700,职业性暴露于振动
142569,Z57.800,职业性暴露于其他危险因素
142571,Z58.000,暴露于噪声，具有潜在健康问题
142572,Z58.100,暴露于大气污染，具有潜在健康问题
142574,Z58.300,暴露于土壤污染，具有潜在健康问题
142576,Z58.500,暴露于其他污染，具有潜在健康问题
142577,Z58.600,饮用水供应不足，具有潜在健康问题
142579,Z58.800,与外界环境有关的其他问题，具有潜在健康问题
142580,Z58.900,与外界环境有关的问题，具有潜在健康问题
142581,Z59.000,与无家可归有关，具有潜在健康问题
142583,Z59.100,与住房不足有关，具有潜在健康问题
142584,Z59.200,与邻居、房客和房东不和有关，具有潜在健康问题
142585,Z59.300,与在公共机构居住有关，具有潜在健康问题
113752,C83.300,弥漫性大B细胞淋巴瘤
113753,C83.300x006,原发中枢神经系统弥漫大B细胞淋巴瘤
121315,H81.900,前庭功能疾患
121316,H81.901,眩晕综合征
121317,H81.902,前庭系统病变
121318,H83.000,迷路炎
121319,H83.000x001,迷路炎(内耳炎)
121320,H83.000x002,迷路周围炎
142822,Z85.200,呼吸和胸腔内器官，其他的恶性肿瘤个人史
142823,Z85.201,呼吸系统恶性肿瘤个人史
142824,Z85.203,鼻窦恶性肿瘤个人史
142825,Z85.204,喉恶性肿瘤个人史
142826,Z85.205,胸腺恶性肿瘤个人史
142827,Z85.300,乳房恶性肿瘤个人史
142828,Z85.300x001,乳腺恶性肿瘤史
142829,Z85.400,生殖器官恶性肿瘤个人史
142830,Z85.400x003,子宫恶性肿瘤史
142831,Z85.400x008,附睾恶性肿瘤史
142832,Z85.401,外阴恶性肿瘤个人史
142833,Z85.402,子宫内膜恶性肿瘤个人史
142834,Z85.403,宫颈恶性肿瘤个人史
142835,Z85.404,卵巢恶性肿瘤个人史
142836,Z85.406,绒毛膜癌个人史
142837,Z85.407,前列腺恶性肿瘤个人史
142838,Z85.408,阴茎恶性肿瘤个人史
142839,Z85.409,睾丸恶性肿瘤个人史
142840,Z85.500,泌尿道恶性肿瘤个人史
142841,Z85.500x002,肾盂恶性肿瘤史
142842,Z85.501,肾恶性肿瘤个人史
142843,Z85.502,输尿管恶性肿瘤个人史
142844,Z85.503,膀胱恶性肿瘤个人史
142845,Z85.600,白血病个人史
142846,Z85.600x001,白血病史
142848,Z85.700x001,多发性骨髓瘤史
142849,Z85.701,恶性淋巴瘤个人史
142850,Z85.800,"器官和系统恶性肿瘤个人史,其他的"
142851,Z85.800x002,口底恶性肿瘤史
142852,Z85.800x003,口咽恶性肿瘤史
142853,Z85.800x005,下咽部恶性肿瘤史
142855,Z85.800x011,恶性黑色素瘤史
142856,Z85.801,脑恶性肿瘤个人史
142857,Z85.802,口腔恶性肿瘤个人史
142858,Z85.803,舌恶性肿瘤个人史
142860,Z85.805,扁桃体恶性肿瘤个人史
142861,Z85.806,腮腺恶性肿瘤个人史
142862,Z85.807,胸内恶性肿瘤个人史
142863,Z85.808,腹膜恶性肿瘤个人史
142865,Z85.810,皮肤恶性肿瘤个人史
142866,Z85.900,恶性肿瘤个人史
142867,Z86.000,肿瘤个人史，其他的
142868,Z86.001,宫颈原位肿瘤个人史
142870,Z86.003,恶性葡萄胎个人史
142871,Z86.100,传染病和寄生虫病个人史
142872,Z86.100x021,脊髓灰质炎病史
142873,Z86.100x031,疟疾病史
128031,M47.102+G99.2*,胸椎关节强硬伴脊髓病
128032,M47.103+G99.2*,腰椎关节强硬伴脊髓病
128033,M47.104+G99.2*,脊椎关节强硬伴脊髓病
128034,M47.200,脊椎关节强硬伴有神经根病，其他的
128035,M47.201,神经根型颈椎病
128036,M47.202,交感神经型颈椎病
128037,M47.203,神经根型胸椎病
128038,M47.204,神经根型腰椎病
128039,M47.205,颈-心综合征
128040,M47.800,脊椎关节强硬，其他的
128041,M47.800x024,食管型颈椎病
128042,M47.800x031,脊柱关节滑膜嵌顿
129029,M89.820,骨外露
129030,M89.821,创伤后骨膜下骨化
129031,M89.823,骨痛
129033,M89.825,骨膜骨赘形成
129034,M89.900,骨疾患
129035,M89.900x063,膝股骨内侧骨疣
129036,M89.900x072,趾骨肿物
129037,M89.900x091,外生骨疣
129038,M89.900x101,桡骨病变
129039,M89.900x102,骶骨病变
129040,M89.900x103,髂骨病变
129041,M89.900x104,距骨病变
123624,J32.902,慢性牙源性鼻窦炎
123625,J32.903,鼻窦瘘
123626,J32.904,鼻窦肉芽肿
123627,J32.905,鼻窦脓肿
123628,J32.906,鼻窦肿物
123629,J33.000,鼻腔息肉
123630,J33.000x002,鼻咽部毛息肉
123631,J33.001,鼻咽息肉
123632,J33.002,鼻中隔息肉
123633,J33.003,鼻后孔息肉
123634,J33.100,鼻窦息肉样退行性变
123635,J33.800,鼻窦息肉，其他的
123636,J33.800x002,额窦息肉
123638,J33.802,鼻甲息肉
123639,J33.803,蝶窦息肉
123640,J33.804,筛窦息肉
123641,J33.805,上颌窦息肉
123642,J33.900,鼻息肉
123644,J34.000x004,鼻坏死
123645,J34.000x010,鼻中隔肉芽肿
123646,J34.001,鼻部脓肿
123647,J34.002,鼻疖
123648,J34.003,鼻溃疡
123649,J34.004,鼻痈
123651,J34.006,鼻中隔溃疡
123652,J34.007,鼻中隔脓肿
123653,J34.008,鼻蜂窝织炎
123656,J34.101,蝶窦囊肿
123657,J34.102,额窦囊肿
123658,J34.103,筛窦囊肿
123659,J34.104,上颌窦囊肿
123660,J34.105,鼻囊肿
123661,J34.106,鼻窦囊肿
123663,J34.108,鼻前庭囊肿
123664,J34.200,鼻中隔偏曲
123665,J34.300,鼻甲肥大
111888,B37.700,念珠菌性脓毒症
111889,B37.700x001,念珠菌脓毒症
111890,B37.800,念珠菌病，其他部位的
111891,B37.800x083,呼吸道念珠菌感染
111892,B37.800x084,念珠菌性唇炎
111893,B37.800x085,脑念珠菌感染
111894,B37.800x088,念珠菌性扁桃体炎
111895,B37.800x089+M01.6*,念珠菌性髋关节炎
111896,B37.800x090,腰椎念珠菌感染
111897,B37.800x091,念珠菌性腹膜炎
111898,B37.801,念珠菌性眼内炎
111899,B37.802,念珠菌性中耳炎
111900,B37.803,支气管念珠菌感染
111901,B37.804,食管念珠菌病
111902,B37.805,胃肠道念珠菌感染
111903,B37.806,肠道念珠菌病
111904,B37.807+H48.8*,视神经念珠菌感染
111905,B37.808,播散性念珠菌病
111906,B37.900,念珠菌病
112928,C43.706,踝部恶性黑色素瘤
112929,C43.707,足部恶性黑色素瘤
112930,C43.800,皮肤交搭跨越的恶性黑色素瘤
112931,C43.900,皮肤恶性黑色素瘤
112932,C43.900x003,恶性雀斑样痣
112933,C43.901,恶性蓝痣
112934,C44.000,唇皮肤恶性肿瘤
112935,C44.100,眼睑（包括眦）皮肤恶性肿瘤
112936,C44.100x002,眼睑恶性肿瘤
112937,C44.100x003,内眦恶性肿瘤
112938,C44.100x004,外眦恶性肿瘤
112939,C44.101,眦恶性肿瘤
112940,C44.102,睑板腺恶性肿瘤
112941,C44.200,耳和外耳道皮肤恶性肿瘤
112942,C44.200x001,耳部皮肤恶性肿瘤
112943,C44.201,外耳道皮肤恶性肿瘤
112945,C44.300x005,颞部皮肤恶性肿瘤
112946,C44.300x006,鼻翼皮肤恶性肿瘤
112947,C44.302,额部皮肤恶性肿瘤
112948,C44.304,鼻部皮肤恶性肿瘤
112951,C44.307,颏部恶性肿瘤
112952,C44.400,头皮和颈部皮肤恶性肿瘤
121444,I08.002,二尖瓣关闭不全伴主动脉瓣狭窄
121446,I08.004,二尖瓣狭窄伴主动脉瓣狭窄关闭不全
121447,I08.005,二尖瓣狭窄关闭不全伴主动脉瓣关闭不全
121448,I08.006,二尖瓣及主动脉瓣关闭不全
121449,I08.007,二尖瓣及主动脉瓣狭窄伴关闭不全
121451,I08.009,二尖瓣狭窄关闭不全伴主动脉瓣狭窄
121452,I08.100,二尖瓣和三尖瓣的疾患
121453,I08.100x001,风湿性二尖瓣三尖瓣联合瓣膜病
121455,I08.100x003,风湿性二尖瓣狭窄关闭不全伴三尖瓣关闭不全
113754,C83.300x007,原发皮肤弥漫大B细胞淋巴瘤（腿型）
113755,C83.300x008,老年人EBV阳性弥漫大B细胞淋巴瘤
113756,C83.300x009,与慢性炎症相关弥漫大B细胞淋巴瘤
113757,C83.301,间变型弥漫大B细胞淋巴瘤
113758,C83.302,中心母细胞型弥漫大B细胞淋巴瘤
113759,C83.303,浆母细胞性弥漫大B细胞淋巴瘤
113760,C83.304,免疫母细胞型弥漫大B细胞淋巴瘤
113761,C83.305,未特指亚型的弥漫大B细胞淋巴瘤
113762,C83.306,富T细胞弥漫大B细胞淋巴瘤
113763,C83.307,CD30阳性弥漫大B细胞淋巴瘤
113764,C83.500,原淋巴细胞（弥漫性）淋巴瘤
113765,C83.501,前体B细胞淋巴瘤
113767,C83.503,淋巴母细胞性淋巴瘤NOS
113768,C83.504,T淋巴母细胞性淋巴瘤
113769,C83.505,前体T细胞淋巴瘤
113770,C83.700,伯基特淋巴瘤
113771,C83.702,伯基特样淋巴瘤
113772,C83.703,非典型伯基特淋巴瘤
113773,C83.800,其他非滤泡性淋巴瘤
113774,C83.800x006,脾红髓弥漫小B细胞淋巴瘤
113775,C83.800x008,"恶性淋巴瘤,淋巴浆细胞性"
113776,C83.800x009,起源于HHV8相关多中心性Castleman病的大B细胞淋巴瘤
113777,C83.801,原发渗出性淋巴瘤
113778,C83.802,血管内大B细胞淋巴瘤
113780,C83.900,非滤泡（弥漫性）淋巴瘤，未特指
113781,C84.000,蕈样真菌病
113783,C84.000x003,嗜毛囊性蕈样肉芽肿
113784,C84.100,塞扎里病
110762,A24.000x002,马皮疽伯克霍尔德菌感染
110763,A24.001,鼻疽假单胞菌感染性鼻疽
110764,A24.002,鼻疽伯克霍德菌感染性鼻疽
110765,A24.100,急性和暴发性类鼻疽
110766,A24.100x002,类鼻疽脓毒症
110768,A24.101,急性类鼻疽
110769,A24.102,暴发性类鼻疽
110770,A24.200,亚急性和慢性类鼻疽
110771,A24.201,亚急性类鼻疽
110772,A24.202,慢性类鼻疽
110774,A24.400,类鼻疽
110775,A25.000,螺菌病
110776,A25.000x001,小螺菌鼠咬热
110777,A25.100,链杆菌病
110778,A25.100x001,念珠状链杆菌鼠咬热
110780,A26.000,皮肤类丹毒
110781,A26.700,丹毒丝菌脓毒症
110782,A26.700x001,类丹毒脓毒症
110784,A26.800x001,播散性类丹毒
110785,A26.900,类丹毒
110786,A26.900x002,丹毒丝菌感染
110787,A27.000,出血性黄疸钩端螺旋体病
142875,Z86.101,伤寒个人史
142876,Z86.102,血吸虫病个人史
142877,Z86.103,梅毒个人史
142878,Z86.104,结核个人史
142879,Z86.200,血液和造血器官疾病和某些涉及免疫机制的疾患个人史
142880,Z86.200x001,血液和造血器官疾病史
142881,Z86.200x002,免疫系统疾病史
142882,Z86.300,内分泌、营养和代谢疾病个人史
142883,Z86.300x001,甲状腺功能亢进史
142884,Z86.301,营养缺乏个人史
142728,Z73.400,与社会技能不足有关的医疗咨询，不可归类在他处者
142729,Z73.500,与社会职责冲突有关的医疗咨询，不可归类在他处者
142730,Z73.600,与由于伤残引起的活动受限有关的医疗咨询
142731,Z73.800,与生活管理困难有关其他问题的医疗咨询
142732,Z73.900,与生活管理困难有关的问题的医疗咨询
142733,Z74.000,由于活动能力降低而需要帮助
142734,Z74.100,与需要人员帮助和照顾有关
142735,Z74.100x001,院外无人承担看护
142736,Z74.200,与在家需要帮助且无其他家庭成员能够给予照顾有关
142737,Z74.300,与需要持续的监护有关
142738,Z74.800,与依赖于照料人员有关的其他问题
142739,Z74.900,与依赖于照料人员有关的问题
142741,Z75.100,等待住入他处有充足医疗设施场所的人
142742,Z75.200,其他为检查和治疗而处于等待期的人
142743,Z75.300,与不具备及得不到卫生保健设施有关
142745,Z75.500,与假日解除照料有关
142746,Z75.800,与医疗设施和其他卫生保健有关的其他问题
142747,Z75.800x001,临终看护
142748,Z75.900,与医疗设施和其他卫生保健有关的问题
142749,Z75.900x001,由它院转入
142751,Z76.100,保健机构对弃婴的健康监督和照料
142752,Z76.200,保健机构对其他健康婴儿和儿童的健康监督和照料
142753,Z76.201,生病母亲健康婴儿监督和照料
142755,Z76.400,在卫生保健设施中其他的寄膳者
142756,Z76.500,在保健机构中诈病者(蓄意装病)
142757,Z76.800,在其他特指情况下与保健机构接触的人
142759,Z76.900,在未特指情况下与保健机构接触的人
142760,Z80.000,消化器官恶性肿瘤家族史
142761,Z80.001,胃肠道恶性肿瘤家族史
142762,Z80.002,大肠恶性肿瘤家族史
142764,Z80.200,呼吸和胸腔内器官恶性肿瘤家族史，其他的
142765,Z80.300,乳房恶性肿瘤家族史
142767,Z80.401,卵巢恶性肿瘤家族史
123666,J34.800,鼻和鼻窦其他特指的疾患
123667,J34.800x001,鼻部感染
123668,J34.800x002,鼻部瘘管
123669,J34.800x004,钩突肥大
123670,J34.800x006,铬鼻病
123671,J34.800x009,后天性鼻孔狭窄
123672,J34.800x019,鼻中隔血肿
123673,J34.800x020,泡性中鼻甲
123674,J34.800x033,鼻前庭肿物
123675,J34.800x034,鼻中隔肿物
123676,J34.801,鼻中隔-鼻甲粘连
123677,J34.802,后天性鼻腔闭锁
123678,J34.803,鼻漏
123679,J34.804,鼻石
123680,J34.805,鼻孔狭窄
123681,J34.806,鼻前庭炎
123682,J34.807,鼻甲粘连
123683,J34.809,鼻腔粘连
123684,J34.810,鼻腔肿物
123685,J34.811,鼻腔狭窄
123686,J34.812,鼻翼肥大
123687,J34.813,鼻中隔穿孔
124754,K12.100,口炎，其他形式的
124755,K12.100x002,过敏性口炎
124756,K12.100x011,尼古丁口炎
124757,K12.100x012,药物性口炎
124758,K12.100x013,糜烂性口炎
124759,K12.101,创伤性口腔黏膜溃疡
124760,K12.102,腭部溃疡
124761,K12.103,腭溃疡穿孔
124762,K12.105,腭部炎性假瘤
124764,K12.107,溃疡性口炎
124765,K12.108,义齿性口炎
123916,J46.x00x002,支气管哮喘急性发作（轻度）
123917,J46.x00x003,支气管哮喘急性发作（中度）
123918,J46.x00x006,闭锁肺综合征
123919,J46.x00x008,支气管哮喘（慢性持续期）
123920,J46.x00x009,支气管哮喘（轻度持续）
123921,J46.x00x010,支气管哮喘（中度持续）
123922,J46.x01,支气管哮喘，重度
123924,J47.x00,支气管扩张（症）
123925,J47.x01,支气管扩张伴咯血
123926,J47.x02,细支气管扩张
123927,J47.x03,支气管扩张伴感染
123929,J60.x00x002,碳末沉着病(炭肺)
123930,J60.x00x003,煤工尘肺壹期
123931,J60.x00x004,煤工尘肺贰期
123932,J60.x00x005,煤工尘肺叁期
123933,J60.x01,煤矽肺
123935,J61.x00x001,石棉肺壹期
123936,J61.x00x002,石棉肺贰期
123937,J61.x00x003,石棉肺叁期
123938,J61.x01,石棉肺
123939,J62.000,滑石粉引起的肺尘埃沉着病
123940,J62.000x001,滑石尘肺壹期
123941,J62.000x002,滑石尘肺贰期
123943,J62.001,滑石粉尘肺
134880,R36.x01,尿道溢液
134885,R39.101,排尿踌躇
134889,R39.801,累及泌尿系统症状和体征
138579,T24.300,髋和下肢三度烧伤，除外踝和足
138585,T24.400x001,髋和下肢腐蚀伤
137815,S93.500x003,跖趾关节扭伤
137820,S93.600x001,跗骨韧带扭伤
137826,S94.100,足底内侧神经损伤
136309,S32.000,腰椎骨折
130522,O00.114,输卵管峡部妊娠流产
130528,O00.800,异位妊娠，其他的
130534,O00.805,阔韧带妊娠
130539,O00.901,持续性异位妊娠
130545,O01.102,不完全葡萄胎
130550,O02.000x001,胎停育
135100,R60.900,水肿
135104,R61.000,局限性多汗症
135110,R62.000x002,学语延迟
135115,R62.803,成年型生长不足
136101,S23.200x005,剑状软骨脱位
136107,S23.401,胸骨扭伤和劳损
119281,G35.x06+F02.8*,多发性硬化性痴呆
119286,G36.800,急性播散性脱髓鞘，其他特指的
119292,G37.100x002,原发性胼胝体变性
119297,G37.301,急性横贯性脊髓炎
119301,G37.800x006,脱髓鞘假瘤
137858,S96.800,在踝和足水平的其他肌肉和肌腱损伤
134606,R03.100,非特异性低血压读数
134612,R04.800x004,弥漫性肺泡出血
136985,S56.000,在前臂水平的拇指屈肌和肌腱损伤
136990,S56.100,在前臂水平的其他手指屈肌和肌腱损伤
127380,M17.101,原发性单侧膝关节病
127385,M17.500,继发性膝关节病，其他的
129666,N30.900,膀胱炎
129669,N31.000,无抑制神经病性膀胱，不可归类在他处者
129675,N31.200x002,迟缓性运动神经病性膀胱
129681,N31.203,低顺应性膀胱
129685,N32.000,膀胱颈梗阻
130354,N89.900,阴道的非炎性疾患
130359,N90.101,外阴上皮内肿瘤Ⅱ级
130365,N90.401,外阴干皱症
118033,E89.200,操作后甲状旁腺功能减退症
118038,E89.300x003,放射后垂体功能减退症
118044,E89.400x002,手术后卵巢功能衰竭
118049,E89.601,手术后肾上腺皮质功能减退
119580,G52.802,斜方肌麻痹
119585,G54.000x001,臂丛神经损害
119591,G54.004,前斜角肌综合征
119595,G54.200,颈神经根疾患，不可归类在他处者
119601,G54.400x001,腰骶神经根损害
142146,Z39.000x011,在医院产后的医疗照顾
142151,Z39.100x002,授乳的指导
142155,Z40.000,与恶性肿瘤有关的危险因素的预防性手术
142162,Z41.100x002,乳房整形
141529,Y60.700,在施行灌肠中非故意的切割、针刺、穿孔或出血
119048,G11.101,X-连锁隐性遗传脊髓小脑性共济失调
119053,G11.201,遗传性小脑性共济失调(Marie共济失调)
119057,G11.301,路易斯-巴尔综合征
119061,G11.801,共济失调-手笨拙综合征
119066,G11.901,小脑共济失调
119069,G12.100,肌萎缩，其他遗传性脊髓性的
120005,G93.403,代谢性脑病
132791,Q11.200x001,先天性小眼球
132798,Q12.002,先天性核性白内障
132803,Q12.800,先天性晶状体畸形，其他的
132810,Q13.201,先天性瞳孔闭锁
132815,Q13.400,先天性角膜畸形，其他的
118838,F93.300,同胞竞争障碍
118842,F94.100,童年反应性依恋障碍
118847,F95.100,慢性运动或发声抽动障碍
118853,F95.900,抽动障碍
118858,F98.200,婴儿和儿童期的喂养障碍
118863,F98.800,通常在童年和青少年期发病的其他特指的行为和情绪障碍
138920,T41.500x003,治疗性二氧化碳中毒
138926,T42.200x001,恶唑烷二铜类中毒
138932,T42.401,安定中毒
138937,T42.406,氯氮平中毒
138940,T42.600,镇癫痫药和镇静催眠药中毒，其他的
131121,O35.201,胎儿α地中海贫血
132553,P78.807,新生儿胃肠功能紊乱
132558,P80.800x001,新生儿轻度低体温
133625,Q50.502,加特纳管囊肿
133629,Q50.600x903,输卵管异位
128505,M71.406,小腿滑膜钙化
128510,M71.502,腕关节粘连性滑囊炎
128515,M71.507,踝关节粘连性滑囊炎
128520,M71.900x001,肘关节粘液囊病
128525,M71.900x006,膝关节粘液囊病
128390,M66.302,上臂屈肌腱自发性破裂
128395,M66.307,小腿屈肌腱自发性破裂
129395,N05.200,肾炎综合征伴有弥漫性膜性肾小球肾炎
127587,M23.800x001,膝后外复合体损伤
127592,M23.800x094,陈旧性膝关节韧带损伤
133669,Q52.104,阴道横膈
133673,Q52.400x006,阴道苗勒管囊肿
139131,T50.000,盐（肾上腺）皮质激素类及其拮抗剂中毒
139138,T50.300x002,口服再水化盐类中毒
140074,T85.600x003,不可吸收性手术材料引起的机械性并发症
139435,T67.400,盐缺失引起的中暑衰竭
139442,T67.900,热和光的效应
139448,T69.000x003,战壕足
139454,T69.100x005,手部冻疮
139460,T70.000,航空中耳炎
132349,P39.200,胎儿羊膜腔内感染，不可归类在他处者
138328,T21.000x055,阴囊烧伤
138333,T21.100x011,乳房一度烧伤
138339,T21.100x042,背部一度烧伤
138344,T21.100x054,会阴一度烧伤
128786,M83.200,吸收不良引起的成人骨软化症
128791,M83.800,成人骨软化症，其他的
128796,M84.000,骨折连接不正
128800,M84.000x041,指骨骨折连接不正
128805,M84.000x061,胫骨骨折连接不正
128810,M84.000x073,足舟骨连接不正
140109,T85.800,内部假体装置、植入物和移植物的其他并发症，不可归类在他处者
140118,T85.800x809,眼植入物并发症
139209,T54.000,酚及其同类物的毒性效应
139214,T54.202,酸性物质中毒
132451,P60.x00,胎儿和新生儿播散性血管内凝血
132457,P61.400,先天性贫血，其他的不可归类在他处者
132463,P61.900,围生期血液疾患
132467,P70.300,医源性新生儿低血糖症
132472,P70.800,胎儿和新生儿的其他暂时性碳水化合物代谢疾患
131462,O70.000x005,分娩时会阴裂伤累及阴道
131467,O70.100x005,分娩时会阴-阴道复杂裂伤
131472,O70.300x001,分娩时会阴裂伤累及肛门粘膜
131479,O71.101,分娩中不完性子宫破裂
131485,O71.400,产科高位阴道裂伤
131489,O71.500,伤及盆腔器官的其他产科损伤
120512,H21.101,虹膜新生血管
120517,H21.200x005,缩瞳性瞳孔囊肿
120523,H21.202,虹膜变性
120527,H21.300x005,炎症渗出性虹膜囊肿
120532,H21.300x010,寄生虫性睫状体囊肿
120539,H21.400,瞳孔膜
139252,T56.800x002,钒化合物中毒
139258,T56.800x008,硒中毒
131362,O64.501,复合先露难产
131366,O64.803,高直位难产
131369,O65.000x001,扁平骨盆难产
132173,P12.801,产伤致新生儿头皮水肿
131859,O99.400x033,妊娠合并急性心肌梗死
131864,O99.404,妊娠合并二尖瓣关闭不全
131869,O99.409,妊娠合并冠状动脉供血不足
132697,Q04.600x202,先天性硬膜下囊肿
132703,Q04.800x002,先天性低脊髓畸形
132499,P74.300,新生儿钾平衡失调
132503,P74.401,新生儿低氯血症
132508,P74.800,新生儿其他的暂时性代谢紊乱
132514,P76.100,新生儿暂时性肠梗阻
132519,P77.x00,胎儿和新生儿的坏死性小肠结肠炎
132525,P78.000x006,新生儿乙状结肠穿孔
120775,H35.701,中心性浆液性脉络膜视网膜病变
120781,H35.800x009,药物性视网膜病变
130370,N90.501,外阴狭窄
127192,L98.800x026,发疹性假性血管瘤病
138531,T23.300x003,手部三度烧伤
138536,T23.400,腕和手腐蚀伤
138541,T23.400x006,手指腐蚀伤
138546,T23.500x004,手掌一度腐蚀伤
138552,T23.600x003,手部二度腐蚀伤
138557,T23.700,腕和手三度腐蚀伤
137019,S57.800,前臂其他部位的挤压伤
137024,S58.100x001,肘和腕关节之间水平创伤性切断
138037,T08.x00,脊柱骨折
138041,T09.000x021,躯干浅表水疱
138046,T09.200,躯干关节和韧带脱位、扭伤和劳损
119326,G40.100x011,单纯部分性癫痫自主神经性发作
126559,L23.801,毛皮变应性接触性皮炎
126564,L24.200,溶剂类引起的刺激性接触性皮炎
136048,S21.900,胸部的开放性伤口
136054,S22.000x005,胸椎神经弓骨折
136059,S22.000x021,胸椎骨折T3/T4
130602,O04.001,不完全性医疗性流产并发盆腔感染
130606,O04.200,不完全性医疗性流产，并发栓塞
130610,O04.300x041,不完全医疗性流产并发子宫颈裂伤
130615,O04.500,完全性或未特指的医疗性流产，并发生殖道和盆腔感染
130622,O04.601,医疗性流产并发播散性血管内凝血
134557,Q96.100,核型46，X同种（Xq），特纳综合征
134560,Q96.400,"同源嵌合体，45，X/其他细胞系，伴有异常的性染色体,特纳综合征"
134568,Q97.900,性染色体异常，女性表型
134572,Q98.300,男性，染色体伴有46，XX核型的，其他的
119356,G40.300x013,儿童良性癫痫
119360,G40.300x019,全面性癫痫伴热性惊厥附加症
119366,G40.303,特发性全面性癫痫
120354,H11.801,结膜淋巴管扩张
120360,H11.807,结膜脱垂
136094,S23.100x052,胸椎脱位T10/T11
137096,S62.200x021,第一掌骨干骨折
137102,S62.300x002,掌骨骨骺分离
136312,S32.000x021,腰椎骨折L2
131127,O35.300,为母体病毒性疾病对胎儿（可疑）损害给予的孕产妇医疗
131131,O35.500,为药物所致胎儿的（可疑）损害给予的孕产妇医疗
131136,O35.700x002,活组织检查后的孕产妇医疗
131140,O35.800,为其他（可疑）胎儿异常和损害给予的孕产妇医疗
134165,Q76.402,先天性寰枢椎畸形
134170,Q76.407,先天性颈椎横突过长
134176,Q76.415,先天性椎板闭合不全
134182,Q76.600,肋骨的其他先天性畸形
134187,Q76.600x903,先天性肋骨畸形
117207,E23.616,垂体柄阻断综合征
117213,E23.701,垂体肿物
117216,E24.001,垂体性嗜碱性粒细胞增多症
117222,E24.300,异位促肾上腺皮质激素综合征
117227,E24.900,库欣综合征
117231,E25.000x007,早熟性巨睾症
116546,E10.000x001,1型糖尿病性高渗性高血糖状态昏迷
116551,E10.002,1型糖尿病性低血糖昏迷
116555,E10.100x031,1型糖尿病性乳酸性酸中毒
116561,E10.200,1型糖尿病伴有肾的并发症
116564,E10.200x013+N08.3*,1型糖尿病性前期基膜肥厚性肾小球肾病
120593,H26.300x001,激素性白内障
120599,H26.401,泽默林环
120604,H26.901,晶体混浊
120609,H27.800,晶状体其他特指的疾患
120614,H30.000x004,局灶性脉络膜炎
134221,Q78.401,奥利埃病
134225,Q78.500,干骺端发育不良
119629,G57.000,坐骨神经损害
119634,G57.200,股神经损害
119638,G57.300x001,腓深神经麻痹
119645,G57.400x001,腘内侧神经损害
134154,Q76.400x305,先天性环椎后弓肥大
134159,Q76.400x313,先天性骶椎畸形
131174,O35.813,胎儿皮下组织增厚
131180,O35.820,胎儿胸腔积液
131184,O35.900,为（可疑）胎儿异常和损害给予的孕产妇医疗
131192,O36.201,妊娠伴胎儿水肿
115985,D61.000,体质性再生障碍性贫血
139394,T65.300,苯及其同类物的氮衍生物和胺衍生物的毒性效应
139401,T65.500x001,硝基甘油醇中毒
132379,P52.200x002,新生儿脑室内出血Ⅳ度（非创伤性）
133434,Q40.200,胃其他特指的先天性畸形
133440,Q40.203,先天性巨胃
133445,Q40.208,先天性胃移位
133449,Q40.900,上消化道先天性畸形
133454,Q41.100,空肠先天性缺如、闭锁和狭窄
135187,R76.000,抗体效价增高
135191,R76.200,梅毒血清学试验假阳性
129350,N03.700,慢性肾炎综合征伴有弥漫性新月形肾小球肾炎
129356,N03.900,慢性肾炎综合征
129360,N03.900x005,肾小球内皮细胞病
129365,N04.001,肾病综合征伴微小病变性肾小球肾炎
135137,R65.300,非传染性病因的全身炎症反应综合征伴有器官衰竭
135144,R68.101,婴儿过度哭闹
135150,R68.800x002,衰弱状态
135156,R70.100,血浆黏(滞)度异常
135161,R72.x00,白细胞异常，不可归类在他处者
140360,T92.301,陈旧性手部关节韧带损伤
140366,T92.307,肘关节劳损后遗症
140371,T92.400x005,肌皮神经损伤后遗症
140376,T92.402,陈旧性手部神经损伤
133385,Q38.400x001,先天性唾液腺瘘
133717,Q54.400,先天性痛性阴茎勃起
133724,Q55.003,先天性单睾丸
133729,Q55.200,睾丸和阴囊的其他先天性畸形
133735,Q55.400,输精管、附睾、精囊和前列腺的其他畸形
133743,Q55.500,阴茎缺如和不发育
129388,N04.903,肾病型肾炎
129391,N05.000x003,肥胖相关性肾小球肥大症
130450,N95.900,绝经期和围绝经期的疾患
128548,M72.603,前臂坏死性筋膜炎
128553,M72.608,踝坏死性筋膜炎
128558,M72.801,肩关节筋膜脓肿
128563,M72.806,陈旧性筋膜炎
130395,N90.902,外阴肿物
130400,N91.300,原发性月经稀少
120786,H35.803,远达性视网膜病
120792,H35.809,急性坏死性视网膜炎
120798,H40.001,高眼压症
132208,P20.000,在产程开始前首先察觉到的子宫内低氧症
132214,P21.101,新生儿中度出生窒息
132219,P22.000x001,新生儿肺透明膜病
132406,P54.801,新生儿视网膜出血
132411,P55.001,新生儿抗D抗体增高
132415,P55.102,新生儿ABO溶血性贫血
139296,T59.800,气体、烟雾和蒸气的毒性效应，其他特指的
139305,T59.800x010,环氧乙烷中毒
139311,T59.900x002,气雾剂中毒
139315,T60.000,有机磷酸盐和氨基甲酸酯杀虫剂的毒性效应
141658,Y83.400,重建手术作为病人异常反应或以后并发症的原因，而在操作当时并未提及意外事故，其他的
139086,T47.600,止泻药中毒
139090,T48.000,催产药中毒
139093,T48.201,作用于肌肉制剂中毒
139098,T48.600x002,曼陀罗中毒
139103,T48.700,主要作用于呼吸系统的其他和未特指制剂中毒
117889,E83.403,遗传性低镁血症
119947,G91.000x002,颅内出血后脑积水
119952,G91.200,正常压力脑积水
119958,G91.800x004,脑内脑积水
119963,G92.x00,中毒性脑病
119967,G92.x02,一氧化碳中毒迟发性脑病
133493,Q42.800x003,先天性结肠狭窄
133499,Q42.902,先天性大肠狭窄
133505,Q43.004,先天性脐茸
133509,Q43.103,先天性普通型巨结肠
133513,Q43.200,结肠的其他先天性功能性疾患
130875,O26.900x105,孕9周
132249,P24.900,新生儿吸入综合征
132253,P25.200,起源于围生期的纵隔气肿
132258,P26.100,起源于围生期的大量肺出血
132263,P27.100,起源于围生期的支气管肺发育不良
132268,P28.000,新生儿原发性肺不张
132273,P28.301,中枢性新生儿睡眠呼吸暂停
141876,Z13.600,心血管疾患的特殊筛查
136318,S32.110,开放性骶骨骨折
129763,N36.302,尿道脱垂
129768,N36.804,尿道出血
129773,N36.809,尿道肉芽肿
129779,N39.200,直立性蛋白尿
129784,N39.402,创伤后尿失禁
129789,N39.800x001,心肾综合征
135639,S04.000x002,视交叉损伤
135914,S13.100x062,颈椎脱位C6/C7
135920,S13.102,寰枢椎半脱位
135924,S13.200x003,甲状软骨脱位
135930,S13.400x003,颈部前纵韧带扭伤
135937,S13.500x003,环杓韧带扭伤
138619,T25.500,踝和足一度腐蚀伤
138624,T25.600x003,足部二度腐蚀伤
138630,T26.002,眼周区烧伤
138635,T26.102,结合膜囊烧伤
138639,T26.301,巩膜烧伤
135424,R94.300,心血管功能检查的异常结果
136358,S33.200,骶髂关节和骶尾关节脱位
136363,S33.300,腰椎和骨盆其他和未特指部位的脱位
137345,S71.800x021,髋部开放性损伤伴脱位
137351,S72.000x031,股骨颈头下骨折
127391,M17.900x004,单侧膝关节骨性关节病
136127,S24.101,胸部脊髓损伤
136131,S24.400,胸部交感神经损伤
136136,S24.400x005,胸部交感神经节损伤
136142,S25.100,无名动脉或锁骨下动脉损伤
136149,S25.300x001,无名静脉损伤
136972,S54.900x001,前臂神经损伤
136977,S55.101,创伤性桡动脉断裂
120289,H05.202,眼球移位
120294,H05.300x003,眼眶外生骨疣
120300,H05.800,眼眶的其他疾患
120305,H05.801,眼眶囊肿
120310,H05.900x004,眶上肿物
134654,R09.800,累及循环和呼吸系统其他特指的症状和体征
134664,R10.000x004,严重腹痛伴腹部强直
134671,R10.201,会阴痛
134675,R10.400x002,功能性腹痛
127422,M19.905,踝关节关节病
127427,M19.910,萎缩性关节炎
115989,D61.003,原发性纯红细胞再生障碍性贫血
115995,D61.101,化疗后骨髓抑制
116000,D61.202,放疗后骨髓抑制
116004,D61.801,肝炎后再生障碍性贫血
116009,D61.902,慢性再生障碍性贫血
119766,G70.800x001,非癌性肌无力综合征
119773,G71.000x005,杜氏肌营养不良症(Duchenne型肌营养不良症)
119780,G71.004,远端型肌营养不良症
119785,G71.101,神经性肌强直
119790,G71.106,非营养不良性肌强直综合征
119683,G60.200,与遗传性共济失调有关的神经病
120698,H34.200,"视网膜动脉阻塞,其他的"
118893,G03.800,脑膜炎，其他特指原因引起的
118899,G03.900,脑膜炎
118904,G03.904,蛛网膜炎
131227,O41.800x004,绒毛膜下血肿
120641,H31.200x003,中心小区性脉络膜营养不良
120647,H31.301,脉络膜破裂
120652,H31.402,手术后脉络膜脱离
120657,H31.800x002,脉络膜渗出
139686,T81.200x010,操作中血管损伤
139692,T81.200x017,操作中胆总管损伤
139698,T81.206,胆总管断裂，操作中
139703,T81.211,胸腔损伤，操作中
139708,T81.216,静脉损伤，操作中
120021,G93.600x002,脑干水肿
120025,G93.600x006,缺血性脑水肿
120030,G93.800,脑其他特指的疾患
120036,G93.801,室管膜病
120042,G93.807,脑胶质细胞增生
120047,G93.812,中枢性呼吸衰竭
118937,G04.900x001,非特异性脑炎
118943,G04.900x024,急性脑膜脑炎
119873,G82.200x041,慢性完全性截瘫
119879,G82.300x021,慢性驰缓性四肢瘫
133927,Q67.100x001,先天性面中部凹陷
133934,Q67.402,先天性颅骨凹陷
117759,E77.801,低蛋白血症
117764,E78.000x005,弗雷德里克森高脂蛋白血症IIa型
119821,G72.800x003,缺血缺氧性肌病
130406,N92.100,月经过多和频繁伴有不规则周期
130412,N92.400x001,更年期月经过多
130418,N92.601,经期延长
130421,N93.800,异常的子宫和阴道出血，其他特指的
133423,Q39.800x903,先天性食管缺如
134430,Q87.005,先天性隐眼综合征
134434,Q87.100x701,史密斯-莱尔米-奥皮茨综合征(Smith-Lemli-Opitz综合征)
134441,Q87.104,鲁塞尔-西尔弗综合征
133676,Q52.402,先天性阴道闭锁
140148,T86.200,心脏移植失败和排斥
140153,T86.300x002,心肺移植排斥
140158,T86.400x005,肝移植物慢性抗宿主病
140164,T86.400x012,肝移植后门静脉血栓形成
140168,T86.400x016,肝移植后肝静脉回流障碍
128607,M75.300,肩钙化性肌腱炎
129576,N25.800x006,莱特伍德-奥尔布赖特综合征(Lightwood-Albright综合征)
126705,L50.300,皮肤划痕性荨麻疹
126712,L50.803,胃肠型荨麻疹
129516,N17.200,急性肾衰竭伴有肾髓质坏死
129521,N17.900x002,急性肾功能不全尿毒症期
129528,N18.300x001+D63.8*,慢性肾脏病3期相关性贫血
129535,N18.503+G63.8*,尿毒症性神经病变
129540,N18.508+H32.8*,蛋白尿性视网膜炎
130752,O11.x00,子痫前期并发于慢性高血压
130759,O14.000,轻-中度子痫前期
130764,O14.200,HELLP综合征
130770,O15.200,产褥期子痫
130776,O20.900,妊娠早期出血
130780,O21.100x002,妊娠剧吐伴酸中毒
133167,Q27.300x007,腮腺动静脉畸形
133172,Q27.302,先天性头颈部动静脉瘘
133178,Q27.308,先天性下肢动静脉瘘
133182,Q27.800x004,肝门血管畸形
133188,Q27.800x024,口腔血管畸形
126747,L57.300,西瓦特皮肤异色病
126751,L57.800x004,非年龄性上肢皮肤松驰
126757,L57.900,慢性暴露于非电离辐射下引起的皮肤改变
139341,T61.201,河豚中毒
139345,T62.000x001,蘑菇类中毒
139350,T62.100x001,浆果类中毒
139355,T62.800,摄入食物中其他特指有害物质的毒性效应
139363,T63.100,爬行动物类毒液的毒性效应，其他的
117129,E21.201,三发性甲状旁腺功能亢进症
117133,E21.300x004+G73.5*,甲状旁腺亢进合并肌病
131094,O34.800x021,妊娠合并输卵管囊肿
131100,O34.805,妊娠合并直肠膨出
131104,O35.000,为胎儿（可疑）中枢神经系统畸形给予的孕产妇医疗
130922,O26.900x702,产1次
130928,O26.900x708,产7次
130933,O28.100,孕产妇产前筛查的生物化学异常所见
131822,O99.223,妊娠合并肾上腺肿物
139262,T56.900x003,金属蒸气中毒
132488,P72.200,新生儿其他的暂时性甲状腺功能疾患，不可归类在他处者
132496,P74.200,新生儿钠平衡失调
133559,Q44.004,先天性无胆囊
133564,Q44.102,胆囊憩室
133568,Q44.300,先天性胆管狭窄
133572,Q44.500x005,先天性胆总管狭窄
117839,E80.300x001,过氧化氢酶缺乏
117844,E80.501,葡萄糖醛酸转移酶缺乏
117849,E80.600x008,家族性肝内胆汁淤积症(Byler病)
117856,E83.000x006,坚硬发型门克病
117862,E83.100x008+N16.3*,含铁血黄素沉积相关肾损害
131998,O99.800x317,妊娠合并外阴营养不良
132003,O99.800x411,妊娠合并先天性畸形、变形和染色体异常
117645,E74.000x008,科里病
117650,E74.000x013,冯-吉尔克病
117656,E74.005,Ⅴ型糖原贮积症
140219,T88.200,麻醉引起的休克
140224,T88.500,麻醉的其他并发症
140229,T88.700,药物和药剂的有害效应
140234,T88.700x010,氨基糖甙类抗菌素药物反应
140240,T88.800,手术和医疗其他特指的并发症，不可归类在他处者
127432,M20.002,后天性手指畸形
127438,M20.100x001,（足母）囊炎
128398,M66.400,肌腱的自发性破裂，其他的
128404,M67.100,腱（鞘）的其他挛缩
127213,M00.100x031,肺炎球菌性腕关节炎
127218,M00.200,链球菌性关节炎和多关节炎，其他的
127224,M00.200x061,链球菌性膝关节炎
127229,M00.900x011,感染性肩关节炎
127234,M00.900x071,感染性踝关节炎
117442,E53.800,B族维生素缺乏病，其他特指的
117448,E53.800x014+G32.0*,维生素B12缺乏性贫血性脊髓后侧索硬化症
135378,R93.300,消化道其他部位诊断性影像检查的异常所见
120106,G96.100,脑脊膜疾患，不可归类在他处者
120114,G96.100x009,椎管内胆脂瘤
120120,G96.800,中枢神经系统其他特指的疾患
120123,G96.800x005,类固醇激素反应性慢性淋巴细胞性炎症伴脑桥血管周围强化症(CLIPPERS综合征)
126595,L25.900,接触性皮炎
126600,L27.000x006,大疱表皮松解症型药疹
126606,L27.101,固定性药疹
126610,L27.801,砷过敏性皮炎
126615,L28.001,局限性神经性皮炎
127647,M24.404,复发性肘关节不全脱位
136923,S52.800,前臂其他部位的骨折
136929,S52.810,开放性前臂特指部位骨折
136935,S53.000,桡骨头脱位
136940,S53.100x011,肘关节前脱位
136946,S53.200,桡侧副韧带创伤性破裂
135413,R94.100,周围神经系统和特殊感觉功能检查的异常结果
135421,R94.201,通气功能障碍
136438,S35.300x003,肠系膜下静脉损伤
136443,S35.400,肾血管损伤
135644,S04.300,三叉神经损伤
135650,S04.700,副神经损伤
120385,H16.003,蚕蚀性角膜溃疡
120390,H16.100,"浅层角膜炎,其他不伴有结膜炎的"
120398,H16.102,浅层点状角膜炎
120403,H16.201,小泡性角膜结膜炎
119827,G72.800x011,肌小管肌病
119832,G80.000x011,双侧痉挛型脑性瘫痪
139907,T82.800x307,经皮冠状动脉狭窄矫治术后冠状动脉急性闭塞
139913,T82.800x405,髂动脉支架内再狭窄
139918,T82.800x410,为肾透析的动静脉内瘘高流量
139925,T82.807,颈内动脉支架植入后再狭窄
139931,T82.813,肝移植后肝动脉假性动脉瘤破裂
131160,O35.800x028,为妊娠合并阴道溶血性链球菌感染所致胎儿的（可疑）损害给予的孕产妇医疗
131173,O35.812,胎儿尿道下裂
132029,P00.002,母体先兆子痫新生儿
132033,P00.200,胎儿和新生儿受母体传染病和寄生虫病的影响
131002,O33.100,为均小骨盆引起的胎盆不称给予的孕产妇医疗
131008,O33.300x003,横径狭窄型骨盆
131013,O33.500,为特大胎儿引起的胎盆不称给予的孕产妇医疗
131018,O33.700x005,胎儿骶部畸胎瘤引起胎盆不称
131238,O42.200x001,由于治疗而使产程延迟的胎膜早破
119868,G82.100x061,慢性不完全性痉挛性截瘫
117014,E14.500x051,糖尿病性下肢感染
117018,E14.600x014+M14.2*,糖尿病性手掌筋膜纤维瘤病
130954,O29.400,妊娠期间脊髓和硬膜外麻醉诱发的头痛
130960,O30.100,三胎妊娠
117146,E22.001,肢端肥大症
117150,E22.800,垂体功能亢进，其他的
117156,E23.000x005,产后垂体前叶功能减退危象
117161,E23.000x015,低促性腺激素性性腺功能减退症
117168,E23.007,单一性促性腺激素缺乏症
132058,P00.809,母体血小板减少性紫癜新生儿
132063,P00.900,胎儿和新生儿受母体情况的影响
117711,E75.300,神经鞘脂贮积症
117715,E75.400x004,库夫斯病
117720,E75.502,幼年性黄色瘤
117726,E75.600x002+G32.8*,全身性脂贮积症性大脑变性
131278,O44.100x001,低置胎盘伴出血
131283,O45.000,胎盘早期剥离伴有凝血缺陷
127791,M31.100,血栓性微血管病
127795,M31.300x002,坏死性呼吸道肉芽肿病
135195,R76.801,低补体血症
126429,L03.303,腹壁蜂窝织炎
129812,N42.900,前列腺疾患
129816,N43.100,感染性鞘膜积液
129822,N43.302,精索鞘膜积液
129827,N45.000,睾丸炎、附睾炎和附睾-睾丸炎，伴有脓肿
140866,V97.800,"空中运输事故，其他的,不可归类在他处者"
140871,W02.x00,涉及溜冰、滑雪、溜旱冰或滑板时的跌倒
140878,W09.x00,涉及运动场设施上的跌落
140883,W14.x00,从树上跌落
140886,W17.x00,从一个平面至另一平面的其他跌落
140892,W23.x00,被物体钩住、挤压、轧住或夹住
133469,Q42.000x101,先天性直肠闭锁伴直肠尿道瘘
133474,Q42.001,直肠先天性狭窄，伴有瘘
133479,Q42.200,肛门先天性缺如、闭锁和狭窄，伴有瘘
133484,Q42.200x904,先天性肛门闭锁伴直肠前庭瘘
134488,Q89.203,异位甲状腺
135231,R79.800,血液化学其他特指的异常所见
135239,R79.900,血液化学的异常所见
135246,R82.000,乳糜尿
135252,R82.500,尿内药物、药剂和生物制剂水平升高
136242,S30.200x005,会阴挫伤
126691,L43.901,口腔扁平苔藓
126697,L44.400,婴儿丘疹性肢皮炎(詹诺托-克罗斯蒂)
136177,S26.910,开放性心脏损伤
136183,S27.210,开放性血气胸
136189,S27.310,开放性肺特指损伤
141088,X84.x00,故意自害
141091,X87.x00,用杀虫剂进行加害
141094,X88.200,暴露于其他家用燃料中的一氧化碳的加害
141100,X89.x00,用其他特指的化学制品和有害物质进行加害
141106,X95.x00,用其他的火器发射进行加害
141111,Y00.x00,用钝器进行加害
130806,O23.101,妊娠期膀胱炎
130810,O23.500,妊娠期生殖道感染
130815,O23.500x010,妊娠期输卵管卵巢炎
140019,T84.800,内部矫形外科假体装置、植入物和移植物的其他并发症
140026,T84.802,骨折内固定术后疼痛
140031,T84.807,膝关节置换术后疼痛
140034,T85.000,脑室颅内（交通）分流的机械性并发症
140040,T85.100x002,周围神经电子神经刺激器引起的机械性并发症
136788,S44.900,在肩和上臂水平神经的损伤
117266,E27.300,药物性肾上腺皮质功能减退症
117272,E27.403,继发性肾上腺皮质功能减退症
117278,E27.500x003,儿茶酚胺分泌过多
117283,E27.800x012,肾上腺血肿
120249,H04.501,泪道关闭不全
120256,H04.508,鼻泪管狭窄
120262,H04.603,泪小管瘘
120266,H04.800x003,泪囊憩室
120273,H05.000x006,眼眶感染
110713,A20.700,脓毒症型鼠疫
110719,A20.803,轻型鼠疫
111870,B37.200,皮肤和指(趾)甲念珠菌病
111876,B37.204,念珠菌性甲床炎
111885,B37.402+N51.2*,念珠菌性龟头炎
118243,F14.100,有害性使用可卡因引起的精神和行为障碍
117520,E66.100,药物性肥胖症
117524,E66.801,病态性肥胖
117529,E67.000,维生素A过多症
117534,E68.x00,营养过度后遗症
135554,S01.900,头部的开放性伤口
136575,S37.200x081,膀胱裂伤
136580,S37.300x005,尿道部分断裂
136586,S37.300x083,后尿道损伤
135782,S06.700x002,闭合性颅脑损伤中型
142269,Z43.900x001,人工造口维护
142273,Z44.100,人工腿的（完全）（部分）安装和调整
142280,Z44.800,安装和调整，其他外部假体装置的
142287,Z45.003,更换心脏起搏器电极
135330,R87.900x002,阴道标本异常
135333,R89.100,器官、系统和组织标本的激素水平异常，其他的
135337,R89.500,器官、系统和组织标本的异常的微生物学所见，其他的
120408,H16.300x004,硬化性角膜炎
138114,T13.100x004,下肢剥脱伤
128425,M67.800x095,瘢痕性肌腱粘连
128433,M67.901,肌腱疾患
128436,M70.002,手慢性碎裂音滑膜炎
128444,M70.301,过度打击肘
128450,M70.501,鹅趾滑囊炎
136433,S35.204,创伤性肝动脉破裂
137476,S80.800x012,膝部擦伤
137482,S80.800x032,膝部虫咬伤
136656,S39.901,处女膜损伤
136662,S39.907,腹部损伤
136667,S40.000,肩和上臂挫伤
117477,E60.x00,饮食性锌缺乏
117485,E61.700,多种营养元素缺乏
117489,E63.100,摄入食物结构失衡
117494,E63.902+G63.4*,营养性周围神经病
117500,E64.900,营养缺乏后遗症
128103,M50.001+G99.2*,颈椎间盘突出伴脊髓病
128109,M50.202,颈椎胸椎椎间盘突出
129103,M92.501,胫骨粗隆骨软骨病
129108,M92.600x002,距骨幼年型骨软骨病
123702,J35.808,腺样体残体
123549,J20.800,"急性支气管炎,其他特指病原体引起的"
122713,I71.100x003,主动脉弓动脉瘤破裂
122718,I71.200x011,胸主动脉瘤
122724,I71.205,主动脉弓假性动脉瘤
122729,I71.401,腹主动脉假性动脉瘤
123745,J38.302,声带出血
123751,J38.309,声带角化症
123756,J38.400,喉水肿
123760,J38.401,声带任克氏间隙水肿
124836,K13.200x006,白色角化症
127870,M35.001,继发性干燥综合征
127874,M35.005+H19.3*,干燥综合征性角膜结膜炎
127879,M35.100,重叠综合征，其他的
127884,M35.202+N77.8*,贝赫切特病性外阴溃疡
127890,M35.700,过度活动综合征
122073,I47.100x004,房室结折返性心动过速
122079,I47.103,阵发性交界性心动过速
122084,I47.108,阵发性房性心动过速
131287,O45.001,胎盘早剥伴播散性血管内凝血
131293,O46.000x003,产前出血伴纤维蛋白溶解亢进
131299,O47.000,妊娠37整周之前的假临产
130993,O32.800,为胎儿其他先露异常给予的孕产妇医疗
131872,O99.412,妊娠合并室性期前收缩
131878,O99.419,妊娠合并心血管病
131883,O99.424,妊娠合并左束支传导阻滞
131231,O42.000,胎膜早破，在24小时之内产程开始
131235,O42.100x011,足月胎膜早破（在1-7天内产程开始）
132010,O99.800x421,分娩合并先天性畸形、变形和染色体异常
132018,O99.806,妊娠合并泌尿生殖系统疾病
132024,O99.812,妊娠合并干燥综合征
132899,Q17.800x004,先天性隐耳
132904,Q18.000,鳃裂窦、瘘和囊肿
118572,F44.800x002,甘泽综合征(Ganser综合征)
116969,E14.400x022+G63.2*,糖尿病性胰岛素相关性神经炎
116973,E14.400x026+G63.2*,糖尿病性感觉运动性周围神经病
116979,E14.400x130+G59.0*,糖尿病性脑神经麻痹
120734,H35.015,背景性视网膜病变
120739,H35.300x007,黄斑血管样纹
120743,H35.300x011,湿性年龄相关性黄斑变性
120752,H35.400,周围性视网膜变性
117818,E79.800,嘌呤和嘧啶代谢紊乱，其他的
132093,P03.100,胎儿和新生儿受产程和分娩中其他先露异常、胎位异常和（胎盆）不称的影响
132103,P03.600,胎儿和新生儿受子宫收缩异常的影响
132107,P04.000,胎儿和新生儿受母体在妊娠、产程和分娩中的感觉丧失和痛觉缺失的影响
132115,P04.500,胎儿和新生儿受母体使用营养性、化学性物质的影响
118516,F41.200,混合性焦虑和抑郁障碍
118521,F41.800,焦虑障碍，其他特指的
118528,F42.200,混合性强迫思维和动作
118534,F43.001,过度惊吓反应症
117005,E14.500x042,糖尿病性坏疽
117010,E14.500x047,糖尿病性溶血性坏疽
130821,O23.506,妊娠期阴道炎
130825,O24.000x021,妊娠合并原有1型糖尿病（胰岛素治疗）
130483,N99.100x003,手术后瘢痕性尿道闭锁
130489,N99.400,操作后盆腔腹膜粘连
130493,N99.800x003,绝育后腹痛
130498,N99.800x011,膀胱造瘘口狭窄
130504,N99.808,手术后尿道综合征
127316,M11.800,结晶性关节病，其他特指的
136234,S30.100x001,腹部挫伤
137226,S66.000x008,手部拇指长屈肌损伤
137230,S66.100x002,腕和手指屈肌损伤
127264,M06.002,缓解性血清阴性对称性滑膜炎伴凹陷性水肿综合征
134459,Q87.800x301,脑肝肾综合征(Bowen-Lee-Zellweger综合征)
134466,Q87.801,奥尔波特综合征
134471,Q87.807,性幼稚-肥胖-多趾畸形综合征
134477,Q89.003,先天性脾大
134481,Q89.200,内分泌腺先天性畸形，其他的
126632,L30.100,汗疱疹
126637,L30.204,自体过敏性皮炎
126643,L30.500x003,渗出性慢性单纯性糠疹
126649,L30.900,皮炎
126654,L30.905,湿疹样皮炎
129620,N28.820,囊性肾盂输尿管炎
129627,N28.827,输尿管瘘
129632,N28.832,输尿管疝
129637,N28.837,被动性肾充血
129642,N28.900x010,肾炎性假瘤
127301,M10.004+I43.8*,心脏尿酸盐痛风石
127309,M10.901,痛风体质
127314,M11.200,"软骨钙沉着,其他的"
128255,M62.200x001,骨筋膜室综合征
128261,M62.402,上臂肌肉挛缩
126433,L03.800,蜂窝织炎，其他部位的
131723,O98.301,妊娠合并滴虫性阴道炎
131727,O98.400x011,妊娠合并病毒性肝炎
131733,O98.404,妊娠合并戊型肝炎
131737,O98.502,妊娠合并风疹
131741,O98.600x001,孕妇疟疾
127727,M25.407,手骨间关节积液
135342,R89.900x001,乳头流出物标本异常
135347,R90.800,中枢神经系统诊断性影像检查的其他异常所见
118444,F31.500,双相情感障碍，目前为伴有精神病性症状的重度抑郁发作
118451,F31.801,慢性躁狂症
136517,S36.404,创伤性小肠破裂
136523,S36.500,结肠损伤
136527,S36.500x041,乙状结肠损伤
136533,S36.600,直肠损伤
135820,S08.800,头部其他部位的创伤性切断
135826,S09.100x001,头部肌肉损伤
135831,S09.800x002,创伤性乳牙损伤
136841,S46.900x001,肩和上臂肌肉损伤
136847,S48.100,在肩和肘之间水平的创伤性切断
143146,Z95.800x006,人工心脏置入术后
110673,A19.000,单个特指部位的急性粟粒型结核
110677,A19.000x004,"血行播散性肺结核（初治,多耐药）涂阴培阳"
110681,A19.000x008,"血行播散性肺结核（初治,耐多药）涂阴培阳"
110685,A19.000x012,"血行播散性肺结核（复治,单耐药）涂阴培阳"
135591,S02.500x002,创伤性牙破损
135597,S02.600x041,下颌骨支骨折
135602,S02.611,开放性下颌骨骨折
135607,S02.700x004,鼻眶筛骨折
135611,S02.800,颅骨和面骨骨折，其他的
136573,S37.200x023,腹膜内膀胱破裂
137608,S83.500x012,膝关节前十字韧带损伤
137612,S83.500x032,膝关节前十字韧带完全断裂
136794,S45.101,创伤性肱动脉损伤
136799,S45.300x001,肩和上臂浅表静脉损伤
117370,E34.400,体质性高身材
117374,E34.500x005,男性假两性同体伴雄激素抵抗
117381,E34.803,早老症
118289,F15.700,使用其他兴奋剂（包括咖啡因）引起的残留性和迟发性精神病性障碍
111639,B17.803,急性重叠型黄疸型病毒性肝炎
111644,B17.900x006,病毒性肝炎亚急性重型
110917,A39.800,脑膜炎球菌感染，其他的
110922,A39.805+M03.0*,脑膜炎球菌感染后关节炎
123039,I77.127,髂内动脉狭窄
123045,I77.203,肺动脉瘘
122765,I72.100x003,肱动脉瘤
123841,J39.807,气管受压
123847,J40.x00,支气管炎
122977,I74.806,腹腔动脉栓塞
122982,I77.000,后天性动静脉瘘
122987,I77.000x014,桡动静脉瘘
122992,I77.003,耳廓动静脉瘘
124016,J67.800,过敏性肺炎，其他有机粉尘引起的
124023,J68.000,化学制剂、气体、烟雾和蒸气引起的支气管炎和肺炎
124030,J68.200,化学制剂、气体、烟雾和蒸气引起的上呼吸道炎症，不可归类在他处者
120889,H44.600x006,陈旧性眼球磁性异物
128126,M51.104+G55.1*,椎间盘破裂性神经炎
128131,M51.200x004,腰骶椎间盘脱出
128137,M51.205,椎间盘移位性腰痛
128142,M51.304,腰骶椎间盘变性
128148,M51.801,椎间盘膨隆
128153,M53.000,颈颅综合征
123029,I77.113,主动脉弓狭窄
123035,I77.121,胫后动脉狭窄
124103,J86.000x006,支气管胃瘘
124109,J86.004,食管纵隔瘘
127923,M40.501,鞍状背
127926,M41.101,青少年特发性脊柱侧弯
123136,I80.900,静脉炎和血栓性静脉炎
123142,I82.000x001,布-加综合征(budd-chiari综合征)
123150,I82.203,下腔静脉血栓形成
123155,I82.302,肾静脉瘤栓
123159,I82.800x004,髂内静脉栓塞
123777,J38.703,喉瘢痕
123783,J38.709,喉皮肥厚
123789,J38.716,会厌脓肿
123794,J38.721,舌骨大角综合征
123800,J39.100,咽的其他脓肿
123806,J39.200x015,咽肌麻痹
127966,M43.203,后天性脊柱关节强硬
127970,M43.501,复发性颈椎不完全性脱位
127974,M43.505,复发性腰椎不完全性脱位
128963,M87.200x072,创伤后距骨坏死
128968,M87.204,创伤后趾骨坏死
117947,E85.417+K93.8*,淀粉样变肠道损害
118197,F11.000,急性阿片类物质中毒引起的精神和行为障碍
118203,F11.200x003,镇痛药物成瘾
119909,G83.300x002,完全性单瘫
119914,G83.800,麻痹［瘫痪］综合征，其他特指的
119920,G83.900,麻痹［瘫痪］综合征
119926,G83.901,轻度瘫痪
119929,G90.100,家族性自主神经功能异常［赖利-戴］
117799,E78.600,脂蛋白缺乏
117803,E78.600x007,低α脂蛋白血症
117808,E78.601,载脂蛋白B缺乏
117813,E78.900,脂蛋白代谢紊乱
117817,E79.100,莱施-尼汉综合征
118640,F50.800x002,异食症
118645,F51.200,非器质性睡眠-觉醒节律障碍
119491,G45.800x003,锁骨下盗血综合征伴锁骨下动脉闭塞
117894,E83.500x008,家族性低钙尿性高钙血症
117902,E83.800,矿物质代谢紊乱，其他的
117907,E84.101+P75*,囊性纤维化性胎粪性肠梗阻
118230,F13.100x001,镇静剂或催眠剂的有害使用
118235,F13.400,使用镇静剂或催眠剂引起的戒断状态伴有谵妄
119071,G12.100x003,幼年型进行性球麻痹(Fazio-Londe病)
119077,G12.104,成人型进行性脊髓性肌萎缩
132066,P01.200,胎儿和新生儿受羊水过少的影响
131037,O34.100x001,妊娠合并子宫肌瘤
131042,O34.200,为以前的子宫手术瘢痕给予的孕产妇医疗
131048,O34.400x005,妊娠合并子宫颈幼稚
131053,O34.400x014,妊娠合并子宫颈高度病变
131928,O99.610,妊娠合并阑尾穿孔
131933,O99.617,妊娠合并胆囊炎
140691,V59.400,交通事故中轻型货车或篷车与其他和未特指机动车辆碰撞造成轻型货车或篷车司机的损伤
141441,Y55.600x002,氨茶碱类药物反应
141446,Y56.000,局部抗真菌、抗感染和消炎药的有害效应，不可归类在他处者
141453,Y56.400,角质层分离药、角质层增生药和其他毛发治疗的药物和制剂的有害效应
137175,S63.501,腕关节扭伤
137181,S63.700,手其他和未特指部位的扭伤和劳损
137187,S64.100,在腕和手水平的正中神经损伤
137192,S64.200x002,手部桡神经损伤
136000,S17.000x001,喉气管挤压伤
136006,S18.x00,在颈水平的创伤性切断
136013,S19.802,喉损伤
136017,S20.101,乳房浅表损伤
136022,S20.300,胸前壁其他浅表损伤
126467,L08.001,化脓性皮炎
126472,L08.800x005,骶部炎性窦道
126477,L08.802,增殖性脓皮病
126482,L08.900x028,皮肤软化斑
126488,L08.906,颈部软组织感染
127514,M21.804,后天性肱骨畸形
140906,W35.x00,锅炉爆炸和破裂
140910,W39.x00,烟火发射
140914,W43.x00,暴露于振动下
141662,Y83.600,"器官的取除（部分）（全部）作为病人异常反应或以后并发症的原因，而在操作当时并未提及意外事故,其他的"
141670,Y84.100,肾透析作为病人异常反应或以后并发症的原因，而在操作当时并未提及意外事故
138248,T20.200x008,唇部二度烧伤
138254,T20.300,头和颈三度烧伤
128197,M54.400,腰痛伴有坐骨神经痛
128205,M54.600,胸段背痛
128210,M60.000x051,大腿感染性肌炎
136262,S30.900x001,腹部浅表损伤
136267,S31.000x004,骨盆开放性损伤
136273,S31.004,开放性臀部损伤
136278,S31.100x003,胁腹开放性损伤
136283,S31.200,阴茎开放性伤口
127822,M32.106+G63.5*,狼疮性周围神经病
127828,M32.112+K93.8*,狼疮性胃肠道损害
127834,M32.900,系统性红斑狼疮
127838,M33.100,皮肌炎，其他的
127843,M33.103+J99.1*,皮肌炎性肺间质纤维化
128822,M84.100x043,舟骨骨折不连接
141688,Y85.000,机动车事故的后遗症
141692,Y86.x00x002,意外坠落的晚期效应
110928,A40.800,链球菌性脓毒症，其他的
110932,A41.000,金黄色葡萄球菌性脓毒症
135859,S11.001,开放性气管损伤
135864,S11.100x001,甲状腺开放性损伤
135869,S11.800,颈部其他部位的开放性伤口
135874,S11.900,颈部的开放性伤口
135880,S12.100x003,枢椎椎弓根骨折(Hangman骨折)
136826,S46.700x001,肩和上臂多处肌肉损伤
136832,S46.800x002,冈上肌肌肉损伤
137859,S96.800x001,踝部胫后肌腱损伤
137864,S97.000,踝挤压伤
137869,S98.000,足在踝水平的创伤性切断
118247,F14.400,使用可卡因引起的戒断状态伴有谵妄
117606,E72.205,N-乙酰谷氨酸合成酶缺乏症
117613,E72.304,戊二酸血症I型
117618,E72.400x002,鸟氨酸血症II型
117623,E72.500x002,高脯氨酸血症I型
117628,E72.800x001,脲环代谢紊乱
137409,S74.900,在髋和大腿水平神经的损伤
111860,B36.900,浅部真菌病
111865,B37.001,口腔念珠菌感染
122341,I61.500x004,第四脑室出血
122346,I61.600,脑内出血，多处局限性
122353,I61.900,脑内出血
122357,I61.900x006,脑血管炎性脑出血
111807,B33.300,反转录病毒感染，不可归类在他处者
111812,B33.801,急性传染性淋巴细胞增多症
111818,B34.200,冠状病毒感染
111822,B34.400x001,乳头状瘤多型空泡病毒感染
111829,B34.900,病毒性感染
118273,F15.400,使用其他兴奋剂（包括咖啡因）引起的戒断状态伴有谵妄
118278,F15.500,使用其他兴奋剂（包括咖啡因）引起的精神性障碍
118284,F15.600,使用其他兴奋剂（包括咖啡因）引起的遗忘综合征
119134,G23.300,小脑型多系统萎缩
119138,G23.800x007,关岛肌萎缩侧索硬化-帕金森-痴呆综合征
136614,S38.001,阴茎挤压伤
136618,S38.100x004,骨盆挤压伤
137133,S63.000x011,下尺桡关节脱位
137138,S63.000x081,腕骨脱位
137143,S63.100x002,拇指关节脱位
137148,S63.200,手指多处脱位
137153,S63.300x003,尺腕韧带断裂
137157,S63.400x002,掌指关节副韧带断裂
117396,E44.000,中度蛋白质-能量营养不良
117400,E46.x00,蛋白质-能量营养不良
117406,E50.000,维生素A缺乏病伴有结膜干燥症
117410,E50.100x002+H13.8*,维生素A缺乏伴比托斑点及结膜干燥症
135690,S05.304,巩膜裂伤
135694,S05.400,眶贯通伤伴有或不伴有异物
136712,S42.200x011,肱骨近端骨骺分离
136718,S42.203,肱骨头骨折
138048,T09.200x002,躯干关节脱位
135448,R95.000,婴儿猝死综合征伴提及尸体解剖
135454,R96.100x001,无疾病体征的死亡
135459,R99.x01,死亡
135464,S00.003,头皮异物
135469,S00.100x006,眉弓挫伤
137378,S72.800,股骨其他部位的骨折
137384,S73.000x003,髋臼脱位
137389,S73.100x002,创伤性髋关节积血
137395,S74.000x002,髋部坐骨神经损伤
137400,S74.100x003,大腿股神经损伤
118337,F18.900,使用挥发性溶剂引起的精神和行为障碍
118340,F19.100,有害性使用多种药物和其他精神活性物质引起的精神和行为障碍
136388,S34.100x003,腰部脊髓不完全损伤
136394,S34.100x751,腰部脊髓功能损伤L5
136400,S34.400,腰骶丛损伤
138088,T11.200x004,上肢关节和韧带扭伤
138093,T11.200x009,上肢韧带损伤
138099,T11.600,上肢创伤性切断
134899,R40.201,意识丧失
134905,R41.300x001,遗忘
127633,M24.302,自发性寰枢椎半脱位
127638,M24.307,踝关节病理性脱位
127643,M24.400,关节复发性脱位和不全脱位
128616,M75.600,退行性肩关节盂唇撕裂
141460,Y56.700x001,牙科表面用药类反应
126241,K90.405,淀粉吸收不良
126246,K90.900,肠吸收不良
125254,K41.200,双侧股疝，不伴有梗阻或坏疽
125259,K41.301,绞窄性股疝
125263,K41.900,单侧或未特指的股疝，不伴有梗阻或坏疽
125271,K42.901,脐旁疝
116582,E10.200x213+N08.3*,1型糖尿病肾病III期
116587,E10.300x011+H36.0*,1型糖尿病性背景性视网膜病
141153,Y19.x00,化学制品和有害物质的中毒及暴露于该类物质，意图不确定的，其他的
141161,Y27.x00,接触蒸气、热气和热物体，意图不确定的
140785,V84.000,交通事故中专用农业车辆上的司机的损伤
140790,V84.400,在上下专用农业车辆时的人员损伤
140794,V84.900,非交通事故中专用农业车辆上的乘员的损伤
140799,V85.300,交通事故中专用建筑车辆上的乘员的损伤
140803,V85.700,非交通事故中专用建筑车辆外部人员的损伤
114114,C95.900x015,难治性白血病伴缓解
114119,C96.004,组织细胞增生症X，多系统
114124,C96.201,侵袭性系统性肥大细胞增生症
114129,C96.400x003,母细胞性浆细胞样树状突细胞肿瘤
114953,D32.000x036,硬脑膜下脑膜瘤
114959,D32.004,额叶脑膜瘤
125137,K31.604,十二指肠瘘
126014,K80.405,肝胆管结石伴胆囊炎
126019,K80.501,胆总管结石
126024,K80.506,胆肠吻合口结石
126030,K81.000x008,胆囊积脓
126036,K81.006,慢性胆囊炎急性发作
141958,Z27.900,为抗多种传染病采取必要的联合免疫
141962,Z28.200,由于其他或未特指原因使病人决定不进行免疫
141971,Z29.201,预防性抗生素治疗
141976,Z30.000x002,有关避孕的初次指导
141371,Y51.500,主要为β肾上腺素能受体显效药的有害效应，不可归类在他处者
141377,Y51.900,主要影响自主神经系统的其他和未特指药物的有害效应
141131,Y10.x00,非阿片样镇痛药、解热药和抗风湿药的中毒及暴露于该类药物，意图不确定的
141881,Z13.800x022,慢性支气管炎和肺气肿的特殊筛查
141887,Z13.801,苯丙酮尿症筛选
141892,Z20.200,接触和暴露于主要为性传播模式的传染病
128249,M61.501,骨化性肌炎
129292,N01.200,急进型肾炎综合征伴有弥漫性膜性肾小球肾炎
129296,N01.400,急进型肾炎综合征伴有弥漫性毛细血管内增生性肾小球肾炎
127460,M21.001,后天性肘外翻
127464,M21.100x011,后天性肩内翻
127328,M12.200x061,膝色素沉着绒毛结节性滑膜炎
127335,M12.500x031,腕关节创伤性关节病
127339,M12.800,关节病，其他特指的不可归类在他处者
127348,M15.000,原发性全身性（骨）关节病
127353,M15.400,侵蚀性（骨）关节病
127359,M15.901,萎缩性多关节炎
137252,S66.300x004,腕部指伸肌和肌腱损伤
137258,S66.400,在腕和手水平的拇指内在肌和肌腱损伤
137263,S66.400x005,腕部拇指内在肌损伤
137268,S66.500,在腕和手水平的其他手指内在肌和肌腱损伤
137273,S66.500x005,腕部指内在肌损伤
141926,Z23.100,仅为抗伤寒-副伤寒采取必要的免疫(TAB)
131520,O73.000,胎盘滞留不伴有出血
131525,O73.102,胎盘部分滞留不伴出血
131528,O74.000x002,分娩期麻醉相关的门德尔松综合征
131533,O74.300,产程和分娩期间麻醉的中枢神经系统并发症
127499,M21.604,后天性踝关节畸形
127504,M21.701,后天性上臂短缩畸形
127509,M21.706,后天性小腿短缩畸形
128473,M71.008,踝黏液囊脓肿
127728,M25.408,手骨间关节肿胀
127734,M25.414,踝关节肿胀
126502,L10.800x002,家族性良性慢性天疱疮
126508,L11.900,皮肤棘层松解性疾患
126513,L12.103+H13.3*,眼天疱疹
126519,L12.900,类天疱疮
136623,S38.200x003,阴茎离断
136627,S38.300,腹部、下背和骨盆其他和未特指部位的创伤性切断
136636,S39.000x003,下背肌肉损伤
122387,I63.203,颈动脉狭窄脑梗死
123368,I97.102,心脏手术后心力衰竭
123371,I97.800x001,动脉导管未闭结扎术后残余分流
143147,Z95.800x007,具有心脏除颤器
143152,Z96.100,具有眼内晶状体
143156,Z96.200x001,骨传导听力装置植入状态
123313,I89.007,盆腔淋巴管阻塞
123319,I89.100x003,亚急性淋巴管炎
123324,I89.800x010,非丝虫性阴囊乳靡囊肿
123330,I89.800x016,原发性乳糜胸
123335,I89.800x021,纵隔乳糜囊肿
118481,F33.300,复发性抑郁障碍，目前为伴有精神病性症状的重度发作
118490,F34.102,抑郁性人格障碍
118494,F38.000x001,单次发作的心境(情感)障碍
118499,F38.800,心境［情感］障碍，其他特指的
119374,G40.311,良性非家族性婴儿惊厥
136870,S51.800,前臂其他部位的开放性伤口
136875,S52.000,尺骨上端骨折
136880,S52.000x091,尺骨近端多发性骨折
136886,S52.100x001,桡骨近端骨折
136892,S52.110,开放性桡骨上端骨折
143195,Z98.800,手术后状态，其他特指的
142313,Z46.000,眼镜和接触镜片的安装和调整
142317,Z46.200x002,神经刺激器更换
111646,B17.903,急性传染性肝炎，未特指
111650,B18.002,慢性乙型丁型病毒性肝炎轻度
124471,K06.100x003,遗传性龈纤维瘤病
124475,K06.800x012,牙龈黑斑
143013,Z90.300x001,后天性胃部分缺失
143018,Z90.401,食管切除术后状态
143023,Z90.406,直肠切除术后状态
137640,S84.700,在小腿水平的多神经损伤
137645,S84.900,在小腿水平神经的损伤
137651,S85.101,胫后动脉损伤
137655,S85.300x001,小腿大隐静脉损伤
115562,D47.100x019,慢性中性粒细胞性白血病伴缓解
115567,D47.200x005+G63.1*,神经病伴副蛋白血症
116333,D83.100,常见变异型免疫缺陷伴有显著的免疫调节的T细胞疾患
126354,K92.800x002,胃癌伴出血
126359,K92.800x007,直肠癌伴出血
125425,K55.100x005,慢性肠道血管功能不全
125083,K28.700,慢性胃空肠溃疡不伴有出血或穿孔
125089,K29.001,急性糜烂出血性胃炎
125101,K29.601,变应性胃炎
125106,K29.606,胃黏膜肥厚
115404,D42.000,脑膜动态未定或动态未知的肿瘤
115410,D42.100,脊（髓）膜动态未定或动态未知的肿瘤
115417,D42.901,脑脊膜肿瘤
115420,D43.000x002,脑室交界性肿瘤
116179,D70.x02,药物性粒细胞减少
116184,D70.x07,重症先天性粒细胞缺乏症
125462,K56.400x003,肠嵌塞
125467,K56.503,肠粘连性狭窄
125472,K56.601,肠狭窄
125477,K56.700x003,完全性肠梗阻
114528,D17.500x004,腹腔脂肪瘤
114533,D17.500x010,腹股沟脂肪瘤
116399,E00.901,呆小病
116401,E01.000x002,碘缺乏相关性弥漫性锁骨下甲状腺肿
116406,E01.200,碘缺乏相关性（地方性）甲状腺肿
116411,E01.801,碘性甲状腺功能减退
116414,E03.000,先天性甲状腺功能减退症伴有弥漫性甲状腺肿
114569,D17.701,腹膜脂肪瘤
115320,D38.503,鼻旁窦动态未定肿瘤
115326,D38.509,鼻颅底交通性肿瘤
115330,D39.000,子宫动态未定或动态未知的肿瘤
115337,D39.005,子宫颈肿瘤
114818,D23.100x003,外眦良性肿瘤
125807,K71.002,进行性家族性肝内胆汁淤积症
125811,K71.100x006,中毒性肝病伴肝衰竭（慢性中度）
125818,K71.200,中毒性肝病伴有急性肝炎
125822,K71.400,中毒性肝病伴有慢性小叶性肝炎
116632,E10.400x180+G59.0*,1型糖尿病性眼肌麻痹
116636,E10.400x311+G99.0*,1型糖尿病性体位性低血压
114243,D04.300x002,面皮肤原位癌
114249,D04.502,肛门边缘皮肤原位癌
114254,D04.601,肩皮肤原位癌
114899,D29.700,男性生殖器官良性肿瘤，其他的
114907,D30.100,肾盂良性肿瘤
114911,D30.302,膀胱输尿管口良性肿瘤
114917,D31.000x001,结膜良性肿瘤
114923,D31.402,虹膜良性肿瘤
114928,D31.502,泪囊良性肿瘤
116020,D64.100,由疾病引起的继发性铁粒幼细胞贫血
114699,D19.100,腹膜间皮组织良性肿瘤
114704,D20.000x002,腹主动脉旁良性肿瘤
114709,D21.000,头、面和颈部结缔组织和其他软组织的良性肿瘤
142220,Z42.204,臀部瘢痕修复
142225,Z42.302,上肢残端修整
142230,Z42.401,下肢瘢痕修复
142234,Z42.800x001,截肢残端修整
139008,T44.800,中枢作用和肾上腺素能-神经元-阻滞剂中毒，不可归类在他处者
142004,Z30.800x005,放置避孕装置后避孕失败
142010,Z31.200,试管内授精
142016,Z31.300x001,输卵管内配子移植
142022,Z31.402,精子计数
142026,Z31.800,"生育问题,其他的"
142032,Z33.x00x001,妊娠状态
114311,D10.000x004,唇黏膜良性肿瘤
114317,D10.300,口良性肿瘤，其他和未特指部位的
114325,D10.307,磨牙后区良性肿瘤
114330,D10.402,腭扁桃体良性肿瘤
114335,D10.502,扁桃体柱良性肿瘤
115485,D43.901,中枢神经系统肿瘤
115489,D44.000x001,甲状腺交界性肿瘤
115494,D44.200,甲状旁腺动态未定或动态未知的肿瘤
126255,K91.200,手术后吸收不良，不可归类在他处者
126263,K91.303,手术后肠肠吻合口狭窄
139981,T84.000x012,人工股骨头置换术后假体松动
139988,T84.006,肘关节假体障碍
126523,L13.800,大疱性疾患，其他特指的
126530,L20.803,特应性神经性皮炎
128288,M62.602,前臂肌肉劳损
128293,M62.607,躯干肌肉劳损
128298,M62.800x061,腓骨长肌腱滑脱
128304,M62.800x101,筋膜病
128309,M62.805,后天性肌鞘疝
132341,P38.x00x001,新生儿脐炎伴有出血
131767,O99.000x031,产褥期贫血
131771,O99.005,妊娠合并轻度贫血
132566,P81.902,新生儿发热
132570,P83.300,特发于胎儿和新生儿的其他和未特指的水肿
127778,M30.100x001,嗜酸性肉芽肿性血管炎
127783,M30.800,与结节性多动脉炎有关的其他情况
128761,M80.000,绝经后骨质疏松伴有病理性骨折
128765,M80.400,药物性骨质疏松伴有病理性骨折
137043,S60.800x021,腕和手水泡
137049,S60.800x041,腕和手浅表异物
137054,S60.900x002,腕部浅表损伤
137060,S61.100,手指开放性伤口伴有指甲损害
137065,S61.702,开放性手多发损伤
127534,M22.200x001,髌股关节病
127540,M22.800,髌骨的其他疾患
127546,M23.000x061,膝外侧半月板囊肿
127551,M23.201,陈旧性前十字韧带损伤
127555,M23.205,陈旧性膝内侧半月板损伤
132609,P92.200,新生儿进食缓慢
132614,P92.800x001,新生儿喂养不当
132619,P93.x02,新生儿灰白综合征
141694,Y86.x00x004,由自然和环境因素引起的事故的晚期效应
141700,Y88.200,与在诊断和治疗中使用医疗装置有关的有害事件的后遗症
138290,T20.500x012,眼伴面一度腐蚀伤
138296,T20.600x006,鼻部二度腐蚀伤
138301,T20.600x011,眼伴颈二度腐蚀伤
138307,T20.700x005,面部三度腐蚀伤
138312,T20.700x010,眼伴头三度腐蚀伤
138109,T13.000x041,下肢浅表异物
137288,S66.900x004,手指肌肉损伤
137660,S85.700x001,小腿多处血管损伤
138643,T26.500,睑和眼周区腐蚀伤
118300,F16.000,使用致幻剂急性中毒引起的精神和行为障碍
118306,F16.400,使用致幻剂引起的戒断状态伴有谵妄
118311,F16.800,使用致幻剂质引起的其他精神和行为障碍
118316,F17.100x001,烟草的有害使用
118320,F17.400x001,伴有谵妄的烟草戒断状态
112667,C18.400,横结肠恶性肿瘤
112671,C18.800,结肠交搭跨越恶性肿瘤的损害
112677,C18.900x001,结肠多处恶性肿瘤
112683,C20.x01,直肠壶腹部恶性肿瘤
112688,C21.800,直肠、肛门和肛管交搭跨越恶性肿瘤的损害
143059,Z91.800,危险因素个人史，其他特指的不可归类在他处者
143067,Z92.200x021,胰岛素使用史
143071,Z92.400,大手术个人史，不可归类在他处者
112632,C16.001,食管贲门连接处恶性肿瘤
112638,C16.400,幽门恶性肿瘤
137894,T00.600,累及上肢伴有下肢多个部位的浅表损伤
137900,T00.900x003,多处皮肤浅表水疱
137904,T00.900x007,多处皮肤浅表无毒昆虫咬伤
137910,T01.100x001,胸伴腹和下背及骨盆开放性损伤
137916,T01.301,下肢皮肤套脱伤
137425,S75.700x001,髋部多处血管损伤
137430,S75.900x002,大腿血管损伤
137436,S76.100x001,股四头肌和肌腱损伤
137442,S76.200,大腿内收肌和肌腱损伤
137446,S76.300x001,大腿后部肌群和肌腱损伤
137452,S76.700,髋关节和在大腿水平的多处肌肉和肌腱损伤
112992,C45.700x005,直肠间皮瘤
110003,A00.100,霍乱，由于O1群霍乱弧菌，埃尔托生物型所致
110012,A01.000x005+J17.0*,伤寒并发肺炎
110019,A01.000x012,伤寒并发支气管炎
110024,A01.000x019,伤寒暴发型
113613,C79.507,上肢骨继发恶性肿瘤
113618,C79.800,继发性恶性肿瘤，其他特指部位的
125826,K71.500x002,中毒性肝病伴狼疮状肝炎
115581,D47.700x010,多中心性Castleman病
115586,D47.900,淋巴、造血和有关组织的动态未定或动态未知的肿瘤
115592,D48.000x028,髂骨交界性肿瘤
115599,D48.007,锁骨肿瘤
115604,D48.012,脊柱动态未定肿瘤
116208,D72.809,单核细胞性类白血病反应
116215,D73.300,脾脓肿
116221,D73.504,脾静脉血栓形成
116227,D73.800x011,脾瘘
116233,D73.807,脾纤维化
125511,K57.900x001,肠憩室伴憩室炎
125515,K58.800,其他和未特指的肠易激综合征
125524,K59.200x003,神经源性肠道功能障碍
125531,K59.401,盆底肌痉挛综合征
125537,K59.900x001,肠功能紊乱
114466,D16.405,顶骨良性肿瘤
114472,D16.411,上颌骨良性肿瘤
114477,D16.600x003,胸椎良性肿瘤
114482,D16.701,胸骨良性肿瘤
114487,D16.800x006,髋骨良性肿瘤
114493,D16.900x001,骨良性肿瘤
115498,D44.300x001,垂体交界性肿瘤
126087,K83.011,化脓性胆管炎
126092,K83.016,急性化脓性肝胆管炎
126099,K83.101,胆囊内胆汁淤积
126106,K83.108,胆总管梗阻
126111,K83.301,胆总管十二指肠瘘
126117,K83.307,手术后肝总管小肠瘘
115367,D40.000,前列腺动态未定或动态未知的肿瘤
116124,D69.007,血管性紫癜
116129,D69.100x001,血小板病
116133,D69.101,血小板功能不全
116137,D69.200x003,精神性紫癜
115527,D46.000x003,再生不良性贫血
116289,D80.100x003,无丙球蛋白血症伴载有免疫球蛋白的B型淋巴细胞
116296,D80.500,伴有免疫球蛋白M［IgM］增多的免疫缺陷
116301,D80.800x001,κ轻链缺乏
116305,D81.000,重症联合免疫缺陷［SCID］伴有网状组织发育不全
139992,T84.200x004,胸骨的金属丝引起的机械性并发症
139997,T84.300x001,骨移植物引起的机械性并发症
140002,T84.402,肌腱移植物引起的机械性并发症
138776,T34.300x002,背部冻伤伴组织坏死
138781,T34.500x003,手部冻伤伴组织坏死
138786,T34.700x002,膝部冻伤伴组织坏死
138791,T34.900,冻伤伴有组织坏死，其他和未特指部位的
138797,T35.100x001,多处冻伤伴组织坏死
141269,Y43.300x003,门冬酰安药物反应
141275,Y43.600,酶类的有害效应，不可归类在他处者
142062,Z35.400,具有多胎产者的妊娠监督
142067,Z35.600,极年轻初孕妇的监督
142071,Z35.801,宫颈原位癌妊娠监督
142076,Z36.000,对染色体异常的产前筛查
126295,K91.802,残胃吻合口炎
126299,K91.806,胆总管空肠吻合口狭窄
125310,K45.805,库珀疝
125314,K46.000,腹疝，伴有梗阻，不伴有坏疽
116024,D64.400,先天性红细胞生成不良性贫血
116030,D64.802,混合性贫血
114195,D02.002,声带原位癌
114200,D02.300,呼吸系统其他部位的原位癌
114206,D03.100,眼睑（包括眦）原位黑色素瘤
114212,D03.300,面部其他和未特指部位的原位黑色素瘤
114219,D03.501,乳房原位黑色素瘤
114223,D03.600,上肢（包括肩）原位黑色素瘤
114865,D25.900x001,子宫多发性平滑肌瘤
114872,D26.702,胎膜良性肿瘤
114877,D28.000x001,外阴黑色素痣
114882,D28.200x003,输卵管良性肿瘤
114888,D28.206,卵巢固有韧带良性肿瘤
115622,D48.100x018,腹部结缔组织交界性肿瘤
141479,Y57.700,维生素类的有害效应，不可归类在他处者
141485,Y57.800x004,营养药类反应
138836,T36.900x001,抗生素中毒
138841,T37.300,抗原虫药中毒，其他的
138845,T37.800,全身性抗感染药和抗寄生虫药中毒，其他特指的
137293,S67.800,腕和手其他和未特指部位的挤压伤
137300,S68.100,单个手指创伤性切断（完全）（部分），其他的
128836,M84.300,应力骨折，不可归类在他处者
128843,M84.900,骨的连续性疾患
128847,M85.000x004,肩胛骨纤维结构不良
128852,M85.000x051,股骨纤维结构不良
128857,M85.000x062,腓骨纤维结构不良
128862,M85.000x084,椎骨纤维异常增殖症
139180,T52.200x003,二甲苯中毒
139184,T52.800x001,二甲基甲酰胺中毒
139190,T52.900,有机溶剂的毒性效应
141930,Z23.500,仅为抗破伤风采取必要的免疫
141934,Z23.800x001,为抗单一的细菌性疾病采取必要的免疫
129315,N02.200,复发性和持续性血尿伴有弥漫性膜性肾小球肾炎
129320,N02.302,系膜增生性IgA肾病
129323,N02.500,复发性和持续性血尿伴有弥漫性肾小球系膜毛细血管性肾小球肾炎
129330,N02.800x003,良性家族性儿童期血尿
129336,N03.000,慢性肾炎综合征伴有轻微的肾小球异常
137341,S71.700,髋和大腿多处开放性伤口
138384,T21.400x011,乳房腐蚀伤
128338,M65.101,感染性滑膜炎
128343,M65.800,滑膜炎和腱鞘炎，其他的
128350,M65.900,滑膜炎和腱鞘炎
139337,T61.100x002,组织胺样综合征
140265,T90.400x002,眼部浅表损伤后遗症
140271,T90.500x003,颅内开放性损伤后遗症
140278,T90.901,陈旧性头部损伤
140281,T91.000x002,躯干浅表损伤后遗症
140286,T91.100,脊柱骨折后遗症
117081,E16.300x003+L54.8*,坏死松解性游走性红斑
117088,E16.800x001,胰腺胰多肽分泌过多
117092,E16.800x006,A型胰岛素抵抗综合征
117097,E16.800x102,糖耐量受损伴高血压
117100,E16.800x105,糖耐量受损伴黑棘皮症或血脂障碍或高胰岛素血症或肥胖症
117689,E75.000x002,泰-萨克斯病(Tay-Sachs病)
113624,C79.800x213,子宫下段继发恶性肿瘤
113629,C79.800x219,子宫骶骨韧带继发恶性肿瘤
112894,C43.101,眦恶性黑色素瘤
119157,G24.300,痉挛性斜颈
119162,G24.400x002,无牙性口面运动障碍
119167,G24.501,眼睑痉挛-口下颌肌张力障碍
119173,G24.806,多灶型肌张力障碍
119178,G24.901,迟发性运动障碍
119184,G25.000x005,单纯声音震颤
137679,S86.300x004,腓肠肌断裂
137683,S86.700,在小腿水平的多处肌肉和肌腱损伤
137689,S86.901,小腿水平肌肉损伤
137694,S88.000x001,膝部切断
137698,S89.700,小腿多处损伤
137703,S90.200,趾挫伤伴有趾甲损坏
123406,J01.900,急性鼻窦炎
123410,J02.800,"急性咽炎,其他特指病原体引起的"
123419,J02.905,咽喉痛
124538,K07.200x013,错??畸形安氏Ⅲ类
113848,C85.900x034,周围神经血管内淋巴瘤
113855,C85.900x042,胰腺淋巴瘤
113860,C86.200,肠型T细胞淋巴瘤
113864,C86.600,原发性皮肤CD30阳性T细胞增殖性病变
124476,K06.800x013,牙龈粘膜色素沉着
119387,G40.500,特指的癫痫综合征
119391,G40.500x009,惊吓性癫痫
119396,G40.600,癫痫大发作（伴有或不伴有小发作）
119401,G40.800,癫痫，其他的
119405,G40.800x010,反射性癫痫光敏性发作
119411,G40.805,难治性癫痫
138716,T29.600,多个部位腐蚀伤，述及的腐蚀伤不超过二度
137935,T02.210,开放性多发性单上肢骨折
137940,T02.400x001,双上肢多发性骨折
137945,T02.600,累及上肢伴有下肢多个部位的骨折
137950,T02.700x001,胸伴下背和骨盆及四肢骨折
142346,Z47.800x006,瘢痕切除术后随诊医疗
142350,Z47.800x010,鼻再造术后随诊医疗
125854,K73.000,慢性迁延性肝炎，不可归类在他处者
125860,K73.800x001,慢性复发性肝炎
125866,K74.200,肝纤维化伴有肝硬化
125869,K74.300x006+I98.3*,原发性胆汁型肝硬化伴胃底静脉曲张破裂出血
125875,K74.500,胆汁型肝硬化
116354,D86.300x002,冻疮样狼疮型皮肤结节病
116359,D86.800x006+M14.8*,结节病性关节病
116367,D89.000x003,良性高丙球蛋白血症性紫癜
116373,D89.100x002,继发性冷球蛋白血症
116378,D89.100x007,自发性冷球蛋白血症
125355,K51.301,溃疡性直肠乙状结肠炎，轻度
125361,K51.800,溃疡性结肠炎，其他的
126363,K92.800x012,胰腺癌伴出血
126368,L00.x01,新生儿天疱疮
126372,L01.000x013,脓疱疮
126377,L01.005,毛囊性脓疱病
116902,E14.000x002,糖尿病性高血糖状态昏迷
116907,E14.100,糖尿病伴有酮症酸中毒
116911,E14.200,糖尿病伴有肾的并发症
116915,E14.200x014+N08.3*,糖尿病性前期肾小球系膜增殖性肾病
116920,E14.200x023+N08.3*,糖尿病性肾小球硬化症
125571,K62.400,肛门和直肠狭窄
125576,K62.402,直肠梗阻
125581,K62.600x002,直肠溃疡
125586,K62.800x001,出血性直肠炎
125592,K62.800x021,直肠周围炎
115268,D37.700,消化器官，其他的动态未定或动态未知的肿瘤
115276,D37.703,脾动态未定肿瘤
115282,D37.709,肛门动态未定肿瘤
115287,D38.000,喉动态未定或动态未知的肿瘤
115293,D38.100,气管、支气管和肺动态未定或动态未知的肿瘤
114658,D18.005,躯干部血管瘤
125153,K31.802,高张力胃
125159,K31.808,胃结石
125165,K31.814,胃穿孔
125170,K31.820,胃-心综合征
125175,K31.903,十二指肠肿物
116165,D69.800,出血性情况，其他特指的
116066,D68.200x007,低前转变素血症
116763,E11.300x044+H36.0*,2型糖尿病性星状的斑点性视网膜病
116768,E11.300x052+H22.1*,2型糖尿病性虹膜红变症
116773,E11.303+H22.1*,2型糖尿病性虹膜炎
139954,T83.300,子宫内避孕装置的机械性并发症
139490,T73.800,缺乏的其他效应
139496,T74.100x001,幼儿受虐综合征
139502,T74.800x001,混合型虐待综合征
139508,T75.000x002,雷电休克
139514,T75.200x001,气锤综合征
114273,D07.200,阴道原位癌
114276,D07.301,卵巢原位癌
114281,D07.401,凯拉增殖性红斑
114286,D07.602,睾丸原位癌
114291,D09.101,肾原位癌
115107,D36.100x044,会阴周围神经和自主神经良性肿瘤
115111,D36.100x050,坐骨直肠窝周围神经和自主神经良性肿瘤
138876,T39.101,对乙酰氨基酚中毒
115671,D48.200x009,咽后间隙周围神经和自主神经交界性肿瘤
115676,D48.200x014,手周围神经和自主神经交界性肿瘤
115682,D48.200x020,尺神经交界性肿瘤
115686,D48.200x025,踝周围神经和自主神经交界性肿瘤
140742,V80.700,骑手或乘员在与其他非机动车辆碰撞中的损伤
140747,V80.900,骑手或乘员在其他和未特指的运输事故中的损伤
140751,V81.100x091,火车与机动车辆碰撞的交通事故
140755,V81.400,在上下火车或铁路车辆时的人员损伤
140758,V81.700,不伴有事先碰撞而出轨造成的火车或铁路车辆乘员的损伤
139751,T81.600,在操作中对意外遗留异物的急性反应
139757,T81.700x004,操作后动-静脉瘘
139761,T81.700x103,经皮球囊扩瓣术后穿刺血管血肿
139766,T81.700x108,经皮球囊扩瓣术后冠状动脉急性闭塞
142047,Z35.104,具有自然流产史者的妊娠监督
142051,Z35.200x006,具有胎儿疾病史的妊娠监督
142057,Z35.207,具有异位妊娠史妊娠监督
117694,E75.100x002,GM1神经节苷脂贮积症
118507,F40.200x004,单纯恐怖
130859,O26.800,与妊娠有关的情况，其他特指的
131773,O99.007,妊娠合并重度贫血
131776,O99.100x005,妊娠合并白细胞减少
133248,Q28.800,循环系统其他特指的先天性畸形
133254,Q28.801,肺血管畸形
133259,Q30.100,鼻缺如和发育不良
133265,Q30.300,先天性鼻中隔穿孔
133270,Q30.800x006,先天性鼻正中瘘
133276,Q30.805,鼻翼畸形
132290,P29.200,新生儿高血压
132294,P29.401,新生儿缺血缺氧性心肌损害
132299,P29.802,新生儿低血压
132304,P35.200,先天性疱疹病毒(单纯疱疹)感染
132309,P35.800x001,先天性水痘
132313,P36.100,链球菌性新生儿脓毒症，其他的
131949,O99.700x021,分娩合并皮肤和皮下组织的疾病
131956,O99.706,妊娠合并玫瑰糠疹
131962,O99.800,"疾病和情况，其他特指的,并发于妊娠、分娩和产褥期"
131969,O99.800x021,分娩合并恶性肿瘤
131803,O99.204,妊娠合并低蛋白血症
131808,O99.209,妊娠合并高胆红素血症
131813,O99.214,妊娠合并甲状旁腺功能减退
131819,O99.220,妊娠合并库欣综合征
132630,P96.000x001,先天性肾功能衰竭
140191,T86.806,移植皮肤排斥反应
133541,Q43.801,肠源性囊肿
133545,Q43.805,先天性十二指肠瓣膜
133551,Q43.811,先天性结肠憩室
130628,O04.800x031,医疗性流产并发休克
130632,O04.802,医疗性流产并发阴道壁血肿
133305,Q32.401,先天性支气管畸形
133310,Q33.100,副肺叶
133315,Q33.500,肺的异位组织
133319,Q33.800x002,先天性肺大泡
133325,Q34.900,呼吸系统先天性畸形
132858,Q15.005,青少年型青光眼
133105,Q25.407,先天性主动脉右位
142355,Z47.800x015,睑再造术后随诊医疗
143198,Z98.800x003,喉术后
143203,Z98.800x101,牙外科正畸术后
143209,Z98.800x108,胃术后
124520,K07.100x017,下颌前突偏斜
124527,K07.107,下颌偏斜
124532,K07.200x001,后牙开??
121379,H93.800,耳其他特指的疾患
121385,H95.000x001,胆脂瘤术后复发
138660,T26.900x001,眼部腐蚀伤
138666,T27.100,累及喉和气管及肺的烧伤
138672,T27.401,喉化学性烧伤
138676,T27.600,呼吸道其他部位的腐蚀伤
138683,T28.200,消化道其他部位的烧伤
138689,T28.300x003,子宫烧伤
134752,R21.x00x004,青少年春季疹
134758,R22.000x005,头部肿物
119206,G25.500,舞蹈症，其他的
119209,G25.501,偏身舞蹈症
119213,G25.601,面肌抽搐
119216,G25.800x004,器质性书写痉挛
112712,C24.900,胆道恶性肿瘤
112718,C25.401,胰岛恶性肿瘤
112722,C25.800x001,胰头和胰颈及胰体恶性肿瘤
112729,C26.800,消化系统交搭跨越恶性肿瘤的损害
113669,C79.802,舌继发恶性肿瘤
143109,Z94.700,角膜移植状态
143113,Z94.800x007,毛发移植状态
143118,Z94.802,骨髓移植状态
143122,Z95.000,具有电子心脏装置
143127,Z95.100,具有主动脉冠状动脉搭桥术移植物
134697,R16.200,肝大伴有脾大，不可归类在他处者
134704,R18.x00,腹水
134708,R18.x01,膈下积液
134711,R19.000x005,盆腔内弥漫性肿胀
134717,R19.001,腹部肿物
134723,R19.100x002,肠鸣音消失
119244,G31.100,老年性脑变性，不可归类在他处者
119250,G31.201,酒精中毒性小脑共济失调
120207,H02.800x018,眼睑皮下淤血
120214,H02.807,后天性眼内眦畸形
116171,D70.x00x001,周期性中性粒细胞减少症
116843,E11.600x930,2型糖尿病性缺血性肌坏死
116847,E11.603+L99.8*,2型糖尿病性皮肤病
116852,E11.700x023,2型糖尿病性肥胖症性高血压
116325,D82.300,EB病毒遗传缺陷反应后的免疫缺陷
116331,D82.900,与严重缺陷有关的免疫缺陷
113910,C90.000x030,多发性骨髓瘤（DS分期I期）
113915,C90.000x035,多发性骨髓瘤（DS分期I期B组）
113919,C90.000x039,多发性骨髓瘤（ISS分期II期B组）
126150,K85.001,急性特发性胰腺炎，轻症
126155,K85.200,酒精性急性胰腺炎
125903,K74.615+I98.3*,肝硬化伴食管静脉曲张破裂出血
125908,K74.620+I98.2*,肝硬化伴胃底静脉曲张
125916,K75.200,非特异反应性肝炎
116873,E13.100,糖尿病伴有酮症酸中毒，其他特指的
113997,C92.100,慢性髓系白血病（CML），BCR/ABL阳性
114002,C92.100x012,慢性粒细胞性白血病伴缓解（急性变）
114008,C92.101,费城染色体（Ph1）阳性慢性粒细胞白血病
114013,C92.200x011,慢性粒细胞白血病伴缓解（加速期）
126404,L02.900x002,多发性脓肿
126411,L03.001,趾蜂窝织炎
126416,L03.101,急性上肢淋巴管炎
125366,K51.903,溃疡性结肠炎，重度
125371,K52.100,中毒性胃肠炎和结肠炎
125377,K52.200x004,胃肠道过敏症
125047,K27.200,急性消化性溃疡伴有出血和穿孔
125052,K27.400x004,消化性溃疡伴出血
114663,D18.010,动静脉血管瘤
114669,D18.100x001,肠系膜淋巴管瘤
114674,D18.100x007,颅内淋巴管瘤
114848,D23.602,手皮肤良性肿瘤
125632,K63.200x008,盆腔腹壁瘘
125639,K63.207,手术后空肠瘘
125644,K63.212,手术后结肠直肠瘘
125651,K63.302,小肠溃疡
125656,K63.307,直肠乙状结肠溃疡
139549,T79.202,创伤性继发性出血
139554,T79.500x002,挤压后肾衰竭
139559,T79.600x006,下肢骨筋膜室综合征
116474,E05.400,人为甲状腺毒症
116478,E05.800x001,TSH依赖性甲状腺功能亢进症
115166,D36.708,腹股沟良性肿瘤
115172,D36.714,上肢良性肿瘤
115178,D36.901,多发性腺瘤样息肉
115182,D37.000x003,腮腺交界性肿瘤
114165,D00.012,臼齿后区原位癌
114170,D00.200x003,胃角原位癌
114176,D01.301,肛管原位癌
114181,D01.404,回肠原位癌
114186,D01.502,胆道原位癌
115010,D33.102,小脑蚓部良性肿瘤
140813,V86.700,非交通事故中全地带或其他越野机动车外部人员的损伤
141590,Y71.300,与有害事件有关的心血管手术器械、材料和装置（包括缝线）
141595,Y72.300,与有害事件有关的耳鼻喉科手术器械、材料和装置（包括缝线）
141599,Y73.200,与有害事件有关的胃肠病学和泌尿科假体和其他植入物、材料和附件装置
141604,Y74.200,与有害事件有关的综合医院用和个人使的假体和其他植入物、材料和附件装置
138824,T36.200,氯霉素族中毒
138829,T36.500x003,链霉素中毒
138834,T36.800,"全身性抗生素中毒,其他的"
139801,T81.800x008,操作后软腭穿孔
139807,T81.800x014,透析器首次使用综合征
115923,D58.003,无胆色素尿性黄疸
115927,D58.101,先天性卵形红细胞症
115932,D58.201,血红蛋白-C病
142107,Z37.203,人工授精，双胎活产
142112,Z37.302,人工授精，一胎活产，一胎死产
142118,Z37.501,三胎活产
116749,E11.300x021+H36.0*,2型糖尿病性增殖性前期视网膜病
116753,E11.300x025+H36.0*,2型糖尿病性增殖性前期局部缺血性视网膜病
116758,E11.300x035+H36.0*,2型糖尿病性增殖性新生血管化性视网膜病
114408,D14.100x002,会厌舌骨上良性肿瘤
133110,Q25.700,肺动脉的其他先天性畸形
133115,Q25.700x012,肺体动脉间异常侧支
133121,Q25.800,大动脉的其他先天性畸形
140936,W70.x00,落入自然水域后淹溺和沉没
140941,W77.x00,塌方、坠落土块和其他物质引起对呼吸的威胁
140947,W84.x00,对呼吸的威胁
140952,W89.x00,暴露于人造可见光和紫外线下
140957,W94.x00,暴露于高气压、低气压和气压改变环境下
140961,X02.x00,暴露于房屋或建筑结构内的控制性火焰下
132719,Q05.400,脊柱裂伴有脑积水
132723,Q05.600,胸段脊柱裂不伴有脑积水
132728,Q05.700x004,腰骶段脊髓脊膜膨出
132735,Q05.900x007,脊膜膨出
132740,Q06.101,脊髓发育异常
132745,Q06.800,脊髓其他特指的先天性畸形
132751,Q06.901,腰骶神经根囊肿
134372,Q85.900x026,念珠状错构瘤
133599,Q45.300x102,食道异位胰腺
133605,Q45.300x904,迷走胰腺
133610,Q45.900,消化系统先天性畸形
133615,Q50.200,卵巢先天性扭转
133152,Q26.800x007,先天性无名静脉异常走行
119426,G41.200x004,癫痫单纯部分性发作持续状态
119432,G41.900,癫痫持续状态
118711,F61.x00x011,烦扰型人格障碍
118716,F63.000,病理性赌博
118720,F63.800,习惯和冲动障碍，其他的
134252,Q79.800x006,先天性束带畸形
134258,Q79.900,肌肉骨骼系统先天性畸形
134265,Q80.800,先天性鱼鳞病，其他的
134270,Q81.200,营养不良性大疱性表皮松解症
134276,Q82.201,色素性荨麻疹
140974,X16.x00,接触热的取暖器具、散热器和管
140981,X23.x00,接触大黄蜂、黄蜂和蜜蜂
140985,X27.x00,接触其他特指的有毒动物
140991,X33.x00,闪电的受害者
140996,X34.900x091,地震所致损伤
130706,O08.200x002,异位妊娠后栓塞
138462,T22.100x004,肩胛区一度烧伤
138467,T22.200x002,上肢二度烧伤
110043,A02.100,沙门菌脓毒症
110048,A02.202+M01.3*,沙门菌关节炎
110053,A02.900,沙门菌感染
110057,A02.901,猪霍乱沙门菌感染
110061,A03.100x001,福氏志贺菌痢疾
110950,A41.800x002,JK组棒状杆菌脓毒病
113648,C79.800x825,腭部继发恶性肿瘤
113653,C79.800x831,皮下继发恶性肿瘤
113658,C79.800x837,鞘膜继发恶性肿瘤
113663,C79.800x844,颊黏膜继发恶性肿瘤
110647,A18.800x025+K93.8*,牙龈结核
110653,A18.803+M63.0*,咀嚼肌结核
135777,S06.600,创伤性蛛网膜下出血
120147,G97.801,操作后缺氧性脑损害
120151,G98.x00,神经系统的其他疾患，不可归类在他处者
120160,H01.000,睑缘炎
120164,H01.100x005,眼睑湿疹性皮炎
138500,T22.700,肩和上肢三度腐蚀伤，除外腕和手
138506,T22.700x006,腋三度腐蚀伤
135307,R86.200,男性生殖器官标本的其他药物、药剂和生物制剂水平异常
135313,R86.800,男性生殖器官标本的其他异常所见
138725,T30.500,一度腐蚀伤
124562,K07.600x001,颞下颌关节紊乱病
124568,K07.800,牙面畸形，其他的
124574,K08.000,全身性疾病引起的牙脱落
124580,K08.200,无牙牙槽嵴萎缩
124586,K08.300x002,残留牙根
113888,C88.700x012,重链病伴缓解
113892,C88.900x001,原发性免疫疾病相关性淋巴增殖性疾病
113900,C90.000x014,卡勒病伴缓解
113904,C90.000x024,多发性骨髓瘤（轻链к型）
110895,A38.x00x011,猩红热中毒型
117319,E29.101,原发性睾丸功能减退症
117324,E29.106,雄激素部分缺乏综合征
120439,H18.000x005,克鲁肯贝格梭
120446,H18.300,角膜层改变
115318,D38.501,鼻腔动态未定肿瘤
116071,D68.202,凝血因子Ⅰ缺乏症
116077,D68.208,凝血因子XIII缺乏症
116081,D68.300x004,抗凝血酶增多
116086,D68.400x002,获得性维生素K依赖因子缺乏症
116092,D68.502,抗凝血酶原Ⅲ缺乏症
115448,D43.106,延髓动态未定肿瘤
115453,D43.200x003,颅底沟通交界性肿瘤
115459,D43.300x001,脑神经交界性肿瘤
115464,D43.300x006,三叉神经交界性肿瘤
126162,K85.800x001,化脓性胰腺炎
116874,E13.101,继发性糖尿病性酮症酸中毒
116878,E13.201+N08.3*,脂肪萎缩性糖尿病性肾病
116882,E13.400,糖尿病伴有神经的并发症，其他特指的
114581,D18.000x018,肢端血管瘤
113946,C91.000x013,急性淋巴细胞白血病L2伴缓解
113951,C91.001,急性淋巴细胞性白血病，L1型
114741,D21.400x001,腹部结缔组织良性肿瘤
114747,D21.403,腹腔结缔组织良性肿瘤
114751,D21.500x005,盆腔结缔组织良性肿瘤
125205,K40.001,双侧腹股沟斜疝伴梗阻
125210,K40.102,双侧腹股沟直疝伴坏死
125215,K40.203,双侧滑动性腹股沟斜疝
125219,K40.302,单侧绞窄性腹股沟直疝
125224,K40.307,单侧嵌顿性腹股沟疝伴梗阻
125229,K40.312,嵌顿性腹股沟疝
114618,D18.000x815,龟头血管瘤
114623,D18.000x821,眼球血管瘤
113967,C91.401,白血病性网状内皮细胞增多症
113972,C91.701,非白血性淋巴细胞性白血病
113978,C92.000x003,急性粒细胞性白血病
125402,K52.917,非感染性小儿肠炎
125407,K55.000x010,肠系膜上静脉血栓形成
125414,K55.005,肠系膜坏疽
125418,K55.009,肠系膜动脉栓塞伴肠坏死
126305,K91.812,食管空肠吻合口狭窄
126310,K91.817,食管结肠吻合口狭窄
125966,K76.803,肝出血
115063,D35.200x009,巨大侵袭性垂体瘤
115070,D35.600,主动脉体和其他节旁体良性肿瘤
115076,D36.000,淋巴结良性肿瘤
115079,D36.100x005,耳部周围神经和自主神经良性肿瘤
115083,D36.100x009,咽后间隙周围神经和自主神经良性肿瘤
139841,T82.101,心脏起搏器导线突出
115644,D48.117,腹壁结缔组织动态未定肿瘤
115649,D48.122,腹股沟结缔组织肿瘤
115654,D48.127,会阴结缔组织动态未定肿瘤
115659,D48.132,上肢结缔组织肿瘤
115663,D48.200x001,周围神经和自主神经系统交界性肿瘤
139641,T81.000x042,操作后胰腺出血
139646,T81.005,手术后扁桃体出血
139652,T81.011,手术后胃出血
139657,T81.016,手术后肠吻合口出血
138881,T39.300x002,曲马多中毒
138885,T39.800,"非阿片样镇痛药和解热药中毒，其他的,不可归类在他处者"
140577,U83.900,耐其他抗生素的菌株
140583,U84.800,耐其他特指抗菌药物
140589,V01.x00,行人在与脚踏车碰撞中的损伤
140592,V04.x00,行人在与重型运输车或公共汽车碰撞中的损伤
140597,V09.200,行人在涉及其他和未特指机动车辆的交通事故中的损伤
139534,T78.201,赫克斯海默反应
139539,T78.400,变态反应
139543,T79.000,空气栓塞（创伤性）
140393,T92.500x017,上肢肌肉损伤后遗症
140398,T92.504,陈旧性腕关节肌腱损伤
140403,T92.600x003,创伤性上肢骨缺损
116444,E04.101,甲状腺结节
116449,E04.200x001,囊性甲状腺肿
115133,D36.116,正中神经良性肿瘤
115138,D36.700x007,鼻部良性肿瘤
115143,D36.700x013,膈下良性肿瘤
115148,D36.700x021,会阴良性肿瘤
139876,T82.702,人工血管感染
139880,T82.800x001,前臂动静脉瘘栓塞
139884,T82.800x006,肾透析的移植血管血栓形成
130711,O08.300,流产、异位妊娠和葡萄胎妊娠后的休克
140065,T85.400,乳房假体和植入物的机械性并发症
140069,T85.500x002,食管抗反流装置引起的机械性并发症
140816,V87.000,小汽车和两轮或三轮机动车之间碰撞造成的人员损伤（交通性）
118756,F70.800,轻度精神发育迟缓，其他行为缺陷
118760,F71.100,中度精神发育迟缓，需要加以关注或治疗的显著行为缺陷
119690,G60.800x005,内拉东综合征(Nelaton综合征)
118085,F06.200,器质性妄想性［精神分裂症样］障碍
134532,Q92.600,常染色体额外标记染色体
134536,Q93.000,全染色体单体性，减数分裂不分离
134542,Q93.500x001,22号染色体缺如综合征
131559,O75.801,产后尿潴留
131564,O80.900,单胎顺产
131569,O81.301,产钳助产
131573,O82.000,经选择性剖宫产术的分娩
133288,Q31.801,先天性会厌裂
134299,Q82.800x018,遗传性对称性色素异常症
134307,Q82.807,先天性皮肤赘片
134312,Q82.812,肺毛细血管瘤病
134318,Q83.200,无乳头
134322,Q83.800x005,先天性乳头肥大
134328,Q84.100,先天性毛发形态障碍，不可归类在他处者
140831,V88.500,重型运输车和公共汽车之间碰撞造成的人员损伤，非交通性
140835,V88.900,涉及非机动车辆（碰撞性）（非碰撞性）运输事故中的人员损伤，非交通性，其他特指的
140844,V90.x00,船舶事故引起的淹溺和沉没
140319,T91.800x008,脊柱韧带扭伤后遗症
140324,T91.900,颈部和躯干损伤的后遗症
118120,F06.800x023,甲状腺功能减退所致精神障碍
118125,F06.800x032,血液病所致精神障碍
118949,G04.904,中枢神经系统感染
118956,G04.911,脑脊髓炎
132863,Q15.900,眼先天性畸形
132867,Q16.102,先天性外耳道闭锁
132653,Q00.200x101,开放性枕骨裂脑露畸形
132660,Q01.800x201,眶部脑膨出
120451,H18.400x004,角膜软化症
138756,T33.500,腕和手浅表冻伤
138761,T33.600x003,大腿浅表冻伤
138767,T33.800x003,足部浅表冻伤
135558,S02.000x005,额骨和顶骨骨折
135565,S02.100x003,中颅凹骨折
135571,S02.102,颞骨骨折
143227,Z98.800x203,膀胱术后
143232,Z98.800x301,宫颈术后
143238,Z98.800x308,人流术后
143243,Z98.800x313,胚胎移植术后
143248,Z98.800x319,多胎妊娠减胎术后
143253,Z98.800x405,先天性心脏病术后
121397,I00.x01,风湿性关节炎
121402,I01.800x001,急性风湿性全心炎
121406,I02.900,风湿性舞蹈症不伴有心脏受累
121412,I05.200,二尖瓣狭窄伴有关闭不全
121417,I06.000,风湿性主动脉瓣狭窄
121421,I06.800x001,其他风湿性主动脉瓣疾病
117570,E71.300x006,新生儿肾上腺脑白质病
117575,E71.304,肉毒碱棕榈酰转移酶缺乏症
135506,S01.200,鼻开放性伤口
135510,S01.200x091,鼻部开放性损伤伴蝶窦异物
135517,S01.300x051,耳咽管开放性损伤
134803,R23.400x001,皮肤脱落
134808,R23.800x002,珍珠状阴茎丘疹
134816,R25.200,痛性痉挛和痉挛
134822,R25.200x007,痉挛2级
135835,S09.900x006,唇部损伤
142375,Z47.800x035,颏部水平截骨术后随诊医疗
113693,C79.826,淋巴管继发恶性肿瘤
113698,C79.831,腮腺继发恶性肿瘤
113703,C79.900,继发恶性肿瘤，未特指部位
113709,C80.001,恶性恶病质
113712,C80.900,恶性肿瘤，原发部位未特指
136467,S35.800x002,卵巢静脉损伤
136472,S35.902,骨盆血管损伤
136477,S36.000x081,脾穿透伤
136482,S36.100x001,肝损伤
136487,S36.100x041,肝中度撕裂伤
136494,S36.111,开放性胆囊损伤
125971,K76.808,肝结节性局灶性增生
125979,K76.817,后天性肝内血管分流
125985,K80.000,胆囊结石伴有急性胆囊炎
125989,K80.002,胆囊结石伴急性化脓性胆囊炎
125995,K80.200x003,胆囊结石
114796,D22.506,肛门边缘黑素细胞痣
114801,D22.511,臀黑素细胞痣
114805,D22.700,下肢（包括髋）黑素细胞痣
114813,D22.901,神经皮肤黑变病
125707,K64.804,直肠静脉曲张破裂
125715,K64.900,痔
126348,K92.207,急性上消化道出血
116123,D69.006,混合型过敏性紫癜
116803,E11.402+G99.0*,2型糖尿病性自主神经病变
116808,E11.500,2型糖尿病伴有周围循环并发症
116813,E11.500x046,2型糖尿病性细菌性坏疽
116250,D75.102,后天性红细胞增多症
116255,D75.107,红细胞生成素性红细胞增多症
116260,D75.800,血液和造血器官其他特指的疾病
116268,D75.807,红细胞生成障碍
116273,D76.100,噬红细胞性淋巴细胞与组织细胞增多症
125759,K66.005,膈肌粘连
125765,K66.102,腹膜后血肿
125770,K66.800x008,网膜肉芽肿性炎
125777,K66.807,腹腔囊肿
114628,D18.000x828,婴儿血管瘤（重症）
116841,E11.600x911,2型糖尿病性坏死性筋膜炎
114523,D17.400x004,肺脂肪瘤
114781,D22.200x002,耳部黑色素痣
115529,D46.100,难治性贫血伴有环形铁粒幼细胞
115532,D46.200,难治性贫血伴有胚细胞过多
115537,D46.600,MDS-5q-综合症
125251,K41.000,双侧股疝，伴有梗阻，不伴有坏疽
126195,K86.107,慢性纤维性胰腺炎
126201,K86.800x013,胰腺囊性纤维性变
126206,K86.804,胰管狭窄
126211,K86.809,胰管结石
126217,K86.815,手术后胰腺瘘
116719,E11.200x011+N08.3*,2型糖尿病性前期肾病
139888,T82.800x102,心脏和血管假体装置植入物和移植物引起的纤维化
139893,T82.800x201,经皮房缺-室缺矫治术后冠状动脉分支闭塞
140766,V82.200,因与车辆碰撞或被车辆撞击造成（市内有轨）电车乘员的损伤
141541,Y61.700,在取除导管或填塞物中异物意外地遗留在体内
141545,Y62.100,在输液或输血中无菌预防措施的失败
141550,Y62.600,在抽吸、穿刺和其他导管插入手术中无菌预防措施的失败
141555,Y63.100,在输液中使用稀释不正确的液体
141560,Y63.600,未给予必要的药物、药剂或生物制品
139786,T81.700x404,心导管造影术后穿刺假性动脉瘤
139792,T81.702,动静脉造瘘后静脉炎
140618,V19.800,骑脚踏车人员在其他特指的运输事故中的损伤
140623,V22.x00,骑摩托车人员在摩托车与两轮或三轮机动车碰撞中的损伤
115890,D56.000,α型地中海贫血
115895,D56.102,重型地中海贫血
115899,D56.400,遗传性胎儿血红蛋白持续增多症(HPFH)
139596,T80.600x008,慢性透析性脑病
139602,T80.800,输注、输血和治疗性注射后的其他并发症
116514,E06.400,药物性甲状腺炎
116518,E06.500x002,慢性纤维性甲状腺炎
114086,C95.000x016,B淋巴细胞和髓系混合表型急性白血病
114092,C95.000x116,B淋巴细胞和髓系混合表型急性白血病伴缓解
114098,C95.005,急性混合型单系白血病
115033,D33.312,舌下神经良性肿瘤
115038,D33.404,脊髓骶段良性肿瘤
115043,D33.700x002,颅鼻眶沟通良性肿瘤
115048,D33.900x003,蝶鞍旁良性肿瘤
115053,D34.x00x005,异位甲状腺良性肿瘤
115059,D35.200,垂体良性肿瘤
140642,V32.x00,三轮机动车乘员在三轮机动车与两轮或三轮机动车碰撞中的损伤
140646,V36.x00,三轮机动车乘员在三轮机动车与其他非机动车辆碰撞中的损伤
141621,Y77.100,与有害事件有关的眼科治疗和康复装置（非手术的）
132666,Q01.900x003,积水性脑膨出
132671,Q03.002,西尔维于斯导水管梗阻
132676,Q03.800,先天性脑积水，其他的
132682,Q04.300,脑的其他短缺畸形
130649,O05.900,完全性流产，其他的，无并发症
130654,O06.301,未特指的不完全性流产伴有并发症
130659,O06.800,完全性流产，伴有其他的并发症
130664,O07.000x002,医疗性流产失败并发生殖道感染
130669,O07.300,医疗性流产失败，伴有其他的并发症
141055,X64.x00,药物、药剂和生物制品的故意自毒及暴露于该类药物，其他的
141061,X67.300,暴露于其他来源中的一氧化碳的故意自毒
141066,X67.900x092,瓶装液化石油气体自杀
134375,Q85.900x029,先天性中胚叶肾瘤
134381,Q85.900x036,腹壁错构瘤
133979,Q68.800x021,先天性腕关节半脱位
133985,Q68.802,先天性肩关节脱位
133990,Q68.808,先天性肘关节发育不良
133996,Q69.000,副指
134001,Q69.900x001,多指
141705,Y89.900,外因的后遗症
141709,Y90.300,血中酒精水平在60~79mg/100ml
141713,Y90.700,血中酒精水平在200~239mg/100ml
141721,Y95.x00,医源性情况
141725,Z00.000,一般性医学检查
141730,Z00.300x001,青春期发育状态
131644,O89.200,产褥期中麻醉的中枢神经系统并发症
133848,Q64.301,先天性尿道瓣膜性狭窄
133854,Q64.400x902,先天性脐尿管脱垂
133861,Q64.600,先天性膀胱憩室
133865,Q64.700x701,巨膀胱-巨输尿管综合征
134418,Q87.000x201,阿佩尔综合征(Apert综合征)
134422,Q87.000x905,歌舞伎面谱综合征(Kabuki综合征)
134427,Q87.002,马尔凯萨尼（-魏尔）综合征
131437,O69.205,脐带绕身
130716,O08.400,流产、异位妊娠和葡萄胎妊娠后的肾衰竭
119466,G44.202,少发复发性紧张型头痛伴颅骨膜压痛
138157,T14.702,创伤性切断
138163,T15.101,眼睑异物
138167,T15.801,多发性外眼异物
138174,T17.002,筛窦异物
134974,R47.800,言语障碍，其他和未特指的
127665,M24.600,关节强硬
127676,M24.700,髋臼前突
127680,M24.801,陈旧性肩关节脱位
127685,M24.806,陈旧性手骨间关节脱位
127691,M24.900,关节紊乱
136705,S42.100x031,肩胛骨喙突骨折
137729,S91.200,趾开放性伤口伴有趾甲损坏
137735,S91.300x813,足部开放性损伤伴骨折
137990,T04.300x001,下肢多处挤压伤
137994,T04.700x001,胸伴腹和下背及骨盆四肢挤压伤
135723,S05.809,视网膜损伤
135728,S05.900x003,眼部开放性损伤
135735,S06.200x001,弥散性大脑损伤
135740,S06.200x032,多发性大脑血肿
135746,S06.203,大脑撕裂伤
138419,T21.600x021,胸壁二度腐蚀伤
138424,T21.600x042,背部二度腐蚀伤
138429,T21.600x054,会阴二度腐蚀伤
138434,T21.700,躯干三度腐蚀伤
138439,T21.700x033,腹股沟三度腐蚀伤
138196,T18.300x003,空肠内异物
138201,T18.501,肛门内异物
138206,T19.000,尿道内异物
138211,T19.300,子宫内异物(任何部分)
138216,T19.801,多发性泌尿生殖道异物
138026,T06.400,累及身体多个部位的肌肉和肌腱损伤
138031,T06.500x001,胸内器官伴腹内及盆腔器官开放性损伤
134827,R25.800,异常的不随意运动，其他和未特指的
134835,R26.100x001,痉挛性步态
118345,F19.300,使用多种药物和其他精神活性物质引起的戒断状态
136741,S42.800,肩和上臂其他部位的骨折
136747,S43.000x021,肱骨后脱位
136753,S43.300,肩胛带其他和未特指部位的脱位
136760,S43.400x004,喙肱韧带扭伤
116723,E11.200x015+N08.3*,2型糖尿病性前期可逆的肾病
114353,D12.001,回盲部良性肿瘤
114358,D12.302,结肠脾曲良性肿瘤
114364,D12.603,大肠良性肿瘤
132997,Q22.302,先天性肺动脉瓣缺如
133002,Q22.800,三尖瓣的其他先天性畸形
133007,Q22.802,先天性三尖瓣缺如
133012,Q23.101,先天性主动脉瓣二叶瓣畸形
133017,Q23.300,先天性二尖瓣关闭不全
118581,F44.901,癔症性精神病
132132,P07.102,低出生体重儿（1000-1499克）
132136,P07.300,早产婴儿，其他的
132139,P07.300x021,"早产儿（孕期等于或大于32整周,但小于37整周）"
132149,P10.300,产伤引起的蛛网膜下隙出血
132154,P11.000,产伤引起的脑水肿
140564,U82.200x001,产超广谱β-内酰胺酶肺炎克雷伯菌（ESBLs）
141276,Y43.800,主要为全身性制剂的有害效应，其他的，不可归类在他处者
141282,Y44.300,抗凝拮抗剂、维生素K和其他凝血药的有害效应
141287,Y44.700,血浆代用品的有害效应
118765,F72.100,重度精神发育迟缓，需要加以关注或治疗的显著行为缺陷
118142,F06.801,癫痫性精神病
118146,F06.805,脑瘤所致精神障碍
118151,F06.810,卒中后精神病态
117045,E14.700x025,糖尿病性黑棘皮症或血脂障碍或高胰岛素血症或肥胖症
117053,E15.x00x002,非糖尿病引起的药物性胰岛素性昏迷
117059,E16.100x002,高胰岛素血症
117063,E16.100x010,自身免疫性胰岛素综合征
118010,E88.800x013,希特林蛋白缺乏症
118615,F45.804,功能性肌无力
118620,F45.901,心因性幻觉症
118625,F48.800,神经症性障碍，其他特指的
118633,F50.300,非典型神经性贪食
119552,G51.900,面神经疾患
119557,G52.101,舌咽神经痛
141625,Y78.000,与有害事件有关的放射学诊断和监测装置
139023,T45.100x003,环孢素中毒
140480,T95.000x009,颈部冻伤后遗症
140485,T95.002,陈旧性外耳道烧伤
140490,T95.101,陈旧性躯干烧伤
140494,T95.200x001,上肢烧伤后遗症
139844,T82.200,冠状动脉旁路（搭桥术）和瓣膜移植物的机械性并发症
115961,D59.402,传染性溶血性贫血
115965,D59.500x001,阵发性睡眠性血红蛋白尿
116688,E10.600x970,1型糖尿病性乳腺纤维化病变
116693,E10.700x011,1型糖尿病性多发性微血管并发症
116698,E10.700x025,1型糖尿病性黑棘皮症或血脂障碍或高胰岛素血症或肥胖症
114443,D16.200,下肢长骨良性肿瘤
114449,D16.300x003,踝骨良性肿瘤
114454,D16.302,跗骨良性肿瘤
114459,D16.400x018,颅骨良性肿瘤
139055,T46.300x002,冠状血管扩张剂中毒
139060,T46.500,"抗高血压药中毒，其他的,不可归类在他处者"
115818,D48.900x005+M90.6*,肿瘤引起的变形性骨炎
115823,D48.900x014+H36.8*,肿瘤相关性视网膜病
115830,D48.907+G13.0*,神经系统副肿瘤综合征
140666,V47.x00,小汽车乘员在小汽车与固定或静止物体碰撞中的损伤
140670,V49.200,非交通事故中小汽车与其他机动车辆碰撞造成的小汽车乘员的损伤
140675,V49.800,小汽车乘员在其他特指运输事故中的损伤
140679,V51.x00,轻型货车或篷车乘员在轻型货车或篷车与脚踏车碰撞中的损伤
140683,V55.x00,轻型货车或篷车乘员在轻型货车或篷车与火车或铁路车辆碰撞中的损伤
140523,T96.x00x002,药剂中毒后遗症
140527,T97.x00x003,中毒性脑病后遗症
140531,T98.100,外因的其他和未特指效应的后遗症
140537,T98.200x031,开放性损伤延期愈合
140542,T98.300x002,眼植入物暴露的后遗症
140546,T98.300x006,手术后颌骨异物残留的后遗症
119472,G44.400,药物性头痛，不可归类在他处者
119477,G45.000,椎基底动脉综合征
119482,G45.100,颈动脉综合征（大脑半球的）
120494,H20.101,慢性眼色素膜炎
131304,O60.000,早产不伴有分娩
131309,O60.200,提前自然临产伴有足月产
131314,O61.000x001,后叶催产素引产失败
131321,O62.100,继发性宫缩乏力
131327,O62.400,高张性、不协调和延长的子宫收缩
131333,O62.403,子宫病理性收缩环
130943,O29.000,妊娠期间麻醉的肺部并发症
130947,O29.000x004,妊娠期麻醉相关的肺压迫性萎陷
141019,X47.900x094,机动集装箱分发的液化石油气意外中毒
141026,X47.900x911,氮意外中毒
141769,Z02.800,为行政管理目的接受的其他检查
131680,O91.200x003,妊娠期间质性乳腺炎
131686,O91.202,妊娠期乳腺炎
131690,O92.200,与分娩有关的乳房其他和未特指的疾患
131699,O92.701,产褥期积乳囊肿
131702,O96.000,直接产科原因的死亡，发生于分娩后42天以上一年以内
119718,G62.100x002,慢性酒精中毒性神经病
119724,G62.800,多神经病，其他特指的
119729,G62.803,放射性多神经病
119734,G62.808,缺血性周围神经病
119739,G62.900x003,末稍神经退行性改变
131592,O85.x00,产褥期脓毒病
131597,O86.001,分娩后会阴切口感染
131602,O86.102,产褥期阴道炎
131606,O86.300x001,产褥期泌尿生殖道感染
131612,O86.800x001,剖宫产后腹内感染
131618,O87.300,产褥期大脑静脉血栓形成
141803,Z04.600,接受权威机构要求的一般精神科检查
141808,Z08.100,恶性肿瘤放射治疗后的随诊检查
134363,Q85.900x013,肾错构瘤破裂出血
131375,O65.201,骨盆入口狭窄难产
131380,O65.401,头盆不称难产
131383,O65.501,宫颈水肿难产
136765,S43.500x002,肩锁韧带扭伤
129419,N06.300,孤立性蛋白尿伴有弥漫性肾小球系膜性增生性肾小球肾炎
129423,N06.700,孤立性蛋白尿伴有弥漫性新月形肾小球肾炎
129428,N07.200,遗传性肾病伴有弥漫性膜性肾小球肾炎，不可归类在他处者
129431,N07.500,遗传性肾病伴有弥漫性肾小球系膜毛细血管性肾小球肾炎，不可归类在他处者
129247,M99.300x005,骶尾椎管骨性狭窄
129252,M99.400x003,胸腰椎管结缔组织性狭窄
129257,M99.500x001,枕颈椎管椎间盘狭窄
129262,M99.500x006,骶髂椎管椎间盘狭窄
118367,F20.301,非典型精神分裂症
118372,F20.800,精神分裂症，其他的
118377,F20.802,晚发性精神分裂症
118384,F22.003,偏执状态
119258,G31.803,亚急性坏死性脑病
134925,R44.300,幻觉
134927,R44.801,累及一般感觉和知觉症状和体征
134936,R45.300x001,淡漠
134943,R45.700,情绪冲动和紧张状态
134948,R45.801,自杀倾向
128646,M77.000,内上髁炎
128652,M77.400,跖痛症
128657,M77.800,肌腱端病，其他的不可归类在他处者
128665,M77.903,骨刺
128670,M79.000x093,风湿性肌痛
129290,N01.100,急进型肾炎综合征伴有局灶性和节段性肾小球损害
130310,N88.200x001,子宫颈狭窄
129452,N12.x00,肾小管-间质肾炎
129457,N13.100,肾盂积水伴有输尿管狭窄，不可归类在他处者
129464,N13.300,肾盂积水，其他的
137519,S82.200x011,胫骨干骨折伴腓骨骨折
137526,S82.212,开放性胫腓骨干骨折
137530,S82.300x081,胫骨远端骨折
137536,S82.400,仅腓骨骨折
138510,T23.000x003,手部烧伤
138516,T23.100x002,腕部一度烧伤
118400,F23.800,急性而短暂的精神病性障碍，其他的
140719,V74.x00,公共汽车乘员在公共汽车与重型运输车或公共汽车碰撞中的损伤
140723,V78.x00,公共汽车乘员在非碰撞性运输事故中的损伤
140726,V79.200,非交通事故中公共汽车与其他机动车辆碰撞造成的公共汽车乘员的损伤
141495,Y58.800,联合细菌疫苗类（除外含有百日咳成分）的有害效应
118184,F10.501,慢性酒精中毒性分裂样精神病
119020,G08.x00x011,颅内静脉窦静脉炎
119025,G09.x00x001,脊髓炎后遗症
132946,Q20.200,左心室双出口
132950,Q20.301,纠正性大动脉转位
132956,Q20.600x001,心房异构
131911,O99.600,消化系统疾病并发于妊娠、分娩和产褥期
131918,O99.600x018,妊娠合并非感染性腹泻
131924,O99.604,妊娠合并胃炎
132761,Q10.000,先天性上睑下垂
132766,Q10.300x011,先天性外眦赘皮
132771,Q10.304,先天性双行睫
117989,E88.000,血浆蛋白代谢紊乱，不可归类在他处者
117996,E88.100x004,脂肪营养不良
118000,E88.200,脂肪过多症，不可归类在他处者
118007,E88.800x007,还原型烟酰胺腺嘌呤二核苷酸-辅酶Q还原酶缺乏
141524,Y60.400x001,在内窥镜检查中意外损伤
141527,Y60.600,在抽吸、穿刺和其他导管插入手术中非故意的切割、针刺、穿孔或出血
114995,D33.001,侧脑室良性肿瘤
115001,D33.007,颞叶良性肿瘤
115006,D33.012,基底节良性肿瘤
134060,Q74.000x907,先天性扳机指
134066,Q74.007,副腕骨
134071,Q74.100x004,先天性膝关节发育不良
134077,Q74.105,先天性髌骨缺如
119495,G45.900,短暂性大脑缺血性发作
133051,Q24.510,无顶冠状静脉窦综合征
133056,Q24.600x002,先天性长QT间期综合征
133062,Q24.800x011,先天性房室瓣骑跨
133068,Q24.800x026,左旋心
133074,Q24.805,左室流出道肌束肥厚
141149,Y17.900x095,原因不明的催泪气体(催泪器)中毒
140611,V19.000,非交通事故中脚踏车与其他机动车辆碰撞造成骑脚踏车人员的损伤
140616,V19.500,交通事故中脚踏车与其他机动车辆碰撞造成乘脚踏车人员的损伤
141332,Y47.800x003,苯乙哌啶酮类(导眠能族)药物反应
141338,Y48.200,全身麻醉药的有害效应，其他的
141343,Y48.300x004,表面和浸润麻醉剂类药物反应
115857,D52.000x001,营养性大细胞性贫血
115862,D52.900,叶酸盐缺乏性贫血
116605,E10.300x043+H36.0*,1型糖尿病性全面的水肿斑点性视网膜病
140440,T93.300x002,下肢扭伤后遗症
140445,T93.301,陈旧性髌骨脱位
140449,T93.400x004,腓总神经损伤后遗症
114048,C93.003,急性髓细胞白血病，M5型
114052,C93.100x013,慢性粒单核细胞性白血病伴缓解
114058,C93.300x001,幼年型粒单核细胞白血病伴缓解
114065,C94.000x011,急性红白血病伴缓解（M6型）
114070,C94.201,急性巨核细胞性白血病
115903,D57.000,镰状细胞性贫血伴有危象
140693,V59.600,交通事故中轻型货车或篷车与其他和未特指机动车辆碰撞造成和未特指的轻型货车或篷车乘员的损伤
140699,V62.x00,重型运输车乘员在重型运输车与两轮或三轮机动车碰撞中的损伤
140703,V66.x00,重型运输车乘员在重型运输车与其他非机动车辆碰撞中的损伤
140707,V69.100,非交通事故中重型运输车与其他机动车辆碰撞造成重型运输车乘客的损伤
141365,Y51.100,拟副交感神经药(胆碱能药)的有害效应，其他的
141579,Y69.x00,在手术和医疗中的意外事故
141583,Y70.100,与有害事件有关的麻醉治疗和康复装置（非手术的）
141587,Y71.000,与有害事件有关的心血管诊断和监测装置
138966,T43.300x001,奋乃静中毒
138971,T43.400x002,丁酰苯中毒
141190,Y36.300x002,汽油炸弹
141193,Y36.400x002,由于气枪所引起的战争损伤
141632,Y79.200,与有害事件有关的矫形外科假体和其他植入物、材料和附件装置
141636,Y80.100,与有害事件有关的理疗治疗和康复装置（非手术的）
141640,Y81.000,与有害事件有关的普通外科和整形外科诊断和监测装置
141644,Y81.800,与有害事件有关的普通外科和整形外科多用途装置，不可归类在他处者
141648,Y82.300,与有害事件有关的其他的医疗手术器械、材料和装置（包括缝线）
118989,G06.004,颅内脓肿
118994,G06.100,椎管内脓肿和肉芽肿
118999,G06.100x008,硬脊膜下肉芽肿
119005,G06.200x003,硬脑膜下炎性肉芽肿
119011,G08.x00x002,化脓性直窦血栓形成
133766,Q56.200,女性假两性畸形，不可归类在他处者
133775,Q60.500,肾发育不全
133780,Q61.200,多囊肾，常染色体显性
133786,Q61.404,多囊肾发育不良
133792,Q62.000,先天性肾盂积水
133796,Q62.101,先天性肾盂输尿管连接部梗阻
131413,O68.001,分娩并发胎儿心动过速
131417,O68.101,急性羊水型胎儿宫内窘迫
131421,O68.300x001,分娩伴胎儿酸碱平衡紊乱
131426,O69.001,脐带脱垂
131646,O89.400,产褥期中脊髓和硬膜外麻醉诱发的头痛
131652,O90.100,会阴产科的伤口破裂
141833,Z10.100,公共机构居民的常规一般性健康查体
141838,Z11.100,呼吸道结核的特殊筛查
141842,Z11.500,其他病毒性疾病的特殊筛查
141847,Z11.802,衣原体病特殊筛选检查
141852,Z12.000,胃部肿瘤的特殊筛查
141857,Z12.500,前列腺肿瘤的特殊筛查
134024,Q71.301,先天性掌骨缺如
134029,Q71.600,虾爪状手
134034,Q72.000,下肢先天性完全缺如
131060,O34.500,为妊娠子宫其他异常给予的孕产妇医疗
131066,O34.502,妊娠合并子宫脱垂
130868,O26.806,妊娠合并周围神经炎
141758,Z01.800x003,宫腔镜检查
141763,Z02.200,为进入居住机构接受的检查
118407,F25.000x001,分裂情感性障碍躁狂发作
118412,F25.200x002,分裂情感性障碍混合发作
118418,F28.x00x012,木僵状态
118424,F30.100x001,不伴有精神病性症状的躁狂发作
135000,R50.801,发热伴恶寒
135006,R51.x00,头痛
135010,R52.100,慢性顽固性疼痛
135017,R53.x00x003,偏侧肢体无力
135024,R53.x00x011,特发性嗜睡
129503,N15.102,肾周脓肿
130573,O03.500,完全性或未特指的自然流产，并发生殖道和盆腔感染
130579,O03.600x001,完全自然流产并发播散性血管内凝血
128704,M79.500x082,躯干软组织异物残留
128709,M79.505,骨盆区软组织异物残留
137773,S93.000x004,距骨脱位
137779,S93.100x001,趾骨脱位
137784,S93.200x001,踝和足韧带断裂
137789,S93.300,足的其他和未特指部位的脱位
137795,S93.301,足部脱位
119317,G40.100x002,癫痫单纯部分性运动性发作伴Jackson发作
137554,S82.610,开放性外踝骨折
137559,S82.800x082,踝关节骨折
137564,S82.811,开放性三踝骨折
137571,S83.100x011,胫骨近端前脱位
137576,S83.100x081,胫腓关节脱位
135268,R83.000,脑脊液酶水平异常
135271,R83.300,脑脊液主要为非药用性物质的水平异常
135278,R84.000,呼吸器官和胸腔标本的酶水平异常
135281,R84.300,呼吸器官和胸腔标本的主要为非药用性物质的水平异常
135287,R84.900,呼吸器官和胸腔标本的异常所见
128752,M79.901,肩区软组织疾患
128757,M79.906,大腿软组织疾患
129725,N32.900x002,膀胱颈肿物
129731,N34.100,非特异性尿道炎
135060,R57.801,梗阻性休克
134856,R29.800x503,半侧注意不能
134863,R30.000,排尿困难
134868,R30.900x001,尿痛
134875,R34.x02,无尿
119105,G20.x00x006,少年型帕金森综合征
119111,G20.x06,帕金森病5级
119116,G21.100,帕金森综合征，其他药物性继发性的
119122,G21.400,血管性帕金森综合征
119126,G21.801,感染后帕金森综合征
119131,G23.100,进行性核上性眼肌麻痹［斯蒂尔-里查森-奥尔谢夫斯基］
115741,D48.500,皮肤动态未定或动态未知的肿瘤
115746,D48.500x006,躯干皮肤交界性肿瘤
114394,D14.000x005,额窦良性肿瘤
114399,D14.001,鼻旁窦良性肿瘤
114405,D14.007,鼻黏膜良性肿瘤
115215,D37.100x001,贲门交界性肿瘤
119531,G50.800,三叉神经的其他疾患
119537,G51.000x003,眼轮匝肌麻痹
119543,G51.300,阵挛性半面痉挛
119548,G51.800x006,鳄鱼泪综合征
120566,H25.000x003,冠状老年性白内障
118769,F73.000x001,极重度精神发育迟滞
118667,F52.800,性功能障碍，非由器质性障碍或疾病引起，其他的
118673,F53.100,与产褥期有关的重度精神和行为障碍，不可归类在他处者
118678,F54.x00,与归类在他处的障碍或疾病有关的心理和行为因素
134112,Q75.400x001,颌面骨发育不全及耳聋综合征(TreacherCollins综合征)
134123,Q75.807,先天性茎突过长
134128,Q75.900x002,先天性头颅畸形
134133,Q76.000x004,先天性腰椎隐裂
115252,D37.500x002,直肠乙状结肠连接部交界性肿瘤
115258,D37.600x002,法特壶腹交界性肿瘤
141319,Y46.700,抗帕金森病药的有害效应
141324,Y47.100x001,苯并二氮卓基类安定药（卓有草头）药物反应
118797,F81.201,格斯特曼综合征
118801,F82.x00,特定性运动功能发育障碍
118808,F84.200,雷特综合征
118812,F84.400,与精神发育迟缓和刻板动作有关的多动障碍
119745,G64.x00,周围神经系统的其他疾患
118027,E89.000,操作后甲状腺功能减退症
141198,Y36.600,涉及生物武器的作战行动
141201,Y36.700x002,由于激光武器所引起的战争损伤
140648,V38.x00,三轮机动车乘员在非碰撞性运输事故中的损伤
140651,V39.200,非交通事故中三轮机动车与其他机动车辆碰撞造成的三轮机动车乘员的损伤
116654,E10.500x043,1型糖尿病性下肢溃疡
116659,E10.500x048,1型糖尿病性富尼埃坏疽
116664,E10.503,1型糖尿病性足病
116668,E10.600x011+M14.6*,1型糖尿病性夏科关节病
116673,E10.600x023,1型糖尿病性红斑
116677,E10.600x027+L99.8*,1型糖尿病性糖尿病脂性渐进性坏死
116932,E14.200x212+N08.3*,糖尿病肾病II期
116937,E14.300x011+H36.0*,糖尿病性背景性视网膜病
116941,E14.300x015+H36.0*,糖尿病性背景性静脉扩张性视网膜病
116946,E14.300x025+H36.0*,糖尿病性增殖性前期局部缺血性视网膜病
139001,T44.500,主要为β肾上腺素能受体显效药中毒，不可归类在他处者
115784,D48.700x016,腕部交界性肿瘤
115789,D48.700x026,颅眶沟通交界性肿瘤
115796,D48.706,眶周围神经肿瘤
115801,D48.711,心脏动态未定肿瘤
141398,Y52.600,抗高脂血症和抗动脉硬化药的有害效应
141402,Y53.000,组胺H2受体拮抗剂的有害效应
141407,Y53.300,盐水和渗透性轻泻剂的有害效应
141413,Y53.900,主要影响胃肠系统制剂的有害效应
141417,Y54.300,苯并噻二嗪衍生物的有害效应
140007,T84.503,肩关节假体植入物感染
141229,Y41.100,抗分枝杆菌药的有害效应
141234,Y41.300,抗原虫药的有害效应，其他的
141238,Y41.800,全身性抗感染药和抗寄生虫药的有害效应，其他特指的
141245,Y42.000,糖（肾上腺）皮质激素类及其合成的类似物的有害效应
141253,Y42.300x002,降糖灵药物反应
133379,Q38.300x007,先天性舌粘连
132548,P78.802,新生儿腹胀
112273,B74.300,罗阿丝虫病
112274,B74.400,曼森丝虫病
112275,B74.400x001,欧氏丝虫病
112276,B74.400x002,常现丝虫病
112277,B74.400x003,链尾丝虫病
112278,B74.800,"丝虫病,其他的"
112279,B74.800x001,恶丝虫病
112280,B74.900,丝虫病
112281,B74.900x003,丝虫性外阴象皮肿
112282,B74.900x005,淋巴丝虫病
112283,B74.901,丝虫病性乳糜尿
112284,B74.902,丝虫性象皮病
112285,B75.x00,旋毛虫病
112286,B76.000,十二指肠钩虫病
112287,B76.100,美洲钩虫病
112288,B76.800,钩虫病，其他的
112289,B76.900,钩虫病
112290,B76.900x003,皮肤蠕虫蚴移行症
112291,B76.901,胃钩虫病
112292,B76.902,肠道钩虫病
113299,C71.702,延髓恶性肿瘤
113300,C71.703,第四脑室恶性肿瘤
113301,C71.704,幕下恶性肿瘤
113302,C71.705,中脑恶性肿瘤
113303,C71.800,脑交搭跨越恶性肿瘤的损害
113304,C71.800x006,额颞岛叶恶性肿瘤
113305,C71.800x007,额叶和丘脑及胼胝体恶性肿瘤
113306,C71.800x008,大脑皮层多处恶性肿瘤
113307,C71.801,额顶叶恶性肿瘤
113308,C71.802,额颞顶叶恶性肿瘤
113309,C71.803,顶枕叶恶性肿瘤
113310,C71.804,顶颞叶恶性肿瘤
113311,C71.805,颞顶枕叶恶性肿瘤
113312,C71.806,额颞叶恶性肿瘤
113313,C71.807,颞叶脑岛恶性肿瘤
113315,C71.809,脑桥小脑角恶性肿瘤
113316,C71.900,脑恶性肿瘤
113317,C71.900x001,蝶鞍上恶性肿瘤
113318,C71.900x002,颅内恶性肿瘤
113320,C71.900x006,颅底恶性肿瘤
112499,C02.201,舌系带恶性肿瘤
112500,C02.300,舌前三分之二部位的恶性肿瘤
112501,C02.300x002,舌中三分之一恶性肿瘤
112503,C02.400,舌扁桃体恶性肿瘤
112504,C02.800,舌交搭跨越恶性肿瘤的损害
112506,C02.900x002,舌多处恶性肿瘤
112507,C03.000,上牙龈恶性肿瘤
112509,C03.001,上颌软组织恶性肿瘤
112510,C03.100,下牙龈恶性肿瘤
112511,C03.100x002,下颌恶性肿瘤
112512,C03.101,下颌软组织恶性肿瘤
112514,C03.900x001,颌结缔组织恶性肿瘤
112515,C03.901,颌软组织恶性肿瘤
112516,C04.000,口底前部恶性肿瘤
112517,C04.100,口底侧部恶性肿瘤
113373,C75.900,内分泌腺恶性肿瘤
113374,C76.000,头、面和颈部恶性肿瘤
113375,C76.000x002,头部恶性肿瘤
113376,C76.000x007,颌下恶性肿瘤
113377,C76.001,面部恶性肿瘤
113378,C76.002,颈部恶性肿瘤
113379,C76.003,颊恶性肿瘤
113380,C76.004,鼻恶性肿瘤
113381,C76.005,颔下恶性肿瘤
113382,C76.006,颏下恶性肿瘤
113383,C76.100,胸部恶性肿瘤
113384,C76.100x003,胸腔恶性肿瘤
113385,C76.101,腋恶性肿瘤
113386,C76.200,腹部恶性肿瘤
113387,C76.200x002,髂窝恶性肿瘤
112563,C10.400,鳃裂恶性肿瘤
112564,C10.800,口咽交搭跨越恶性肿瘤的损害
112565,C10.800x002,口咽连接部恶性肿瘤
112566,C10.900,口咽恶性肿瘤
112567,C11.000,鼻咽上壁恶性肿瘤
112568,C11.001,鼻咽顶恶性肿瘤
112569,C11.100,鼻咽后壁恶性肿瘤
112570,C11.101,腺样体恶性肿瘤
112571,C11.102,咽扁桃体恶性肿瘤
112572,C11.200,鼻咽侧壁恶性肿瘤
112573,C11.200x002,罗森米窝恶性肿瘤
112574,C11.201,咽鼓管开口恶性肿瘤
112575,C11.202,咽隐窝恶性肿瘤
112576,C11.300,鼻咽前壁恶性肿瘤
112577,C11.300x001,鼻中隔后缘恶性肿瘤
112578,C11.300x004,软腭的鼻咽后面恶性肿瘤
112579,C11.300x005,软腭的鼻咽上面恶性肿瘤
112580,C11.300x006,鼻后缘恶性肿瘤
112581,C11.301,鼻咽底恶性肿瘤
112583,C11.800,鼻咽交搭跨越恶性肿瘤的损害
112584,C11.801,鼻咽多壁恶性肿瘤
112586,C11.901,鼻咽壁恶性肿瘤
112588,C12.x00x002,梨状窝恶性肿瘤
112589,C13.000,环状软骨后部恶性肿瘤
112590,C13.100,杓状会厌褶，咽下面的恶性肿瘤
112592,C13.100x002,杓状会厌褶边缘区恶性肿瘤
112593,C13.101,咽下面恶性肿瘤
112594,C13.200,下咽后壁恶性肿瘤
112595,C13.800,下咽交搭跨越恶性肿瘤的损害
112596,C13.900,下咽恶性肿瘤
112598,C14.000,咽恶性肿瘤
112599,C14.001,咽喉恶性肿瘤
112600,C14.002,咽侧壁恶性肿瘤
112601,C14.003,咽后壁恶性肿瘤
113125,C49.800,结缔组织和软组织交搭跨越恶性肿瘤的损害
113126,C49.900,结缔组织和软组织恶性肿瘤
113127,C49.900x001,结缔组织恶性肿瘤
113128,C49.900x003,软组织恶性肿瘤
112162,B65.900x007,慢性血吸虫病
112163,B65.900x008,晚期血吸虫病
112164,B65.900x010+K77.0*,肝血吸虫病
112165,B65.901+G07*,脑型血吸虫病
112166,B65.902+J99.8*,肺血吸虫病
112167,B65.903+K77.0*,血吸虫性肝炎
112168,B65.904+I98.2*,血吸虫性食管静脉曲张
112169,B65.905+N08.0*,血吸虫病性肾小球病变
112170,B65.906+I98.3*,血吸虫性食管静脉曲张破裂出血
112171,B65.907+I52.1*,血吸虫病性肺心病
112172,B66.000,后睾吸虫病
112173,B66.000x001,猫后睾吸虫病
112174,B66.100,支睾吸虫病
112175,B66.100x001+K77.0*,中华肝吸虫病
112176,B66.101,华支睾吸虫感染
112177,B66.200,支双腔吸虫病
112178,B66.300,片吸虫病
111466,B00.506+H22.0*,疱疹性虹膜炎
111467,B00.507+H19.1*,疱疹性角膜结膜炎
111468,B00.508+H22.0*,疱疹性前葡萄膜炎
111469,B00.509+H03.1*,疱疹性眼睑炎
111470,B00.700,播散性疱疹病毒病
111471,B00.701,疱疹性脓毒症
111472,B00.800,疱疹病毒感染，其他形式的
111473,B00.801+L99.8*,疱疹病毒性瘭疽
111474,B00.802+K77.0*,疱疹病毒性肝炎
111475,B00.803+K77.0*,EB病毒性肝炎
111476,B00.804+L99.8*,疱疹病毒性甲沟炎
111477,B00.900,疱疹病毒感染
111478,B00.900x005,播散性单纯疱疹(系统性单纯疱疹)
111480,B00.901,EB病毒感染
111481,B00.902,单纯疱疹
111482,B01.000+G02.0*,水痘脑膜炎
111483,B01.000x001+G02.0*,水痘性脑膜炎
111484,B01.100+G05.1*,水痘脑炎
111486,B01.800,水痘伴有其他并发症
111487,B01.800x001+I41.1*,水痘并发心肌炎
111488,B01.800x002+N08.0*,水痘并发肾炎
111490,B01.801,水痘肝炎
111491,B01.900,水痘不伴有并发症
111492,B01.900x001,水痘
111493,B01.900x002,出血性水痘
111494,B02.000+G05.1*,带状疱疹脑炎
111497,B02.001+G05.1*,带状疱疹神经根脊髓炎
111498,B02.100+G02.0*,带状疱疹脑膜炎
111499,B02.200,带状疱疹累及其他神经系统
111500,B02.200x004+G53.0*,拉姆齐-亨特综合征(Ramsy-Hunt综合征)
111502,B02.201+G53.0*,带状疱疹性坐骨神经痛
122650,I70.209,肢体动脉硬化性闭塞症
121906,I33.010,三尖瓣赘生物
121911,I34.001,二尖瓣反流
121916,I34.201,二尖瓣术后狭窄
129991,N62.x02,男性乳房发育
129997,N64.100,乳房脂肪坏死
130002,N64.400,乳痛症
130007,N64.504,乳头溢液
130012,N64.804,乳头变性
121039,H52.500,调节疾患
121043,H52.501,瞳孔括约肌麻痹
121049,H53.000x004,形觉剥夺性弱视
121057,H53.102,突然视力丧失
121063,H53.300x001,异常视网膜对应
121068,H53.400x003,双鼻侧偏盲
121946,I36.000,非风湿性三尖瓣狭窄
121950,I36.800x002,三尖瓣脱垂
121955,I36.900,非风湿性三尖瓣疾患
122904,I74.200x006,桡动脉闭塞
126772,L60.400,博氏线
126777,L60.800x006,甲纵沟
130264,N85.401,子宫侧倾
130270,N85.600x001,阿谢曼综合征
130275,N85.802,子宫破裂
130281,N85.808,子宫溃疡
130286,N85.813,子宫囊肿
130292,N86.x00,宫颈糜烂和外翻
130034,N71.002,急性子宫炎
130039,N71.900x001,子宫肌炎
130045,N72.x01,宫颈外膜炎
130049,N73.001,急性阔韧带脓肿
130054,N73.102,慢性盆腔蜂窝织炎
130059,N73.202,子宫韧带炎
126822,L65.800,非瘢痕性毛发缺失，其他特指的
126831,L65.903,脂溢性脱发
127849,M33.901+J99.1*,皮多肌炎累及肺
127854,M34.800x001+J99.1*,系统性硬化症性肺病变
121732,I25.200x028,陈旧性下壁后壁右心室心肌梗塞
121737,I25.202,陈旧性后壁心肌梗死
121742,I25.207,陈旧性下壁心肌梗死
121747,I25.300x007,左心室前壁心尖假性室壁瘤
121753,I25.300x013,假性室壁瘤
126915,L73.802,毛囊闭锁三联征
113130,C50.000,乳头和乳晕恶性肿瘤
113131,C50.000x001,乳头恶性肿瘤
113132,C50.001,乳晕恶性肿瘤
113133,C50.100,乳房中央部恶性肿瘤
113134,C50.200,乳房上内象限恶性肿瘤
113135,C50.300,乳房下内象限恶性肿瘤
113136,C50.400,乳房上外象限恶性肿瘤
113137,C50.500,乳房下外象限恶性肿瘤
113138,C50.600,乳房腋尾部恶性肿瘤
113139,C50.800,乳房交搭跨越恶性肿瘤的损害
113140,C50.800x005,异位乳腺恶性肿瘤
113141,C50.801,乳腺恶性肿瘤，上部
113142,C50.802,乳腺恶性肿瘤，下部
113143,C50.803,乳腺恶性肿瘤，内侧
113144,C50.804,乳腺恶性肿瘤，外侧
113146,C50.900x005,双侧乳腺恶性肿瘤
113147,C50.901,男性乳腺恶性肿瘤
113149,C51.000,大阴唇恶性肿瘤
113150,C51.001,前庭大腺恶性肿瘤
113151,C51.100,小阴唇恶性肿瘤
113152,C51.200,阴蒂恶性肿瘤
113153,C51.800,外阴交搭跨越恶性肿瘤的损害
113154,C51.900,外阴恶性肿瘤
113155,C52.x00,阴道恶性肿瘤
113156,C53.000,宫颈内膜恶性肿瘤
113157,C53.100,外宫颈恶性肿瘤
113158,C53.800,宫颈交搭跨越恶性肿瘤的损害
113159,C53.801,宫颈残端恶性肿瘤
113160,C53.900,宫颈恶性肿瘤
113161,C54.000,子宫峡部恶性肿瘤
113162,C54.001,子宫下段恶性肿瘤
113163,C54.100,子宫内膜恶性肿瘤
113165,C54.300,子宫底部恶性肿瘤
113166,C54.800,子宫体交搭跨越恶性肿瘤的损害
110192,A09.903,婴儿腹泻
110193,A09.904,出血性肠炎
110195,A15.000x001,肺结核（显微镜检证实）
110196,A15.000x002,肺结核（仅痰涂片证实）
110197,A15.000x003,肺结核（痰涂片及培养均证实）
110198,A15.000x010,"继发性肺结核（初治,单耐药）涂阳培阳"
110199,A15.000x012,"继发性肺结核（初治,多耐药）涂阳培阳"
110201,A15.000x016,"继发性肺结核（初治,耐多药）涂阳培阳"
110202,A15.000x018,"继发性肺结核（初治,药物敏感）涂阳培阳"
110203,A15.000x020,"继发性肺结核（复治,单耐药）涂阳培阳"
110205,A15.000x024,"继发性肺结核（复治,广泛耐药）涂阳培阳"
110206,A15.000x026,"继发性肺结核（复治,耐多药）涂阳培阳"
113388,C76.300,盆腔恶性肿瘤
113389,C76.300x001,骶前恶性肿瘤
112426,B94.900,传染病或寄生虫病的后遗症
112427,B95.000,A族链球菌作为分类于其他章疾病的原因
112428,B95.100,B族链球菌作为分类于其他章疾病的原因
112429,B95.200,D组链球菌和肠球菌疾病作为其他章节疾病分类的原因
112430,B95.300,肺炎链球菌作为分类于其他章疾病的原因
112431,B95.400,链球菌作为分类于其他章疾病的原因，其他的
112432,B95.500,链球菌作为分类于其他章疾病的原因
112433,B95.600,金黄色葡萄球菌作为分类于其他章疾病的原因
112434,B95.700,葡萄球菌，其他的，作为分类于其他章疾病的原因
112435,B95.800,葡萄球菌作为分类于其他章疾病的原因
112436,B96.000,肺炎支原体作为分类于其他章疾病的原因
112437,B96.100,肺炎杆菌作为分类于其他章疾病的原因
112438,B96.200,大肠杆菌作为分类于其他章疾病的原因
112439,B96.300,流感嗜血杆菌作为分类于其他章疾病的原因
112440,B96.400,变形菌（奇异）（摩根）作为分类于其他章的疾病的原因
112441,B96.500,假单胞菌属（铜绿）作为分类于其他章疾病的原因
112442,B96.501,绿脓杆菌感染
111930,B39.400x001,美洲组织胞浆菌病
111931,B39.500,杜波依西变种组织胞浆菌病
111933,B39.900,组织胞浆菌病
111934,B40.000,急性肺芽生菌病
111935,B40.100,慢性肺芽生菌病
111936,B40.200,肺芽生菌病
111937,B40.300,皮肤芽生菌病
111939,B40.302+L99.8*,芽生菌性脓皮病
111941,B40.800,芽生菌病，其他形式的
111942,B40.900,芽生菌病
111943,B41.000,肺副球孢子菌病
111945,B41.800,副球孢子菌病，其他形式的
111946,B41.800x001,内脏型副球孢子菌病
111947,B41.800x002,皮肤型副球孢子菌病
111948,B41.800x003,淋巴管型副球孢子菌病
111950,B42.000+J99.8*,肺孢子丝菌病
111951,B42.100,淋巴皮肤的孢子丝菌病
111952,B42.100x001,固定型孢子丝菌病
111954,B42.100x003,黏膜型孢子丝菌病
111955,B42.700,播散性孢子丝菌病
111956,B42.800,孢子丝菌病，其他形式的
111957,B42.900,孢子丝菌病
111958,B43.000,皮肤着色真菌病
111960,B43.101+G07*,大脑着色真菌病
111961,B43.200,皮下棕色真菌病性脓肿和囊肿
111962,B43.800,着色真菌病，其他形式的
111963,B43.801,暗丝孢霉病
111965,B44.000,侵入性肺曲霉病
112519,C04.900,口底恶性肿瘤
112520,C05.000,硬腭恶性肿瘤
112521,C05.100,软腭恶性肿瘤
112522,C05.200,悬雍垂恶性肿瘤
112523,C05.800,腭交搭跨越恶性肿瘤的损害
112524,C05.900,腭恶性肿瘤
112525,C05.900x002,口顶恶性肿瘤
112526,C06.000,颊黏膜恶性肿瘤
112527,C06.001,颊内部恶性肿瘤
112528,C06.100,口前庭恶性肿瘤
112529,C06.100x002,上颊沟恶性肿瘤
112530,C06.100x003,下颊沟恶性肿瘤
112531,C06.100x004,上唇沟恶性肿瘤
112532,C06.100x005,下唇沟恶性肿瘤
112533,C06.101,颊龈沟恶性肿瘤
112534,C06.102,唇龈沟恶性肿瘤
112535,C06.200,磨牙后区恶性肿瘤
112536,C06.800,口的其他和未特指部位交搭跨越恶性肿瘤的损害
112537,C06.900,口恶性肿瘤
112538,C06.901,小涎腺恶性肿瘤
112539,C06.902,口腔黏膜恶性肿瘤
113546,C79.300x024,中脑继发恶性肿瘤
113547,C79.300x025,脑桥继发恶性肿瘤
113548,C79.300x026,延髓继发恶性肿瘤
113549,C79.300x027,第四脑室继发恶性肿瘤
113550,C79.300x028,小脑幕上继发恶性肿瘤
113551,C79.300x029,小脑幕下继发恶性肿瘤
113552,C79.300x030,癌性脑膜炎
113553,C79.300x031,颅底继发恶性肿瘤
113554,C79.300x032,颅前窝继发恶性肿瘤
113555,C79.300x033,颅中窝继发恶性肿瘤
113556,C79.300x034,颅后窝继发恶性肿瘤
113557,C79.301,脑膜继发恶性肿瘤
113559,C79.303,额叶继发恶性肿瘤
113560,C79.304,顶叶继发恶性肿瘤
113561,C79.305,枕叶继发恶性肿瘤
113562,C79.306,颞叶继发恶性肿瘤
113563,C79.307,脑岛继发恶性肿瘤
113565,C79.309,小脑继发恶性肿瘤
113566,C79.310,脑干继发恶性肿瘤
113567,C79.311,丘脑继发恶性肿瘤
113070,C48.000x002,肾上腺周围组织恶性肿瘤
113072,C48.100,腹膜特指部位的恶性肿瘤
113074,C48.101,肠系膜恶性肿瘤
113076,C48.103,盆腔腹膜恶性肿瘤
113077,C48.104,网膜恶性肿瘤
113078,C48.105,腹膜壁层恶性肿瘤
113079,C48.200,腹膜恶性肿瘤
113081,C48.800,腹膜后腔和腹膜交搭跨越恶性肿瘤的损害
113082,C49.000,头、面和颈部结缔组织和软组织恶性肿瘤
113084,C49.000x005,头部结缔组织恶性肿瘤
113390,C76.300x009,骨盆恶性肿瘤
113391,C76.301,膀胱直肠隔恶性肿瘤
113392,C76.302,骶恶性肿瘤
113393,C76.303,会阴部恶性肿瘤
113394,C76.304,腹股沟恶性肿瘤
113395,C76.305,骶尾部恶性肿瘤
113396,C76.306,臀部恶性肿瘤
113397,C76.307,直肠阴道隔恶性肿瘤
113398,C76.400,上肢恶性肿瘤
113399,C76.401,肩恶性肿瘤
113400,C76.402,手部恶性肿瘤
113401,C76.500,下肢恶性肿瘤
113402,C76.501,髋恶性肿瘤
113404,C76.503,足恶性肿瘤
113405,C76.700,"恶性肿瘤,其他不明确部位的"
113406,C76.700x002,腰部恶性肿瘤
113407,C76.701,躯干部恶性肿瘤
113408,C76.702,背部恶性肿瘤
113409,C76.800,交搭跨越恶性肿瘤的损害，其他和不明确部位的
113410,C76.801,不明确部位交搭跨越恶性肿瘤
113411,C77.000,头、面和颈部淋巴结继发性的恶性肿瘤
113412,C77.000x005,头部淋巴结继发恶性肿瘤
113413,C77.001,面部淋巴结继发恶性肿瘤
113414,C77.002,颈部淋巴结继发恶性肿瘤
113415,C77.003,颏下淋巴结继发恶性肿瘤
113416,C77.004,颌下淋巴结继发恶性肿瘤
113417,C77.005,腮腺淋巴结继发恶性肿瘤
113418,C77.006,耳淋巴结继发恶性肿瘤
113419,C77.007,锁骨上淋巴结继发恶性肿瘤
113420,C77.008,气管食管沟淋巴结继发恶性肿瘤
113421,C77.100,胸腔内淋巴结继发性的恶性肿瘤
113423,C77.101,胸骨旁淋巴结继发恶性肿瘤
113424,C77.102,肺门淋巴结继发恶性肿瘤
113425,C77.103,纵隔淋巴结继发恶性肿瘤
113426,C77.104,气管淋巴结继发恶性肿瘤
113427,C77.105,气管支气管淋巴结继发恶性肿瘤
110395,A16.207,空洞型肺结核
110396,A16.210,结核性肺不张
110397,A16.300,胸腔内淋巴结结核，未提及细菌学或组织学的证实
110399,A16.300x003,胸壁淋巴结结核
110400,A16.300x007,结核性乳糜胸
110401,A16.301,肺门淋巴结结核
110402,A16.302,胸内淋巴结结核
110403,A16.303,气管支气管淋巴结结核
110405,A16.305,纵隔淋巴结结核
110406,A16.400,喉、气管和支气管结核，未提及细菌学或组织学的证实
110407,A16.400x005,孤立性气管支气管结核
110409,A16.400x011,结核性支气管狭窄
110410,A16.401,会厌结核
110411,A16.402,气管结核
110412,A16.403,声带结核
111966,B44.000x001+J99.8*,侵袭性肺曲霉菌病
111967,B44.100,肺曲霉病，其他的
111968,B44.100x003,曲霉球
112994,C45.702,纵隔间皮瘤
112995,C45.703,胃间皮瘤
112996,C45.704,肝间皮瘤
112997,C45.705,结肠间皮瘤
112998,C45.706,盆腔间皮瘤
112999,C45.900,间皮瘤
113000,C46.000,皮肤卡波西肉瘤
113002,C46.200,腭卡波西肉瘤
113003,C46.300,淋巴结卡波西肉瘤
113004,C46.700,卡波西肉瘤，其他部位的
113005,C46.700x001,外阴卡波西肉瘤
113006,C46.701,肺卡波西肉瘤
113007,C46.800,多器官的卡波西肉瘤
113008,C46.900,卡波西肉瘤
113009,C46.900x002,非洲型卡波西肉瘤
113010,C46.900x003,经典（欧洲）型卡波西肉瘤
113011,C46.900x004,同种异质移植型卡波西肉瘤
113012,C47.000,头、面和颈部周围神经恶性肿瘤
113013,C47.000x001,头部周围神经和自主神经恶性肿瘤
113014,C47.000x002,面部周围神经和自主神经恶性肿瘤
113015,C47.000x003,颈部周围神经和自主神经恶性肿瘤
113016,C47.000x004,耳部周围神经和自主神经恶性肿瘤
113017,C47.000x005,颞下窝周围神经和自主神经恶性肿瘤
112179,B66.300x001,巨片吸虫病
112180,B66.301,肝片吸虫病
112181,B66.400,并殖吸虫病
112182,B66.400x001,皮下组织并殖吸虫病
112183,B66.401+J99.8*,肺吸虫病
112184,B66.500,姜片虫病
112185,B66.501,肠吸虫病
112187,B66.800x001,棘口吸虫病
112188,B66.800x002,异形吸虫病
112189,B66.800x003,后殖吸虫病
112190,B66.800x004,隐孔吸虫病
112191,B66.800x005,沃森吸虫病
112193,B66.800x007,胰阔盘吸虫病
112194,B66.900,吸虫感染
112195,B66.901,脑吸虫病
112196,B66.902,胆道吸虫病
112197,B67.000,肝细粒棘球蚴感染
112199,B67.100,肺细粒棘球蚴感染
112200,B67.100x001+J99.8*,肺细粒棘球蚴病
112201,B67.200,骨细粒棘球蚴感染
112202,B67.200x001+M90.2*,骨细粒棘球蚴病
112204,B67.301,多部位细粒棘球蚴感染
112205,B67.302+E35.0*,甲状腺细粒棘球蚴病
112206,B67.400,细粒棘球蚴感染
112207,B67.400x001,细粒棘球蚴病
112208,B67.401,犬绦虫感染
112209,B67.500,肝多房棘球蚴感染
113085,C49.001,面部结缔组织和软组织恶性肿瘤
113086,C49.002,颈部结缔组织和软组织恶性肿瘤
113087,C49.003,睑结缔组织恶性肿瘤
113088,C49.004,耳部结缔组织恶性肿瘤
113089,C49.005,翼腭窝结缔组织恶性肿瘤
113090,C49.100,上肢（包括肩）结缔组织和软组织恶性肿瘤
113091,C49.100x001,上肢结缔组织恶性肿瘤
113092,C49.100x002,上肢软组织恶性肿瘤
113093,C49.100x006,腕部结缔组织恶性肿瘤
113095,C49.102,肘结缔组织恶性肿瘤
113096,C49.103,手结缔组织恶性肿瘤
113097,C49.200,下肢（包括髋）结缔组织和软组织恶性肿瘤
113098,C49.200x001,下肢结缔组织恶性肿瘤
113099,C49.200x002,下肢软组织恶性肿瘤
113100,C49.200x005,膝部结缔组织和软组织恶性肿瘤
113101,C49.200x006,踝部结缔组织恶性肿瘤
113102,C49.201,髋结缔组织和软组织恶性肿瘤
113103,C49.202,足结缔组织恶性肿瘤
113104,C49.300,胸部结缔组织和软组织恶性肿瘤
110125,A05.800,食物中毒，其他特指的细菌性
110126,A05.900,细菌性食物中毒
110127,A06.000,急性阿米巴痢疾
110128,A06.000x001,阿米巴肠炎
110129,A06.001,阿米巴结肠炎
110130,A06.002,阿米巴痢疾
110131,A06.100,慢性肠阿米巴病
110132,A06.100x002,阿米巴肠溃疡
110133,A06.200,阿米巴非痢疾性结肠炎
110135,A06.300,肠道阿米巴瘤
110136,A06.300x001,阿米巴肉芽肿
110137,A06.400+K77.0*,阿米巴肝脓肿
110138,A06.500+J99.8*,阿米巴肺脓肿
110140,A06.501+J99.8*,阿米巴肝肺脓肿
110141,A06.502+J17.3*,阿米巴肝肾囊肿伴肺炎
110142,A06.600+G07*,阿米巴脑脓肿
110143,A06.700,皮肤阿米巴病
110144,A06.800,阿米巴感染，其他部位的
110145,A06.800x001,阿米巴膀胱炎
110146,A06.800x002,阿米巴阑尾炎
110148,A06.800x004+N51.2*,阿米巴龟头炎
113321,C71.900x007,颅中窝恶性肿瘤
113322,C71.900x008,颅后窝恶性肿瘤
113323,C71.900x009,翼腭窝恶性肿瘤
113325,C71.901,鞍上区恶性肿瘤
113326,C71.902,蝶鞍区恶性肿瘤
113327,C71.903,颅底交通性恶性肿瘤
113328,C72.000,脊髓恶性肿瘤
113329,C72.000x006,骶髓恶性肿瘤
113331,C72.002,脊髓圆锥恶性肿瘤
110413,A16.405,结核性支气管胸膜瘘
110414,A16.406,喉结核
110415,A16.500,结核性胸膜炎，未提及细菌学或组织学的证实
110207,A15.000x028,"继发性肺结核（复治,药物敏感）涂阳培阳"
110208,A15.001,肺结核瘤，痰镜检（+）
110209,A15.002,肺干酪性结核，痰镜检（+）
110210,A15.003,结核性肺纤维变性，痰镜检（+）
110211,A15.004,结核性肺炎，痰镜检（+）
110212,A15.005,结核性气胸，痰镜检（+）
110213,A15.006,结核性支气管扩张，痰镜检（+）
110214,A15.007,空洞型肺结核，痰镜检（+）
110215,A15.100,肺结核，仅经痰培养所证实
110216,A15.100x001,肺结核（仅痰培养证实）
110217,A15.100x002,"继发性肺结核（初治,单耐药）涂阴培阳"
110218,A15.100x003,"继发性肺结核（初治,多耐药）涂阴培阳"
110219,A15.100x004,"继发性肺结核（初治,广泛耐药）涂阴培阳"
110220,A15.100x005,"继发性肺结核（初治,耐多药）涂阴培阳"
110221,A15.100x006,"继发性肺结核（初治,药物敏感）涂阴培阳"
110222,A15.100x007,"继发性肺结核（复治,单耐药）涂阴培阳"
110223,A15.100x008,"继发性肺结核（复治,多耐药）涂阴培阳"
110226,A15.100x011,"继发性肺结核（复治,药物敏感）涂阴培阳"
110227,A15.101,肺结核瘤，痰培养（+）
110228,A15.102,肺干酪性结核，痰培养（+）
110229,A15.103,结核性肺纤维变性，痰培养（+）
110230,A15.104,结核性肺炎，痰培养（+）
110232,A15.106,结核性支气管扩张，痰培养（+）
110233,A15.107,空洞型肺结核，痰培养（+）
110234,A15.200,肺结核，经组织学所证实
110235,A15.200x001,肺结核（组织学证实）
110237,A15.201,肺结核瘤，病理（+）
110238,A15.202,肺干酪性结核，病理（+）
110239,A15.203,结核性肺纤维变性，病理（+）
111135,A52.700x015+H58.8*,梅毒性眼病
111136,A52.701+H22.0*,三期梅毒性葡萄膜炎
111138,A52.703+J99.8*,梅毒性喉炎
111139,A52.704+J99.8*,肺梅毒
111140,A52.705+K77.0*,梅毒性肝硬化
111141,A52.706+M01.3*,梅毒性关节病
111142,A52.707+M90.2*,骨梅毒
111144,A52.709+N08.0*,梅毒性肾小球病变
111145,A52.710+K67.2*,梅毒性腹膜炎
111146,A52.800,潜伏性晚期梅毒
112210,B67.500x001+K77.0*,肝泡型棘球蚴病
112211,B67.600,多房棘球蚴感染，其他部位和多部位的
112212,B67.600x001,肺泡型棘球蚴病
112213,B67.600x002,脑泡型棘球蚴病
112214,B67.600x003,骨泡型棘球蚴病
112215,B67.601,多部位多房棘球蚴感染
112216,B67.700,多房棘球蚴感染
112217,B67.700x001,泡型棘球蚴病
112218,B67.800,肝棘球蚴病
112219,B67.800x001+K77.0*,肝棘球蚴病(肝包虫病)
112220,B67.900,棘球蚴病，其他的
112221,B67.901,棘球蚴病
112222,B67.902,脑棘球蚴病
112223,B67.903,心脏棘球蚴病
113232,C67.501,尿道内口恶性肿瘤
113233,C67.600,输尿管口恶性肿瘤
113234,C67.700,脐尿管恶性肿瘤
113235,C67.800,膀胱交搭跨越恶性肿瘤的损害
113236,C67.900,膀胱恶性肿瘤
113237,C67.900x002,膀胱多处恶性肿瘤
113238,C68.000,尿道恶性肿瘤
113239,C68.100,尿道旁腺恶性肿瘤
113241,C68.800x003,膀胱和尿道及前列腺恶性肿瘤
113242,C68.801,肾输尿管恶性肿瘤
113243,C68.802,肾盂膀胱恶性肿瘤
113244,C68.803,膀胱尿道恶性肿瘤
113245,C68.804,输尿管膀胱恶性肿瘤
113246,C68.805,肾盂输尿管恶性肿瘤
113247,C68.900,泌尿器官恶性肿瘤
113249,C69.000x001,结膜恶性肿瘤
113250,C69.100,角膜恶性肿瘤
113251,C69.200,视网膜恶性肿瘤
112443,B96.600,脆弱（微小）杆菌作为分类于其他章疾病的原因
112445,B96.800,细菌性病原体作为分类于其他章疾病的原因，其他特指的
112446,B96.801,难辨梭状芽胞杆菌感染
112447,B97.000,腺病毒作为分类于其他章疾病的原因
112448,B97.100,肠病毒作为分类于其他章疾病的原因
112450,B97.300,反转录病毒作为分类于其他章疾病的原因
112451,B97.400,呼吸道合胞体病毒作为分类于其他章疾病的原因
112452,B97.500,呼肠孤病毒作为分类于其他章疾病的原因
112454,B97.700,乳头状瘤病毒作为分类于其他章疾病的原因
112455,B97.800,病毒性病原体，其他的作为分类于其他章疾病的原因
112456,B98.000,幽门螺杆菌作为其他章节疾病分类的原因
112458,B99.x00,传染病，其他的
112459,B99.x00x001,感染
112460,B99.x00x003+G94.0*,感染后脑积水
112461,B99.x00x004+G73.4*,感染性疾病并发肌病
113332,C72.003,脊髓胸段恶性肿瘤
113333,C72.004,脊髓腰段恶性肿瘤
113334,C72.100,马尾恶性肿瘤
113335,C72.200,嗅神经恶性肿瘤
113336,C72.201,嗅球恶性肿瘤
113337,C72.300,视神经恶性肿瘤
113338,C72.400,听神经恶性肿瘤
113339,C72.500,脑神经恶性肿瘤
113340,C72.501,动眼神经恶性肿瘤
113341,C72.502,滑车神经恶性肿瘤
113342,C72.503,三叉神经恶性肿瘤
113343,C72.504,展神经恶性肿瘤
113344,C72.505,面神经恶性肿瘤
113345,C72.506,前庭蜗神经恶性肿瘤
113346,C72.507,舌咽神经恶性肿瘤
113347,C72.508,迷走神经恶性肿瘤
113348,C72.509,副神经恶性肿瘤
113349,C72.510,舌下神经恶性肿瘤
113350,C72.800,脑和中枢神经系统其他部位交搭跨越恶性肿瘤的损害
113351,C72.800x001,颅眶沟通恶性肿瘤
113352,C72.800x002,颅底沟通恶性肿瘤
113353,C72.800x003,颅鼻眶沟通恶性肿瘤
113354,C72.900,中枢神经系统恶性肿瘤
113355,C72.900x004,椎管内恶性肿瘤
113356,C72.900x005,蝶鞍旁恶性肿瘤
113357,C72.900x006,颈静脉孔区恶性肿瘤
113358,C72.901,硬膜外恶性肿瘤
113359,C73.x00,甲状腺恶性肿瘤
113360,C73.x00x003,甲状腺多处恶性肿瘤
113361,C74.000,肾上腺皮质恶性肿瘤
113362,C74.100,肾上腺髓质恶性肿瘤
113363,C74.900,肾上腺恶性肿瘤
110341,A16.009,增殖型肺结核，痰镜检（-）
110342,A16.010,肺结核，痰培养（-）
110344,A16.012,结核性肺炎，痰培养（-）
110345,A16.013,结核性肺纤维变性，痰培养（-）
110346,A16.014,结核性气胸，痰培养（-）
110347,A16.015,结核性支气管扩张，痰培养（-）
110349,A16.017,空洞型肺结核，痰培养（-）
110350,A16.018,浸润型肺结核，痰培养（-）
110351,A16.019,增殖型肺结核，痰培养（-）
110352,A16.020,肺结核，病理（-）
110355,A16.023,结核性肺纤维变性，病理（-）
110356,A16.024,结核性气胸，病理（-）
110358,A16.026,肺干酪性结核，病理（-）
110359,A16.027,空洞型肺结核，病理（-）
113568,C79.400,神经系统继发性恶性肿瘤，其他和未特指部位的
113569,C79.400x012,硬膜外继发恶性肿瘤
113571,C79.400x014,泪管继发恶性肿瘤
111147,A52.801,潜伏性三期梅毒
111148,A52.900,晚期梅毒
111149,A53.000,早期或晚期的潜伏性梅毒
111150,A53.000x001,隐性梅毒
111151,A53.000x002,梅毒血清反应阳性
111152,A53.900,梅毒
111153,A54.000,下泌尿生殖道的淋球菌感染不伴有尿道周或副腺的脓肿
111154,A54.001,淋球菌性膀胱炎
111155,A54.002,淋球菌性尿道炎
110416,A16.500x001,结核性干性胸膜炎
110417,A16.500x004,结核性胸膜炎
110418,A16.500x008,结核性胸膜炎（初治）
110419,A16.500x009,结核性胸膜炎（复治）
110420,A16.500x010,结核性包裹性脓胸
110421,A16.501,结核性脓胸
110422,A16.503,结核性渗出性胸膜炎
110423,A16.504,胸膜结核瘤
110424,A16.505,结核性脓气胸
110425,A16.700,原发性呼吸道结核，未提及细菌学或组织学的证实
110426,A16.700x001,肺结核原发综合征
110427,A16.700x002,原发性肺结核
110428,A16.800,呼吸道结核，未提及细菌学或组织学的证实，其他的
110429,A16.800x002,干酪性鼻窦炎
110430,A16.800x003,干酪性鼻炎(结核性鼻炎)
110431,A16.801,结核性鼻窦炎
110432,A16.802,鼻中隔结核
110433,A16.803,鼻咽结核
110434,A16.804,鼻结核
110436,A16.806,咽部结核
110437,A16.807,纵隔结核
110438,A16.900,呼吸道结核
110440,A16.900x002,结核感染
110441,A16.900x003,呼吸道结核病
110442,A16.900x023,结核性胸壁窦
110443,A17.000+G01*,结核性脑膜炎
110445,A17.000x005+G01*,蛛网膜结核病
110446,A17.000x006+G01*,结核性脑膜粘连
110447,A17.001+G01*,结核性脑脊髓膜炎
110448,A17.100+G07*,脑膜结核瘤
110449,A17.100x001+G07*,脑脊膜结核瘤
110451,A17.800x007+G05.0*,结核性脊髓脊膜炎
110452,A17.801+G07*,脑结核瘤
110453,A17.802+G07*,结核性脑肉芽肿
110454,A17.803+G05.0*,结核性脑膜脑炎
110456,A17.805+G07*,结核性脑脓肿
111381,A87.100+G02.0*,腺病毒性脑膜炎
111382,A87.200x001+G02.0*,淋巴细胞性脉络丛脑膜炎
111384,A87.800,病毒性脑膜炎，其他的
111385,A87.801,乙脑病毒性脑膜炎
111386,A87.900,病毒性脑膜炎
111387,A87.901,病毒性脑脊髓膜炎
112462,B99.x01,感染性发热
112463,C00.000,外上唇恶性肿瘤
112464,C00.001,外上唇口红区恶性肿瘤
112465,C00.002,外上唇唇红缘恶性肿瘤
112466,C00.100,外下唇恶性肿瘤
112467,C00.101,外下唇口红区恶性肿瘤
112468,C00.102,外下唇唇红缘恶性肿瘤
112469,C00.200,外唇的恶性肿瘤
112470,C00.200x002,外唇唇红缘恶性肿瘤
112471,C00.300,上唇内面恶性肿瘤
112472,C00.301,上唇内面颊侧面恶性肿瘤
112473,C00.302,上唇内面系带恶性肿瘤
112474,C00.303,上唇内面黏膜恶性肿瘤
112475,C00.304,上唇内面口腔面恶性肿瘤
113486,C78.502,盲肠继发恶性肿瘤
113487,C78.503,阑尾继发恶性肿瘤
113488,C78.504,结肠继发恶性肿瘤
113489,C78.505,肛管继发恶性肿瘤
113491,C78.600x004,腹膜继发恶性肿瘤
113492,C78.601,腹膜后继发恶性肿瘤
113493,C78.602,大网膜继发恶性肿瘤
113494,C78.603,肠系膜继发恶性肿瘤
113495,C78.604,恶性腹水
113496,C78.605,道格拉斯陷凹继发恶性肿瘤
113497,C78.700,肝部和肝内胆管继发性恶性肿瘤
113498,C78.800,消化器官继发性恶性肿瘤，其他和未特指的
113499,C78.800x005,胃肠道继发恶性肿瘤
113500,C78.800x009,胰头继发恶性肿瘤
113501,C78.800x010,胃底继发恶性肿瘤
113502,C78.800x013,胃食管连接部继发恶性肿瘤
113503,C78.800x014,贲门食管连接部继发恶性肿瘤
113504,C78.801,食管继发恶性肿瘤
113506,C78.803,贲门继发恶性肿瘤
113507,C78.804,壶腹继发恶性肿瘤
113508,C78.805,脾继发恶性肿瘤
113019,C47.000x007,咽旁间隙周围神经和自主神经恶性肿瘤
113020,C47.000x008,咽后间隙周围神经和自主神经恶性肿瘤
113021,C47.000x009,眼睑周围神经和自主神经恶性肿瘤
113022,C47.000x010,鼻部周围神经和自主神经恶性肿瘤
113024,C47.100,上肢（包括肩）周围神经恶性肿瘤
113025,C47.100x001,上肢周围神经和自主神经恶性肿瘤
113026,C47.100x004,腕周围神经和自主神经恶性肿瘤
113028,C47.100x006,臂丛恶性肿瘤
113029,C47.100x007,正中神经恶性肿瘤
113030,C47.100x008,桡神经恶性肿瘤
113031,C47.100x009,尺神经恶性肿瘤
113033,C47.102,手神经恶性肿瘤
113034,C47.200,下肢（包括髋）周围神经恶性肿瘤
113572,C79.400x018,马尾继发恶性肿瘤
113573,C79.400x019,上肢周围神经继发恶性肿瘤
113574,C79.400x020,下肢周围神经继发恶性肿瘤
113575,C79.400x021,交感神经继发恶性肿瘤
113576,C79.400x022,周围神经继发恶性肿瘤
113577,C79.401,中枢神经系统继发恶性肿瘤
113578,C79.402,脑神经继发恶性肿瘤
113579,C79.403,脊髓继发恶性肿瘤
113580,C79.404,脊膜继发恶性肿瘤
113581,C79.405,眼继发恶性肿瘤
113582,C79.406,眶内继发恶性肿瘤
113583,C79.407,眼球继发恶性肿瘤
113584,C79.408,眼外肌继发恶性肿瘤
113585,C79.409,脉络膜继发恶性肿瘤
113586,C79.500,骨和骨髓继发性恶性肿瘤
113587,C79.500x001,骨继发恶性肿瘤
113588,C79.500x004,上颌骨继发恶性肿瘤
113589,C79.500x006,椎体继发恶性肿瘤
113590,C79.500x007,斜坡继发恶性肿瘤
113591,C79.500x008,指骨继发恶性肿瘤
113592,C79.500x009,髂骨继发恶性肿瘤
113593,C79.500x010,股骨继发恶性肿瘤
113594,C79.500x011,关节继发恶性肿瘤
113595,C79.500x012,桡骨继发恶性肿瘤
113596,C79.500x013,胸骨继发恶性肿瘤
113597,C79.500x016,眶骨继发恶性肿瘤
113598,C79.500x021,肋骨继发恶性肿瘤
113599,C79.500x022,锁骨继发恶性肿瘤
113600,C79.500x024,盆骨继发恶性肿瘤
113601,C79.500x025,骶骨继发恶性肿瘤
113602,C79.500x026,尾骨继发恶性肿瘤
113604,C79.500x030,颈椎继发恶性肿瘤
110579,A18.300x009+K93.0*,腹腔结核
110580,A18.300x013+K93.0*,结核性胃结肠瘘
110582,A18.300x015+K93.0*,膈下结核性脓肿
110583,A18.300x016,腹膜后结核
110584,A18.301,肝门淋巴结结核
110585,A18.302+K93.0*,阑尾结核
110586,A18.303+K93.0*,肠结核
110588,A18.305+K93.0*,结肠结核瘤
110589,A18.306+K93.0*,结核性肛瘘
110590,A18.307+K93.0*,肛周结核
110591,A18.308,腹腔淋巴结结核
110592,A18.309,结核性腹腔积液
110594,A18.311+K93.0*,腹膜结核
110595,A18.312+K93.0*,腹部结核性脓肿
110596,A18.313+K93.0*,腹部结核性窦道
110597,A18.314+K67.3*,结核性腹膜炎
110599,A18.316+K93.0*,肠系膜淋巴结结核
111388,A88.000,肠病毒疹热(波士顿疹病)
111389,A88.100,流行性眩晕
111390,A88.800,中枢神经系统其他特指的病毒性感染
111391,A88.800x001,脊髓灰质炎样综合征
111392,A89.x00,中枢神经系统的病毒性感染
111393,A92.000,奇昆古尼亚病毒病
111394,A92.001,基孔肯雅热
111395,A92.100,奥尼昂-尼昂热
111396,A92.200,委内瑞拉马型热
111397,A92.300,西尼罗河病毒感染
111398,A92.300x001,西尼罗热
111399,A92.300x002,西尼罗脑炎
111400,A92.300x003,西尼罗脑膜炎
111401,A92.300x004,西尼罗病毒性脑膜脑炎
111402,A92.400,裂谷热
111157,A54.004,淋球菌性阴道炎
111158,A54.005,淋球菌性外阴阴道炎
111159,A54.100,下泌尿生殖道的淋球菌感染伴有尿道周和副腺的脓肿
111160,A54.100x002,淋球菌性尿道脓肿
111161,A54.102,淋球菌性前庭大腺脓肿
111162,A54.200,淋球菌性盆腔腹膜炎和其他泌尿生殖道的淋球菌感染
111163,A54.200x004+N74.3*,淋球菌性输卵管炎
111164,A54.201+N74.3*,淋球菌性女性盆腔炎性疾病
111165,A54.202+N51.0*,淋球菌性前列腺炎
111166,A54.203+N51.1*,淋球菌性睾丸炎
111167,A54.204+N51.1*,淋球菌性附睾炎
111168,A54.300,眼的淋球菌感染
111169,A54.300x002+H19.2*,先天性淋球菌性角膜炎
111171,A54.302+H13.1*,淋球菌性结膜炎
111172,A54.303+H22.0*,淋球菌性虹膜睫状体炎
111173,A54.400,肌肉骨骼系统的淋球菌感染
111174,A54.401+M01.3*,淋球菌性关节炎
111176,A54.403+M90.2*,淋球菌性骨髓炎
111177,A54.404+M68.0*,淋球菌性滑膜炎
111178,A54.405+M68.0*,淋球菌性腱鞘炎
111179,A54.500,淋球菌性咽炎
111180,A54.600,肛门和直肠的淋球菌感染
111182,A54.601,直肠淋球菌感染
111183,A54.602,肛门淋球菌感染
111184,A54.800,淋球菌感染，其他的
111185,A54.801+G07*,淋球菌性脑脓肿
111187,A54.803+G01*,淋球菌性脑膜炎
111188,A54.804+I41.0*,淋球菌性心肌炎
111189,A54.805+I32.0*,淋球菌性心包炎
111190,A54.806+J17.0*,淋球菌性肺炎
111191,A54.807+K67.1*,淋球菌性腹膜炎
111193,A54.809,淋球菌性皮肤病
111194,A54.900,淋球菌感染
112101,B56.900,非洲锥虫病
113035,C47.200x001,下肢周围神经和自主神经恶性肿瘤
113037,C47.200x005,踝部周围神经和自主神经恶性肿瘤
113038,C47.200x006,股神经恶性肿瘤
113039,C47.200x007,闭孔神经恶性肿瘤
113040,C47.200x008,坐骨神经恶性肿瘤
113041,C47.201,髋神经恶性肿瘤
113042,C47.202,足神经恶性肿瘤
113043,C47.300,胸部周围神经恶性肿瘤
113044,C47.300x002,腋部周围神经和自主神经恶性肿瘤
113045,C47.300x003,膈部周围神经和自主神经恶性肿瘤
113046,C47.300x004,肩胛区周围神经和自主神经恶性肿瘤
113047,C47.300x005,肋间神经恶性肿瘤
113048,C47.400,腹部周围神经恶性肿瘤
113049,C47.400x002,脐部周围神经和自主神经恶性肿瘤
113050,C47.500,盆腔周围神经恶性肿瘤
110065,A03.300x001,宋内志贺菌痢疾
110066,A03.800,细菌性痢疾，其他的
110067,A03.800x001,不定型志贺菌痢疾
110068,A03.800x002,菌痢混合感染
110069,A03.900,细菌性痢疾
110070,A03.900x002,慢性细菌性痢疾急性发作
110071,A03.900x005,慢性隐匿型菌痢
110072,A03.900x007,中毒型菌痢休克型
110073,A03.900x008,中毒型菌痢脑型
110074,A03.900x009,中毒型菌痢混合型
110075,A03.901,急性细菌性痢疾
110076,A03.902,慢性迁延型细菌性痢疾
110078,A03.904,中毒型细菌性痢疾
110079,A04.000,肠道病原性大肠杆菌感染
110080,A04.000x001,新生儿肠致病性大肠杆菌肠炎
110082,A04.100,肠毒性大肠杆菌感染
110083,A04.100x001,肠毒性大肠杆菌肠炎
110084,A04.100x002,新生儿肠毒性大肠杆菌肠炎
110085,A04.200,肠侵袭性大肠杆菌感染
110087,A04.200x002,新生儿肠侵袭性大肠杆菌肠炎
113252,C69.300,脉络膜恶性肿瘤
113253,C69.400,睫状体恶性肿瘤
113254,C69.400x005,虹膜恶性肿瘤
113255,C69.401,葡萄膜恶性肿瘤
113256,C69.500,泪腺和泪管恶性肿瘤
113258,C69.501,泪腺恶性肿瘤
113259,C69.502,泪囊恶性肿瘤
113260,C69.503,鼻泪管恶性肿瘤
113261,C69.600,眶恶性肿瘤
113262,C69.600x001,眶内恶性肿瘤
113264,C69.602,眶周神经恶性肿瘤
113265,C69.603,眼外肌恶性肿瘤
113266,C69.604,眼球后组织恶性肿瘤
113267,C69.800,眼和附器交搭跨越恶性肿瘤的损害
110600,A18.317,髂窝结核性脓肿
110601,A18.318,髂窝淋巴结结核
110149,A06.801,眼阿米巴病
110150,A06.900,阿米巴病
110151,A07.000,小袋纤毛虫病
110152,A07.100,贾第虫病(兰伯鞭毛虫病)
110153,A07.200,隐孢子虫病
110154,A07.300,等孢球虫病
110155,A07.300x002,肠道球虫病
110156,A07.800,原虫性肠道疾病，其他特指的
110157,A07.800x002,肉孢子虫病
110158,A07.801,肠道滴虫病
110159,A07.900,原虫性肠道疾病
110161,A08.000,轮状病毒性肠炎
110162,A08.100,诺如病毒引起的急性胃肠病
110163,A08.100x001,诺如病毒性肠炎
110164,A08.101,诺如病毒性急性胃肠病
110165,A08.200,腺病毒性肠炎
110166,A08.300,病毒性肠炎，其他的
110167,A08.301,EB病毒性肠炎
110168,A08.400,病毒性肠道感染
110169,A08.400x003,病毒性小肠炎
110170,A08.401,病毒性肠炎
110171,A08.402,病毒性胃肠炎
110172,A08.500,肠道感染，其他特指的
110173,A09.000,传染性病因的胃肠炎和结肠炎，其他和未特指的
110174,A09.000x001,肠道感染
110175,A09.000x003,流行性肠炎
110176,A09.000x006,出血性结肠炎
110177,A09.001,感染性胃肠炎
110178,A09.002,感染性结肠炎
110179,A09.003,痢疾
110181,A09.005,脓毒性肠炎
110182,A09.006,急性出血性肠炎
110183,A09.007,急性感染性肠炎
110184,A09.900,胃肠炎和结肠炎
110186,A09.900x004,急性小肠炎
110187,A09.900x005,新生儿腹泻
110188,A09.900x006,肠炎
110190,A09.901,胃肠炎
110191,A09.902,结肠炎
111077,A51.302,黏膜二期梅毒
111078,A51.303,皮肤梅毒
111079,A51.304,外阴扁平湿疣
111080,A51.400,二期梅毒，其他的
111081,A51.400x001,二期梅毒
111083,A51.400x005+H22.0*,二期梅毒性虹膜睫状体炎
111084,A51.400x007+M63.0*,二期梅毒性肌炎
111085,A51.400x008+K77.0*,二期梅毒性肝炎
111087,A51.400x010,二期梅毒性淋巴结炎
111088,A51.401+G01*,二期梅毒性脑膜炎
111089,A51.402+H22.0*,二期梅毒性葡萄膜炎
111090,A51.403+H32.0*,早期梅毒性视网膜炎
111091,A51.404+H58.8*,早期梅毒性眼病
112102,B56.900x001,非洲锥虫病(非洲睡眠病)
112103,B57.000,急性查加斯病累及心脏
112104,B57.001+I98.1*,急性查加斯病累及心血管
112105,B57.002+I41.2*,急性查加斯病伴心肌炎
112106,B57.100,急性查加斯病，未累及心脏
112107,B57.200,慢性查加斯病累及心脏
112108,B57.200x001,美洲锥虫病
112109,B57.200x003,慢性恰加斯病
112110,B57.201+I98.1*,心血管介入性慢性查加斯病
112111,B57.202+I41.2*,慢性查加斯病性心肌炎
112112,B57.300,慢性查加斯病累及消化系统
112113,B57.400,慢性查加斯病累及神经系统
112114,B57.400x001+G02.8*,慢性恰加斯病伴脑膜炎
112115,B57.400x002+G05.2*,慢性恰加斯病伴脑炎
112116,B57.401+F02.8*,慢性查加斯病性痴呆
112117,B57.500,慢性查加斯病累及其他器官
112118,B58.000,眼弓形虫病
112119,B58.001+H32.0*,弓形虫脉络膜视网膜炎
111403,A92.500,寨卡病毒病
111405,A92.900,蚊媒介的病毒性发热
111406,A93.000,奥罗普什病毒病
111407,A93.100,白蛉热
111408,A93.200,科罗拉多蜱热
111409,A93.800,节肢动物媒介的病毒性发热，其他特指的
111410,A93.801,疱疹性口炎病毒病
111413,A94.x01,虫媒病毒性发热
111414,A95.000,森林黄热病
111415,A95.100,城市黄热病
111416,A95.900,黄热病
111417,A96.000,朱宁出血热
111418,A96.100,马丘波出血热
111419,A96.100x001,玻利维亚出血热
111421,A96.800,"沙粒病毒性出血热,其他的"
111422,A96.900,沙粒病毒性出血热
111423,A97.000,登革热不伴预警
111425,A97.200,重症登革热
111426,A97.900,登革热，未特指
111427,A98.000,克里米亚-刚果出血热
111428,A98.100,鄂木斯克出血热
111430,A98.300,马尔堡病毒病
111431,A98.400,埃博拉病毒病
111432,A98.400x001,埃博拉出血热
111433,A98.500,出血热伴有肾综合征
111435,A98.800,病毒性出血热，其他特指的
111436,A99.x00,病毒性出血热
111437,B00.000,疱疹性湿疹
111438,B00.001,卡波西水疱样疹
111439,B00.100,疱疹病毒性水疱皮炎
111440,B00.100x001,单纯疱疹病毒性水疱皮炎
111441,B00.100x004+H62.1*,耳部单纯疱疹HSV-Ⅱ型
113268,C69.900,眼恶性肿瘤
113269,C69.900x001,眼内恶性肿瘤
113270,C69.901,眼球恶性肿瘤
113271,C70.000,脑膜恶性肿瘤
113273,C70.100,脊（髓）膜恶性肿瘤
113274,C70.100x001,脊膜恶性肿瘤
113275,C70.100x003,硬脊膜恶性肿瘤
113276,C70.900,脑脊膜恶性肿瘤
113277,C70.901,硬膜下恶性肿瘤
113278,C71.000,大脑（除外脑叶和脑室）恶性肿瘤
113279,C71.000x001,下丘脑恶性肿瘤
113280,C71.000x004,岛叶恶性肿瘤
113281,C71.000x006,基底节恶性肿瘤
113282,C71.000x007,脑白质恶性肿瘤
113283,C71.001,幕上恶性肿瘤
113284,C71.002,丘脑恶性肿瘤
113285,C71.003,胼胝体恶性肿瘤
113286,C71.100,额叶恶性肿瘤
113287,C71.200,颞叶恶性肿瘤
113288,C71.300,顶叶恶性肿瘤
113289,C71.400,枕叶恶性肿瘤
113290,C71.500,脑室恶性肿瘤
113291,C71.500x003,侧脑室恶性肿瘤
113292,C71.500x004,第三脑室恶性肿瘤
113293,C71.501,脉络丛恶性肿瘤
113294,C71.600,小脑恶性肿瘤
113295,C71.601,小脑蚓部恶性肿瘤
113296,C71.602,小脑扁桃体恶性肿瘤
113297,C71.700,脑干恶性肿瘤
113298,C71.701,脑桥恶性肿瘤
110288,A15.500x029,"支气管结核（复治,药物敏感）涂阴培阳"
110289,A15.501,喉结核，病理（+）
110291,A15.503,会厌结核，病理（+）
110292,A15.504,声带结核，细菌学（+）
110293,A15.505,声带结核，病理（+）
110294,A15.506,气管结核，细菌学（+）
110296,A15.508,支气管结核，细菌学（+）
110297,A15.509,支气管结核，病理（+）
110298,A15.600,结核性胸膜炎，经细菌学和组织学所证实
110300,A15.602,结核性脓胸，细菌学（+）
110301,A15.603,结核性脓胸，病理（+）
110302,A15.604,结核性胸腔积液，细菌学（+）
110303,A15.605,结核性胸腔积液，病理（+）
113509,C78.806,胰腺继发恶性肿瘤
113510,C78.807,胆囊继发恶性肿瘤
113511,C78.808,胆管继发恶性肿瘤
113512,C78.809,消化器官继发性恶性肿瘤
113513,C79.000,肾和肾盂继发性恶性肿瘤
113515,C79.001,肾盂继发恶性肿瘤
113516,C79.100,膀胱和其他及泌尿器官继发性恶性肿瘤
113517,C79.100x002,泌尿系统继发恶性肿瘤
113518,C79.101,膀胱继发恶性肿瘤
111092,A51.405+H58.8*,二期梅毒性眼病
111093,A51.500,潜伏性早期梅毒
111094,A51.900,早期梅毒
111095,A52.000+I98.0*,心血管梅毒
111096,A52.000x001+I52.0*,梅毒性冠状动脉口狭窄
111097,A52.000x006+I39.1*,梅毒性主动脉瓣狭窄
110360,A16.028,浸润型肺结核，病理（-）
110361,A16.029,增殖型肺结核，病理（-）
110362,A16.030,肺结核瘤，细胞学（组织学）（-）
110363,A16.031,结核性肺炎，细胞学（组织学）（-）
110364,A16.032,结核性肺纤维变性，细胞学（组织学）（-）
110365,A16.033,结核性气胸，细胞学（组织学）（-）
110366,A16.034,结核性支气管扩张，细胞学（组织学）（-）
110367,A16.035,肺干酪性结核，细胞学（组织学）（-）
110368,A16.036,空洞型肺结核，细胞学（组织学）（-）
110369,A16.037,浸润型肺结核，细胞学（组织学）（-）
110370,A16.038,增殖型肺结核，细胞学（组织学）（-）
110371,A16.100,肺结核，未做细菌学和组织学检查
110372,A16.100x001,肺结核（未行细菌学和组织学检查）
110373,A16.101,肺结核瘤，未做细菌学和组织学检查
110374,A16.102,结核性肺炎，未做细菌学和组织学检查
110376,A16.104,结核性气胸，未做细菌学和组织学检查
110377,A16.105,结核性支气管扩张，未做细菌学和组织学检查
110378,A16.106,肺干酪性结核，未做细菌学和组织学检查
110381,A16.109,增殖型肺结核，未做细菌学和组织学检查
110382,A16.200,肺结核，未提及细菌学或组织学的证实
110383,A16.200x002,肺结核
110384,A16.200x007,结节型肺结核
110385,A16.200x012,结核性胸膜瘘
110387,A16.200x014,结核性大咯血
110388,A16.200x015,继发性肺结核
110389,A16.201,肺结核瘤
110390,A16.202,结核性肺炎
110391,A16.203,结核性肺纤维变性
110393,A16.205,结核性支气管扩张
111321,A80.300,急性麻痹性脊髓灰质炎，其他的
111322,A80.300x001,脊髓灰质炎瘫痪型
111324,A80.400,急性非麻痹性脊髓灰质炎
111325,A80.400x001,脊髓灰质炎无瘫痪型
111326,A80.400x002,脊髓灰质炎顿挫型
111327,A80.900,急性脊髓灰质炎
111329,A81.000x002,亚急性海绵状脑病
111330,A81.000x004,可传播性海绵状脑病
111442,B00.100x005,唇部单纯疱疹HSV-Ⅱ型
111443,B00.101,唇单纯疱疹
111444,B00.102,面单纯疱疹
112361,B87.300,鼻咽蝇蛆病
112362,B87.300x002+J99.8*,喉蝇蛆病
112363,B87.400x001+H94.8*,耳蝇蛆病
112364,B87.800,蝇蛆病，其他部位的
112365,B87.800x001,泌尿生殖道蝇蛆病
112366,B87.800x002+K93.8*,肠蝇蛆病
112367,B87.900,蝇蛆病
112368,B88.000,螨病，其他的
112369,B88.000x002,螨虫病
112370,B88.000x003,蠕形螨病
112371,B88.000x004+L99.8*,革螨皮炎
112372,B88.000x006+L99.8*,恙螨皮炎
112373,B88.001+L99.8*,螨性皮炎
112375,B88.200,节肢动物侵染，其他的
112376,B88.200x001,肠蜣螂病
112377,B88.300,外部水蛭病
112378,B88.800,病虫侵染，其他特指的
112379,B88.800x001,舌形虫病
112380,B88.800x002,蛇舌状虫病
112381,B88.800x004,蚰蜒皮炎
112382,B88.900,病虫侵染
112383,B88.900x001,皮肤病虫侵染
112384,B88.900x002,螨侵染
143295,Z99.000,依赖吸引器
143296,Z99.100,依赖呼吸机
143297,Z99.100x001,依赖于呼吸器者
143298,Z99.200,依赖肾透析
143299,Z99.200x002,肾脏透析状态
143300,Z99.201,血液透析状态
143301,Z99.300,依赖轮椅
143303,Z99.800,依赖其他可启动机器和装置
143304,Z99.900,依赖可启动机器和装置
112120,B58.100+K77.0*,弓形虫肝炎
112122,B58.200x002+G05.2*,弓形虫脑炎
112123,B58.201+G05.2*,脑弓形虫病
112124,B58.300+J17.3*,肺弓形虫病
112125,B58.800,弓形虫病，累及其他器官
112126,B58.800x001+I41.2*,弓形虫心肌炎
112128,B58.801+N16.0*,弓形虫病性肾小球病变
112129,B58.900,弓形虫病
112130,B58.900x001,弓形虫病(弓形体病)
112131,B60.000,巴贝虫病
112132,B60.000x001,梨浆虫病
112134,B60.100x002+H13.1*,棘阿米巴性结膜炎
112135,B60.100x003+H19.2*,棘阿米巴性角膜结膜炎
112137,B60.200,纳归虫病
112138,B60.200x001+G05.2*,原发性阿米巴性脑膜脑炎
112139,B60.200x002+G05.2*,肉芽肿性阿米巴脑炎
112140,B60.201+G05.2*,阿米巴性脑膜脑炎
113519,C79.102,输尿管继发恶性肿瘤
113520,C79.103,尿道继发恶性肿瘤
113521,C79.200,皮肤继发性恶性肿瘤
113522,C79.200x001,腹壁皮肤继发恶性肿瘤
113523,C79.200x002,眼睑继发恶性肿瘤
113524,C79.200x005,臀部皮肤继发恶性肿瘤
113525,C79.200x006,颌部皮肤继发恶性肿瘤
113527,C79.200x008,颏部皮肤继发恶性肿瘤
113528,C79.201,头部皮肤继发恶性肿瘤
113529,C79.202,面部皮肤继发恶性肿瘤
113530,C79.203,颈部皮肤继发恶性肿瘤
113531,C79.204,躯干皮肤继发恶性肿瘤
113532,C79.205,四肢皮肤继发恶性肿瘤
113533,C79.300,脑和脑膜继发性恶性肿瘤
113534,C79.300x002,脑继发恶性肿瘤
113535,C79.300x006,颅窝继发恶性肿瘤
113536,C79.300x011,颅内继发恶性肿瘤
113537,C79.300x012,颅内静脉窦继发恶性肿瘤
113538,C79.300x013,颈静脉孔区继发恶性肿瘤
113539,C79.300x016,脑白质继发恶性肿瘤
113540,C79.300x017,硬脑膜下继发恶性肿瘤
113541,C79.300x018,岛叶继发恶性肿瘤
113542,C79.300x019,侧脑室继发恶性肿瘤
113543,C79.300x020,第三脑室继发恶性肿瘤
113544,C79.300x021,基底节继发恶性肿瘤
113545,C79.300x023,胼胝体继发恶性肿瘤
110518,A18.033+M01.1*,髋关节结核性滑膜炎
110519,A18.034+M01.1*,膝关节结核
110520,A18.035+M01.1*,膝关节结核性滑膜炎
110521,A18.036+M01.1*,踝关节结核
110523,A18.038+M01.1*,趾关节结核
110524,A18.039+M01.1*,关节结核性风湿病
110525,A18.040+M01.1*,关节结核性窦道
110526,A18.041+M68.0*,滑膜结核
110527,A18.042+M68.0*,肌腱结核
110529,A18.044+M01.1*,结核性关节炎
110530,A18.100,泌尿生殖系统的结核
110531,A18.100x018+N51.8*,精囊结核
110532,A18.100x019+N77.1*,外阴结核
110533,A18.100x020+N51.8*,阴囊结核
110535,A18.100x022+N37.8*,结核性尿道瘘
110536,A18.100x024+N74.1*,结核性直肠阴道瘘
110537,A18.100x025+N29.1*,结核性肾盂炎
110538,A18.100x026+N74.1*,结核性输卵管炎
110089,A04.300x001,肠出血性大肠杆菌肠炎
110090,A04.301,新生儿肠出血性大肠杆菌肠炎
110091,A04.400,肠道大肠杆菌感染，其他的
111331,A81.000x006,常染色体显性遗传朊蛋白病
111332,A81.000x007,家族性致死性睡眠症
111333,A81.001+F02.1*,克罗伊茨费尔特-雅各布病性痴呆
111334,A81.100,亚急性硬化性全脑炎
111335,A81.101,亚急性包涵体脑炎
111337,A81.200x001,播散性坏死性脑白质病
111338,A81.800,中枢神经系统其他的非典型病毒感染
111339,A81.800x001,库鲁病(新几内亚震颤病)
111340,A81.801,朊蛋白病
110602,A18.400,皮肤和皮下组织的结核
110603,A18.400x001,播散性粟粒性狼疮
110604,A18.400x006,酒渣样结核疹
110605,A18.400x010,臀部结核
110606,A18.400x013,皮肤结核溃疡
110607,A18.400x014,疣状皮肤结核
110608,A18.400x018,外耳道结核
110609,A18.400x019,中耳结核
110610,A18.400x020,腰部结核性脓肿
110611,A18.400x021,足结核
110612,A18.400x022,肩部结核
110613,A18.401,皮肤结核
110614,A18.402,皮下组织结核
110615,A18.403,皮肤结核性窦道
110616,A18.404,瘰疬性皮肤结核
110617,A18.405,结核性皮肤脓肿
110618,A18.406,腹壁结核
110619,A18.407,皮下组织结核性窦道
110620,A18.408,结核性结节性红斑
110621,A18.409,结核性狼疮
110622,A18.410,寻常性狼疮
110623,A18.411,巴赞病
110624,A18.412,胸壁结核
110625,A18.500,眼结核
110626,A18.500x002,眼眶结核
110628,A18.500x008+H13.1*,结膜结核
110629,A18.500x010+H32.0*,脉络膜结核瘤
110630,A18.500x013+H22.0*,结核性虹膜睫状体炎
110631,A18.501+H32.0*,视网膜结核
110632,A18.502+H32.0*,脉络膜结核
110634,A18.504+H22.0*,葡萄膜结核
110635,A18.506+H19.2*,角膜结核
110636,A18.507+H19.0*,巩膜结核
110637,A18.600,耳结核
110638,A18.601+H67.0*,结核性中耳炎
110640,A18.700x002+E35.1*,结核性艾迪生病
110641,A18.800,器官的结核，其他特指的
110642,A18.800x001,肺外结核
110643,A18.800x006+K93.8*,唇结核
111568,B07.x05,指状疣
111570,B08.000x001,牛痘
111571,B08.000x002,副牛痘
111572,B08.000x003,牛丘疹性口腔炎病毒感染
111573,B08.000x004,羊痘
112141,B60.800,原虫性疾病，其他特指的
112142,B60.800x001,肺蠊缨滴虫感染
112143,B64.x00,原虫性疾病
112144,B65.000,埃及血吸虫引起的血吸虫病(泌尿道血吸虫病)
112145,B65.000x001,埃及血吸虫病
112146,B65.001,膀胱血吸虫病
112147,B65.002+N22.0*,血吸虫病性尿结石
112148,B65.100,曼森裂体吸虫引起的血吸虫病(肠道血吸虫病)
112149,B65.100x001,曼氏血吸虫病
112150,B65.101,慢性结肠血吸虫病
112151,B65.200,日本血吸虫引起的血吸虫病
112152,B65.200x001,日本血吸虫病
112153,B65.202+K77.0*,血吸虫病性肝硬化
112154,B65.300,尾蚴性皮炎
112155,B65.800,血吸虫病，其他的
112156,B65.800x001,湄公血吸虫病
112157,B65.800x002,间插血吸虫病
112158,B65.800x003,异位血吸虫病
112159,B65.900,血吸虫病
113167,C54.900,子宫体恶性肿瘤
113169,C56.x00,卵巢恶性肿瘤
113170,C56.x00x003,双侧卵巢恶性肿瘤
113171,C57.000,输卵管恶性肿瘤
113172,C57.000x002,双侧输卵管恶性肿瘤
113173,C57.100,阔韧带恶性肿瘤
113174,C57.101,卵巢冠恶性肿瘤
113175,C57.200,圆韧带恶性肿瘤
113176,C57.300,子宫旁组织恶性肿瘤
113177,C57.300x001,子宫骶骨韧带恶性肿瘤
113178,C57.301,子宫韧带恶性肿瘤
113179,C57.400,子宫附件恶性肿瘤
113180,C57.700,女性生殖器官，其他特指的恶性肿瘤
113182,C57.702,女性沃尔夫管恶性肿瘤
113183,C57.800,女性生殖器官交搭跨越恶性肿瘤的损害
113184,C57.800x004,子宫颈及阴道恶性肿瘤
113186,C57.801,输卵管卵巢恶性肿瘤
113187,C57.802,子宫卵巢恶性肿瘤
112385,B88.900x003,皮肤寄生虫侵染
112386,B89.x00,寄生虫病
112387,B89.x00x002+G73.4*,寄生虫病并发肌病
112388,B89.x01,颅内寄生虫感染
112390,B90.000,中枢神经系统结核的后遗症
112391,B90.001,陈旧性结核性脑膜炎
112392,B90.002,结核性脑膜炎后遗症
112393,B90.100,泌尿生殖系结核的后遗症
112395,B90.102+N29.1*,肾自截
112396,B90.200,骨和关节结核的后遗症
112397,B90.200x002,陈旧性关节结核
112399,B90.201,陈旧性骨关节结核病
112400,B90.202,陈旧性骨结核病
112401,B90.800,"器官结核的后遗症,其他的"
110092,A04.400x003,新生儿肠粘附性大肠杆菌肠炎
110093,A04.400x004,肠粘附性大肠杆菌肠炎
110094,A04.401,大肠杆菌性肠炎
110095,A04.402,新生儿大肠杆菌肠炎
110096,A04.500,弯曲菌肠炎
110097,A04.600,小肠结肠耶尔森菌性小肠炎
110098,A04.600x001,耶尔森菌肠炎
110099,A04.700,艰难梭状芽孢杆菌性小肠结肠炎
110100,A04.700x002,抗生素相关性肠炎
110102,A04.702,伪膜性结肠炎
110103,A04.800,细菌性肠道感染，其他特指的
110104,A04.800x001,吡邻单胞菌肠炎
110105,A04.800x003,产气杆菌肠炎
110106,A04.800x006,副溶血弧菌肠炎
110107,A04.800x007,金黄色葡萄球菌肠炎
110108,A04.800x010,嗜水气单胞菌肠炎
110109,A04.801,变形杆菌肠炎
110110,A04.802,铜绿假单胞菌肠炎
110111,A04.803,厌氧菌肠炎
110112,A04.900,细菌性肠道感染
110113,A04.901,细菌性结肠炎
110114,A04.902,细菌性腹泻
110115,A05.000,食物媒介的葡萄球菌性食物中毒
110116,A05.000x001,葡萄球菌食物中毒
110117,A05.100,肉毒中毒
110118,A05.200,食物媒介的产气荚膜梭状芽孢杆菌［韦尔希梭状芽孢杆菌］食物中毒
110119,A05.200x002,急性出血性坏死性肠炎
110121,A05.300,食物媒介的副溶血性弧菌食物中毒
110122,A05.300x001,副溶血性弧菌食物中毒
110124,A05.400x001,蜡样芽胞杆菌食物中毒
111015,A49.800,细菌性感染，其他的
111016,A49.800x003,弗里德兰德杆菌感染
111017,A49.800x014,产碱杆菌感染
111018,A49.800x015,迟钝爱德华杆菌感染
111020,A49.800x020,人苍白杆菌菌血症
111021,A49.800x023,革兰阳性杆菌感染
111022,A49.801,大肠杆菌感染
111023,A49.802,肺炎杆菌感染
111024,A49.803,不动杆菌感染性菌血症
111026,A49.805,克雷伯杆菌感染
111027,A49.806,肠杆菌感染性菌血症
111028,A49.807,沙雷菌感染
111029,A49.808,雷极普鲁菲登菌感染
111031,A49.810,阴沟肠杆菌感染
111032,A49.811,嗜麦芽窄食单胞菌感染性菌血症
111033,A49.812,鲍曼不动杆菌感染
111034,A49.813,克雷伯杆菌感染性菌血症
111036,A49.815,肺炎克雷伯杆菌感染
111037,A49.817,气球菌感染
111038,A49.900,细菌性感染
111039,A49.901,菌血症
111575,B08.200,猝发疹(第六病)
111576,B08.200x002,幼儿急疹
111577,B08.300,传染性红斑(第五病)
111578,B08.400,肠病毒性水疱性口炎伴有疹病
111579,B08.400x003,EV71感染
111580,B08.401,手足口病
111581,B08.500,肠病毒性水疱性咽炎
111582,B08.501,疱疹性咽峡炎
111583,B08.800,以皮肤和黏膜损害为特征的病毒性感染，其他特指的
111584,B08.800x004,流行性粟疹热
111585,B08.800x006,传染性水疱病
111587,B08.801,口蹄疫
111588,B08.802,肠病毒性淋巴结咽炎
111589,B09.x00,以皮肤和黏膜损害为特征的病毒性感染
111590,B09.x00x002,黏膜病毒性感染
111591,B09.x01,病毒疹
111098,A52.000x007+I39.1*,梅毒性主动脉瓣狭窄关闭不全
111099,A52.000x011+I39.0*,梅毒性二尖瓣狭窄
111100,A52.001+I68.1*,梅毒性大脑动脉炎
111101,A52.002+I79.1*,梅毒性主动脉炎
111102,A52.003+I79.0*,梅毒性主动脉动脉瘤
111103,A52.004+I39.1*,梅毒性主动脉瓣关闭不全
111104,A52.005+I52.0*,梅毒性心脏病
111105,A52.006+I39.8*,梅毒性心内膜炎
111106,A52.007+I41.0*,梅毒性心肌炎
111107,A52.008+I32.0*,梅毒性心包炎
111108,A52.009+I39.3*,梅毒性肺动脉反流
111109,A52.100,有症状性神经梅毒
111110,A52.100x005+G22*,梅毒性帕金森病
111111,A52.100x006+G59.8*,梅毒性神经炎
111112,A52.100x007+G05.0*,梅毒性脑炎
111114,A52.100x009+G01*,梅毒性脑膜炎
111115,A52.100x010+G05.0*,梅毒性脑膜脑炎
111116,A52.100x011,梅毒性痉挛性截瘫
111117,A52.100x012+H48.1*,梅毒相关性视神经炎
111118,A52.101,脊髓痨
111120,A52.103+M14.6*,夏科关节病
111121,A52.104+F02.8*,麻痹性痴呆
111122,A52.105+G01*,三期梅毒性脑膜炎
111123,A52.106+H48.0*,视神经梅毒
111125,A52.300,神经梅毒
111126,A52.700,晚期梅毒，其他有症状性的
111127,A52.700x001,梅毒瘤
111128,A52.700x003+J99.8*,鼻梅毒
111130,A52.700x007+K77.0*,梅毒性肝病
111131,A52.700x008+M68.0*,梅毒性滑膜炎
111132,A52.700x009+M68.0*,梅毒性腱鞘炎
111133,A52.700x010+M63.0*,梅毒性肌炎
112402,B90.800x004,陈旧性肠结核
112403,B90.800x005,陈旧性支气管淋巴结核
112404,B90.800x006,陈旧性心包结核
112405,B90.801,陈旧性颈淋巴结核
112406,B90.802,陈旧性肠系膜淋巴结核
112407,B90.803,陈旧性腹腔结核
112408,B90.804,结核性皮肤瘢痕
112409,B90.900,呼吸道结核和结核的后遗症
112410,B90.901,陈旧性支气管结核
112411,B90.902,陈旧性肺结核
112412,B90.903,陈旧性胸膜结核
112413,B90.904,陈旧性纵隔结核
112414,B91.x00,脊髓灰质炎的后遗症
112415,B92.x00,麻风的后遗症
112416,B94.000,沙眼的后遗症
112417,B94.100,病毒性脑炎的后遗症
112418,B94.101,流行性乙型脑炎后遗症
112420,B94.201,肝炎后综合征
112421,B94.800,传染病和寄生虫病的后遗症，其他特指的
112422,B94.800x001,破伤风后遗症
112423,B94.800x003,流行性脑脊髓膜炎后遗症
112424,B94.801,带状疱疹后遗症
112425,B94.802,天花后遗症
113428,C77.106,食管淋巴结继发恶性肿瘤
113429,C77.107,膈淋巴结继发恶性肿瘤
113430,C77.200,腹腔内淋巴结继发性的恶性肿瘤
113431,C77.200x001,贲门淋巴结继发恶性肿瘤
113432,C77.201,胃淋巴结继发恶性肿瘤
113433,C77.202,脾淋巴结继发恶性肿瘤
113434,C77.203,肝淋巴结继发恶性肿瘤
113435,C77.204,胰淋巴结继发恶性肿瘤
113436,C77.205,腹膜后淋巴结继发恶性肿瘤
113438,C77.207,肠系膜淋巴结继发恶性肿瘤
113439,C77.208,肠周淋巴结继发恶性肿瘤
113440,C77.300,腋下和上肢淋巴结继发性的恶性肿瘤
113442,C77.300x003,肱骨内上髁淋巴结继发恶性肿瘤
113443,C77.301,腋下淋巴结继发恶性肿瘤
113444,C77.302,锁骨下淋巴结继发恶性肿瘤
113445,C77.303,胸壁淋巴结继发恶性肿瘤
113447,C77.400x001,腹股沟淋巴结继发恶性肿瘤
113188,C57.803,阴道外阴恶性肿瘤
113189,C57.900,女性生殖器官恶性肿瘤
113190,C58.x00,胎盘恶性肿瘤
113191,C58.x00x002,绒毛膜癌
113192,C58.x00x003,绒毛膜上皮癌
113194,C60.100,阴茎头恶性肿瘤
113195,C60.200,阴茎体恶性肿瘤
113196,C60.201,海绵体恶性肿瘤
113197,C60.800,阴茎交搭跨越恶性肿瘤的损害
113199,C60.901,阴茎皮肤恶性肿瘤
113200,C61.x00,前列腺恶性肿瘤
110305,A15.607,结核性渗出性胸膜炎，病理（+）
110306,A15.608,胸膜结核瘤，细菌学（+）
110307,A15.609,胸膜结核瘤，病理（+）
110308,A15.700,原发性呼吸道结核，经细菌学和组织学所证实
110309,A15.701,原发性呼吸道结核，病理（+）
110310,A15.702,肺原发性结核性复征，细菌学（+）
110311,A15.703,肺原发性结核性复征，病理（+）
110312,A15.800,呼吸道结核，经细菌学和组织学所证实，其他的
110313,A15.800x001,鼻咽结核性肉芽肿（组织学证实）
110314,A15.801,结核性鼻窦炎，细菌学（+）
110315,A15.802,结核性鼻窦炎，病理（+）
110316,A15.803,鼻中隔结核，细菌学（+）
110317,A15.804,鼻中隔结核，病理（+）
110318,A15.805,鼻咽结核，细菌学（+）
110319,A15.806,鼻咽结核，病理（+）
110320,A15.807,鼻结核，细菌学（+）
110321,A15.808,鼻结核，病理（+）
110322,A15.809,扁桃体结核，细菌学（+）
110323,A15.810,扁桃体结核，病理（+）
110324,A15.811,咽部结核，细菌学（+）
110325,A15.812,咽部结核，病理（+）
110326,A15.813,纵隔结核，细菌学（+）
110327,A15.814,纵隔结核，病理（+）
110329,A15.901,呼吸道结核，病理（+）
110331,A16.000x001,肺结核（细菌学和组织学检查为阴性）
110332,A16.000x002,支气管结核（细菌学和组织学证实均阴性）
110333,A16.001,肺结核瘤，痰镜检（-）
110335,A16.003,结核性肺纤维变性，痰镜检（-）
110336,A16.004,结核性气胸，痰镜检（-）
110337,A16.005,结核性支气管扩张，痰镜检（-）
110338,A16.006,肺干酪性结核，痰镜检（-）
110340,A16.008,浸润型肺结核，痰镜检（-）
111257,A67.000,品他病初期损害
111258,A67.100,品他病中期损害
111259,A67.200,品他病晚期损害
111260,A67.300,品他病的混合性损害
111262,A68.000,虱媒介的回归热
111263,A68.100,蜱媒介的回归热
111264,A68.900,回归热
111265,A69.000,坏死性溃疡性口炎
111267,A69.100,樊尚螺旋体感染，其他的
111268,A69.100x001,奋森咽峡炎
111269,A69.100x002,梭菌螺旋体性咽炎
111271,A69.200,莱姆病
111272,A69.200x002+G63.0*,莱姆病性神经病
111273,A69.800,螺旋体感染，其他特指的
111134,A52.700x012+N08.0*,梅毒性肾炎
112037,B48.800x001,不育大孢子菌病
112038,B49.x00,真菌病
112039,B49.x00x002,真菌性结肠炎
112040,B49.x00x007,真菌感染
112041,B49.x00x011,呼吸道真菌感染
112042,B49.x00x013,脑真菌感染
112043,B49.x00x021,肝脏真菌感染
112044,B49.x01+G02.1*,真菌性脑膜炎
112045,B49.x02+E35.8*,垂体真菌感染
112046,B49.x03+H19.2*,真菌性角膜炎
112047,B49.x04+H19.2*,真菌性角膜溃疡
112048,B49.x05,真菌性鼻窦炎
112049,B49.x06,真菌性额窦炎
112050,B49.x07,真菌性筛窦炎
112051,B49.x08,真菌性蝶窦炎
112052,B49.x09,真菌性上颌窦炎
112053,B49.x10,鼻真菌病
112054,B49.x11,外耳道真菌病
112055,B49.x12,真菌性食管炎
112056,B49.x13,支气管真菌感染
112057,B49.x14+J99.8*,肺真菌感染
112058,B49.x15,真菌性心包炎
112060,B49.x17,真菌性腹膜炎
112061,B49.x18,真菌性泌尿道感染
111341,A81.900,中枢神经系统的非典型病毒感染
111342,A82.000,森林狂犬病
111343,A82.100,城市狂犬病
111344,A82.900,狂犬病
111345,A83.000,日本脑炎
111346,A83.000x001,流行性乙型脑炎
111347,A83.000x002,流行性乙型脑炎轻型
111348,A83.000x003,流行性乙型脑炎普通型
111349,A83.000x004,流行性乙型脑炎重型
111350,A83.000x005,流行性乙型脑炎极重型
111351,A83.100,西方马脑炎
111353,A83.300,圣路易斯脑炎
111354,A83.400,澳大利亚脑炎
111355,A83.500,加利福尼亚脑炎
111356,A83.600,罗西欧病毒病
111359,A84.000,远东蜱媒介的脑炎(俄罗斯春-夏型脑炎)
111360,A84.000x001,森林脑炎
111361,A84.100,中部欧洲蜱媒介的脑炎
111363,A84.800x001,羊跳跃脑炎
111364,A84.900,蜱媒介的病毒性脑炎
111365,A85.000+G05.1*,肠病毒性脑炎
111366,A85.000x002+G05.1*,柯萨奇病毒性脑炎
111368,A85.001+G05.1*,肠病毒性脑脊髓炎
111369,A85.100+G05.1*,腺病毒性脑炎
111370,A85.101+G05.1*,腺病毒性脑脊髓炎
111371,A85.200,节肢动物媒介的病毒性脑炎
111372,A85.200x001,虫媒病毒性脑炎
111374,A86.x00,病毒性脑炎
113201,C62.000,睾丸未降部的恶性肿瘤
113202,C62.001,异位睾丸恶性肿瘤
113203,C62.100,睾丸下降部的恶性肿瘤
113204,C62.900,睾丸恶性肿瘤
113205,C62.901,男性绒毛膜癌
113206,C63.000,附睾恶性肿瘤
113207,C63.100,精索恶性肿瘤
113208,C63.200,阴囊恶性肿瘤
113209,C63.201,阴囊皮肤恶性肿瘤
113210,C63.700,男性生殖器官，其他特指的恶性肿瘤
113211,C63.701,精囊恶性肿瘤
113212,C63.702,鞘膜恶性肿瘤
113213,C63.800,男性生殖器官交搭跨越恶性肿瘤的损害
113214,C63.801,阴茎阴囊恶性肿瘤
113215,C63.900,男性生殖器官恶性肿瘤
113216,C64.x00,肾（除外肾盂）恶性肿瘤
113217,C64.x00x001,肾恶性肿瘤
113218,C64.x00x003,双侧肾恶性肿瘤
113219,C64.x00x004,肾多处恶性肿瘤
113220,C65.x00,肾盂恶性肿瘤
113221,C65.x01,肾盂输尿管连接处恶性肿瘤
113222,C65.x02,肾盏恶性肿瘤
113223,C66.x00,输尿管恶性肿瘤
113224,C66.x00x002,双侧输尿管恶性肿瘤
113225,C66.x00x003,输尿管多处恶性肿瘤
113226,C67.000,膀胱三角区恶性肿瘤
113227,C67.100,膀胱顶恶性肿瘤
113228,C67.200,膀胱侧壁恶性肿瘤
113229,C67.300,膀胱前壁恶性肿瘤
113230,C67.400,膀胱后壁恶性肿瘤
110240,A15.204,结核性肺炎，病理（+）
110241,A15.205,结核性气胸，病理（+）
110242,A15.206,结核性支气管扩张，病理（+）
110244,A15.300,肺结核，经证实的
110245,A15.300x001,肺结核（分子诊断证实）
110246,A15.301,肺结核瘤经证实（+）
110247,A15.302,肺干酪性结核经证实（+）
110249,A15.304,结核性肺炎经证实（+）
110250,A15.305,结核性气胸经证实（+）
110251,A15.306,结核性支气管扩张经证实（+）
110254,A15.400x001,肺门淋巴结结核（细菌学和组织学证实）
110255,A15.401,肺门淋巴结结核，病理（+）
110256,A15.402,气管支气管淋巴结结核，细菌学（+）
113448,C77.401,下肢淋巴结继发恶性肿瘤
113449,C77.500,盆腔内淋巴结继发性的恶性肿瘤
113451,C77.501,髂淋巴结继发恶性肿瘤
113452,C77.502,骶骨淋巴结继发恶性肿瘤
113453,C77.503,耻骨联合前淋巴结继发恶性肿瘤
113454,C77.800,多个部位淋巴结继发性的恶性肿瘤
111274,A69.900,螺旋体感染
111275,A69.900x002+M01.8*,螺旋体感染性关节炎
111276,A70.x00,鹦鹉热衣原体感染
111277,A71.000,初期沙眼
111278,A71.100,活动期沙眼
110539,A18.100x030+N77.0*,结核性外阴溃疡
110540,A18.100x031,男性盆腔结核
110541,A18.100x032,结核性盆腔炎
110542,A18.101,泌尿系统结核
110543,A18.102,生殖系统结核
110544,A18.103+N29.1*,肾结核
110545,A18.104+N29.1*,结核性肾脓肿
110547,A18.106+N29.1*,输尿管结核
110548,A18.107+N29.1*,结核性输尿管狭窄
110549,A18.108+N33.0*,膀胱结核
110550,A18.109+N51.0*,前列腺结核
110551,A18.110+N51.8*,输精管结核
110552,A18.111+N74.1*,子宫内膜结核
110553,A18.112+N74.0*,子宫颈结核
110554,A18.113+N74.1*,输卵管结核
110555,A18.114+N74.1*,卵巢结核
110556,A18.115+N74.1*,女性盆腔结核
110557,A18.116+N51.8*,结核性阴囊瘘
110558,A18.117+N51.1*,睾丸结核
110559,A18.118+N51.1*,附睾结核
110560,A18.119+N51.8*,阴茎结核
110561,A18.200,结核性周围淋巴结病
110562,A18.200x002,颌下淋巴结结核
110563,A18.200x005,颏下淋巴结结核
110564,A18.200x006,淋巴结结核
110565,A18.200x010,周围淋巴结结核
110566,A18.201,头颈部结核性淋巴结炎
110567,A18.202,颊淋巴结结核
110568,A18.203,腮腺淋巴结结核
110569,A18.205,颈淋巴结结核
110570,A18.206,锁骨上淋巴结结核
110572,A18.208,食管旁淋巴结结核
110573,A18.209,闭孔淋巴结结核
110574,A18.210,腹股沟淋巴结结核
110575,A18.211,结核性淋巴管炎
110577,A18.300,肠、腹膜和肠系膜淋巴结的结核
110578,A18.300x006+K67.3*,髂窝结核
111503,B02.202+G53.0*,带状疱疹性神经痛
111505,B02.204+G53.1*,带状疱疹性多脑神经麻痹
111506,B02.206+G53.0*,带状疱疹性肋间神经痛
111507,B02.207+G53.0*,疱疹后三叉神经痛
111508,B02.300,带状疱疹眼病
111509,B02.301+H58.8*,带状疱疹性眼炎
111511,B02.303+H03.1*,眼睑带状疱疹
111512,B02.304+H13.1*,带状疱疹性结膜炎
111513,B02.305+H22.0*,带状疱疹性虹膜睫状体炎
111375,A86.x01,病毒性脑脊髓炎
111376,A86.x02,病毒性脑膜脑炎
111377,A87.000+G02.0*,肠病毒性脑膜炎
111378,A87.000x001+G02.0*,肠道病毒性脑膜炎
111379,A87.000x002+G02.0*,柯萨奇病毒性脑膜炎
111380,A87.000x003+G02.0*,埃可病毒性脑膜炎
112293,B77.000,蛔虫病伴有肠道并发症
112294,B77.000x001+K93.8*,肠蛔虫病
112295,B77.001+K93.8*,蛔虫性肠穿孔
112296,B77.800,蛔虫病伴有其他并发症
112297,B77.800x002,肝管蛔虫病
112298,B77.800x004,蛔虫病伴胆道并发症
112299,B77.800x005,蛔虫病伴肝管并发症
112300,B77.801+J17.3*,急性蛔蚴性肺炎
112301,B77.803,胆道蛔虫病
112302,B77.900,蛔虫病
112303,B78.000,肠道类圆线虫病
112304,B78.100,皮肤类圆线虫病
112305,B78.100x001+L99.8*,皮肤粪圆线虫病
112306,B78.700,播散性类圆线虫病
112307,B78.900,类圆线虫病
112308,B78.901,粪类圆线虫感染
112309,B78.902+N08.0*,类圆线虫病性肾小球病变
112311,B80.x00,蛲虫病
112312,B81.000,异尖线虫病
112313,B81.100,肠道毛细线虫病
112314,B81.200,毛圆线虫病
112315,B81.300,肠道血管圆线虫病
112316,B81.400,混合型肠道蠕虫病
111592,B15.000,甲型肝炎，伴有肝昏迷
111593,B15.001,急性甲型病毒性肝炎伴肝昏迷
111594,B15.002,急性重型甲型病毒性肝炎伴肝昏迷
111595,B15.003,亚急性重型甲型病毒性肝炎伴肝昏迷
111596,B15.900,甲型肝炎，不伴有肝昏迷
111598,B15.902,急性黄疸型甲型病毒性肝炎
111599,B15.903,急性淤胆型甲型病毒性肝炎
111600,B15.905,急性无黄疸型甲型病毒性肝炎
111602,B16.000x001,病毒性肝炎乙型丁型亚急性重型
111603,B16.001,急性乙型丁型病毒性肝炎伴肝昏迷
111604,B16.100,急性乙型肝炎，伴有δ因子（共同感染），但不伴有肝昏迷
111605,B16.100x002,病毒性肝炎乙型丁型急性黄疸型
111607,B16.100x004,病毒性肝炎乙型丁型淤胆型
111608,B16.101,急性乙型丁型病毒性肝炎，不伴有肝昏迷
111609,B16.200,急性乙型肝炎，不伴有δ因子（共同感染），但伴有肝昏迷
111610,B16.201,急性乙型病毒性肝炎伴肝昏迷
111612,B16.203,急性重型乙型病毒性肝炎伴肝昏迷
111613,B16.204,急性无黄疸型乙型肝炎伴肝昏迷
113456,C77.900x001,淋巴结继发恶性肿瘤
113457,C78.000,肺部继发性恶性肿瘤
113458,C78.000x003,支气管软骨继发恶性肿瘤
113459,C78.001,支气管继发恶性肿瘤
113460,C78.002,主支气管继发恶性肿瘤
113461,C78.003,气管支气管继发恶性肿瘤
113462,C78.100,纵隔继发性恶性肿瘤
113463,C78.200,胸膜继发性恶性肿瘤
113464,C78.201,恶性胸腔积液
113465,C78.300,呼吸器官继发性恶性肿瘤，其他的
113466,C78.300x004,咽鼓管继发恶性肿瘤
113467,C78.300x005,上颌窦继发恶性肿瘤
113468,C78.300x006,声带继发恶性肿瘤
113469,C78.300x008,乳突继发恶性肿瘤
113470,C78.300x010,会厌继发恶性肿瘤
113471,C78.301,鼻窦继发恶性肿瘤
113472,C78.302,鼻腔继发恶性肿瘤
113473,C78.303,中耳继发恶性肿瘤
113474,C78.304,气管继发恶性肿瘤
113475,C78.305,喉继发恶性肿瘤
113476,C78.306,呼吸器官继发恶性肿瘤
113477,C78.400,小肠继发性恶性肿瘤
113478,C78.401,十二指肠继发恶性肿瘤
113479,C78.402,空肠继发恶性肿瘤
113480,C78.403,回肠继发恶性肿瘤
113481,C78.500,大肠和直肠继发性恶性肿瘤
113482,C78.500x004,乙状结肠继发恶性肿瘤
113483,C78.500x006,直肠乙状结肠连接部继发恶性肿瘤
113485,C78.501,直肠继发恶性肿瘤
110457,A17.806+G07*,脊髓结核
110459,A17.900+G99.8*,神经系统结核
110461,A18.000,骨和关节的结核
110462,A18.000x002+M90.0*,腭骨结核
110463,A18.000x003+M90.0*,颌骨结核
110464,A18.000x004+H75.0*,乳突结核
110465,A18.000x006+M90.0*,颧骨结核
110466,A18.000x015+M01.1*,结核性风湿病(篷塞病)
110468,A18.000x019+M01.1*,关节寒性脓肿(关节结核脓肿)
110469,A18.000x034+M90.0*,肢体骨结核
110470,A18.000x035+M90.0*,骨结核病
110471,A18.000x042+M90.0*,第三楔骨结核
110473,A18.000x047+M49.0*,结核性脊柱前凸
110474,A18.000x048+M49.0*,结核性脊柱侧弯
110475,A18.000x049+M49.0*,脊柱骨脓肿(结核性脊柱骨脓肿)
110476,A18.000x053+M01.1*,胸锁关节结核
110258,A15.404,胸内淋巴结结核，细菌学（+）
110259,A15.405,胸内淋巴结结核，病理（+）
111514,B02.306+H22.0*,带状疱疹性虹膜炎
111515,B02.307+H19.2*,带状疱疹性角膜结膜炎
111516,B02.308+H19.0*,带状疱疹性巩膜炎
111518,B02.800,带状疱疹伴有其他并发症
111519,B02.800x001,内脏带状疱疹
111520,B02.801+H62.1*,外耳带状疱疹
111521,B02.900,带状疱疹不伴有并发症
111522,B02.900x001,带状疱疹
111523,B02.900x002,不全性带状疱疹
111524,B02.900x003,顿挫性带状疱疹
111040,A49.902,革兰阴性杆菌感染
111041,A50.000,有症状的早期先天性梅毒
111042,A50.000x001+H32.0*,早期先天性梅毒性脉络膜视网膜炎
111043,A50.000x002+K77.0*,早期先天性梅毒性肝炎
111044,A50.001+H58.8*,早期先天性梅毒性眼病
111045,A50.100,潜伏性早期先天性梅毒
111046,A50.200,早期先天性梅毒
111047,A50.300+H58.8*,晚期先天性梅毒性眼病
111048,A50.300x002+H19.2*,晚期先天性梅毒性间质性角膜炎
111049,A50.300x003+H32.0*,晚期先天性梅毒性脉络膜视网膜炎
111050,A50.301+H19.2*,梅毒性角膜炎
111051,A50.400,晚期先天性神经梅毒(青少年神经梅毒)
111052,A50.400x001,晚期先天性神经梅毒(幼年型神经梅毒)
111054,A50.400x003+G05.0*,晚期先天性梅毒性脑炎
111055,A50.400x004+G63.0*,晚期先天性梅毒性多神经病
111056,A50.401,幼年型麻痹性痴呆
111057,A50.402+G01*,先天性梅毒性脑膜炎
111058,A50.500,有症状的其他晚期先天性梅毒
111060,A50.600,潜伏性晚期先天性梅毒
111061,A50.700,晚期先天性梅毒
111062,A50.900,先天性梅毒
111063,A51.000,初期生殖器梅毒
111065,A51.001,阴茎下疳
111066,A51.002,一期梅毒
111067,A51.100,初期肛门梅毒
111068,A51.100x001,肛门梅毒
111069,A51.200,初期梅毒，其他部位的
111070,A51.201,唇下疳
111072,A51.300x002,二期早发梅毒疹
111073,A51.300x003,二期晚发梅毒疹
111074,A51.300x004,二期复发梅毒疹
111075,A51.300x005,二期梅毒湿疣
111970,B44.102+J17.2*,曲霉菌性肺炎
111971,B44.200,扁桃体曲霉病
111973,B44.700,播散性曲霉病
111974,B44.800,曲霉病，其他形式的
111975,B44.800x001,上颌窦曲霉菌病
111614,B16.900,急性乙型肝炎，不伴有δ因子（共同感染），也不伴有肝昏迷
111615,B16.901,急性黄疸型乙型病毒性肝炎
111616,B16.902,急性淤胆型乙型病毒性肝炎
111617,B16.903,输血后乙型病毒性肝炎
111618,B16.904,急性乙型病毒性肝炎
111619,B16.905,急性无黄疸型乙型病毒性肝炎
111620,B17.000,慢性乙型肝炎的急性δ因子（超级）感染
111621,B17.100,急性丙型肝炎
111622,B17.100x003,病毒性肝炎丙型急性无黄疸型
111623,B17.100x006,病毒性肝炎丙型急性淤疸型
112540,C07.x00,腮腺恶性肿瘤
112541,C07.x00x003,副腮腺恶性肿瘤
112542,C08.000,下颌下腺恶性肿瘤
112543,C08.100,舌下腺恶性肿瘤
112544,C08.800,大涎腺交搭跨越恶性肿瘤的损害
112545,C08.800x001,舌下腺及下颌下腺恶性肿瘤
112546,C08.900,大涎腺恶性肿瘤
112547,C08.900x001,唾液腺恶性肿瘤
112548,C09.000,扁桃体窝恶性肿瘤
112549,C09.100,扁桃体柱恶性肿瘤（前）（后）
112551,C09.100x002,前扁桃体柱恶性肿瘤
112552,C09.100x003,后扁桃体柱恶性肿瘤
112553,C09.800,扁桃体交搭跨越恶性肿瘤的损害
112554,C09.900,扁桃体恶性肿瘤
112555,C09.901,咽门扁桃体恶性肿瘤
112556,C09.902,腭扁桃体恶性肿瘤
112557,C10.000,会厌谷恶性肿瘤
112558,C10.100,会厌前面恶性肿瘤
112559,C10.101,会厌边缘恶性肿瘤
112561,C10.200,口咽侧壁恶性肿瘤
112562,C10.300,口咽后壁恶性肿瘤
123558,J21.900x002,急性毛细支气管炎
129130,M93.200,剥脱性骨软骨炎
129134,M93.201,肩关节分离性骨软骨病
129139,M93.800x003,耻骨骨软骨炎
129146,M94.000,肋骨与肋软骨连接处综合征(蒂策)
129154,M94.802,老年性软骨骨化
124045,J69.800x001,吸入血引起的肺炎
124050,J70.200,急性药物性间质性肺疾患
124054,J70.800,外部物质引起的呼吸性情况，其他特指的
124061,J82.x00x001,肺嗜酸性粒细胞增多症
123600,J32.301,慢性化脓性蝶窦炎
123605,J32.800x001,额窦上颌窦炎
123610,J32.800x007,额窦上颌窦蝶窦炎
124684,K11.100x002,下颌下腺良性增生
124691,K11.200x012,慢性唾液腺炎
110260,A15.406,纵隔淋巴结结核，细菌学（+）
110261,A15.407,纵隔淋巴结结核，病理（+）
110262,A15.408,支气管淋巴结结核，细菌学（+）
110263,A15.409,支气管淋巴结结核，病理（+）
110264,A15.500,喉、气管和支气管结核，经细菌学和组织学所证实
110265,A15.500x001,喉结核（细菌学和组织学证实）
110266,A15.500x002,气管结核（细菌学和组织学证实）
110267,A15.500x003,支气管结核（细菌学和组织学证实）
110268,A15.500x004,声带结核（细菌学和组织学证实）
110269,A15.500x010,"支气管结核（初治,单耐药）涂阳培阳"
110270,A15.500x011,"支气管结核（初治,单耐药）涂阴培阳"
110271,A15.500x012,"支气管结核（初治,多耐药）涂阳培阳"
110272,A15.500x013,"支气管结核（初治,多耐药）涂阴培阳"
110273,A15.500x014,"支气管结核（初治,广泛耐药）涂阳培阳"
110274,A15.500x015,"支气管结核（初治,广泛耐药）涂阴培阳"
110275,A15.500x016,"支气管结核（初治,耐多药）涂阳培阳"
110276,A15.500x017,"支气管结核（初治,耐多药）涂阴培阳"
110277,A15.500x018,"支气管结核（初治,药物敏感）涂阳培阳"
110278,A15.500x019,"支气管结核（初治,药物敏感）涂阴培阳"
110279,A15.500x020,"支气管结核（复治,单耐药）涂阳培阳"
110281,A15.500x022,"支气管结核（复治,多耐药）涂阳培阳"
110282,A15.500x023,"支气管结核（复治,多耐药）涂阴培阳"
110283,A15.500x024,"支气管结核（复治,广泛耐药）涂阳培阳"
110285,A15.500x026,"支气管结核（复治,耐多药）涂阳培阳"
110286,A15.500x027,"支气管结核（复治,耐多药）涂阴培阳"
110287,A15.500x028,"支气管结核（复治,药物敏感）涂阳培阳"
111195,A54.900x001,淋病
111196,A54.900x002,慢性淋球菌感染
111198,A56.000,下泌尿生殖道的衣原体感染
111200,A56.001,衣原体性膀胱炎
111201,A56.002,衣原体性宫颈炎
111202,A56.003,衣原体性阴道炎
111203,A56.004,衣原体性外阴阴道炎
111205,A56.100x003+N74.4*,衣原体性输卵管炎
111206,A56.100x004+N74.4*,衣原体性子宫内膜炎
111207,A56.101+N74.4*,衣原体性女性盆腔炎性疾病
111208,A56.102+N51.1*,衣原体性睾丸炎
111210,A56.104+N74.4*,衣原体盆腔腹膜感染
111211,A56.200,泌尿生殖道的衣原体感染
111976,B44.800x002,皮肤曲霉菌病
111977,B44.800x003,眼曲霉菌病
111978,B44.800x004+H62.2*,外耳道曲霉菌病
111979,B44.800x005,脑曲霉菌病
111980,B44.800x006,中耳曲霉菌病
111981,B44.800x007,喉曲霉菌病
111982,B44.801,声带曲霉病
111983,B44.802,耳曲霉病
111984,B44.803,肝曲霉病
111985,B44.804,鼻窦曲霉菌病
111986,B44.900,曲霉病
111987,B44.900x001,曲霉菌病
111988,B45.000,肺隐球菌病
111989,B45.000x002+J99.8*,新型隐球菌肺炎
111990,B45.100,大脑隐球菌病
111991,B45.100x002+G02.1*,新型隐球菌脑膜炎
111992,B45.101+G02.1*,隐球菌性脑膜炎
111993,B45.102+G05.2*,隐球菌性脑炎
111279,A71.100x002,沙眼性血管翳
111280,A71.100x003,沙眼性结膜炎
111281,A71.101,沙眼性角膜炎
111282,A71.900,沙眼
111283,A74.000+H13.1*,衣原体结膜炎
111284,A74.800,衣原体疾病，其他的
111285,A74.801+K67.0*,衣原体腹膜炎
111286,A74.900,衣原体感染
111287,A75.000,普氏立克次体引起的流行性虱媒介的斑疹伤寒
111288,A75.000x002,轻型斑疹伤寒
111289,A75.000x003,典型斑疹伤寒
111290,A75.000x004,重型斑疹伤寒
111291,A75.001,流行性斑疹伤寒
111292,A75.100,再燃性斑疹伤寒(布里尔病)
111294,A75.200x001,地方性斑疹伤寒
111295,A75.300,恙虫病立克次体引起的斑疹伤寒
111296,A75.300x001,恙虫病
111297,A75.900,斑疹伤寒
111298,A77.000,立氏立克次体性斑疹热
111301,A77.100x001,南欧斑疹热(纽扣热)
111302,A77.200,西伯利亚立克次体性斑疹热
111303,A77.200x001,北亚蜱传斑点热
111304,A77.300,澳洲立克次体性斑疹热
111306,A77.800,"斑疹热,其他的"
111307,A77.900,斑疹热
111308,A77.900x001,蜱传斑点热
111309,A78.x00,Q热
111310,A79.000,战壕热
111311,A79.100,螨立克次体性立克次体痘
111313,A79.800x002,人粒细胞无形体病
111314,A79.801,附红细胞体病
111315,A79.900,立克次体病
111316,A79.900x003+G05.2*,立克次体脑炎
111317,A79.901,立克次体感染
111319,A80.100,急性麻痹性脊髓灰质炎，（外地）移入性野病毒
124858,K13.403,口腔黏膜疣状黄瘤
124863,K13.601,口腔黏膜增生
124868,K13.700x003,腭黏膜炎症
124873,K13.700x010,口腔内血管增生
124880,K13.700x023,软腭麻痹
120958,H49.900,麻痹性斜视
120962,H50.000x004,内斜视
128898,M86.100,急性骨髓炎，其他的
128902,M86.500,慢性血源性骨髓炎，其他的
128908,M86.604,大腿慢性化脓性骨髓炎
128913,M86.609,慢性化脓性骨髓炎
123881,J44.805,慢性细支气管炎
123885,J44.900x002,慢性阻塞性肺疾病I级
123890,J45.000x001,药物性支气管哮喘
123897,J45.007,外源性支气管哮喘
123902,J45.900,哮喘
123905,J45.900x011,支气管哮喘（完全控制）
120908,H47.000,视神经疾患，不可归类在他处者
120916,H47.100,视神经盘水肿
120921,H47.203,家族遗传性视神经萎缩
120926,H47.303,假性视盘水肿
120931,H47.500x002,视放射病变
129949,N50.825,阴囊窦道
129954,N50.900x006,神经源性射精功能障碍
129186,M95.403,后天性漏斗胸
129193,M95.410,后天性肋骨畸形
124143,J93.100,自发性气胸，其他的
124150,J94.100,纤维胸
124155,J94.800x003,特发性胸腔积液
124162,J94.806,胸膜钙化
124167,J95.000,气管造口术功能不全
129887,N48.900,阴茎疾患
129892,N49.100,精索、鞘膜和输精管炎性疾患
129902,N49.205,阴囊炎
129905,N50.000,睾丸萎缩
129910,N50.103,阴囊血肿
129914,N50.800x012,外生殖器发育异常
129226,M96.900,肌肉骨骼疾患，操作后的
129231,M99.100x003,胸腰椎骨不全脱位
129236,M99.200x001,枕颈椎管不全脱位性狭窄
130237,N83.812,子宫韧带囊肿
111212,A56.300,肛门和直肠的衣原体感染
110477,A18.000x057+M49.0*,骶骨结核
110478,A18.000x058+M68.0*,腱鞘结核
110479,A18.000x060+M90.0*,胸骨结核
110480,A18.000x062+M68.0*,结核性腱鞘炎
110481,A18.000x063+M90.0*,结核性骨炎
110482,A18.000x064+M90.0*,结核性骨髓炎
110483,A18.000x065+M90.0*,结核性骨坏死
110484,A18.000x066+M49.0*,颈椎结核性截瘫
110485,A18.000x067+M90.0*,骨髓结核
110486,A18.001+M90.0*,骨结核
110487,A18.002+M01.1*,关节结核
110488,A18.003+M90.0*,鼻骨结核
110489,A18.004+M90.0*,下颌结核
110490,A18.005+M49.0*,颈椎结核
110491,A18.006+M49.0*,胸椎结核
110492,A18.007+M49.0*,腰椎结核
110493,A18.008+M90.0*,腰椎结核性窦道
110494,A18.009+M49.0*,脊柱结核
110495,A18.010+M49.0*,脊柱结核性脓肿
110496,A18.011+M49.0*,结核性脊柱后凸
110497,A18.012+M49.0*,脊柱结核性截瘫
110498,A18.013+M49.0*,结核性脊柱裂
110499,A18.014+M90.0*,肋骨结核
110500,A18.015+M90.0*,耻骨结核
110501,A18.016+M90.0*,肱骨结核
110502,A18.017+M90.0*,桡骨结核
110503,A18.018+M90.0*,尺骨结核
110504,A18.019+M90.0*,掌骨结核
110505,A18.020+M90.0*,指骨结核
110507,A18.022+M90.0*,胫骨结核
110508,A18.023+M90.0*,腓骨结核
110509,A18.024+M90.0*,跟骨结核
110510,A18.025+M90.0*,楔骨结核
110511,A18.026+M90.0*,趾骨结核
110513,A18.028+M01.1*,肘关节结核
110514,A18.029+M01.1*,腕关节结核
110515,A18.030+M01.1*,指关节结核
110516,A18.031+M01.1*,髋关节结核
111446,B00.200x001,口腔疱疹
111447,B00.201,疱疹病毒性龈口炎
111448,B00.202,疱疹病毒性咽扁桃体炎
111449,B00.203,疱疹病毒性口炎
111450,B00.204,疱疹病毒性颌下腺炎
111451,B00.205,疱疹病毒性咽炎
111453,B00.400+G05.1*,疱疹病毒性脑炎
111454,B00.400x001+G05.1*,单纯疱疹病毒性脑炎
111455,B00.401+G05.1*,疱疹病毒性脑膜脑炎
111458,B00.500x005+H19.1*,树枝状角膜炎
111320,A80.200,急性麻痹性脊髓灰质炎，本土性野病毒
112224,B67.904,肺棘球蚴病
112225,B67.905,胸膜棘球蚴病
112226,B67.906,纵隔棘球蚴病
112227,B67.907,腹腔棘球蚴病
112228,B68.000,猪肉绦虫的绦虫病
112229,B68.100,牛肉绦虫的绦虫病
112230,B68.900,绦虫病
112231,B68.900x002,脑绦虫病
112232,B68.900x003,肠绦虫病
112233,B68.900x004,带绦虫病
112234,B68.901,马尾绦虫肉芽肿
112235,B69.000,中枢神经系统囊虫病
112236,B69.000x002+G94.8*,马尾神经囊虫病
112237,B69.001+G94.8*,脑囊虫病
112238,B69.002+G94.8*,囊虫病癫痫
112239,B69.100,眼囊虫病
112240,B69.800,囊虫病，其他部位的
112241,B69.800x003,肌肉囊虫病
112242,B69.800x004,皮下组织囊虫病
112243,B69.800x005,脊髓囊虫病
112244,B69.800x008,胸膜包囊虫症
112245,B69.801,肺囊尾蚴病
112246,B69.802,肝囊虫病
111525,B03.x00,天花
111526,B03.x00x002,变形天花
111527,B03.x00x003,重型天花
111528,B03.x00x004,类天花
111529,B04.x00,猴痘
111530,B05.000+G05.1*,麻疹并发脑炎
111531,B05.100+G02.0*,麻疹并发脑膜炎
111532,B05.200+J17.1*,麻疹并发肺炎
111533,B05.300+H67.1*,麻疹并发中耳炎
111535,B05.800,麻疹伴有其他并发症
111537,B05.800x003+K77.0*,麻疹并发肝炎
111538,B05.800x008,麻疹综合征
111539,B05.800x009,麻疹合并上呼吸道感染
111540,B05.800x010,重型麻疹
111541,B05.801,麻疹并发喉炎
111542,B05.802,麻疹并发支气管炎
111544,B05.900,麻疹不伴有并发症
111545,B05.900x001,麻疹
111546,B05.900x002,轻型麻疹
111547,B05.900x005,出血性麻疹
111548,B05.901,异型麻疹
111550,B06.000x002+G05.1*,风疹性脑膜脑炎
111551,B06.001+G05.1*,风疹性脑炎
111552,B06.002+G02.0*,风疹性脑膜炎
111553,B06.800,风疹伴有其他并发症
111555,B06.802+M01.4*,风疹性关节炎
111556,B06.900,风疹不伴有并发症
111557,B06.900x001,风疹
111558,B07.x00,病毒性疣
111559,B07.x00x006,丝状疣
111560,B07.x00x008,镶嵌疣
124914,K14.401,萎缩性舌炎
128993,M89.201,软骨内骨生长迟缓
128999,M89.304,剑突骨质增生
129005,M89.310,腕背隆突综合征
129010,M89.404,继发性肥大性骨关节病
129016,M89.800x601,膝关节籽骨炎
130170,N82.103,子宫膀胱瘘
130175,N82.302,直肠舟状窝瘘
130180,N82.501,子宫腹壁瘘
130185,N82.900x003,子宫颈窦道
130191,N83.100,黄体囊肿
124963,K22.203,食管受压
124968,K22.208,手术后食管狭窄
124974,K22.401,食管痉挛
124978,K22.601,食管贲门黏膜撕裂综合征
121716,I25.200x011,陈旧性心内膜下心肌梗死
124715,K11.500x005,唾液腺导管结石
124721,K11.601,腮腺囊肿
124727,K11.700,唾液分泌障碍
124732,K11.800,涎腺的其他疾病
124737,K11.801,涎腺管狭窄
127056,L90.500x028,口角瘢痕
127061,L90.500x033,腋部瘢痕
121668,I22.800x018,急性前间壁下壁再发心肌梗死
121673,I23.100,房间隔缺损作为急性心肌梗死后的近期并发症
121677,I23.300,心壁破裂不伴有心包积血作为急性心肌梗死后的近期并发症
121006,H50.600x005,先天性眼外肌纤维化综合征
121013,H50.800x006,盲点综合征
121019,H50.804,Helveston综合征
121026,H51.100,集合不全和过度
121959,I37.800,肺动脉瓣疾患，其他的
124998,K22.900,食管疾病
125002,K25.000x001,胃黏膜下恒径动脉破裂出血
125008,K25.200x001,胃溃疡伴出血和急性穿孔
125014,K25.401,幽门溃疡伴出血
125019,K25.700,慢性胃溃疡不伴有出血或穿孔
125025,K26.000,急性十二指肠溃疡伴有出血
121704,I24.900x001,急性心肌缺血
122645,I70.203,下肢动脉粥样硬化
112062,B49.x19+M01.6*,真菌性关节炎
112063,B50.000,恶性疟原虫疟疾伴有大脑并发症
112064,B50.000x001+G94.8*,脑型疟疾
112065,B50.800,恶性疟原虫疟疾，其他严重的和有并发症的
112066,B50.801,黑水热
112067,B50.900,恶性疟原虫疟疾
112068,B50.900x001,恶性疟
112069,B51.000,间日疟原虫疟疾伴有脾破裂
112071,B51.800,间日疟原虫疟疾伴有其他并发症
112072,B51.900,间日疟原虫疟疾不伴有并发症
112073,B52.000,三日疟原虫疟疾伴有肾病
112074,B52.000x002+N08.0*,三日疟性肾小球肾炎
112075,B52.001+N08.0*,三日疟原虫疟疾性肾小球病变
112076,B52.800,三日疟原虫疟疾伴有其他并发症
112077,B52.900,三日疟原虫疟疾不伴有并发症
112078,B52.900x001,三日疟
112079,B53.000,卵形疟原虫疟疾
112080,B53.000x001,卵形疟
112081,B53.100,猴疟原虫性疟疾
112082,B53.800,经寄生虫学证实的疟疾，其他的不可归类在他处者
112083,B53.800x001,寄生虫学性疟疾
112084,B54.x00,疟疾
112085,B54.x00x003+K77.0*,疟疾性肝炎
112086,B54.x00x004,输血性疟疾
112087,B54.x00x006,婴幼儿疟疾
112088,B54.x00x008,疟疾复发
112089,B55.000,内脏利什曼病
112090,B55.000x001,黑热病
112091,B55.000x003,黑热病后皮肤利什曼病
112092,B55.100,皮肤利什曼病
112094,B55.200,黏膜皮肤利什曼病
112095,B55.200x001,淋巴结型黑热病
112096,B55.900,利什曼病
112097,B56.000,冈比亚锥虫病
112098,B56.000x001,布氏冈比亚锥虫病(中西非睡眠病)
112099,B56.100,津巴布韦锥虫病
113105,C49.300x001,横膈恶性肿瘤
113106,C49.300x002,肩胛区结缔组织恶性肿瘤
113107,C49.300x003,胸部结缔组织恶性肿瘤
113108,C49.300x006,上腔静脉恶性肿瘤
113109,C49.301,腋下结缔组织恶性肿瘤
113111,C49.400,腹部结缔组织和软组织恶性肿瘤
113112,C49.400x003,腹壁结缔组织恶性肿瘤
113113,C49.401,季肋部结缔组织恶性肿瘤
113115,C49.500,盆腔结缔组织和软组织恶性肿瘤
113116,C49.500x001,骶前结缔组织恶性肿瘤
111460,B00.500x009+H22.0*,疱疹病毒性葡萄膜炎
111462,B00.502+H13.1*,疱疹病毒性结膜炎
111463,B00.503+H58.8*,疱疹性眼炎
111464,B00.504+H03.1*,疱疹病毒性眼睑皮炎
111465,B00.505+H22.0*,疱疹性虹膜睫状体炎
110975,A42.900,放线菌病
110977,A43.000x001+J99.8*,肺诺卡菌肺炎
110978,A43.100,皮肤诺卡菌病
110979,A43.800,诺卡菌病，其他形式的
110980,A43.800x001,播散性奴卡菌病
110981,A43.801,脑诺卡菌病
110982,A43.802,肾诺卡菌病
110983,A43.900,诺卡菌病
110984,A44.000,全身性巴尔通体病
110985,A44.100,皮肤和黏膜皮肤的巴尔通体病
110986,A44.800,巴尔通体病，其他形式的
110987,A44.900,巴尔通体病
110988,A46.x00,丹毒
110989,A48.000,气性坏疽
110990,A48.100,军团病
110991,A48.100x001,嗜肺军团菌肺炎
110992,A48.100x003,军团菌性脑炎
110993,A48.200,非肺炎性军团病(庞蒂亚克热)
110994,A48.300,中毒性休克综合征
110995,A48.400,巴西紫热
110996,A48.800,细菌性疾病，其他特指的
110997,A48.800x002,坏死性杆菌病
110998,A48.801,鼻硬结病
110999,A49.000,葡萄球菌感染
111000,A49.001,葡萄球菌感染性菌血症
111001,A49.002,耐甲氧西林金黄色葡萄球菌感染
111003,A49.004,甲氧西林敏感金黄色葡萄球菌感染
111004,A49.100,链球菌和肠球菌感染
111005,A49.100x004,草绿色链球菌感染
111006,A49.100x005,屎肠球菌感染
111007,A49.100x006,粪肠球菌感染
111008,A49.101,链球菌感染性菌血症
111010,A49.103,链球菌感染综合征
111011,A49.200,流感嗜血杆菌感染
111012,A49.201,流感嗜血杆菌感染性菌血症
111013,A49.300,支原体感染
111907,B37.900x001,克柔念珠菌感染
111909,B37.900x003,光滑念珠菌感染
111910,B37.901,热带白色念珠菌感染
111912,B38.000x001+J17.2*,急性肺球孢子菌肺炎
111913,B38.100,慢性肺球孢子菌病
111914,B38.100x001+J17.2*,慢性肺球孢子菌肺炎
111916,B38.200x001+J17.2*,肺球孢子菌肺炎
111917,B38.300,皮肤球孢子菌病
111918,B38.400+G02.1*,球孢子菌病脑膜炎
111562,B07.x00x010,掌疣
111563,B07.x00x011,掌跖疣
111564,B07.x01,扁平疣
111565,B07.x02,眼睑疣
111566,B07.x03,寻常疣
111567,B07.x04,疣
112476,C00.400,下唇内面恶性肿瘤
112477,C00.401,下唇内面颊侧面恶性肿瘤
112478,C00.402,下唇内面系带恶性肿瘤
112479,C00.403,下唇内面黏膜恶性肿瘤
112480,C00.404,下唇内面口腔面恶性肿瘤
112481,C00.500,唇内面的恶性肿瘤
112482,C00.500x002,唇内面黏膜恶性肿瘤
112483,C00.500x003,唇内面口腔面恶性肿瘤
112484,C00.500x004,唇内面系带恶性肿瘤
112485,C00.500x005,唇内面颊侧面恶性肿瘤
112486,C00.600,唇连合的恶性肿瘤
112487,C00.800,唇交搭跨越恶性肿瘤的损害
112488,C00.900,唇恶性肿瘤
112489,C01.x00,舌根恶性肿瘤
112490,C01.x00x003,舌后三分之一恶性肿瘤
112491,C01.x01,舌根背面恶性肿瘤
112492,C02.000,舌背面恶性肿瘤
112493,C02.000x002,舌前三分之二背面恶性肿瘤
112494,C02.100,舌缘恶性肿瘤
112495,C02.100x001,舌尖及侧缘的恶性肿瘤
112496,C02.101,舌尖恶性肿瘤
112497,C02.200,舌腹面恶性肿瘤
112498,C02.200x002,舌前三分之二腹面恶性肿瘤
111994,B45.200,皮肤隐球菌病
111996,B45.700,播散性隐球菌病
111997,B45.800,隐球菌病，其他形式的
111998,B45.800x001,胆道隐球菌病
111999,B45.800x002,前列腺隐球菌病
112001,B45.900,隐球菌病
112002,B46.000,肺毛霉病
112003,B46.000x001+J99.8*,肺毛霉菌病
112004,B46.100,鼻大脑毛霉病
112006,B46.200,胃肠毛霉病
112007,B46.200x001+K93.8*,胃肠型毛霉菌病
112008,B46.300,皮肤毛霉病
112009,B46.300x001+L99.8*,皮肤型毛霉菌病
112010,B46.400,播散性毛霉病
112011,B46.500,毛霉病
112012,B46.800,接合菌病，其他的
112014,B46.800x002,虫霉病
112015,B46.900,接合菌病
112016,B46.900x002,藻菌病
112017,B47.000,真菌性足菌肿
112018,B47.100,放线菌瘤
112020,B47.900,足菌肿
112021,B48.000,瘢痕疙瘩性芽生菌病
112022,B48.000x001,洛博芽生菌病
112023,B48.100,鼻孢子菌病
112024,B48.200,阿利什利菌病
112026,B48.300,地霉病
130937,O28.400,孕产妇产前筛查的放射学异常所见
111459,B00.500x007+H22.0*,单纯疱疹病毒性虹膜睫状体炎
112059,B49.x16,肠道真菌感染
113117,C49.500x008,直肠周围结缔组织恶性肿瘤
113118,C49.501,臀部结缔组织恶性肿瘤
113119,C49.502,腹股沟结缔组织恶性肿瘤
113120,C49.503,会阴结缔组织恶性肿瘤
113121,C49.504,骶结缔组织恶性肿瘤
113122,C49.505,直肠阴道隔结缔组织恶性肿瘤
113123,C49.600,躯干结缔组织和软组织的恶性肿瘤
113124,C49.601,背部结缔组织恶性肿瘤
112317,B81.800,肠道蠕虫病，其他特指的
112318,B81.800x001,结节线虫病
112319,B81.800x002,三齿线虫病
112320,B81.801,食道口线虫病
112321,B81.802,缩小三齿线虫病
112322,B82.000,肠道蠕虫病
112323,B82.900,肠道寄生虫病
112324,B82.901,肠寄生虫性脓肿
112325,B83.000,内脏幼虫移行症
112326,B83.000x001,内脏蠕虫蚴移行症
112327,B83.000x002,弓蛔虫病
112328,B83.100,颚口线虫病
112329,B83.200,广州副圆线虫引起的血管圆线虫病
112330,B83.200x001,广州管圆线虫病
112331,B83.200x003,广州管圆线虫病性脑炎
112332,B83.201,广州血管圆线虫病
112333,B83.202+G05.2*,嗜酸细胞性脑膜脑炎
112334,B83.300,比翼（线虫）病
112335,B83.400,内部水蛭病
112336,B83.800,蠕虫病，其他特指的
112337,B83.800x001,棘头虫病
112338,B83.800x002,美丽筒线虫病
112340,B83.800x004,后圆线虫病
112341,B83.800x005,结膜吸吮线虫病
112342,B83.800x006,管圆线虫病
112343,B83.800x007,腹部管圆线虫病
112345,B83.800x009,猪巨吻棘头虫病
112346,B83.900,蠕虫病
112347,B85.000,头虱引起的虱病
112348,B85.100,体虱引起的虱病
112349,B85.200,虱病
112350,B85.300,阴虱病
112352,B86.x00,疥疮
112353,B86.x00x003,绵羊疥疮
112354,B86.x00x004,牛疥疮
112355,B86.x00x005,犬疥疮
112356,B86.x00x006,猪疥疮
112357,B86.x00x007,动物疥疮
112359,B87.100,伤口蝇蛆病
113364,C75.000,甲状旁腺恶性肿瘤
113365,C75.100,垂体恶性肿瘤
113366,C75.200,颅咽管恶性肿瘤
113367,C75.300,松果体恶性肿瘤
113369,C75.500,主动脉体和其他节旁体恶性肿瘤
113370,C75.500x001,主动脉体恶性肿瘤
113371,C75.501,节旁体恶性肿瘤
111919,B38.700,播散性球孢子菌病
111920,B38.800,球孢子菌病，其他形式的
111921,B38.900,球孢子菌病
111922,B39.000,急性肺荚膜组织胞浆菌病
111923,B39.000x001+J17.2*,急性肺荚膜组织胞浆菌肺炎
111924,B39.100,慢性肺荚膜组织胞浆菌病
111925,B39.100x001+J17.2*,慢性肺荚膜组织胞浆菌肺炎
111926,B39.200,肺荚膜组织胞浆菌病
111927,B39.200x001+J17.2*,肺荚膜组织胞浆菌肺炎
111928,B39.300,播散性荚膜组织胞浆菌病
111929,B39.400,荚膜组织胞浆菌病
111213,A56.300x001,衣原体性直肠炎
111214,A56.301,直肠衣原体感染
111215,A56.302,肛门衣原体感染
111216,A56.400,咽的衣原体感染
111217,A56.800,衣原体感染，其他部位的性传播的
111218,A57.x00,软下疳
111219,A57.x00x002,外阴软下疳
111220,A57.x00x003,阴茎软下疳
111221,A58.x00,腹股沟肉芽肿
111222,A58.x01,溃疡性腹股沟肉芽肿
111223,A59.000,泌尿生殖系滴虫病
111224,A59.000x003+N51.0*,滴虫性前列腺炎
111225,A59.001+N37.0*,滴虫性尿道炎
111226,A59.002+N77.1*,滴虫性阴道炎
111227,A59.800,滴虫病，其他部位的
111228,A59.800x001,口腔毛滴虫感染
111229,A59.900,滴虫病
111230,A60.000,生殖器和泌尿生殖道的疱疹病毒感染
111232,A60.000x004+N51.8*,阴囊单纯性疱疹
111233,A60.001,生殖器疱疹
111234,A60.002,泌尿生殖道疱疹病毒感染
111235,A60.003+N51.8*,阴茎单纯疱疹
111237,A60.100x002,肛周皮肤疱疹
111238,A60.102+K93.8*,直肠疱疹病毒感染
111239,A60.900,肛门生殖器的疱疹病毒感染
111240,A63.000,肛门生殖器（性病性）疣
111241,A63.001,肛门生殖器尖锐湿疣
111243,A63.003,喉尖锐湿疣
111244,A63.800,主要为性传播的疾病，其他特指的
111245,A64.x00,性传播疾病
111246,A65.x00,非性病性梅毒
111248,A66.100,多发性乳头瘤和湿性角化过度性雅司病
111249,A66.200,雅司病的其他早期皮肤损害
111250,A66.300,雅司病角化过度
111253,A66.600,雅司病的骨和关节损害
111254,A66.700,雅司病的其他表现
111255,A66.800,潜伏性雅司病
111256,A66.900,雅司病
112161,B65.900x006,急性血吸虫病
112027,B48.300x001,地丝菌病
112028,B48.300x002+K93.8*,地丝菌口炎
112029,B48.400,青霉病
112030,B48.401,马尔尼菲蓝状菌病
112031,B48.402,播散型青霉病
112032,B48.500+J17.2*,肺孢子菌病
112033,B48.501+J17.2*,卡氏肺孢子虫病
112034,B48.502+J17.2*,耶氏肺孢子虫病
112035,B48.700,机会性真菌病
112036,B48.800,真菌病，其他特指的
113051,C47.500x001,骨盆周围神经和自主神经恶性肿瘤
113052,C47.500x002,臀部周围神经和自主神经恶性肿瘤
113053,C47.500x004,会阴周围神经和自主神经恶性肿瘤
113054,C47.500x005,骶部周围神经和自主神经恶性肿瘤
113055,C47.500x006,骶尾周围神经和自主神经恶性肿瘤
113056,C47.500x007,直肠膀胱隔周围神经和自主神经恶性肿瘤
113057,C47.500x008,直肠阴道隔周围神经和自主神经恶性肿瘤
113058,C47.500x009,直肠周围周围神经和自主神经恶性肿瘤
113059,C47.500x010,坐骨直肠窝周围神经和自主神经恶性肿瘤
113060,C47.500x012,腰骶丛恶性肿瘤
113061,C47.500x013,骶神经恶性肿瘤
113062,C47.500x014,骶丛恶性肿瘤
113063,C47.501,腹股沟神经恶性肿瘤
113064,C47.600,躯干周围神经恶性肿瘤
113065,C47.600x002,背部周围神经和自主神经恶性肿瘤
113067,C47.800,周围神经和自主神经系统交搭跨越恶性肿瘤的损害
113068,C47.900,周围神经和自主神经系统恶性肿瘤
113069,C48.000,腹膜后腔恶性肿瘤
112247,B69.803,骨囊虫病
112248,B69.804,肌肉囊尾蚴病
112250,B69.900,囊虫病
112251,B69.900x001,囊虫病(囊尾蚴病)
112252,B70.000,裂头绦虫病
112255,B71.100,复孔绦虫病
112256,B71.800,绦虫感染，其他特指的
112257,B71.900,绦虫感染
112258,B72.x00,龙线虫病
112260,B73.x00,盘尾丝虫病
112261,B74.000,斑氏吴策线虫引起的丝虫病
112262,B74.000x001,班氏丝虫病
112263,B74.000x002,班氏丝虫性象皮肿
112264,B74.000x003,班氏丝虫性乳糜尿
112266,B74.100x001,马来丝虫病
112267,B74.100x002,马来丝虫性象皮肿
112268,B74.100x003,马来丝虫性乳糜尿
112269,B74.200,帝汶（布鲁格）丝虫引起的丝虫病
112270,B74.200x001,帝汶丝虫病
112272,B74.200x003,帝汶丝虫性乳糜尿
116619,E10.400x022+G63.2*,1型糖尿病性胰岛素相关性神经炎
114083,C95.000x002,急性白血病髓外复发
126050,K82.101,胆囊黏液囊肿
114708,D20.103,直肠子宫陷凹良性肿瘤
139009,T44.800x001,中枢作用和肾上腺素能-神经元-阻滞剂中毒
141995,Z30.501,更换子宫内节育器
114304,D09.700x001,骶尾原位癌
114733,D21.300,胸部结缔组织和其他软组织良性肿瘤
139015,T45.000,抗过敏药和止吐药中毒
142038,Z34.800,正常妊娠的监督，其他的
142068,Z35.600x001,极年轻初孕妇的妊娠监督
126281,K91.800x206,手术后结肠-直肠瘘
114204,D02.400,呼吸系统的原位癌
114889,D28.700,女性生殖器官良性肿瘤，其他特指的
141488,Y58.000,卡介苗(BCG疫苗)的有害效应
139953,T83.200,泌尿器官移植物的机械性并发症
141994,Z30.500x011,皮下避孕针埋植术
138870,T38.800x001,垂体前叶激素类中毒
139523,T75.400,电流效应
139758,T81.700x005,皮瓣血管危象
115126,D36.109,脊神经良性肿瘤
115705,D48.200x044,直肠周围周围神经和自主神经交界性肿瘤
114137,C96.600,朗格汉斯细胞组织细胞增生症，单病灶
139582,T80.200x004,输注后感染
115918,D58.000,遗传性球形红细胞增多症
116733,E11.200x030+N08.3*,2型糖尿病性持续蛋白尿
114236,D04.100x001,眼皮肤原位癌
140578,U84.000,耐抗寄生虫药物
115105,D36.100x042,臀部周围神经和自主神经良性肿瘤
116446,E04.103,胸骨后甲状腺囊肿
139865,T82.700x001,血管导管相关性感染
141554,Y63.000x001,输血或输液时液体过量
140433,T93.204,陈旧性髁突骨折
115892,D56.100x001,库利贫血
116516,E06.500,慢性甲状腺炎，其他的
115023,D33.302,视神经良性肿瘤
143798,M97190/3,自然杀伤/T细胞淋巴瘤
143799,M83710/0,肾上腺皮质腺瘤，致密细胞
143800,M81610/0,胆管囊腺瘤
143801,K11.211,化脓性腮腺炎
143802,M91100/6,转移性中肾瘤
143803,M86500/0,良性莱迪细胞瘤
143804,M91211/0,海绵状痣
143805,C94.101,海尔迈尔-舍纳病
143806,C94.100x013,海尔迈尔-舍纳病伴缓解
143807,C94.100,慢性红细胞增多症
143808,C94.000x017,迪古列尔莫病伴缓解
143809,C94.000x013,急性红细胞增多症伴缓解
143810,C94.000x007,迪古列尔莫病
143811,C94.002,红细胞增多性骨髓组织增生
143812,C94.000x003,急性红细胞增多症
143813,D45.x00,真性红细胞增多症
143814,M91030/0,部分性葡萄胎
143815,M85120/3,髓样癌伴淋巴样间质
143816,M82520/3,细支气管肺泡癌，非黏蛋白性
143817,M89600/6,转移性肾母细胞瘤
143818,M85810/1,胸腺瘤，A型
143819,L73.900x002,播散性复发性漏斗部毛囊炎
143820,L73.800,毛囊疾患，其他特指的
143821,L73.800,毛囊疾患，其他特指的
143822,M96590/3,结节性淋巴细胞为主型霍奇金病
143823,M85100/6,转移性髓样癌
143824,M95970/3,原发性皮肤毛囊中心淋巴瘤
143825,M90540/0,腺瘤样瘤
143826,M88521/0,纤维黏液脂肪瘤
143827,M81550/3,恶性胰腺瘤
143828,M83450/3,髓样癌，伴淀粉样基质
143829,M82010/3,筛状癌
143830,M81200/2,移行细胞原位癌
143831,M88020/6,转移性巨细胞肉瘤
143832,M82210/3,多发性腺瘤样息肉内腺癌
143833,M97021/3,大细胞外周T-细胞淋巴瘤
143834,M83400/3,乳头状滤泡性腺癌
143835,M97041/3,伦纳特淋巴瘤
143836,M83720/0,肾上腺皮质腺瘤，富色素变异
143837,M80340/6,转移性多角细胞癌
143838,M88610/0,血管脂肪瘤
143839,M88910/0,上皮样平滑肌瘤
143840,M97171/3,与肠病相关的T-细胞淋巴瘤
143841,M85010/3,粉刺癌
143842,L40.100,全身脓疱性银屑病
143843,M82630/0,管状绒毛状腺瘤
144511,M92820/0,复合性牙瘤
144512,M86000/6,转移性泡膜细胞瘤
144513,I10.x05,高血压3级
144514,M83100/0,透明细胞腺瘤
144515,M91820/3,成纤维细胞性骨肉瘤
144516,M93640/6,转移性周围性神经外胚瘤
144517,M84300/6,转移性黏液表皮样癌
144518,M91420/0,疣性角化性血管瘤
144519,M83340/0,胶样腺瘤
144520,M91740/1,淋巴管肌瘤病
144521,M83470/3,混合性髓样-乳头状癌
144522,E66.900x001,单纯性肥胖
144523,S52.001,鹰嘴骨折
144524,M89340/3,癌性纤维瘤
144525,M89350/0,良性间质性瘤
144526,M93510/1,釉质上皮瘤样颅咽管瘤
144527,M82441/3,混合性类癌和腺癌
144528,M97240/3,全身EBV阳性T细胞淋巴增生疾病，童年
144529,M82471/3,原发性皮肤神经内分泌癌
144530,M99100/3,急性原巨核细胞白血病
144531,M88310/0,组织细胞瘤
144532,M90500/6,转移性间皮瘤
144533,M83330/0,胎儿腺瘤
144534,M82900/6,转移性嗜酸性腺癌
144535,M82610/3,绒毛状腺瘤内腺癌
144536,M99600/1,慢性骨髓增殖性疾病
144537,M93001/0,腺性成釉细胞瘤
144538,M96802/3,血管内大B细胞淋巴瘤
144539,K75.805,肝胆管炎
144540,M91800/6,转移性骨肉瘤
144541,L25.300x004,砷接触性皮炎
144542,L25.300x003,溶剂类接触性皮炎
144543,L25.300x001,汞接触性皮炎
144544,L25.300,化学产品引起的接触性皮炎，其他的
144545,M98120/3,B淋巴母细胞白血病/淋巴瘤，t(9;22)(q34;q11.2);BCR-ABL1
144546,M89710/6,转移性胰母细胞瘤
144547,M94130/0,胚胎发育不良性神经上皮性瘤
144548,M89350/1,间质性瘤
144549,M97050/3,外周T-细胞淋巴瘤，AILD
144550,M91350/1,血管内乳头状血管内皮瘤
144551,M80950/3,异型癌
144552,M85040/3,囊内癌
144553,M86220/1,幼年型卵泡细胞瘤
144554,M81750/3,多形型肝细胞癌
144555,M96670/3,结节硬化淋巴细胞减少性霍奇金病
144556,M85510/3,腺泡细胞囊腺癌
140644,V34.x00,三轮机动车乘员在三轮机动车与重型运输车或公共汽车碰撞中的损伤
140466,T94.000,涉及多个身体部位损伤的后遗症
116692,E10.700,1型糖尿病伴有多个并发症
115777,D48.700x001,背部交界性肿瘤
115820,D48.900x011+G63.1*,副肿瘤相关性周围神经病
116454,E04.900,非毒性甲状腺肿
115859,D52.001,营养性巨幼细胞性贫血
114064,C94.000x001,急性红白血病（M6型）
141363,Y50.900,中枢神经系统兴奋剂的有害效应
116944,E14.300x023+H36.0*,糖尿病性增殖性前期絮状斑点性视网膜病
138987,T43.900,对精神有影响的药物中毒
141383,Y52.100,钙通道阻滞剂的有害效应
141233,Y41.200x001,氯喹药物反应
133371,Q38.002,范德沃德综合征
128481,M71.106,大腿感染性滑囊炎
128378,M66.200,伸肌腱自发性破裂
133674,Q52.400x007,阴道加特纳囊肿
139457,T69.800x002,手部皲裂
128883,M85.600x061,腓骨骨囊肿
128799,M84.000x032,桡骨骨折连接不正
140097,T85.701,脑室腹腔分流管置入感染
133451,Q41.001,先天性十二指肠缺如
128820,M84.100x041,指骨骨折不连接
140340,T92.105,陈旧性尺骨骨折
132625,P94.200x002,先天性肌弛缓综合征(松软儿)
130447,N95.300,与人工绝经有关的状态
134431,Q87.006,第一二腮弓发育不良
139200,T53.500,含氯氟烃类的毒性效应
128591,M72.919,足筋膜炎
129527,N18.300,慢性肾脏病3期
130766,O15.000,妊娠期子痫
140184,T86.800x814,皮瓣移植排斥
126741,L56.800,紫外线辐射引起的其他特指的急性皮肤改变
126422,L03.107,下肢蜂窝织炎
140874,W05.x00,涉及轮椅上的跌落
133462,Q41.203,先天性回肠闭锁
135221,R78.700,血中发现重金属水平异常
143844,M97090/3,皮肤淋巴瘤
143845,M93830/1,室管膜下神经胶质瘤
143846,M83330/3,胎儿腺癌
143847,M82300/6,转移性实性癌
143848,M84600/6,转移性乳头状浆液性囊腺癌
143849,M80200/6,转移性未分化癌
143850,M88110/0,纤维黏液瘤
143851,M82500/1,肺腺瘤病
143852,Z30.503,取除子宫内节育器
143853,M85901/1,卵巢间质瘤
143854,S70.000,髋挫伤
143855,M80110/0,良性上皮瘤
143856,M85870/0,异位错构瘤性胸腺瘤
143857,M86010/0,黄体化泡膜细胞瘤
143858,M85210/3,浸润性小管癌
143859,M89310/1,淋巴管内性间质异位症
143860,M89401/0,软骨样汗管瘤
143861,M85800/3,恶性胸腺瘤
143862,M85234/3,浸润性导管癌和微乳头状癌
143863,M83232/3,混合性宫内膜样腺癌和黏液性腺癌
143864,D53.100x011,巨幼红细胞性贫血
143865,D53.100,巨幼细胞性贫血，其他的，不可归类在他处者
143866,M86320/1,两性母细胞瘤
143867,E53.804,维生素B12缺乏症
143868,M98740/3,急性髓系白血病，伴成熟
143869,M82102/3,管状腺瘤内的腺癌
143870,M82431/3,黏液性类癌
143871,O21.900,妊娠呕吐
143872,M83420/3,嗜酸细胞乳头状癌
143873,M89820/3,肌上皮性癌
143874,M80780/3,鳞状细胞癌，伴角质形成
143875,M80000/1,动态未定肿瘤
143876,M81510/6,转移性胰岛素瘤
143877,M80530/3,内翻性乳头状瘤癌变
143878,M88800/0,蛰伏脂瘤
143879,M88020/3,巨细胞肉瘤(除外骨 M9250/3)
143880,M81220/3,梭形细胞移行细胞癌
143881,M81600/0,胆管腺瘤
143882,M83400/6,转移性乳头状滤泡性腺癌
143883,M97022/3,"间变大细胞T-细胞淋巴瘤,ALK阴性"
143884,M88110/3,纤维黏液肉瘤
143885,M84500/0,乳头状囊腺瘤
143886,M82150/3,肛门腺腺癌
143887,M91870/3,骨内高分化骨肉瘤
143888,M87110/0,血管球瘤
143889,M85720/3,腺癌，伴梭形细胞化生
143890,M97510/1,朗格汉斯细胞组织细胞增生症
144557,M85300/6,转移性炎性癌
144558,M82900/3,嗜酸性腺癌
144559,T21.200x102,躯干二度化学性灼伤
144560,T21.200,躯干二度烧伤
144561,M84010/3,顶泌性腺癌
144562,M83101/3,中肾样型透明细胞癌
144563,M98030/3,慢性白血病
144564,M82130/0,锯齿状腺瘤
144565,M86931/1,肾上腺外节旁体瘤
144566,M91100/1,中肾性瘤
144567,M93620/6,转移性成松果体细胞瘤
144568,M95050/1,神经节神经胶质瘤
144569,M83320/3,小梁性滤泡性腺癌
144570,M91000/6,转移性绒毛膜癌
144571,M92900/3,成釉细胞牙肉瘤
144572,J84.900,间质性肺病
144573,M91000/0,葡萄胎
144574,M95390/3,脑(脊)膜肉瘤病
144575,M91000/1,侵袭性葡萄胎
144576,M80413/3,储备细胞癌
144577,M88000/3,肉瘤
144578,M90150/1,交界性黏液性腺纤维瘤
144579,M88501/3,纤维脂肪肉瘤
144580,M80500/0,乳头状瘤
144581,M97660/3,血管中心性免疫增生性病变，恶性
144582,M99300/3,髓样肉瘤
144583,M83810/1,交界恶性子宫内膜样腺纤维瘤
144584,M85840/1,胸腺瘤，B2型
144585,M84540/0,房室结囊性瘤
144586,M83331/0,微滤泡性腺瘤
144587,M80220/3,多形性癌
144588,M82400/6,转移性类癌
144589,M80120/3,大细胞癌
144590,N19.x03,肾功能不全
144591,M83140/3,富脂质癌
144592,M81900/0,小梁性腺瘤
144593,M80030/3,巨细胞型恶性肿瘤
144594,M97130/3,血管中心性T-细胞淋巴瘤
144595,E16.200,低血糖
144596,M90140/3,浆液性腺癌性纤维瘤
144597,M89101/3,葡萄样肉瘤
144598,M96992/3,结外边缘带B细胞淋巴瘤
144599,M85430/3,乳房佩吉特病和导管内癌
144600,M97080/3,皮下脂膜炎样T细胞淋巴瘤
144601,M86300/3,恶性男性母细胞瘤
144602,E06.300x001,短暂性桥本甲状腺毒症
144603,M84080/1,侵袭性性指\(趾\)乳头状腺瘤
144604,M96920/3,滤泡性中心母细胞-中心细胞性淋巴瘤
144605,M86400/3,塞尔托利细胞癌
129846,N47.x02,包皮嵌顿
136176,S26.900,心脏损伤
141084,X80.x00,用从高处跳下方式故意自害
134493,Q89.209,先天性胸腺囊肿
130819,O23.504,妊娠期宫颈炎
130472,N97.901,女性原发性不育
136204,S27.800x013,创伤性纵隔血肿
141123,Y07.100,被父母虐待
134484,Q89.200x204,甲状腺下降不全
130843,O26.500,孕产妇低血压综合征
129587,N27.000,单侧小肾
129623,N28.823,手术后输尿管粘连
127312,M11.000,羟磷灰石沉着病
131513,O72.200,延迟性和继发性产后出血
126684,L43.000,肥厚性扁平苔藓
126497,L10.300,巴西天疱疮
136014,S19.900,颈部损伤
126451,L04.900x005,淋巴结坏死
140905,W34.x00,火器发射，其他的
138251,T20.200x011,眼伴颈二度烧伤
136032,S20.803,胸壁擦伤
136268,S31.000x005,下背开放性损伤
127836,M33.000,幼年型皮肌炎
141685,Y84.800x001,注射后的不正常反应
129295,N01.300x001,"急进型肾炎综合征,弥漫性肾小球膜性增生性肾小球肾炎"
127347,M13.900,关节炎
137242,S66.200x004,腕部拇指伸肌和肌腱损伤
141901,Z20.801,脊髓灰质炎接触者
131537,O74.700,产程和分娩期间插管失败或困难
127487,M21.500,后天性爪形手、畸形手、爪形足和畸形足
128332,M65.006,大腿腱鞘脓肿
138314,T20.700x012,眼伴面三度腐蚀伤
128310,M62.806,后天性肌肉畸形
131539,O74.900,产程和分娩期间麻醉并发症
127754,M25.608,踝关节僵硬
128766,M80.500,特发性骨质疏松伴有病理性骨折
127578,M23.310,遗留的半月板
128318,M62.814,肌纤维变性
127543,M22.900,髌骨疾患
132581,P83.800x005,青铜症(婴儿青铜综合征)
143891,N202,妊娠后期产前检查
143892,M91930/3,骨膜骨肉瘤
143893,M90830/3,中分化恶性畸胎瘤
143894,M83240/0,脂肪腺瘤
143895,M95800/3,恶性颗粒细胞瘤
143896,M91200/3,血管肉瘤
143897,M95400/0,神经纤维瘤
143898,M90700/3,胚胎性癌
143899,M93910/3,室管膜瘤
143900,M96791/3,胸腺大B细胞淋巴瘤
143901,M94800/3,小脑肉瘤
143902,M81450/3,弥漫型癌
143903,M90201/0,良性叶状囊肉瘤
143904,M91200/6,转移性血管肉瘤
143905,M87200/2,原位黑色素瘤
143906,M82100/2,腺瘤样息肉内原位腺癌
143907,M82410/1,嗜银性类癌
143908,M80040/6,转移性梭形细胞型恶性肿瘤
143909,M88510/3,高分化型脂肪肉瘤
143910,M94420/3,神经胶质肉瘤
143911,M84630/1,交界恶性表面乳头状浆液性囊腺瘤
143912,N83.809,输卵管囊肿
143913,M81470/0,基底细胞腺瘤
143914,M87300/3,无色素性黑色素瘤
143915,M98631/3,慢性髓系白血病，急性发作
143916,M84530/2,导管内乳头状黏液癌，非侵袭性
143917,M86300/1,男性母细胞瘤
143918,M98010/3,急性白血病
143919,M90440/3,透明细胞肉瘤(除外肾的M8964/3)
143920,I83.900x007,弥漫性真性静脉扩张症
143921,I83.900x004,下肢静脉曲张
143922,M81500/6,转移性胰岛细胞癌
143923,M81550/1,胰腺瘤
143924,M84801/3,乳头状黏液腺癌
143925,M94000/6,转移性星形细胞瘤
143926,M85000/2,导管内癌
143927,M85010/6,转移性粉刺癌
143928,M98270/3,成人T-细胞白血病
143929,M92800/0,牙瘤
143930,M90440/6,转移性透明细胞肉瘤
143931,M93800/6,转移性神经胶质瘤
143932,M83810/3,恶性子宫内膜样腺纤维瘤
143933,M90300/0,幼年型纤维腺瘤
143934,M92810/0,混合性牙瘤
143935,M91330/1,上皮样血管内皮瘤
143936,M90851/3,混合型畸胎瘤和精原细胞瘤
143937,M92700/6,转移性牙源性瘤
143938,M86710/0,肾上腺剩余瘤
144606,M90400/6,转移性滑膜肉瘤
144607,M91020/3,滋养细胞恶性畸胎瘤
144608,M96570/3,淋巴细胞为主型霍奇金病
144609,M95930/3,网状细胞肉瘤
144610,M99670/3,髓样和淋巴样肿瘤，FGFR1
144611,M92900/0,成釉细胞纤维牙瘤
144612,M90510/0,良性纤维性间皮瘤
144613,L02.300x001,臀部疖
144614,L02.300,臀部皮肤脓肿、疖和痈
144615,M89040/0,成人横纹肌瘤
144616,M97030/3,T-区恶性淋巴瘤
144617,M91311/0,丛状血管瘤
144618,M85800/0,良性胸腺瘤
144619,M88260/0,血管肌纤维母细胞瘤
144620,M91820/6,转移性成纤维细胞性骨肉瘤
144621,M87260/0,巨细胞痣
144622,M81530/3,恶性胃泌素瘤
144623,E78.208,高脂血症C族
144624,M93620/3,成松果体细胞瘤
144625,M85710/3,腺癌，伴软骨和骨化生
144626,M88811/0,脂肪母细胞瘤
144627,M98230/3,慢性淋巴细胞性白血病
144628,M87220/3,气球细胞黑色素瘤
144629,M80020/3,小细胞型恶性肿瘤
144630,M89410/3,多形性腺瘤内癌
144631,M84000/3,汗腺腺癌
144632,M88560/0,肌内脂肪瘤
144633,M98260/3,伯基特细胞白血病
144634,M91710/0,毛细淋巴管瘤
144635,J32.900,慢性鼻窦炎
144636,M92730/0,良性成牙骨质细胞瘤
144637,M96930/3,结节性淋巴细胞性高分化淋巴瘤
144638,M91700/3,淋巴管肉瘤
144639,M97590/3,纤维母细胞网状细胞肿瘤
144640,M85010/2,非浸润性粉刺癌
144641,M95600/1,神经鞘瘤病
144642,M89510/3,中胚层混合瘤
144643,M96993/3,与黏膜有关的淋巴样组织淋巴瘤
144644,M83360/0,透明小梁性腺瘤
144645,M84530/3,导管内乳头状黏液癌，侵袭性
144646,M82610/2,绒毛状腺瘤内原位腺癌
144647,M83310/3,高分化滤泡性腺癌
144648,M89820/6,转移性肌上皮样癌
144649,M94900/0,神经节瘤
144650,M90640/3,生殖细胞瘤
144651,M90140/1,交界恶性浆液性腺纤维瘤
144652,C50.900x004,乳腺多处恶性肿瘤
138265,T20.300x012,眼伴面三度烧伤
137078,S61.902,手套撕脱伤
137298,S68.000x002,拇指不全切断
128849,M85.000x008,掌指骨纤维性结构不良
139186,T52.800x003,二氯乙烷中毒
129306,N01.900x001,急进性肾炎
137326,S70.800x012,股部擦伤
139339,T61.200x001,鱼类中毒
131772,O99.006,妊娠合并中度贫血
133243,Q28.301,先天性大脑动静脉畸形
132311,P35.900x001,新生儿病毒血症
117108,E16.901,胰岛细胞增生症
131966,O99.800x017,妊娠合并骨髓异常增生综合征
131807,O99.208,妊娠合并肝豆状核变性
133285,Q31.800x003,先天性环状软骨后裂
140289,T91.103,陈旧性胸椎骨折
133317,Q33.800,肺的其他先天性畸形
132836,Q14.102,先天性视网膜色素异常
133212,Q27.808,先天性脐动脉畸形
132729,Q05.700x005,人类尾巴
133334,Q35.502,单侧硬腭裂伴软腭裂和齿槽裂
133619,Q50.302,卵巢异位
133148,Q26.800x003,先天性下腔静脉肝段缺如
133221,Q27.817,先天性上肢血管畸形
134278,Q82.400,外胚层发育不良症（无汗的）
132754,Q07.800x202,先天性视神经萎缩
140995,X34.900,地震未特指影响的受害者
118728,F64.200,童年期性身份障碍
118088,F06.300x010,器质性双相障碍
134529,Q92.300,常染色体小部分三体性
134311,Q82.811,血管内血管瘤病
140821,V87.500,重型运输车和公共汽车之间碰撞造成的人员损伤（交通性）
118126,F06.800x033,染色体异常所致精神障碍
132664,Q01.900,脑膨出
134341,Q84.600x003,先天性反甲
141057,X66.x00,有机溶剂和卤素烃及其蒸气的故意自毒及暴露于该类物质
132890,Q17.300x006,先天性猿耳
140970,X12.x00,接触其他热液体
143424,754.001,恶性肿瘤术后恢复期
143939,M82040/0,泌乳腺瘤
143940,M97110/3,单核细胞样B细胞淋巴瘤
143941,M80930/3,纤维上皮性基底细胞癌
143942,M96530/3,淋巴细胞减少型霍奇金病
143943,M83430/3,包膜性乳头状癌
143944,M84600/3,乳头状浆液性囊腺癌
143945,M95800/6,转移性颗粒细胞瘤
143946,M89590/3,恶性囊性肾瘤
143947,M97280/3,前体B细胞淋巴母细胞性淋巴瘤
143948,M92310/6,转移性黏液性软骨肉瘤
143949,M90500/3,恶性间皮瘤
143950,E56.900,维生素缺乏病
143951,M80452/3,小细胞-鳞状细胞癌
143952,M95060/0,神经细胞瘤
143953,M85850/3,恶性胸腺瘤，B3型
143954,M91331/3,血管内支气管肺泡瘤
143955,M83200/3,颗粒细胞癌
143956,I66.300x006,小脑后下动脉斑块
143957,I66.200x006,大脑后动脉斑块
143958,I66.000x005,大脑中动脉斑块
143959,I65.100x006,基底动脉斑块
143960,I66.300x009,小脑前下动脉斑块
143961,I66.100x005,大脑前动脉斑块
143962,I66.300x012,小脑上动脉斑块
143963,I67.200,大脑动脉粥样硬化
143964,M87710/3,上皮样细胞黑色素瘤
143965,M80460/3,非小细胞癌
143966,L08.903,上肢皮肤感染
143967,M89510/6,转移性中胚层混合瘤
143968,M80412/3,圆形细胞癌
143969,M83230/6,转移性混合细胞腺癌
143970,M92700/0,良性牙源性瘤
143971,M96995/3,与皮肤有关的淋巴样组织淋巴瘤
143972,K64.811,混合痔
143973,M97611/3,淋巴浆细胞淋巴瘤
143974,M54.105,神经根炎
143975,M98940/3,非白血性单核细胞白血病
143976,M93640/3,周围性神经外胚瘤
143977,M96940/3,结节性淋巴细胞性中分化淋巴瘤
143978,M98330/3,幼淋巴细胞白血病，B细胞型
143979,J32.100,慢性额窦炎
143980,M88320/3,皮肤纤维肉瘤
143981,M91810/3,成软骨细胞性骨肉瘤
143982,M88930/0,奇异性平滑肌瘤
143983,M82510/0,肺泡腺瘤
143984,M89120/3,梭形细胞横纹肌肉瘤
143985,M95710/6,转移性神经束瘤
144653,C50.900,乳房恶性肿瘤
144654,M96551/3,网状淋巴细胞减少型霍奇金病，经典型
144655,M82300/3,实性癌
144656,M97380/3,起源于HHV8相关多中心性Castleman病的大B细胞淋巴瘤
144657,M82420/3,恶性肠嗜铬样细胞类癌
144658,M80310/6,转移性巨细胞癌
144659,M90550/1,囊性间皮瘤
144660,G47.100,过度嗜眠障碍［睡眠过度］
144661,M80520/2,乳头状鳞状细胞原位癌
144662,M90110/0,小管内纤维腺瘤
144663,M95010/6,转移性髓上皮瘤
144664,M96841/3,浆母细胞淋巴瘤
144665,L28.002,苔藓样皮炎
144666,M82500/3,细支气管-肺泡腺癌
144667,M98130/3,B淋巴母细胞白血病/淋巴瘤，t(v;11q23); MLL 重排
144668,M88300/6,转移性纤维组织细胞瘤
144669,M97160/3,肝脾γ-δ细胞淋巴瘤
144670,M96842/3,恶性淋巴瘤，大B细胞，弥漫性，免疫母细胞性
144671,M81300/3,乳头状移行细胞癌
144672,K29.400,慢性萎缩性胃炎
144673,M84520/1,实性假乳头状瘤
144674,M81430/3,表面扩散性腺癌
144675,M80510/0,疣状乳头状瘤
144676,M89700/3,肝母细胞瘤
144677,M81400/0,腺瘤
144678,M98901/3,组织细胞白血病
144679,M93900/1,非典型性脉络丛乳头状瘤
144680,M84200/3,耵聍腺癌
144681,M89350/3,间质性肉瘤
144682,M90200/3,恶性叶状囊肉瘤
144683,M93630/0,黑变病神经外胚瘤
144685,M80101/2,上皮内癌
144686,I84.500,外痔不伴有并发症
144687,I84.400,外痔伴有其他并发症
144688,K64.809,外痔
144689,M80000/6,转移性肿瘤
144690,M81310/3,微乳头状移行细胞癌
144691,M92200/1,软骨瘤病
144692,M98360/3,前体B细胞淋巴细胞白血病
144693,M83920/0,汗管纤维腺瘤
144694,M90000/1,交界恶性布伦纳瘤
144695,M83700/6,转移性肾上腺皮质细胞癌
144696,M89500/3,苗勒混合瘤
144697,M81500/0,胰岛细胞腺瘤
144698,M85030/2,导管内乳头状癌
131623,O87.900,产褥期的静脉并发症
134425,Q87.000x909,口-面-指综合征
119453,G44.000x002,发作性丛集性头痛
131317,O61.800,引产失败，其他的
133877,Q64.708,先天性尿道膨出
141770,Z02.900,为行政管理目的接受的检查
131677,O91.102,产褥期化脓性乳腺炎
119697,G60.900,遗传性和特发性神经病
131608,O86.400x001,产褥病率
131371,O65.001,变形骨盆难产
141646,Y82.100,与有害事件有关的其他的医疗治疗和康复装置（非手术的）
118988,G06.003,海绵窦脓肿
133789,Q61.801,先天性纤维囊性肾
131406,O66.900,梗阻性分娩
141070,X67.900x096,一氧化碳自杀
134004,Q70.001,先天性并指伴骨连接
133814,Q62.500,重复输尿管
131659,O90.400,产后急性肾衰竭
132471,P70.401,新生儿顽固性低血糖
131477,O71.100,产程中子宫破裂
131088,O34.800x013,妊娠合并输卵管肿瘤
139247,T56.600x002,锡化合物中毒
131833,O99.302,妊娠合并脑白质病
132702,Q04.800,脑其他特指的先天性畸形
132504,P74.402,新生儿代谢性碱中毒
117641,E73.900,乳糖不耐受
132210,P20.900,子宫内低氧症
139279,T57.800x003,钡中毒
139097,T48.600,抗哮喘药中毒，不可归类在他处者
120812,H40.200x012,急性闭角型青光眼绝对期
133490,Q42.302,肛门先天性闭锁，不伴有瘘
132271,P28.200,新生儿青紫发作
139352,T62.200x002,蓖麻子中毒
119999,G93.400x005,脑病(器质性脑病)
130923,O26.900x703,产2次
133292,Q31.805,先天性喉隔
133567,Q44.201,先天性胆总管闭锁
131986,O99.800x132,产褥期耳和乳突疾病
139267,T57.100,磷及其化合物的毒性效应
135762,S06.301,创伤性脑局灶出血
143986,M95600/6,转移性神经鞘瘤
143987,M90530/3,恶性双相分化间皮瘤
143988,M85500/3,腺泡细胞癌
143989,M83700/3,肾上腺皮质腺癌
143990,M98920/3,亚急性单核细胞白血病
143991,M85233/3,浸润性导管和胶样癌
143992,M98300/3,浆细胞性白血病
143993,M83200/6,转移性颗粒细胞癌
143994,M83110/1,肾上腺样瘤
143995,M90141/1,交界恶性浆液性囊性腺纤维瘤
143996,M87450/3,恶性促结缔组织增生性黑色素瘤
143997,M83800/3,子宫内膜样腺癌
143998,M94120/1,促结缔组织增生性婴儿星形细胞瘤
143999,M92600/3,尤因肉瘤
144000,M89810/3,胚胎性癌肉瘤
144001,M88010/3,梭形细胞肉瘤
144002,M95340/0,血管瘤性脑(脊)膜瘤
144003,M94500/6,转移性少突神经胶质细胞瘤
144004,G54.100x002,臀上皮神经卡压综合征(臀上皮神经炎)
144005,M83100/3,透明细胞腺癌
144006,M80772/2,阴道上皮内肿瘤，Ⅲ级
144007,M96991/3,结内边缘带B细胞淋巴瘤
144008,M95360/0,血管外皮细胞性脑(脊)膜瘤
144009,M83410/3,乳头状微小癌
144010,M89300/0,子宫内膜间质结节
144011,M95960/3,复合性霍奇金和非霍奇金淋巴瘤
144012,M91700/0,淋巴管瘤
144013,M84820/3,宫颈内型黏液腺癌
144014,M90530/0,良性双相分化间皮瘤
144015,M91231/0,动静脉血管瘤
144016,M92600/6,转移性尤因肉瘤
144017,M85760/3,肝样腺癌
144018,M88120/3,骨膜纤维肉瘤
144019,M89700/6,转移性肝母细胞瘤
144020,M84000/0,汗腺腺瘤
144021,M97311/3,孤立性骨髓瘤
144022,M81700/6,转移性肝细胞癌
144023,M84800/0,黏液腺瘤
144024,M89600/3,肾母细胞瘤
144025,M80320/3,梭形细胞癌
144026,M81520/0,良性高血糖素瘤
144027,M87410/3,癌前黑素沉着病内恶性黑色素瘤
144028,M91700/6,转移性淋巴管肉瘤
144029,M88000/0,良性软组织瘤
144030,M88900/1,平滑肌瘤病
144031,M80510/6,转移性疣状癌
144032,M85030/3,导管内乳头状腺癌伴侵袭
144699,M87.100,药物性骨坏死
144700,M88900/3,平滑肌肉瘤
144701,M92621/0,纤维骨瘤
144702,M83350/3,微侵袭性滤泡性腺癌
144703,M97570/3,交错树突细胞肉瘤
144704,M84500/3,乳头状囊腺癌
144705,M82630/3,管状绒毛状腺瘤内腺癌
144706,M90410/3,梭形细胞滑膜肉瘤
144707,M96850/3,原淋巴细胞性淋巴瘤
144708,M95100/3,成视网膜细胞瘤
144710,M81730/3,肝细胞癌，梭型细胞变体
144711,M82202/0,腺瘤病
144712,M88500/6,转移性脂肪肉瘤
144713,M83190/3,集合管癌
144714,M91050/3,上皮样滋养层肿瘤
144715,M82430/3,杯形细胞类癌
144716,M89900/0,良性间叶瘤
144717,M96610/3,霍奇金肉芽肿
144718,M81230/3,基底细胞样癌
144719,M85031/2,非浸润性导管内乳头状癌
144720,M98760/3,非典型性慢性髓系白血病，BCR/ABL阴性
144721,M92510/3,恶性软组织巨细胞瘤
144722,M84130/3,外分泌性腺癌
144723,M84440/1,交界恶性明细胞囊性瘤
144724,M90810/3,畸胎癌
144725,M89901/1,混合性间叶瘤
144726,M88130/0,筋膜纤维瘤
144727,M89400/0,多形性腺瘤
144728,M80980/6,转移性腺样基底癌
144729,M80010/1,良性或恶性未肯定瘤细胞
144730,M81510/0,胰岛素瘤
144731,M85420/6,转移性乳房外佩吉特病
144732,M85750/3,化生性癌
144733,M80900/1,基底细胞瘤
144734,J00.x00,急性鼻咽炎［感冒］
144735,J00.x00,急性鼻咽炎［感冒］
144736,M95801/3,颗粒细胞肌母细胞瘤
144737,M84610/3,浆液性表面乳头状癌
144738,M95370/0,移行细胞性脑(脊)膜瘤
144739,M90630/3,精母细胞性精原细胞瘤
144740,M83220/6,转移性水样明细胞腺癌
144741,M82710/0,催乳素瘤
144742,M82201/0,家族性结肠息肉病
144743,M81570/6,转移性肠高血糖素瘤
144744,M87400/0,交界痣
144745,M80001/3,溃疡恶变
144746,M91260/0,组织细胞样血管瘤
143425,S02.400x005,上颌窦骨折
120222,H02.900x003,眼睑细胞组织增生症
110710,A20.101,皮肤型鼠疫
117288,E27.804,肾上腺炎
117516,E65.x11,臀部脂肪堆积
135534,S01.500x052,软腭开放性损伤
121426,I07.100x001,风湿性三尖瓣关闭不全
135323,R87.400,女性生殖器官标本的异常的免疫学所见
118446,F31.700,双相情感障碍，目前为缓解状态
135809,S06.900,颅内损伤
110684,A19.000x011,"血行播散性肺结核（复治,单耐药）涂阳培阳"
136377,S33.700x002,棘上韧带损伤
136791,S45.000,腋动脉损伤
117365,E34.301,矮小症
110921,A39.804+M01.0*,脑膜炎球菌性关节炎
135848,S10.004,气管挫伤
136819,S46.201,创伤性肱二头肌断裂
117610,E72.301,羟赖氨酸代谢紊乱
111867,B37.003,咽念珠菌感染
111805,B33.200x004+I41.1*,柯萨奇病毒性心肌炎
136589,S37.303,尿道损伤伴狭窄
136635,S39.000x002,腹部肌腱损伤
122375,I62.900x001,非创伤性颅内出血
112887,C41.800x001,腰椎及骶椎恶性肿瘤
118484,F33.900,复发性抑郁障碍
137675,S86.300,在小腿水平的腓侧肌群的肌肉和肌腱损伤
143178,Z97.100,具有人工肢体（完全）（部分）
123341,I89.800x027,髂部乳糜囊肿
143024,Z90.407,胰腺切除术后状态
137644,S84.800x002,腓肠神经损伤
136901,S52.400,尺骨和桡骨骨干均骨折
111655,B18.103+N08.0*,乙型肝炎相关性肾炎
143055,Z91.501,服毒个人史
138648,T26.600x002,角膜腐蚀伤
137914,T01.300,累及下肢多个部位的开放性伤口
110009,A00.900x005,霍乱暴发型
112655,C17.100,空肠恶性肿瘤
119165,G24.500,睑痉挛
137693,S88.000,在膝水平的创伤性切断
111411,A93.802,发热伴血小板减少综合征
144033,M97270/3,前体细胞淋巴母细胞性淋巴瘤
144034,M90000/0,布伦纳瘤
144035,M80711/3,角化性大细胞鳞状细胞癌
144036,K12.000x003,贝德纳尔阿弗他溃疡
144037,K12.002,口腔阿弗他溃疡
144038,M93600/1,松果体瘤
144039,M84410/0,浆液性囊腺瘤
144040,M80720/6,转移性非角化性大细胞鳞状细胞癌
144041,M80960/0,雅达逊表皮内上皮瘤
144042,M83230/3,混合细胞腺癌
144043,M91610/1,成血管细胞瘤
144044,M89910/3,胚胎性肉瘤
144045,M82402/1,神经内分泌肿瘤
144046,M86930/6,转移性化学感受器瘤
144047,M90520/3,恶性上皮样间皮瘤
144048,R17.000,高胆红素血症伴黄疸
144049,M96805/3,间变性大B细胞淋巴瘤
144050,R59.003,舌根淋巴结肿大
144051,L02.901,皮肤疖
144052,N92.600,月经不规则
144053,M94700/3,成神经管细胞瘤
144054,M97581/3,小结树突细胞肉瘤
144055,M87201/0,良性黑色素瘤
144056,M85030/0,导管内乳头状瘤
144057,M90900/3,恶性卵巢甲状腺肿
144058,M96500/3,霍奇金病
144059,M80410/3,小细胞癌
144060,M82202/3,腺瘤病癌变
144061,M85040/6,转移性囊内癌
144062,M99320/3,急性骨髓纤维化
144063,M96910/3,混合细胞型滤泡性淋巴肉瘤
144064,M83000/3,嗜碱细胞癌
144065,M93100/0,成釉细胞瘤
144066,M89360/0,良性胃肠道间质性瘤
144067,M85001/3,导管腺癌
144068,M98240/3,非白血性淋巴细胞性白血病
144069,M94210/3,毛细胞性星形细胞瘤
144070,M85830/3,恶性胸腺瘤，B1型
144071,M87210/3,结节性黑色素瘤
144072,M92510/1,软组织巨细胞瘤
144073,M94200/3,纤维性星形细胞瘤
144074,M97520/1,朗格汉斯细胞组织细胞增生症，单病灶
144075,M85100/3,髓样癌
144076,M97020/3,外周T细胞淋巴瘤
144077,M85900/1,性索-性腺间质瘤
144078,M82410/3,恶性嗜银性类癌
144079,M88520/3,黏液样脂肪肉瘤
144747,M89300/3,子宫内膜间质肉瘤
144748,M82420/1,肠嗜铬样细胞类癌
144749,M92200/6,转移性软骨肉瘤
144750,M81610/3,胆管囊腺癌
144751,M82442/3,混合性腺神经内分泌癌
144752,M97370/3,ALK阳性大B细胞淋巴瘤
144753,M97400/1,肥大细胞瘤
144754,L02.400x018,肘部脓肿
144755,L02.400x017,腋脓肿
144756,L02.400x016,锁骨下窝脓肿
144757,L02.400x015,锁骨上窝脓肿
144758,L02.400x006,手部痈
144759,L02.400x005,手部疖
144760,L02.400x002,臂脓肿
144761,L02.400x014,肩脓肿
144762,L02.400x003,上肢疖
144763,L02.403,上肢皮肤脓肿、疖和痈
144764,M81020/3,毛鞘癌
144765,F45.306,心脏神经官能症
144766,M85400/6,转移性乳房佩吉特病
144767,M80310/3,巨细胞癌
144768,M91320/0,肌内血管瘤
144769,M96520/3,混合细胞型霍奇金病
144770,K56.700x012,急性机械性不完全高位小肠梗阻
144771,K56.700,肠梗阻
144772,K56.700,肠梗阻
144773,M89030/0,胎儿横纹肌瘤
144774,M83160/3,囊性相关肾细胞癌
144775,M87230/0,晕样痣
144776,M82000/6,转移性腺样囊性癌
144777,I10.x00x002,高血压
144778,M80500/2,乳头状原位癌
144779,M86500/6,转移性莱迪细胞瘤
144780,Z22.503,乙型肝炎大三阳
144781,Z22.500x002,乙型病毒性肝炎病原携带者
144782,B18.107,慢性乙型病毒性肝炎
144783,S92.202,足舟状骨骨折
144784,M97222/3,急性婴儿期网状内皮细胞增多症
144785,M90900/6,转移性恶性卵巢甲状腺肿
144786,M90000/6,转移性恶性布伦纳瘤
144787,M86300/6,转移性男性母细胞瘤
144788,M83610/1,球旁细胞瘤
144789,M99310/3,急性全骨髓增殖症
144790,M93210/0,中心牙源性纤维瘤
144791,E22.100,高催乳素血症
144792,M86910/1,主动脉体瘤
144793,M86300/0,良性男性母细胞瘤
144794,M95390/1,非典型脑膜瘤
112919,C43.605,腕部恶性黑色素瘤
120135,G97.100x003,腰椎穿刺术后脑疝
137933,T02.200,累及单上肢多个部位的骨折
142356,Z47.800x016,眼睑整形术后随诊医疗
124518,K07.100x015,长面综合征
120436,H17.902,角膜混浊
137967,T03.200x002,上肢多处扭伤
143221,Z98.800x121,盲肠术后
113667,C79.800x863,恶性心包积液
143089,Z93.602,输尿管造术状态
135503,S01.101,眼睑裂伤
120204,H02.800x011,眼睑皮脂腺囊肿
110055,A02.900x003,沙门菌属食物中毒
110644,A18.800x010+M63.0*,肌结核
134740,R20.200x003,皮肤麻刺感
138501,T22.700x001,肩和上肢三度腐蚀伤
110960,A41.902+N08.0*,脓毒症性肾小球病变
113895,C90.000x005,浆细胞病
120168,H01.800,眼睑其他特指的炎症
120442,H18.002,角膜黑变病
138755,T33.400,臂浅表冻伤
121439,I08.000x007,风湿性二尖瓣及主动脉瓣关闭不全
121401,I01.800,"急性风湿性心脏病,其他的"
120489,H20.002,复发性虹膜睫状体炎
134784,R22.402,髋部肿物
134823,R25.200x008,痉挛3级
142377,Z47.801,更换外固定装置
136464,S35.701,腹部多处血管损伤
138139,T14.000x031,身体浅表昆虫咬伤
128467,M71.002,上臂黏液囊脓肿
127690,M24.812,尺骨撞击综合征
136687,S41.700,肩和上臂多处开放性伤口
136505,S36.202,胰腺包膜撕裂
135747,S06.204,创伤性脑疝
138390,T21.400x042,背部腐蚀伤
138437,T21.700x031,腹壁三度腐蚀伤
128685,M79.201,多部位神经痛
138218,T20.000,头和颈的烧伤
136742,S42.810,开放性肩和上臂特指部位骨折
129402,N05.600,肾炎综合征伴有密集沉积物病
144080,M88810/0,脂肪母细胞瘤病
144081,M83602/1,多发性内分泌腺瘤，2a型
144082,M97170/3,肠T细胞淋巴瘤
144083,M87000/0,嗜铬细胞瘤
144084,N83.900x002,子宫附件肿物
144085,N83.901,卵巢肿物
144086,M94500/3,少突神经胶质细胞瘤
144087,M85070/2,导管内微乳头状癌
144088,M97250/3,种痘样水疱病样淋巴瘤
144089,D26.000,宫颈良性肿瘤
144090,C22.101,胆管癌
144091,M88600/0,血管肌脂肪瘤
144092,M91860/3,中心骨肉瘤
144093,M83750/0,肾上腺皮质腺瘤，混合细胞
144094,M88700/0,骨髓脂肪瘤
144095,M90900/0,卵巢甲状腺肿
144096,M80200/3,未分化型癌
144097,N80.001,子宫腺肌病
144098,M86500/3,恶性莱迪细胞瘤
144099,M98320/3,幼淋巴细胞白血病
144100,M96804/3,T细胞组织细胞丰富型大B细胞淋巴瘤
144101,J36.x00x003,扁桃体周围炎
144102,M96550/3,网状淋巴细胞减少型霍奇金病
144103,M82800/6,转移性嗜酸细胞癌
144104,M84500/6,转移性乳头状囊腺癌
144105,M88060/3,促结缔组织增生性小圆细胞瘤
144106,M97180/3,原发皮肤CD30+T细胞淋巴瘤
144107,M85620/3,上皮-肌上皮癌
144108,M82140/3,壁细胞癌
144109,M82010/6,转移性筛状癌
144110,M99480/3,侵袭性NK细胞白血病
144111,M86310/3,塞尔托利-莱迪细胞瘤，低分化
144112,J44.802,慢性喘息性支气管炎
144113,M81540/3,混合性导管-内分泌癌
144114,M81700/3,肝细胞癌
144115,M82810/0,混合性嗜酸-嗜碱细胞腺瘤
144116,M83000/6,转移性嗜碱细胞癌
144117,M88540/3,多形性脂肪肉瘤
144118,M86020/0,硬化性间质瘤
144119,M98930/3,慢性单核细胞白血病
144120,H60.300,感染性外耳炎，其他的
144121,M97600/3,免疫增生性疾病
144122,M97142/3,间变性大细胞淋巴瘤
144123,M82810/3,混合性嗜酸-嗜碱细胞癌
144124,M35.600,复发性脂膜炎(韦伯-克里斯琴)
144125,M84090/3,汗孔癌
144126,B00.501+H19.1*,疱疹病毒性角膜炎
144795,M99650/3,髓样和淋巴样肿瘤，伴PDGFRA重排
144796,M83810/6,转移性子宫内膜样腺纤维瘤
144797,M94420/1,神经胶质纤维瘤
144798,M95120/3,未分化成视网膜细胞瘤
144799,M83900/3,皮肤附属器癌
144800,M82460/3,神经内分泌癌
144801,M95030/6,转移性神经上皮瘤
144802,M89000/6,转移性横纹肌肉瘤
144803,M97141/3,间变性大细胞淋巴瘤，ALK阳性
144804,M81560/1,生长抑素瘤
144805,M80140/3,具有杆状显型大细胞癌
144806,M89100/3,胚胎型横纹肌肉瘤
144807,M81300/6,转移性乳头状移行细胞癌
144808,M80771/2,宫颈上皮内肿瘤，Ⅲ级
144809,M98211/3,急性淋巴细胞性白血病，L1型
144810,M88321/0,硬化性血管瘤
144811,M97052/3,血管免疫母细胞性淋巴瘤
144812,M86800/3,恶性节旁体瘤
144813,M89820/0,肌上皮瘤
144814,M87800/3,恶性蓝痣
144815,M91100/3,恶性中肾瘤
144816,N93.900,异常的子宫和阴道出血
144817,M83120/3,肾细胞癌
144818,M93900/3,恶性脉络丛乳头状瘤
144819,M90510/3,恶性纤维性间皮瘤
144820,M95301/6,转移性脊膜瘤
144821,M99700/1,淋巴组织增生性疾病
144822,M94900/3,神经节神经母细胞瘤
144823,M81401/1,非典型腺瘤
144824,M98331/3,B-前淋巴细胞性白血病
144825,M92620/0,骨化性纤维瘤
144826,M84300/1,黏液表皮样瘤
144827,M96531/3,淋巴细胞减少型霍奇金病，经典型
144828,M84901/6,克鲁肯贝格瘤
144829,M84080/0,外分泌性乳头状腺瘤
144830,I25.100x003,冠状动脉狭窄
144831,M88001/6,肉瘤病
144832,M95910/3,非霍奇金淋巴瘤
144833,M84060/0,乳头状汗管腺瘤
144834,M82440/3,复合性类癌
144835,M98900/3,单核细胞白血病
144836,M94740/6,转移性大细胞髓母细胞瘤
144837,M96521/3,混合细胞型霍奇金病，经典型
144838,M97690/1,免疫球蛋白沉积病
144839,M89600/1,中胚层性肾瘤
144840,M93700/6,转移性脊索瘤
144841,M92000/1,侵袭性成骨细胞瘤
138234,T20.100x005,面部一度烧伤
118349,F19.600,使用多种药物和其他精神活性物质引起的遗忘综合征
136773,S44.100,在上臂水平的正中神经损伤
130516,O00.108,输卵管间质部妊娠流产
128673,M79.100,肌痛
129280,N00.801,急性肾小球肾炎，IgA肾病
137527,S82.300,胫骨下端骨折
118414,F25.900,分裂情感性障碍
129650,N30.200,慢性膀胱炎，其他的
135020,R53.x00x006,慢性虚弱
128701,M79.404,髌后脂肪垫肥大
137749,S92.110,开放性距骨骨折
137796,S93.302,跖骨脱位
119320,G40.100x005,癫痫单纯部分性感觉性发作伴视觉症状
135284,R84.600,呼吸器官和胸腔标本的异常的细胞学所见
128720,M79.600x051,下肢疼痛
129727,N34.000,尿道脓肿
134871,R32.x01,遗尿
137585,S83.200x006,膝外侧半月板撕裂
130525,O00.117,输卵管复合妊娠
135075,R59.000x004,咽部淋巴结肿大
119283,G36.000x002,视神经脊髓炎谱系疾病
134603,R02.x00,坏疽，不可归类在他处者
129670,N31.000x001,无抑制神经病性膀胱
130317,N88.802,宫颈肥大
130351,N89.809,阴道赘生物
138529,T23.300,腕和手三度烧伤
138042,T09.000x031,躯干浅表昆虫咬伤
129713,N32.805,膀胱过度活动症
127202,M00.000x092,葡萄球菌性多关节炎
138559,T23.700x003,手部三度腐蚀伤
119330,G40.103,症状性局灶性癫痫
120362,H11.900,结膜疾患
136067,S22.200,胸骨骨折
137100,S62.210,开放性第一掌骨骨折
129754,N36.002,尿道会阴瘘
135640,S04.000x003,视路损伤
138596,T24.600x002,髋部二度腐蚀伤
136367,S33.400,耻骨联合创伤性破裂
126627,L29.800,瘙痒（症），其他的
144127,M89740/1,涎母细胞瘤
144128,M95310/0,脑膜性脑(脊)膜瘤
144129,M83300/6,转移性滤泡性腺癌
144130,L56.200,光接触性皮炎(香料皮炎)
144131,M85040/2,非浸润性囊内癌
144132,M98620/3,亚急性髓系白血病
144133,M89830/0,腺肌上皮瘤
144134,M89360/3,恶性胃肠道间质性瘤
144135,M87420/2,哈奇森黑素雀斑
144136,M81570/3,恶性肠高血糖素瘤
144137,M95800/0,颗粒细胞瘤
144138,M99640/3,慢性嗜酸性细胞白血病
144139,M92420/3,明细胞软骨肉瘤
144140,M89650/0,肾源性腺纤维瘤
144141,L28.200,痒疹，其他的
144142,M94930/0,小脑发育不良性神经节细胞瘤
144143,I10.x04,高血压2级
144144,M80770/2,鳞状上皮内肿瘤，3级
144145,M82720/0,垂体腺瘤
144146,M96980/3,滤泡性大细胞淋巴瘤
144147,M80900/6,转移性基底细胞癌
144148,M80774/2,肛门上皮内肿瘤，Ⅲ级
144149,M82460/6,转移性神经内分泌癌
144150,M96640/3,结节硬化富细胞相霍奇金病
144151,M91500/1,血管外皮细胞瘤
144152,M90640/6,转移性生殖细胞瘤
144153,M81500/3,胰岛细胞癌
144154,M93650/3,阿斯金瘤
144155,M80331/3,肉瘤样癌
144156,M84420/3,交界恶性浆液性囊腺瘤
144157,T25.200x012,踝和足二度化学性灼伤
144158,T25.200,踝和足二度烧伤
144159,D69.502,药物性血小板减少症
144160,M89640/3,肾明细胞肉瘤
144161,M88050/3,未分化肉瘤
144162,M80910/3,多中心性基底细胞癌
144163,M97330/3,浆细胞白血病
144164,M82800/3,嗜酸细胞癌
144165,M82700/0,嫌色细胞腺瘤
144166,M83300/0,滤泡性腺瘤
144167,M97051/3,血管免疫母细胞性T细胞淋巴瘤
144168,M91230/0,葡萄状血管瘤
144169,M81800/3,混合性肝细胞癌和胆管癌
144170,M91730/0,囊性淋巴管瘤
144171,Z41.104A,皱纹
144172,M89910/6,转移性胚胎性肉瘤
144173,M97040/3,淋巴上皮样淋巴瘤
144174,M85050/0,导管内乳头状瘤病
144175,M81530/1,胃泌素瘤
144842,M97091/3,肉芽肿性皮肤松弛症
144843,M84710/6,转移性乳头状黏液性囊腺癌
144844,M88400/3,黏液肉瘤
144845,M94240/3,多形性黄色星形细胞瘤
144846,M88300/3,恶性纤维组织细胞瘤
144847,M86600/0,卵巢门细胞瘤
144848,M83800/0,子宫内膜样腺瘤
144849,M86340/1,塞尔托利-莱迪细胞瘤，中分化，伴异种成分
144850,N48.400,器质性原因的阳痿
144851,M80750/3,腺样鳞状细胞癌
144852,M83100/6,转移性透明细胞腺癌
144853,M80920/3,硬斑性基底细胞癌
144854,M82550/3,腺癌，伴混合性亚型
144855,K00.604,牙齿萌出过晚
144856,K00.600x005,乳牙萌出过迟
144857,I48.x05,特发性心房颤动
144858,I48.x00x023,特发性心房纤颤
144860,I48.900x004,心房颤动(心房纤颤)
144861,M81201/1,膀胱息肉
144862,M81.900,骨质疏松
144863,M85700/3,腺棘皮癌
144864,M85020/3,乳房幼年型癌
144865,M51.101+G55.1*,腰椎间盘脱出伴坐骨神经痛
144866,M84900/6,转移性印戒细胞癌
144867,M91410/0,血管角质瘤
144868,M95500/0,丛状神经纤维瘤
144869,M82510/3,肺泡腺癌
144870,M83300/3,滤泡性腺癌
144871,M84400/3,囊腺癌
144872,M82510/6,转移性肺泡腺癌
144873,J03.900,急性扁桃体炎
144874,J03.900,急性扁桃体炎
144875,J03.900,急性扁桃体炎
144876,M82450/1,管状类癌
144877,M98970/3,急性髓样白血病，11q23异常
144878,M81480/2,腺状上皮内肿瘤，3级
144879,M88130/3,筋膜纤维肉瘤
144880,M91010/3,绒毛膜癌伴畸胎瘤
144881,L30.800x018,黑踵
144882,L30.800x016,足前部湿疹
144883,L30.800x014,干燥性足跖湿疹
144884,L30.800x013,类风湿性嗜中性皮炎
144885,L30.800x012,幼年跖部皮病
144886,L30.800x008,渗出性盘状及苔癣样皮炎
144887,L30.800x017,苔癣样念珠状疹
144888,L30.800x011,晕皮炎
144889,L30.800,皮炎，其他特指的
143436,M24.605,手骨间关节强硬
143437,M96650/3,结节硬化淋巴细胞为主型霍奇金病
143438,M96830/3,弥漫性中心母细胞性淋巴瘤
143439,M96620/3,霍奇金肉瘤
143440,M97530/1,朗格汉斯细胞组织细胞增生症，多病灶
143441,M94100/3,原浆性星形细胞瘤
143442,M99800/1,难治性贫血
143443,M98000/3,白血病
143444,M86700/0,卵巢脂质细胞瘤
143445,L98.400x009,类热带溃疡
143446,L98.400x008,慢性潜行性隧道状溃疡
143447,L98.400x006,沙漠疮
143448,L98.400x004,肘溃疡
143449,L98.400x003,手溃疡
143450,L98.400x001,腹壁溃疡
143451,L98.400,皮肤慢性溃疡，不可归类在他处者
143452,L98.400,皮肤慢性溃疡，不可归类在他处者
143453,M91310/0,毛细血管瘤
143454,M98660/3,急性早幼粒细胞性白血病
143455,M94900/6,转移性神经节神经母细胞瘤
143456,M80740/3,梭形细胞鳞状细胞癌
143457,M91850/3,小细胞骨肉瘤
143458,M88600/3,血管肌脂肪瘤，恶变
143459,M86920/1,颈动脉体瘤
143460,M97310/3,浆细胞瘤
143461,M89590/0,良性囊性肾瘤
143462,M83150/3,富糖原癌
143463,H60.001,外耳疖
143464,M87710/0,上皮样细胞痣
143465,M90201/6,转移性叶状囊肉瘤
143466,M96541/3,淋巴细胞减少型霍奇金病，弥漫性纤维化，经典型
143467,M82490/3,非典型类癌性瘤
143468,M85850/1,胸腺瘤，B3型
143469,M95820/0,鞍区颗粒细胞瘤
143470,T20.002,耳烧伤
143471,M96630/3,结节硬化型霍奇金病
143472,M92710/0,牙本质瘤
143473,M82530/3,细支气管肺泡癌，黏蛋白性
143474,M89350/6,转移性间质性肉瘤
143475,M82900/0,嗜酸性腺瘤
143476,M95301/3,恶性脊膜瘤
143477,M93700/3,脊索瘤
143478,L02.100x002,颈部脓肿
143479,L02.100x003,颈部痈
143480,L02.100,颈部皮肤脓肿、疖和痈
143481,M83180/3,肉瘤样肾细胞癌
120292,H05.205,眼眶水肿
135432,R94.304,RR间期延长
134650,R09.101,胆汁性胸膜炎
127413,M19.900x093,指骨关节病
136157,S25.800x003,乳房静脉损伤
127237,M02.100,痢疾后关节病
135380,R93.300x002,脾占位性病变
126589,L25.200,染料引起的接触性皮炎
127242,M02.900,反应性关节病
136933,S52.814,开放性尺骨下端骨折
135409,R93.804,纵隔移位
120367,H15.100,巩膜外层炎
120409,H16.300x005,角膜基质炎
137118,S62.600x002,指骨骨骺分离
136953,S53.400x021,尺侧副韧带扭伤
135681,S05.209,创伤性玻璃体脱垂
120416,H16.800,角膜炎，其他的
135460,S00.000,头皮浅表损伤
137372,S72.400x031,股骨髁上骨折
117434,E51.900,硫胺素缺乏
138081,T11.100,上肢开放性伤口
127611,M24.004,指关节游离体
128621,M75.900,肩损害
137405,S74.700x001,髋部多处神经损伤
128451,M70.502,腘滑囊炎
136408,S34.504,内脏神经损伤
136657,S39.902,阴道损伤
117458,E55.000,佝偻病，活动性
128090,M48.805,骶尾椎后纵韧带骨化
127171,L98.600,皮肤和皮下组织其他的浸润性疾患
123731,J38.101,喉息肉
124837,K13.200x007,口腔黏膜红斑
122965,I74.800x007,腋动脉血栓形成
122072,I47.100x001,窦房折返性心动过速
123844,J39.810,气管息肉
124026,J68.001,化学性肺炎
128889,M85.600x093,孤立性骨囊肿
123013,I77.100x028,胫腓干动脉狭窄
123117,I80.204,髂外静脉血栓形成
129175,M95.205,后天性面部畸形
127965,M43.202,骶髂关节强硬
124244,J98.405,肺炎性假瘤
144176,M80970/3,基底细胞癌，结节性
144177,L08.900x027,水疱性远端指炎
144178,L08.900x026,铜绿假单胞菌趾蹼感染
144179,L08.910,足皮肤感染
144180,M98340/3,幼淋巴细胞白血病，T细胞型
144181,M91720/0,海绵状淋巴管瘤
144182,M98910/3,急性单核细胞白血病
144183,M85701/3,腺癌，伴鳞状化生
144184,M93300/3,成釉细胞纤维肉瘤
144185,M80030/1,良性或恶性未肯定巨细胞瘤
144186,M89360/6,转移性胃肠道间质性瘤
144187,J11.800x013,未确认的季节性病毒性流感
144188,J11.100x001,未知病毒的流感性感冒
144189,J11.100x001,未知病毒的流感性感冒
144190,J11.100x001,未知病毒的流感性感冒
144191,K11.701,口干燥症
144192,M93100/6,转移性成釉细胞瘤
144193,M84700/6,转移性黏液性囊腺癌
144194,M85890/3,癌，表现出胸腺样成分
144195,M92700/1,牙源性瘤
144196,N321,妊娠不满2个月门诊流产
144197,M99400/3,多毛细胞白血病
144198,M92900/6,转移性成釉细胞牙肉瘤
144199,M98730/3,急性髓系白血病，不伴成熟
144200,M93520/1,乳头状颅咽管瘤
144201,M81720/3,硬癌性肝细胞癌
144202,N41.000,急性前列腺炎
144203,M94440/1,脊索状神经胶质瘤
144204,M96810/3,弥漫性大细胞核裂淋巴瘤
144205,M93000/0,腺瘤样牙源性瘤
144206,M80100/0,良性上皮肿瘤
144207,M92500/3,恶性骨巨细胞瘤
144208,M87250/0,神经痣
144209,M82450/3,腺类癌瘤
144210,M93840/1,室管膜下巨细胞星形细胞瘤
144211,M93220/0,周围牙源性纤维瘤
144212,M95700/0,神经瘤
144213,H58.8*,分类于他处的疾病引起的眼和附器的其他疾患
144214,J41.100,黏液脓性慢性支气管炎
144215,M81600/3,胆管癌
144216,M80510/3,疣状癌
144217,M83231/3,混合性管状腺癌和黏液腺癌
144218,M95600/0,神经鞘瘤
144219,M80440/3,小细胞癌，中间细胞
144220,M82201/3,家族性息肉病，癌变
144221,M84400/6,转移性囊腺癌
144222,M96891/3,脾边缘带淋巴瘤
144890,M80500/3,乳头状癌
144891,M89660/0,肾髓性间质细胞瘤
144892,M97640/3,免疫增生性小肠病
144893,M85130/3,非典型性髓样癌
144894,M89010/3,多形型横纹肌肉瘤
144895,M82101/3,腺瘤样息肉，癌变
144896,M89340/6,转移性癌性纤维瘤
144897,M99660/3,髓样肿瘤伴PDGFRB重排
144898,M96750/3,小细胞和大细胞混合型弥漫性恶性淋巴瘤
144899,M90600/6,转移性无性细胞瘤
144900,M98201/3,淋巴细胞性白血病
144901,M94730/3,原始神经外胚瘤
144902,M95140/1,视网膜母细胞瘤，自然消退
144903,M82443/3,混合性腺鳞癌和神经内分泌癌
144904,M85800/6,转移性胸腺瘤
144905,M96801/3,弥漫性大细胞淋巴瘤
144906,M83740/0,肾上腺皮质腺瘤，小球细胞
144907,M88300/1,非典型性纤维组织细胞瘤
144908,M91040/1,胎盘部位滋养细胞瘤
144909,M82300/2,实体型导管原位癌
144910,M80700/3,鳞状细胞癌
144911,M87801/0,雅达松蓝痣
144912,M95300/3,恶性脑膜瘤
144913,M82540/3,细支气管肺泡癌，黏蛋白性和非黏蛋白性
144914,M85500/6,转移性腺泡细胞癌
144915,M84801/6,腹膜假黏液瘤
144916,M92610/3,长骨釉质瘤
144917,M85000/6,转移性导管癌
144918,M95400/6,转移性神经纤维肉瘤
144919,M80840/3,鳞状细胞癌，明细胞型
144920,M98410/3,急性红细胞增多症
144921,M81200/0,移行细胞乳头状瘤
144922,M86400/0,塞尔托利细胞瘤
144923,M84050/0,乳头状汗腺腺瘤
144924,M89590/1,囊性部分分化性肾母细胞瘤
144925,M86100/0,黄体瘤
144926,M90130/0,腺纤维瘤
144928,M98020/3,亚急性白血病
144929,M87410/2,癌前黑素沉着病
144930,M94110/3,大圆细胞性星形细胞瘤
144931,M92720/0,牙骨质瘤
144932,M90910/1,甲状腺肿性类癌
144933,M92700/3,恶性牙源性瘤
144934,M91600/0,血管纤维瘤
144935,K08.104,牙列部分缺失
144936,M87440/3,恶性肢端着色斑性黑色素瘤
143482,M88910/3,上皮样平滑肌肉瘤
143483,N18.904,慢性肾功能不全
143484,N18.900x011,慢性肾损害
143485,M80300/3,巨细胞和梭型细胞癌
143486,M85220/3,浸润性导管和小叶癌
143487,M88400/0,黏液瘤
143488,M85430/6,转移性乳房佩吉特病和导管内癌
143489,M89400/3,恶性混合瘤
143490,M85080/3,囊性分泌亢进性癌
143491,M94910/0,神经节瘤病
143492,M99000/3,肥大细胞白血病
143493,M95710/0,神经束瘤
143494,M85420/3,乳房外佩吉特病
143495,M81440/3,肠型腺癌
143496,M97500/3,恶性组织细胞增生症
143497,M88270/1,支气管周肌纤维母细胞性瘤
143498,K20.x00x011,出血性食管炎
143499,K20.x00x012,剥脱性食管炎
143500,K22.800x023,食道感染
143501,K20.x00,食管炎
143502,M80220/6,转移性多形性癌
143503,M90730/1,性腺母细胞瘤
143504,M95300/1,脑(脊)膜瘤病
143505,M95710/3,恶性神经束瘤
143506,M90610/3,精原细胞瘤
143507,M92210/3,近皮质软骨肉瘤
143508,M95610/3,恶性蝾螈瘤
143509,M87300/0,无色素痣
143510,M88500/3,脂肪肉瘤
143511,M87001/3,嗜铬母细胞瘤
143512,M85110/3,髓样癌伴淀粉样间质
143513,L27.900x001,重症药疹
143514,L27.005,药物性皮炎
143515,M96890/3,脾缘区B细胞淋巴瘤
143516,L08.904,下肢皮肤感染
143517,M87200/3,恶性黑色素瘤
143518,M91830/3,毛细血管扩张性骨肉瘤
143519,A49.809,幽门螺旋杆菌感染
143520,M94230/3,极性成胶质细胞瘤
143521,M82200/3,结肠腺瘤样息肉病内腺癌
143522,M91360/1,梭形细胞血管内皮瘤
143523,M93110/0,牙成釉细胞瘤
143524,M95950/3,弥漫性淋巴瘤
143525,M82000/0,外分泌性皮肤圆柱瘤
143526,M81410/3,硬腺癌
143527,M95020/3,畸胎样髓上皮瘤
143528,M86931/3,恶性肾上腺外节旁体瘤
143529,M88580/3,去分化型脂肪肉瘤
143530,M88150/0,孤立性纤维性瘤
143531,M91330/3,恶性上皮样血管内皮瘤
129140,M93.900,骨软骨病
123823,J39.216,咽喉溃疡
124052,J70.300,慢性药物性间质性肺疾患
123606,J32.800x002,额窦筛窦炎
129167,M95.006,驼峰鼻
124860,K13.500x002,腭部黏膜下纤维化
120965,H50.002,交替性内斜视
123871,J43.902,肺大疱破裂
121664,I22.800x014,急性下壁高侧壁正后壁再发心肌梗死
128940,M86.909,骨盆骨髓炎
129194,M95.500,骨盆的后天性变形
124110,J86.005,食管胸腔瘘
124148,J93.900,气胸
129898,N49.201,阴囊蜂窝织炎
129197,M95.503,后天性骨盆倾斜
130233,N83.808,输卵管坏死
121033,H52.101,高度近视
129000,M89.305,颧骨肥大
129920,N50.800x027,精囊结石
130177,N82.400,女性肠-生殖道瘘，其他的
124937,K14.900x004,舌缺损
121713,I25.200,陈旧性心肌梗死
130031,N70.906,输卵管周围炎
124734,K11.800x006,坏死性唾液腺化生
121669,I22.900,随后性心肌梗死
121007,H50.601,上斜肌肌鞘综合征(Brown综合征)
125017,K25.501,幽门穿孔
122649,I70.208,闭塞性周围动脉粥样硬化
121965,I38.x00x007,慢性心脏瓣膜炎
130006,N64.503,乳头溢血
125032,K26.400,慢性十二指肠溃疡伴有出血
121930,I35.100,主动脉瓣关闭不全
130241,N83.903,阔韧带肿物
130282,N85.809,子宫糜烂
122026,I44.304,左室支架硬化症
126795,L60.800x024,蓝甲
126833,L65.905,眉毛脱落
121723,I25.200x019,陈旧性高侧壁正后壁心肌梗死
130072,N73.606,卵巢-输卵管粘连
121569,I20.004,卧位型心绞痛
128113,M50.800,颈椎间盘疾患，其他的
121996,I42.500x001,限制性心肌病
143414,81.5400,全部膝关节置换
143415,81.5400x004,膝关节单踝表面置换术
144223,M87230/3,退行性恶性黑色素瘤
144224,M82210/0,多发性腺瘤样息肉
144225,M80000/3,恶性肿瘤
144226,M97410/3,恶性肥大细胞增多症
144227,M87400/3,交界痣内恶性黑色素瘤
144228,M85840/3,恶性胸腺瘤，B2型
144229,M95330/0,沙粒体性脑(脊)膜瘤
144230,M97272/3,淋巴母细胞瘤
144231,M87740/3,梭形细胞黑色素瘤，B型
144232,M89800/6,转移性癌肉瘤
144233,M98212/3,急性淋巴细胞性白血病，L2型
144234,M82020/0,微小囊性腺瘤
144235,E78.000,纯高胆固醇血症
144236,M98050/3,急性混合细胞性白血病
144237,M99890/1,骨髓增生异常综合征
144238,M84510/1,交界恶性乳头状囊腺瘤
144239,M95210/3,感觉神经细胞瘤
144240,M94010/3,间变性星形细胞瘤
144241,M97220/3,莱特雷尔-西韦病
144242,M96540/3,淋巴细胞减少型霍奇金病，弥漫性纤维化
144243,L20.802,变应性湿疹
144244,M81240/3,泄殖腔源性癌
144245,M94800/6,转移性小脑肉瘤
144246,M88960/3,黏液样平滑肌肉瘤
144247,M88000/6,转移性肉瘤
144248,M96790/3,纵隔大B细胞淋巴瘤
144249,N95.100,绝经期和女性更年期状态
144250,M94710/3,促结缔组织增生性成神经管细胞瘤
144251,M93500/1,颅咽管瘤
144252,M84020/0,透明细胞汗腺腺瘤
144253,G51.803,面神经炎
144254,M91100/0,良性中肾瘤
144255,M87600/0,复合痣
144256,M95070/0,帕西尼瘤
144257,M89100/6,转移性胚胎性横纹肌肉瘤
144258,M94700/6,转移性成神经管细胞瘤
144259,M94220/3,成胶质细胞瘤
144260,M99611/1,巨核细胞性骨髓硬化
144261,M88940/3,血管肌肉瘤
144262,M80040/3,梭形细胞型恶性肿瘤
144263,M87130/0,血管球肌瘤
144264,M89670/0,骨化性肾瘤
144265,M94730/6,转移性原始神经外胚瘤
144266,M85880/3,梭形上皮性瘤，伴胸腺样成分
144267,M83830/3,纤毛细胞变异性子宫内膜样腺癌
144937,M93400/0,钙化上皮性牙源性瘤
144938,M80710/3,角化性鳞状细胞癌
144939,M95030/3,神经上皮瘤
144940,Z51.807A,乳腺化疗
144941,M89330/6,转移性腺肉瘤
144942,M80700/6,转移性鳞状细胞癌
144943,M80411/3,小细胞神经内分泌癌
144944,N76.400x002,小阴唇脓肿
144945,N76.400,外阴肿脓
144946,M81020/0,毛根鞘瘤
144947,L90.500x060,躯干瘢痕
144948,N81.101,阴道前壁脱垂
144949,N81.101,阴道前壁脱垂
144950,B37.301+N77.1*,念珠菌性阴道炎
144951,B37.301+N77.1*,念珠菌性阴道炎
144952,B37.301+N77.1*,念珠菌性阴道炎
144953,B37.301+N77.1*,念珠菌性阴道炎
144954,M80520/3,乳头状鳞状细胞癌
144955,M90650/3,非精原细胞瘤样生殖细胞瘤
144956,M98060/3,混合表型急性白血病，伴t(9;22)(q34;q11.2);BCR-ABL1
144957,M97313/3,骨的孤立性浆细胞瘤
144958,M93420/3,牙源性癌肉瘤
144959,M99630/3,慢性中性粒细胞白血病
144960,M86820/1,副交感神经节旁体瘤
144961,M95000/3,成神经细胞瘤
144962,M87240/3,鼻纤维性丘疹
144963,M93910/6,转移性室管膜瘤
144964,M91900/3,骨旁骨肉瘤
144965,M97060/3,外周T细胞淋巴瘤，多形性小细胞
144966,M89400/6,转移性混合瘤
144967,M88100/3,纤维肉瘤
144968,M88100/1,细胞性纤维瘤
144969,M97131/3,恶性网状细胞增多症
144970,M96660/3,结节硬化混合细胞性霍奇金病
144971,M86800/6,转移性节旁体瘤
144972,M84900/3,印戒细胞癌
144973,M81620/3,克拉特斯金瘤
144974,M94400/3,成神经胶质细胞瘤
144975,M98750/3,慢性髓系白血病，BCR/ABL阳性
144976,M91000/3,绒毛膜癌
144977,M83800/6,转移性子宫内膜样腺癌
144978,M82101/2,管状腺瘤内的原位腺癌
144979,M98500/3,淋巴肉瘤细胞白血病
144980,M81560/6,转移性生长抑素瘤
144981,M85801/1,化生型胸腺瘤
144982,M92410/0,软骨黏液样纤维瘤
144983,M88101/0,真皮纤维瘤
143532,M87610/1,巨大色素痣
143533,M85810/3,恶性胸腺瘤，A型
143534,M85230/3,浸润性导管和黏液癌
143535,M98012/3,干细胞白血病
143536,M96510/3,霍奇金淋巴瘤，富淋巴细胞性
143537,M88030/3,小细胞肉瘤
143538,D47.300,特发性(出血性)血小板增多症
143539,M99460/3,幼年粒单核细胞白血病
143540,M81200/6,转移性移行细胞癌
143541,M95810/3,软组织腺泡状肉瘤
143542,M83220/3,水样明细胞腺癌
143543,M91800/3,骨肉瘤
143544,M98670/3,急性粒单核细胞白血病
143545,M80110/3,恶性上皮瘤
143546,M81530/6,转移性胃泌素瘤
143547,M83900/0,皮肤附属器腺瘤
143548,M91740/0,淋巴管肌瘤
143549,M81210/0,施奈德乳头状瘤
143550,M96770/3,恶性淋巴瘤性息肉病
143551,M89361/3,胃肠道间质肉瘤
143552,M90400/0,良性滑膜瘤
143553,M88330/3,色素沉着性隆凸性皮肤纤维肉瘤
143554,M95300/0,脑(脊)膜瘤
143555,I50.902,心功能Ⅰ级
143556,I51.900x002,心功能Ⅰ级（NYHA分级）
143557,M82470/3,梅克尔细胞癌
143558,S02.500,牙折断
143559,M82600/0,乳头状腺瘤
143560,M83840/3,宫颈内膜型腺癌
143561,M85410/3,乳房佩吉特病和浸润性导管癌
143562,M93610/1,松果体细胞瘤
143563,M98610/3,急性髓系白血病
143564,M87610/3,巨大色素痣内恶性黑色素瘤
143565,M89360/1,胃肠道间质性瘤，潜在恶性未肯定
143566,M92400/6,转移性间质性软骨肉瘤
143567,M98650/3,急性髓系白血病，t(6;9)(p23;q34);DEK-NUP214
143568,M80700/2,鳞状细胞原位癌
143569,M80980/3,腺样基底癌
143570,M81520/6,转移性高血糖素瘤
143571,M97680/1,T-γ淋巴组织增生性疾病
143572,M98420/3,慢性红细胞增多症
143573,M85232/3,浸润性导管和管状癌
143574,M83601/1,多发性内分泌腺瘤，1型
143575,M85140/3,促结缔组织增生型导管癌
143576,M95320/0,纤维性脑(脊)膜瘤
143577,M87220/0,气球细胞痣
121598,I21.200x009,急性心房心肌梗死
122667,I70.810,其他动脉粥样硬化伴坏疽
126859,L70.002,结节性痤疮
121810,I27.200x004,甲状腺相关性肺动脉高压
122930,I74.300x330,腓动脉闭塞
127151,L95.800,局限于皮肤的其他血管炎
120824,H40.501,新生血管性青光眼
122392,I63.208,椎动脉狭窄脑梗死
121251,H70.201,岩锥脓肿
121286,H74.300,听骨其他后天性异常
142772,Z80.801,涎腺恶性肿瘤家族史
110829,A31.000x005,胞内分枝杆菌感染
121228,H66.400,化脓性中耳炎
143264,Z98.800x417,淋巴静脉吻合术后
121498,I09.900x002,风湿性全心炎
110833,A31.100x002,溃疡分枝杆菌感染
121358,H91.801,创伤性耳聋
121141,H59.806,手术后虹膜嵌顿
129049,M89.908,大腿骨肿物
142618,Z61.700,与在童年时受惊吓的经历有关，具有潜在健康问题
142904,Z87.400,泌尿生殖系统疾病个人史
130092,N76.100x001,慢性外阴阴道炎
122177,I50.900x017,难治性心力衰竭
110795,A28.000,巴斯德菌病
142924,Z88.301,呋喃坦啶过敏个人史
124783,K12.203,颊部脓肿
124818,K13.004,唇畸形
122413,I63.904,小脑梗死
122452,I65.300x003,双侧入脑前动脉狭窄
111739,B23.100x001,持续性全身淋巴结肿大综合征
110869,A36.100,鼻咽白喉
120843,H43.200x001,星状玻璃体变性
121837,I28.800x007,肺血管炎
142443,Z51.800x094,恶性肿瘤内分泌治疗
122494,I66.401,多发性大脑动脉闭塞
122279,I60.700x001,脑动脉瘤破裂伴蛛网膜下腔出血
122119,I49.001,心室颤动
142468,Z51.901,对症治疗
122518,I67.100x001,脑动脉瘤
122295,I60.900x004,脑实质出血继发蛛网膜下腔出血
144268,M81410/6,转移性硬腺癌
144269,M98011/3,未分化细胞白血病
144270,M99500/1,真性红细胞增多症
144271,M92610/6,转移性长骨釉质瘤
144272,M87720/3,梭形细胞黑色素瘤
144273,M89321/0,非典型性息肉样腺肌瘤
144274,M88940/0,血管肌瘤
144275,M80340/3,多角细胞癌
144276,M89050/0,生殖器横纹肌瘤
144277,M82400/3,恶性类癌
144278,M83700/0,肾上腺皮质腺瘤
144279,M81460/0,单形性腺瘤
144280,M84000/1,汗腺瘤
144281,I77.605,下肢动脉炎
144282,M92200/3,软骨肉瘤
144283,M95900/3,恶性淋巴瘤
144284,M80100/6,转移性癌
144285,M81700/0,肝细胞腺瘤
144286,M90600/3,无性细胞瘤
144287,E87.801,电解质代谢紊乱
144288,M91240/3,库普弗细胞肉瘤
144289,M99810/1,难治性贫血，单系病态造血
144290,M84710/3,乳头状黏液性囊腺癌
144291,M84090/0,汗腺汗孔瘤
144292,M81600/6,转移性胆管癌
144293,M98700/3,嗜碱细胞白血病
144294,M85240/3,浸润性小叶癌和其他类型癌
144295,M92300/6,转移性成软骨细胞瘤
144296,M81560/3,恶性生长抑素瘤
144297,M85600/3,腺鳞癌
144298,M92500/1,骨巨细胞瘤
144299,M85860/3,胸腺瘤，C型
144300,M98710/3,急性髓系白血病，伴异常骨髓嗜酸粒细胞
144301,M82010/2,筛状原位癌
144302,M82200/0,结肠腺瘤样息肉病
144303,E85.400x017+L99.0*,苔癣淀粉样变性
144304,E85.413+L99.0*,淀粉样变皮肤损害
144305,M91500/3,恶性血管外皮细胞瘤
144306,M88010/6,转移性梭形细胞肉瘤
144307,M80330/3,假肉瘤性癌
144308,M94220/6,转移性成胶质细胞瘤
144309,M93800/3,神经胶质瘤
144310,M90140/0,浆液性腺纤维瘤
144311,M97550/3,组织细胞肉瘤
144312,M92430/3,去分化软骨肉瘤
144313,M97660/1,血管中心性免疫增生性损害
144314,M81550/6,转移性胰腺瘤
144315,M88410/1,血管黏液瘤
144316,J21.900,急性细支气管炎
144984,M82600/6,转移性乳头状腺癌
144985,M85250/3,多形性低度腺癌
144986,M81400/6,转移性腺癌
144987,M95350/0,成血管细胞性脑(脊)膜瘤
144988,M85820/1,胸腺瘤，AB型
144989,M91250/0,上皮样血管瘤
144990,M97221/3,急性分化性进行性组织细胞增多症
144991,M98931/3,慢性单核细胞白血病，急性加重
144992,M88400/6,转移性黏液肉瘤
144993,M94600/3,成少突神经胶质细胞瘤
144994,L11.800x002,窝状角质松解症
144995,L11.800,皮肤棘层松解性疾患，其他特指的
144996,M98170/3,B淋巴母细胞白血病/淋巴瘤，t(5;14)(q31;q32);IL3-IGH
144997,M90840/0,皮样囊肿
144998,M88250/0,肌纤维母细胞瘤
144999,M88220/1,腹部纤维瘤病
145000,M89402/0,涎腺型混合瘤
145001,M88200/0,弹力纤维瘤
145002,K76.800x006,肝功能不全
145003,M80453/3,混合小细胞癌
145004,M81310/6,转移性微乳头状移行细胞癌
145005,M91920/3,骨膜外骨肉瘤
145006,L02.000x005,颌下脓肿
145007,L02.000x002,面部疖肿
145008,L02.000x001,额部脓肿
145009,L02.000,面部皮肤脓肿、疖和痈
145010,M90420/3,上皮样细胞滑膜肉瘤
145011,M80210/3,癌，间变
145012,M84530/0,导管内乳头状黏液腺瘤
145013,M88241/1,先天性全身性纤维瘤病
145014,M92201/3,软骨黏液肉瘤
145015,M90610/6,转移性精原细胞瘤
145016,M93200/0,牙源性黏液瘤
145017,M82700/3,嫌色细胞癌
145018,M88900/6,转移性平滑肌肉瘤
145019,M84800/3,黏液腺癌
145020,M94510/3,间变型少突神经胶质细胞瘤
145021,M85231/3,浸润性导管和筛状癌
145022,J02.900,急性咽炎
145023,M83460/3,混合性髓样-滤泡性癌
145024,M89630/3,杆状肉瘤
145025,M83001/3,黏液样细胞腺癌
145026,M95100/6,转移性视网膜母细胞瘤
145027,M89200/3,小泡型横纹肌肉瘤
145028,M86410/0,塞托利细胞瘤，伴脂质贮积
145029,M85921/1,混合性颗粒细胞瘤
143578,M98640/3,非白血性髓系白血病
143579,M84400/0,囊腺瘤
143580,M81200/1,膀胱上皮乳头状瘤
143581,M90520/0,良性上皮样间皮瘤
143582,M91910/0,骨样骨瘤
143583,M92300/0,成软骨细胞瘤
143584,M94720/3,成髓样肌细胞瘤
143585,K35.907,慢性阑尾炎急性发作
143586,K35.906,急性坏疽性阑尾炎伴阑尾周围炎
143587,K35.905,急性化脓性阑尾炎伴阑尾周围炎
143588,K35.903,急性坏疽性阑尾炎
143589,K35.901,急性化脓性阑尾炎
143590,K35.800x001,急性阑尾炎
143591,M85920/1,性索-性腺间质瘤，混合形式
143592,M97070/3,外周T细胞淋巴瘤，多形性中等细胞和大细胞
143593,M80221/3,多形性肉瘤样癌
143594,M81400/2,原位腺癌
143595,M95400/3,神经纤维肉瘤
143596,M81541/3,混合性胰岛细胞和外分泌腺癌
143597,M88120/0,骨膜纤维瘤
143598,M98720/3,急性髓系白血病，最低分化
143599,M84070/0,汗管瘤
143600,M83130/1,交界恶性明细胞腺纤维瘤
143601,M81300/2,非侵袭性乳头状移行细胞癌
143602,L91.801,皮肤赘生物
143603,M82310/3,单纯癌
143604,M82100/3,腺瘤样息肉内腺癌
143605,M97260/3,原发皮肤γδ-T细胞淋巴瘤
143606,M90400/3,滑膜肉瘤
143607,M80800/2,凯拉增殖性红斑
143608,M89590/6,转移性囊性肾瘤
143609,M83820/3,分泌变异性子宫内膜样腺癌
143610,M98800/3,嗜酸细胞白血病
143611,M93020/0,牙源性形骸细胞瘤
143612,M90150/0,黏液性腺纤维瘤
143613,M85910/1,性索-性腺间质瘤，不完全分化
143614,M97340/3,髓外浆细胞瘤
143615,M85610/0,腺淋巴瘤
143616,M90500/0,良性间皮瘤
143617,M86830/0,神经节细胞性节旁体瘤
143618,M85000/3,浸润性导管癌
143619,M84410/3,浆液性囊腺癌
143620,M93010/0,钙化性牙源性囊肿
143621,M93720/3,去分化脊索瘤
143622,M80410/6,转移性小细胞癌
143623,M99830/1,难治性贫血，多系病态造血
143624,M95040/3,海绵状成神经细胞瘤
143625,M80150/3,玻璃状细胞癌
130141,N81.100,膀胱膨出
123193,I86.000,舌下静脉曲张
142990,Z90.000x007,后天性上腭缺损
121640,I22.000,前壁的随后性心肌梗死
111770,B26.800x003+G63.0*,流行性腮腺炎性多神经病
123095,I78.000,遗传性出血性毛细血管扩张
124613,K09.103,鼻腭管囊肿
123276,I88.108,慢性腹股沟淋巴结炎
126934,L75.900,顶浆分泌汗腺疾患
126982,L85.900x001,皮脂腺痣
122838,I72.800x053,腹腔干动脉夹层
142523,Z54.700,联合治疗后恢复期
123533,J18.800x012,免疫抑制宿主性肺炎
126997,L89.007,枕骨区Ⅰ期压疮
112795,C34.902,细支气管恶性肿瘤
142686,Z65.300x004,与起诉有关的问题
122786,I72.300x033,髂外动脉夹层
128046,M47.803,胸椎关节强硬
124362,K02.900x001,龋病
121246,H70.100,慢性乳突炎
112829,C40.202,胫骨恶性肿瘤
113794,C84.500,其他成熟的T/NK细胞淋巴瘤
123911,J45.900x041,哮喘性肺炎
124224,J98.010,支气管骨化
123691,J35.300,扁桃体肥大伴有腺样体肥大
121484,I08.900,多个心瓣膜疾病
124405,K04.001,急性牙髓炎
124443,K05.103,溃疡性龈炎
124238,J98.400x016,肺炎性肿物
128022,M46.802,退行性脊柱炎
122870,I72.900x004,动脉夹层
121187,H61.100x007,耳廓钙化
142575,Z58.400,暴露于辐射，具有潜在健康问题
129032,M89.824,骨膜下出血
123654,J34.100,鼻和鼻窦的囊肿和黏液囊肿
112950,C44.306,鼻唇沟恶性肿瘤
113766,C83.502,B淋巴母细胞性淋巴瘤
142766,Z80.400,生殖器官恶性肿瘤家族史
124763,K12.106,变应性口炎
112505,C02.900,舌恶性肿瘤
144317,J21.900,急性细支气管炎
144318,M80760/3,微小侵袭性鳞状细胞癌
144319,M86310/0,塞尔托利-莱迪细胞瘤
144320,M81100/3,毛基质癌
144321,M80420/3,燕麦细胞癌
144322,M83603/1,多发性内分泌腺瘤，2b型
144323,M83910/0,毛囊周纤维瘤
144324,E78.200,混合性高脂血症
144325,M90711/3,睾丸母细胞瘤
144326,M94810/3,畸形细胞性肉瘤
144327,M82400/1,阑尾类癌
144328,M80750/6,转移性腺样鳞状细胞癌
144329,M84610/0,浆液性表面乳头状瘤
144330,M82600/3,乳头状腺癌
144331,M91940/3,高等级表面骨肉瘤
144332,M98350/3,前体细胞淋巴细胞白血病
144333,M93820/3,混合性神经胶质瘤
144334,M84520/6,转移性实性假乳头状癌
144335,M89800/3,癌肉瘤
144336,M97010/3,塞扎里病
144337,M80511/3,疣状鳞状细胞癌
144338,M92750/0,巨形牙骨质瘤
144339,M95080/3,非典型性胚胎样/杆状瘤
144340,M96720/3,弥漫性小核裂细胞性淋巴瘤
144341,M90120/0,小管周纤维腺瘤
144342,K73.900,慢性肝炎
144343,M84300/3,黏液表皮样癌
144344,M85820/3,恶性胸腺瘤，AB型
144345,N72.x00x003,慢性子宫颈炎
144346,M80430/3,小细胞癌，梭形细胞
144347,M91210/0,海绵状血管瘤
144348,M95381/1,透明细胞脑(脊)膜瘤
144349,M81030/0,毛发瘤
144350,M85700/6,转移性腺棘皮癌
144351,M88211/1,侵蚀性纤维瘤病
144352,M85740/3,腺癌，伴神经内分泌分化
144353,M96710/3,淋巴浆细胞性淋巴瘤
144354,M81420/3,皮革状胃
144355,M96900/3,滤泡性淋巴瘤
144356,M93921/3,成室管膜细胞瘤
144357,R09.801,胸闷
144358,M82700/6,转移性嫌色细胞癌
144359,M88520/0,黏液脂肪瘤
144360,M81500/1,胰岛细胞瘤
144361,M98661/3,复发性急性早幼粒细胞性白血病
144362,M83233/3,混合性宫内膜样腺癌和透明细胞癌
144363,M95200/6,转移性嗅神经源性瘤
144364,M93940/1,黏液乳头状室管膜瘤
144365,M86800/1,节旁体瘤
145030,M90841/3,畸胎瘤伴恶性变
145031,M80330/6,转移性假肉瘤性癌
145032,M84000/6,转移性汗腺腺癌
145033,M90130/3,腺纤维瘤，癌变
145034,M91750/0,血管淋巴管瘤
145035,M84080/3,外分泌性乳头状腺癌
145036,M80530/6,转移性内翻性乳头状瘤癌变
145037,M83370/3,岛回癌
145038,M90160/0,巨大纤维腺瘤
145039,M80400/1,微小瘤
145040,M83600/1,多发性内分泌腺瘤
145041,A09.900x007,腹泻
145042,M90710/6,转移性内胚窦瘤
145043,M80520/6,转移性乳头状鳞状细胞癌
145044,M99700/3,淋巴增生性疾病，恶性
145045,I48.200,慢性心房颤动
145046,M84700/1,黏液性囊腺瘤伴有中度发育不良
145047,M81570/1,肠高血糖素瘤
145048,M96580/3,弥漫性淋巴细胞为主型霍奇金病
145049,M86330/1,塞尔托利-莱迪细胞瘤，网状
145050,M80120/6,转移性大细胞癌
145051,M87430/3,表面扩散性黑色素瘤
145052,M97140/3,大细胞(ki-1＋)淋巴瘤
145053,M88150/3,恶性孤立性纤维性瘤
145054,M80830/3,基底样鳞状细胞癌
145055,M92100/0,骨软骨瘤
145056,M94400/6,转移性成(神经)胶质细胞瘤
145057,M87720/0,梭形细胞痣
145058,M94211/3,幼年型星形细胞瘤
145059,M85500/1,腺泡细胞瘤
145060,M80460/6,转移性非小细胞癌
145061,M85500/0,腺泡细胞腺瘤
145062,M91500/0,良性血管外皮细胞瘤
145063,M95620/0,神经鞘黏液瘤
145064,M87100/3,血管球肉瘤
145065,M84600/0,乳头状浆液性囊腺瘤
145066,M92300/3,恶性成软骨细胞瘤
145067,M89210/3,横纹肌肉瘤伴神经节分化
145068,M88240/0,肌纤维瘤
145069,M91950/3,皮质内骨肉瘤
145070,M84100/0,皮脂腺腺瘤
145071,M86340/3,塞尔托利-莱迪细胞瘤，低分化，伴异种成分
145072,M80100/3,癌
145074,M82120/0,扁平腺瘤
145075,M96760/3,弥漫性中心母细胞-中心细胞性恶性淋巴瘤
145076,M84040/0,汗腺囊瘤
145077,M85040/0,囊内乳头状腺瘤
143626,F23.000x011,"不伴有精神分裂症症状的急性精神病性障碍,伴有急性应激反应"
143627,F23.000x001,不伴有精神分裂症症状的急性精神病性障碍
143628,F23.000,不伴有精神分裂症症状的急性多形性精神病性障碍
143629,M84521/1,乳头状囊性瘤
143630,I67.200x004,颈动脉硬化
143631,M81400/1,支气管腺瘤
143632,M97290/3,前体T细胞淋巴母细胞性淋巴瘤
143633,M98960/3,急性髓系白血病，t(8;21)(q22;q22);RUNX1-RUNX1T1
143634,M80970/6,转移性基底细胞癌，结节性
143635,M83250/0,后肾腺瘤
143636,M95940/3,小神经胶质细胞瘤
143637,M93300/0,成釉细胞纤维瘤
143638,E14.900x001,糖尿病
143639,E14.900x001,糖尿病
143640,M90820/3,未分化恶性畸胎瘤
143641,M97560/3,朗格汉斯细胞肉瘤
143642,M92520/0,腱鞘巨细胞瘤
143643,M89320/0,腺肌瘤
143644,M86810/1,交感神经节旁体瘤
143646,M80530/0,内翻性乳头状瘤
143647,M87000/3,恶性嗜铬细胞瘤
143648,M85751/3,上皮/间叶混合性化生性癌
143649,M96700/3,弥漫性小细胞型淋巴瘤
143650,M95902/3,B-细胞淋巴瘤
143651,M95901/3,T-细胞淋巴瘤
143652,M81300/1,潜在低度恶性乳头状尿路上皮肿瘤
143653,M89720/3,肺母细胞瘤
143654,M86310/1,塞尔托利-莱迪细胞瘤，中分化
143655,M82630/2,管状绒毛状腺瘤内原位腺癌
143656,M91601/0,巨细胞血管纤维瘤
143657,M97540/3,朗格汉斯细胞组织细胞增生症，播散性
143658,M83130/0,明细胞腺纤维瘤
143659,M98090/3,混合表型急性白血病，伴T/髓样
143660,M85200/6,转移性小叶浸润性癌
143661,M96780/3,原发渗出性淋巴瘤
143662,M95401/0,环层小体神经纤维瘤
143663,M19.900,关节病
143664,M81210/1,翻转型移行细胞乳头状瘤
143665,M82631/3,管状绒毛状腺癌
143666,M95200/3,嗅神经源性瘤
143667,M86200/6,转移性卵泡细胞瘤
143668,M99840/1,难治性贫血，伴原始细胞增多
112585,C11.900,鼻咽恶性肿瘤
111495,B02.000x002+G05.1*,带状疱疹性脑炎
113148,C50.902,副乳腺恶性肿瘤
111940,B40.700,播散性芽生菌病
113073,C48.100x006,直肠子宫陷凹恶性肿瘤
113403,C76.502,腘窝恶性肿瘤
113001,C46.100,软组织卡波西肉瘤
113094,C49.101,肩结缔组织和软组织恶性肿瘤
110224,A15.100x009,"继发性肺结核（复治,广泛耐药）涂阴培阳"
113240,C68.800,泌尿器官交搭跨越恶性肿瘤的损害
110354,A16.022,结核性肺炎，病理（-）
110435,A16.805,扁桃体结核
113490,C78.600,腹膜后和腹膜继发性恶性肿瘤
113605,C79.500x031,胸椎继发恶性肿瘤
111156,A54.003,淋球菌性宫颈炎
113036,C47.200x004,髂部周围神经和自主神经恶性肿瘤
110160,A07.900x001,肠道原虫感染
111404,A92.800,蚊媒介的病毒性发热，其他特指的
113272,C70.000x002,硬脑膜恶性肿瘤
110379,A16.107,空洞型肺结核，未做细菌学和组织学检查
112374,B88.100,潜蚤病(沙蚤侵染)
113526,C79.200x007,乳房皮肤继发恶性肿瘤
111336,A81.200,进行性多灶性白质脑病
111574,B08.100,传染性软疣
113168,C55.x00,子宫恶性肿瘤
110101,A04.701,艰难梭状芽孢杆菌性食物中毒
111586,B08.800x007,柯萨奇湿疹
112419,B94.200,病毒性肝炎的后遗症
110328,A15.900,呼吸道结核，经细菌学和组织学所证实的
111358,A83.900,蚊媒介的病毒性脑炎
110252,A15.307,空洞型肺结核经证实（+）
110546,A18.105+N29.1*,结核性肾盂积水
112310,B79.x00,鞭虫病
110458,A17.807+G94.0*,结核性脑积水
111517,B02.700,播散性带状疱疹
111972,B44.200x001+J99.8*,扁桃体曲霉菌病
112550,C09.100x001,舌腭弓恶性肿瘤
144366,M84010/0,顶泌性腺瘤
144367,M98370/3,前体T细胞淋巴细胞白血病
144368,M96970/3,中心母细胞性滤泡性淋巴瘤
144369,M93930/1,乳头状室管膜瘤
144370,M81400/3,腺癌
144371,M82480/1,APUD瘤
144372,M87730/3,梭形细胞黑色素瘤，A型
144373,M80451/3,小细胞-腺癌
144374,M98400/3,红白血病
144375,M83220/0,水样明细胞腺瘤
144376,M83730/0,肾上腺皮质腺瘤，明细胞
144377,M98070/3,混合表型急性白血病，伴t(v;11q23); MLL重排
144378,M83810/0,子宫内膜样腺纤维瘤
144379,M95410/3,黑变病神经纤维瘤
144380,M82720/3,垂体癌
144381,M90710/3,内胚窦瘤
144382,M83210/0,主细胞腺瘤
144383,M82800/0,嗜酸细胞腺瘤
144384,M90100/0,纤维腺瘤
144385,M98680/3,慢性粒单核细胞白血病
144386,M90720/3,多胚瘤
144387,M95010/3,髓上皮瘤
144388,M82500/6,转移性细支气管-肺泡腺癌
144389,M96860/3,弥漫性小细胞无核裂淋巴瘤
144390,M84710/0,乳头状黏液性囊腺瘤
144391,M81900/3,小梁性腺癌
144392,M84810/3,产黏液性腺癌
144393,M99620/1,特发性血小板增多症
144394,M82620/3,绒毛状腺癌
144395,M96950/3,小核裂细胞滤泡性淋巴瘤
144396,M86230/1,性索瘤伴环状小管
144397,M87900/0,细胞性蓝痣
144398,M90131/0,乳头状腺纤维瘤
144399,M88570/0,梭形细胞脂肪瘤
144400,M92510/6,转移性软组织巨细胞瘤
144401,M80010/0,良性瘤细胞
144402,M86900/1,颈静脉血管球瘤
144403,M80520/0,鳞状细胞乳头状瘤
144404,R72.x00x002,白细胞分类计数异常
144405,M81000/0,毛发上皮瘤
144406,M94000/3,星形细胞瘤
144407,M87901/0,巨蓝痣
144408,M88550/3,混合型脂肪肉瘤
144409,M88500/1,非典型脂肪瘤
144410,M96803/3,弥漫大B细胞淋巴瘤
144411,M90200/0,良性叶状瘤
144412,M97181/3,原发皮肤间变性大细胞淋巴瘤
144413,M88340/1,巨细胞纤维母细胞瘤
144414,M91800/0,骨瘤
145078,K51.900x001,溃疡性肠炎
145079,K51.900,溃疡性结肠炎
145080,M98214/3,慢性粒细胞性白血病，急淋变
145081,M88540/0,多形性脂肪瘤
145082,M91200/0,血管瘤
145083,M92500/6,转移性骨巨细胞瘤
145084,M81470/3,基底细胞腺癌
145085,M82100/0,腺瘤样息肉
145086,M95380/1,乳头状脑(脊)膜瘤
145087,E34.903,内分泌功能障碍
145088,J04.100,急性气管炎
145089,J04.100,急性气管炎
145090,M89330/3,腺肉瘤
145091,M98421/3,海尔迈尔-舍纳病
145092,M85220/2,导管内癌和小叶原位癌
145093,M94920/0,神经节细胞瘤
145094,M88250/1,炎性肌纤维母细胞瘤
145095,I25.900,慢性缺血性心脏病
145096,M97580/3,小结滤泡树突细胞瘤
145097,M84700/3,黏液性囊腺癌
145098,M91300/3,恶性血管内皮瘤
145099,M94740/3,大细胞髓母细胞瘤
145100,M92210/0,近皮质软骨瘤
145101,M82102/2,腺瘤样息肉内的原位癌
145102,M84800/6,转移性黏液腺癌
145103,M80100/2,原位癌
145104,M84100/3,皮脂腺腺癌
145105,M81200/3,移行细胞癌
145106,M92200/0,软骨瘤
145107,L20.900,特应性皮炎
145108,M98632/3,慢性中幼粒细胞性白血病
145109,M80940/3,基底鳞状细胞癌
145110,M84430/0,明细胞囊腺瘤
145111,M82401/1,嗜银细胞瘤
145112,J04.000,急性喉炎
126227,K90.100,热带口炎性腹泻
125102,K29.602,肥厚性胃炎
116180,D70.x03,科斯特曼病
125451,K56.101,结肠套叠
116403,E01.100,碘缺乏相关性多结节性（地方性）甲状腺肿
114573,D17.900x002,脂肪瘤
125798,K70.400x002,亚急性酒精性肝衰竭
115571,D47.402,（特发性）（髓样化生性）骨髓纤维化
116194,D72.101,反应性嗜酸性粒细胞增多症
125495,K57.201,大肠憩室病伴有脓肿
115497,D44.300,垂体动态未定或动态未知的肿瘤
116892,E13.900x006,胰源性糖尿病
126120,K83.401,法特壶腹痉挛
125549,K60.402,直肠皮肤瘘
116128,D69.100,血小板质量缺陷
116298,D80.601,免疫缺陷伴高免疫球蛋白血症
125852,K72.902,肝萎缩
116342,D84.102,补体1酯酶抑制剂［C1-INH］缺乏
125348,K51.003,溃疡性全结肠炎，重度
113956,C91.007,成人Ph+急性淋巴细胞白血病（ALL）
115290,D38.001,喉肿瘤
114637,D18.000x845,上颌窦血管瘤
125178,K35.200,急性阑尾炎伴有弥漫性腹膜炎
116308,D81.200,重症联合免疫缺陷［SCID］伴有低或正常数量的B细胞
125198,K38.800x003,阑尾套叠
116872,E13.000,糖尿病伴有昏迷，其他特指的
126413,L03.003,甲沟炎
125055,K27.500x001,多发性溃疡伴穿孔
125628,K63.107,肠破裂
116072,D68.203,凝血因子Ⅱ缺乏症
115438,D43.100,脑幕下动态未定或动态未知的肿瘤
125695,K64.100,Ⅱ度痔
113939,C90.302,浆细胞瘤
126175,K85.817,急性化脓性胰腺炎，重症
114613,D18.000x809,舌部血管瘤
125406,K55.000x005,缺血性结肠炎
125975,K76.813,肝内钙化点
113991,C92.004,急性髓细胞白血病，M0型
126327,K91.834,胃肠吻合口炎
111199,A56.000x003,衣原体性尿道炎
111299,A77.000x001,落基山斑点热
111456,B00.500,疱疹病毒性眼病
111534,B05.400,麻疹伴有肠道并发症
112070,B51.000x001+D77*,间日疟伴脾破裂
110976,A43.000,肺诺卡菌病
111908,B37.900x002,近平滑念珠菌感染
111995,B45.300,骨隐球菌病
112360,B87.200x001+H58.8*,眼蝇蛆病
111252,A66.501+J99.8*,毁形性鼻咽炎
112253,B70.100,裂头蚴病
143669,M80010/3,恶性瘤细胞
143670,M81210/3,施奈德癌
143671,M97321/3,多发性浆细胞骨髓瘤
143672,L29.900,瘙痒(症)
143673,M84200/0,耵聍腺瘤
143674,M83341/0,巨滤泡性腺瘤
143675,M97120/3,血管内皮瘤病
143676,M92100/1,骨软骨瘤病
143677,M89000/3,横纹肌肉瘤
143678,M88102/0,骨纤维瘤
143679,M87203/0,毛痣
143680,M87000/6,转移性嗜铬细胞瘤
143681,M90000/3,恶性布伦纳瘤
143682,M89720/6,转移性肺母细胞瘤
143683,M93900/6,转移性脉络丛乳头状瘤
143684,K04.005,牙髓息肉
143685,K04.003,牙髓脓肿
143686,K04.000,牙髓炎
143687,M93120/0,鳞状牙源性瘤
143688,M91500/6,转移性血管外皮细胞瘤
143689,M83000/0,嗜碱细胞腺瘤
143690,M90620/3,间变精原细胞瘤
143691,M88240/1,肌纤维瘤病
143692,M84700/0,黏液性囊腺瘤
143693,M94300/3,成星形细胞瘤
143694,J98.700,呼吸道感染
143695,N28.800x007,慢性输尿管炎
143696,N28.834,输尿管炎
143697,M86930/1,化学感受器瘤
143698,L97.x00,下肢溃疡，不可归类在他处者
143699,M80600/0,乳头状瘤病
143700,M93730/3,旁脊索瘤
143701,M82640/0,腺状乳头状瘤病
143702,M84530/1,导管内乳头状黏液瘤伴有发育不良
143703,M80940/6,转移性基底鳞状细胞癌
143704,M86200/3,恶性卵泡细胞瘤
143705,M85200/3,浸润性小叶癌
144415,M88901/1,血管平滑肌瘤病
144416,M80002/3,息肉恶变
144417,M85600/6,转移性腺鳞癌
144418,M97312/3,浆细胞肉瘤
144419,M88320/0,皮肤纤维瘤
144420,M98600/3,髓系白血病
144421,M81740/3,肝细胞癌，明细胞型
144422,M81520/3,恶性高血糖素瘤
144423,M80000/0,良性肿瘤
144424,M96600/3,霍奇金副肉芽肿
144425,M83440/3,柱状细胞乳头状癌
144426,K64.810,血栓性痔
144427,M82631/0,绒毛腺性腺瘤
144428,M93410/1,牙源性明细胞瘤
144429,M82810/6,转移性混合性嗜酸-嗜碱细胞癌
144430,M83170/3,嫌色细胞型肾细胞癌
144431,M87200/6,转移性黑色素瘤
144432,M97322/3,骨髓瘤病
144433,M97690/3,免疫球蛋白沉积病，恶性
144434,M80450/3,小细胞-大细胞癌
144435,M97092/3,皮肤T细胞淋巴瘤
144436,I27.200x021,中度肺动脉高压
144437,M90430/3,双相分化滑膜肉瘤
144438,M89000/0,横纹肌瘤
144439,M86500/1,莱迪细胞瘤
144440,M97610/3,瓦尔登斯特伦巨球蛋白血症
144441,M84620/3,交界恶性乳头状浆液性囊腺瘤
144442,M84701/3,假黏液性腺癌
144443,M88210/1,硬纤维瘤
144444,M95130/3,视网膜母细胞瘤，弥漫性
144445,M83121/3,乳头状肾细胞癌
144446,M81010/0,毛囊瘤
144447,M88040/3,上皮样细胞肉瘤
144448,M88911/0,平滑肌母细胞瘤
144449,M98080/3,混合表型急性白血病，伴B/髓样
144450,K35.104,急性化脓性阑尾炎伴周围脓肿
144451,K35.102,回盲部脓肿
144452,K35.100x011,阑尾炎伴脓肿
144453,K35.100x004,急性阑尾炎伴腹腔脓肿
144454,K35.100,急性阑尾炎伴有腹膜脓肿
144455,K35.301,急性阑尾炎伴腹膜脓肿
144456,M87120/0,血管球性血管瘤
144457,M97612/3,沃尔丹斯特伦巨球蛋白血症
144459,M88230/1,促结缔组织增生性纤维瘤
144460,M89300/6,转移性子宫内膜间质肉瘤
144461,M98200/3,淋巴样白血病
144462,M99610/1,骨髓纤维化伴髓样化生
116253,D75.105,相对性红细胞增多症
125728,K65.010,网膜脓肿
125763,K66.100,腹腔积血
116826,E11.600x014+M14.2*,2型糖尿病性手掌筋膜纤维瘤病
125232,K40.315,腹股沟直疝嵌顿
126216,K86.814,胰腺功能不全
116717,E11.103,2型糖尿病性酮症
132999,Q22.400x003,先天性三尖瓣闭锁
131943,O99.700x008,妊娠合并瘙痒性毛囊炎
114380,D13.401,肝内胆管良性肿瘤
117915,E85.002,遗传性淀粉样肾病
118152,F06.811,脑炎后精神障碍
117047,E14.700x032,糖尿病性足溃疡和周围神经病
118607,F45.401,精神性疼痛
141314,Y46.400,亚氨基二苯乙烯类的有害效应
118186,F10.503,慢性酒精中毒性幻觉症
131909,O99.511,妊娠合并胸水
117967,E87.203,呼吸性酸中毒
118820,F90.000,活动与注意失调
141522,Y60.300x001,在注射或人工免疫中意外损伤
134079,Q74.200,下肢（包括骨盆带）的其他先天性畸形
133038,Q24.300x002,"肺动脉瓣狭窄,瓣下"
114400,D14.002,中耳良性肿瘤
120565,H25.000x002,前极白内障
118647,F51.200x003,睡眠时相前移综合征
120071,G95.106,脊髓水肿
134116,Q75.800x902,先天性颅骨缺损
115244,D37.406,降结肠动态未定肿瘤
118776,F78.900,精神发育迟缓其他的，未提及行为缺陷
118690,F59.x00,与生理紊乱和躯体因素有关的行为综合征
119565,G52.300,舌下神经疾患
142133,Z38.300x001,在医院内出生的双胎活产婴儿
119065,G11.900x006,常染色体隐性遗传性共济失调
118069,F04.x00,器质性遗忘综合征，非由酒精和其他精神活性物质所致
118864,F98.800x001,儿童情感交叉擦腿综合征
141538,Y61.400,在内镜检查中异物意外地遗留在体内
133918,Q66.800x016,第5跖骨外翻
143706,M96990/3,边缘区B细胞淋巴瘤
143707,M86930/3,恶性化学感受器瘤
143708,M84410/6,转移性浆液性囊腺癌
143709,M90700/6,转移性胚胎性癌
143710,M80821/3,淋巴上皮瘤样癌
143711,M94430/3,原始极性成胶质细胞瘤
143712,M88140/3,婴儿性纤维肉瘤
143713,M85410/6,转移性乳房佩吉特病和浸润性导管癌
143714,M95600/3,恶性神经鞘瘤
143715,M86000/3,恶性泡膜细胞瘤
143716,M98220/3,亚急性淋巴细胞性白血病
143717,M89900/3,恶性间叶瘤
143718,M95220/3,成感觉神经细胞瘤
143719,M92310/3,黏液样软骨肉瘤
143720,M91300/6,转移性血管内皮瘤
143721,M89730/3,胸膜肺母细胞瘤
143722,M80730/3,非角化性小细胞鳞状细胞癌
143723,M88620/0,软骨样脂肪瘤
143724,M95230/3,感觉神经上皮瘤
143725,M98110/3,B淋巴母细胞白血病/淋巴瘤，NOS
143726,M83800/1,交界恶性子宫内膜样腺瘤
143727,M84720/3,交界恶性黏液性囊腺瘤
143728,M80810/2,鲍恩病
143729,M96820/3,弥漫性大细胞无核裂淋巴瘤
143730,M89020/3,混合型横纹肌肉瘤
143731,M98150/3,B淋巴母细胞白血病/淋巴瘤，超二倍性
143732,M87420/3,哈奇森黑素雀斑内恶性黑色素瘤
143733,M82000/3,腺样囊性癌
143734,M96740/3,中心细胞性淋巴瘤
143735,M82310/6,转移性单纯癌
143736,M93710/3,软骨样脊索瘤
143737,M90200/1,叶状囊肉瘤
143738,M88920/0,细胞性平滑肌瘤
143739,M83120/6,转移性肾细胞癌
143740,O20.000x003,晚期先兆流产
143741,O20.000,先兆流产
143742,M80900/3,基底细胞癌
143743,M85830/1,胸腺瘤，B1型
143744,M80400/0,良性微小瘤
143745,M86000/0,泡膜细胞瘤
143746,M89900/6,转移性间叶瘤
143747,M90840/3,皮样囊肿恶变
143748,M97401/3,肥大细胞肉瘤
143749,M80500/6,转移性乳头状癌
143750,M84520/3,实性假乳头状癌
143751,M86200/1,卵泡细胞瘤
143752,M81100/0,毛基质瘤
144463,M84730/3,交界恶性乳头状黏液性囊腺瘤
144464,H10.901,细菌性结膜炎
144465,M87270/0,发育不良痣
144466,M98950/3,急性髓系白血病，伴有多谱系发育不良
144467,I20.801,稳定型心绞痛
144468,M89710/3,胰母细胞瘤
144469,D72.802,白细胞增多症
144470,M96870/3,伯基特淋巴瘤
144471,M97670/1,血管免疫母细胞淋巴结病
144472,M92740/0,牙骨质化性纤维瘤
144473,M95300/6,转移性脑膜瘤
144474,M91220/0,静脉血管瘤
144475,M85620/6,转移性上皮-肌上皮癌
144476,M95000/6,转移性成神经细胞瘤
144477,M94410/3,巨细胞成(神经)胶质细胞瘤
144478,M91840/3,骨佩吉特病骨肉瘤
144479,M89900/1,间叶瘤
144480,M97320/3,多发性骨髓瘤
144481,T30.000,身体烧伤
144482,M80320/6,转移性梭形细胞癌
144483,M81910/0,胚胎性腺瘤
144484,M88301/0,纤维黄色瘤
144485,M87800/0,蓝痣
144486,M80820/3,淋巴上皮癌
144487,M80130/3,大细胞神经内分泌癌
144488,M99110/3,急性髓系白血病(巨核母细胞性)，t(1;22)(p13;q13); RBM15-MKL1
144489,M85300/3,炎性癌
144490,M80720/3,非角化性大细胞鳞状细胞癌
144491,J32.000,慢性上颌窦炎
144492,M84030/0,外分泌性汗腺腺瘤
144493,M91300/0,良性血管内皮瘤
144494,M87620/1,先天性痣内增生型皮肤损害
144495,E55.900,维生素D缺乏病
144496,E55.900,维生素D缺乏病
144497,M85800/1,胸腺瘤
144498,M87700/3,混合性上皮样和梭状细胞黑色素瘤
144499,M82610/1,绒毛状腺瘤
144500,M87200/0,色素痣
144501,M85200/2,小叶原位癌
144502,M95220/6,转移性成感觉神经细胞瘤
144503,M83500/3,无包膜硬化性癌
144504,M81510/3,恶性胰岛素瘤
144505,M86210/1,卵泡细胞-膜细胞瘤
144506,M80820/6,转移性淋巴上皮癌
144507,M97200/3,恶性组织细胞增多症
144508,M91300/1,血管内皮瘤
144509,Z96.601,人工髋关节
144510,M96960/3,结节性淋巴细胞性低分化淋巴瘤
119809,G72.300,周期性瘫痪
131150,O35.800x012,胎儿唇裂
120612,H30.000,局灶性脉络膜视网膜炎
134208,Q77.800,骨软骨发育不良伴有管状骨和脊柱发育缺陷，其他的
118195,F10.800,使用酒精引起的其他精神和行为障碍
115264,D37.604,胆管动态未定肿瘤
119760,G70.200,先天性和发育性肌无力
119656,G57.800x001,趾间神经瘤
118903,G03.903,硬脑膜炎
131195,O36.300,为胎儿缺氧体征给予的孕产妇医疗
142175,Z41.100x015,髋过宽整形
120013,G93.500x007,小脑幕孔下降疝
118944,G04.900x025,急性小脑炎
120688,H33.500x002,大泡性视网膜脱离
139921,T82.803,操作中动静脉瘘
131237,O42.200,胎膜早破，由于治疗而使产程延迟
119859,G82.000x031,急性完全性驰缓性截瘫
117151,E22.801,垂体多分泌功能瘤
132062,P00.813,母体重症肌无力新生儿
131267,O43.806,胎盘老化
117184,E23.600,垂体疾患，其他的
117753,E77.100x002,天冬氨酰葡萄糖胺尿症
120717,H35.000x017,缺血性视网膜病变
132080,P02.300x003,胎-母输血新生儿
132916,Q18.104,先天性外耳囊肿
118526,F42.100,以强迫动作［强迫仪式］为主
116983,E14.400x170+G59.0*,糖尿病性多发性单神经病
119901,G83.000x003,不完全性双上肢瘫
118553,F44.300,昼游和附体障碍
118214,F11.900,使用阿片类物质引起的精神和行为障碍
131052,O34.400x013,妊娠合并子宫颈肌瘤
141449,Y56.000x003,克霉唑药物反应
116958,E14.300x046+H36.0*,糖尿病性缺血性黄斑病性视网膜病
115812,D48.722,背动态未定肿瘤
140014,T84.604,骨折内固定物植入感染
114125,C96.202,肥大细胞肉瘤
125302,K45.000,腹疝，伴有梗阻，不伴有坏疽，其他特指的
143753,M96994/3,与支气管有关的淋巴样组织淋巴瘤
143754,M95920/3,淋巴肉瘤
143755,M88401/0,肌内黏液瘤
143756,M98040/3,非白血性白血病
143757,T30.100,一度烧伤
143758,M82620/6,转移性绒毛状腺癌
143759,M95110/3,已分化成视网膜细胞瘤
143760,M85730/3,腺癌，伴顶泌性汗腺化生
143761,M98213/3,急性淋巴细胞性白血病，L3型
143762,M90630/6,转移性精母细胞性精原细胞瘤
143763,I10.x03,高血压1级
143764,M83230/0,混合细胞腺瘤
143765,M97230/3,真性组织细胞淋巴瘤
143766,M85930/1,间质瘤，伴小性索成分
143767,M80760/2,鳞状细胞原位癌，伴可疑间质侵袭
143768,M93920/3,间变室管膜瘤
143769,M93900/0,脉络丛乳头状瘤
143770,M88510/0,纤维脂肪瘤
143771,M98980/3,髓样白血病伴唐氏综合征
143772,M92400/3,间质性软骨肉瘤
143773,M87700/0,上皮样细胞和梭形细胞痣
143774,M98630/3,慢性髓系白血病
143775,M90850/3,混合性生殖细胞瘤
143776,M51.103+G55.1*,椎间盘疾患性腰痛伴坐骨神经痛
143777,M81710/3,纤维板状肝细胞癌
143778,M88970/1,平滑肌肿瘤
143779,M96840/3,免疫母细胞性淋巴瘤
143780,M98160/3,B淋巴母细胞白血病/淋巴瘤，亚二倍性(亚二倍性ALL)
143781,M96800/3,大细胞淋巴瘤
143782,M88530/3,圆细胞脂肪肉瘤
143783,M88100/6,转移性纤维肉瘤
143784,N95.800,绝经期和围绝经期的疾患，其他特指的
143785,M99410/3,白血病性网状内皮细胞增殖
143786,M85400/3,乳房佩吉特病
143787,M88360/1,血管瘤样纤维组织细胞瘤
143788,M93100/3,恶性成釉细胞瘤
143789,M90850/6,转移性混合性生殖细胞瘤
143790,M80350/3,破骨细胞样巨细胞癌
143791,M88561/0,浸润性脂肪瘤
143792,M99820/1,难治性贫血，伴环形铁粒幼细胞
143793,I67.900,脑血管病
143794,M88300/0,纤维组织细胞瘤
143795,M88350/1,丛状纤维组织细胞性瘤
143796,M81481/2,前列腺上皮内肿瘤，3级
143797,M80773/2,外阴上皮内肿瘤，Ⅲ级
122899,I74.102,主动脉血栓形成
123978,J63.800x012,水泥尘肺壹期
121181,H61.000,外耳软骨膜炎
121185,H61.100x005,烧伤后耳廓缺损
121192,H61.104,耳后血肿骨化
142561,Z57.503,接触铅
142566,Z57.508,接触汽油
142570,Z57.900,职业性暴露于危险因素
142573,Z58.200,暴露于水污染，具有潜在健康问题
142578,Z58.700,暴露于烟草烟雾，具有潜在健康问题
142582,Z59.000x001,与无家可归有关的问题
142586,Z59.400,与缺乏充足的食物有关，具有潜在健康问题
142847,Z85.700,淋巴、造血和有关组织其他恶性肿瘤个人史
142854,Z85.800x006,脊髓恶性肿瘤史
142859,Z85.804,甲状腺恶性肿瘤个人史
142864,Z85.809,鼻咽恶性肿瘤个人史
142869,Z86.002,肾上腺良性肿瘤个人史
142874,Z86.100x801,严重急性呼吸综合征个人史
123637,J33.801,鼻窦息肉
123643,J34.000,鼻的脓肿、疖和痈
123650,J34.005,鼻中隔坏死
123655,J34.100x008,鼻窦粘液囊肿
123662,J34.107,鼻甲囊肿
112944,C44.300,面部皮肤恶性肿瘤
112949,C44.305,颌下皮肤恶性肿瘤
121445,I08.003,二尖瓣关闭不全伴主动脉瓣狭窄关闭不全
121450,I08.008,二尖瓣及主动脉瓣狭窄
121454,I08.100x002,风湿性二尖瓣狭窄伴三尖瓣关闭不全
113779,C83.803,淋巴样肉芽肿病
113782,C84.000x002,原发性皮肤T细胞淋巴瘤(蕈样肉芽肿)
110767,A24.100x003,类鼻疽肺炎
110773,A24.300,类鼻疽，其他的
110779,A25.900,鼠咬热
110783,A26.800,类丹毒，其他形式的
142740,Z75.000,与家中不具备医疗条件有关
142744,Z75.400,与不具备及得不到其他辅助设施有关
142750,Z76.000,在保健机构再次开处方
142754,Z76.300,在保健机构中陪伴病人的健康人
142758,Z76.800x001,拒尊医嘱并离院
142763,Z80.100,气管、支气管和肺恶性肿瘤家族史
142768,Z80.500,泌尿道恶性肿瘤家族史
123923,J46.x02,支气管哮喘，危重
123928,J60.x00,煤炭工肺尘埃沉着病
123934,J61.x00,石棉和其他矿物纤维引起的肺尘埃沉着病
123942,J62.000x003,滑石尘肺叁期
113314,C71.808,颞枕叶恶性肿瘤
113319,C71.900x005,颅前窝恶性肿瘤
112502,C02.300x003,舌活动部分恶性肿瘤
112508,C03.000x002,上颌恶性肿瘤
112513,C03.900,牙龈恶性肿瘤
112518,C04.800,口底交搭跨越恶性肿瘤的损害
112582,C11.302,鼻后孔恶性肿瘤
112587,C12.x00,梨状窦恶性肿瘤
112591,C13.100x001,杓状会厌褶恶性肿瘤
112597,C13.901,下咽壁恶性肿瘤
112602,C14.200,瓦尔代尔扁桃体环恶性肿瘤
113129,C49.901,淋巴管恶性肿瘤
111479,B00.900x007,接种性单纯疱疹
111485,B01.200+J17.1*,水痘肺炎
111489,B01.800x004,痘感染相关性视神经炎
111496,B02.000x003+G05.1*,带状疱疹性脑膜脑炎
111501,B02.200x008+G63.0*,带状疱疹性多神经病
113164,C54.200,子宫肌层恶性肿瘤
110194,A15.000,肺结核，经显微镜下痰检查证实，伴有或不伴有痰培养
110200,A15.000x014,"继发性肺结核（初治,广泛耐药）涂阳培阳"
110204,A15.000x022,"继发性肺结核（复治,多耐药）涂阳培阳"
111932,B39.500x001,非洲组织胞浆菌病
111938,B40.301+L99.8*,芽生菌性皮炎
111944,B41.700,播散性副球孢子菌病
111949,B41.900,副球孢子菌病
111953,B42.100x002,淋巴管型孢子丝菌病
111959,B43.100,棕色真菌病性脑脓肿
111964,B43.900,着色真菌病
113558,C79.302,大脑继发恶性肿瘤
113564,C79.308,海马回继发恶性肿瘤
113071,C48.001,肾周恶性肿瘤
113075,C48.102,结肠系膜恶性肿瘤
143409,N201,妊娠前期产前检查
113080,C48.201,腹膜腔恶性肿瘤
113083,C49.000x004,颞部结缔组织恶性肿瘤
113422,C77.100x004,支气管淋巴结继发恶性肿瘤
110394,A16.206,肺干酪性结核
110398,A16.300x002,结核性支气管淋巴瘘
110404,A16.304,支气管淋巴结结核
110408,A16.400x010,结核性气管狭窄
112186,B66.800,吸虫感染，其他特指的
112192,B66.800x006,横川吸虫病
112198,B67.000x001+K77.0*,肝细粒棘球蚴病
112203,B67.300,细粒棘球蚴感染，其他部位和多部位的
110134,A06.200x001,非痢疾性阿米巴结肠炎
110139,A06.500x002+J99.8*,肺阿米巴病(阿米巴肺脓肿)
110147,A06.800x003,阿米巴精囊炎
113324,C71.900x010,颞下窝恶性肿瘤
113330,C72.001,脊髓颈段恶性肿瘤
110225,A15.100x010,"继发性肺结核（复治,耐多药）涂阴培阳"
110231,A15.105,结核性气胸，痰培养（+）
110236,A15.200x002,结核性损毁肺（组织学+）
111137,A52.702+H32.0*,三期梅毒性视网膜炎
111143,A52.708+H58.8*,晚期梅毒性眼病
113248,C69.000,结合膜恶性肿瘤
112444,B96.700,产气荚膜梭状芽胞杆菌作为分类于其他章疾病的原因
112449,B97.200,冠状病毒作为分类于其他章疾病的原因
112453,B97.600,细小病毒作为分类于其他章疾病的原因
112457,B98.100,创伤弧菌作为其他章节的疾病分类的原因
110343,A16.011,肺结核瘤，痰培养（-）
110348,A16.016,肺干酪性结核，痰培养（-）
110353,A16.021,肺结核瘤，病理（-）
110357,A16.025,结核性支气管扩张，病理（-）
113570,C79.400x013,椎管内继发恶性肿瘤
110439,A16.900x001,结核病
110444,A17.000x001+G05.0*,结核性脊膜炎
110450,A17.800,神经系统的其他结核
110455,A17.804+G05.0*,结核性脑炎
111383,A87.200x002+G02.0*,复发性淋巴细胞性脑膜炎
113505,C78.802,胃继发恶性肿瘤
113018,C47.000x006,翼腭窝周围神经和自主神经恶性肿瘤
113023,C47.000x011,颈丛恶性肿瘤
113027,C47.100x005,臂神经恶性肿瘤
113032,C47.101,肩部神经恶性肿瘤
113603,C79.500x028,舌骨继发恶性肿瘤
110581,A18.300x014+K93.0*,结核性直肠瘘
110587,A18.304+K93.0*,结核性肠炎
110593,A18.310,腹膜后淋巴结结核
110598,A18.315+K93.0*,肠系膜结核
111170,A54.301+H13.1*,淋球菌性新生儿眼炎
111175,A54.402+M73.0*,淋球菌性滑囊炎
111181,A54.600x001,淋球菌性直肠炎
111186,A54.802+I39.8*,淋球菌性心内膜炎
111192,A54.808,淋球菌性脓毒症
110077,A03.903,慢性细菌性痢疾
110081,A04.000x002,肠致病性大肠杆菌肠炎
110086,A04.200x001,肠侵袭性大肠杆菌肠炎
113257,C69.500x003,泪管恶性肿瘤
113263,C69.601,眶结缔组织恶性肿瘤
110180,A09.004,感染性腹泻
110185,A09.900x003,急性肠炎
111076,A51.301,皮肤二期梅毒
111082,A51.400x002+M90.1*,二期梅毒性骨膜炎
111086,A51.400x009+N74.2*,女性二期梅毒性盆腔炎
111412,A94.x00,节肢动物媒介的病毒性发热
111420,A96.200,拉沙热
111424,A97.100,登革热伴预警
111429,A98.200,基萨那(凯萨努)森林病
111434,A98.500x001+N08.0*,流行性出血热(肾综合征出血热)
110290,A15.502,会厌结核，细菌学（+）
110295,A15.507,气管结核，病理（+）
110299,A15.601,结核性胸膜炎，病理（+）
110304,A15.606,结核性渗出性胸膜炎，细菌学（+）
113514,C79.000x001,肾继发恶性肿瘤
110375,A16.103,结核性肺纤维变性，未做细菌学和组织学检查
110380,A16.108,浸润型肺结核，未做细菌学和组织学检查
110386,A16.200x013,结核性损毁肺
110392,A16.204,结核性气胸
111323,A80.301,急性麻痹性脊髓灰质炎
111328,A81.000,克罗伊茨费尔特-雅各布病
143302,Z99.400,依赖人工心脏
112121,B58.200+G05.2*,弓形虫脑膜脑炎
112127,B58.800x002+M63.1*,弓形虫肌炎
112133,B60.100,棘阿米巴病
112136,B60.100x004+H19.2*,棘阿米巴性角膜炎
110517,A18.032+M49.0*,骶髂关节结核
110522,A18.037+M01.1*,跖趾关节结核
110528,A18.043+M01.1*,关节结核性脓肿
110534,A18.100x021+N37.8*,结核性会阴瘘
110088,A04.300,肠出血性大肠杆菌感染
110627,A18.500x005+H32.0*,结核性视网膜脉络膜炎
110633,A18.503+H48.8*,视神经结核
110639,A18.700+E35.1*,肾上腺结核
111569,B08.000,感染，其他正痘病毒属的
113181,C57.701,女性沃尔夫体恶性肿瘤
113185,C57.800x005,子宫及输卵管恶性肿瘤
112389,B89.x02+H06.1*,眼眶寄生虫病
112394,B90.101,陈旧性肾结核
112398,B90.200x003,陈旧性脊柱结核
110120,A05.202,急性坏死性肠炎
110123,A05.400,食物媒介的蜡样芽孢杆菌食物中毒
111019,A49.800x019,醋酸钙不动杆菌感染
111025,A49.804,变形杆菌感染
111035,A49.814,铜绿假单胞菌感染
111113,A52.100x008+G63.0*,梅毒性多神经病
111119,A52.102+H58.0*,阿-罗瞳孔
111124,A52.200,无症状性神经梅毒
111129,A52.700x004+J99.8*,鼻窦梅毒
113437,C77.206,主动脉旁淋巴结继发恶性肿瘤
113441,C77.300x001,腋窝淋巴结继发恶性肿瘤
113446,C77.400,腹股沟和下肢淋巴结继发性的恶性肿瘤
113193,C60.000,包皮恶性肿瘤
113198,C60.900,阴茎恶性肿瘤
110330,A16.000,肺结核，细菌学和组织学检查为阴性
110334,A16.002,结核性肺炎，痰镜检（-）
110339,A16.007,空洞型肺结核，痰镜检（-）
111261,A67.900,品他病
111266,A69.000x002,走马疳
111270,A69.100x003,急性坏死性溃疡性龈炎
111352,A83.200,东方马脑炎
111357,A83.800,蚊媒介病毒性脑炎，其他的
111362,A84.800,蜱媒介的病毒性脑炎，其他的
111367,A85.000x003+G05.1*,埃可病毒性脑炎
111373,A85.800,病毒性脑炎，其他特指的
113231,C67.500,膀胱颈恶性肿瘤
110243,A15.207,空洞型肺结核，病理（+）
110248,A15.303,结核性肺纤维变性经证实（+）
110253,A15.400,胸腔内淋巴结结核，经细菌学和组织学所证实
113450,C77.500x003,子宫旁淋巴结继发恶性肿瘤
113455,C77.900,淋巴结恶性肿瘤
110571,A18.207,腋下淋巴结结核
110576,A18.212,全身多发淋巴结结核
111504,B02.203+G53.0*,带状疱疹性神经根炎
111510,B02.302+H19.2*,带状疱疹性角膜炎
111597,B15.901,急性甲型病毒性肝炎
111601,B16.000,急性乙型肝炎，伴有δ因子（共同感染），并伴有肝昏迷
111606,B16.100x003,病毒性肝炎乙型丁型急性无黄疸型
111611,B16.202,亚急性重型乙型病毒性肝炎伴肝昏迷
113484,C78.500x008,肛门继发恶性肿瘤
110460,A17.900x001+G99.8*,中枢神经系统结核
110467,A18.000x018+M49.0*,脊椎结核并椎旁脓肿
110472,A18.000x046+M68.0*,结核性滑膜炎
110257,A15.403,气管支气管淋巴结结核，病理（+）
111053,A50.400x002+G01*,晚期先天性梅毒性脑膜炎
111059,A50.500x001,先天性梅毒牙
111064,A51.000x002,梅毒性下疳
111071,A51.300,皮肤和黏膜二期梅毒
143426,H93.102,神经性耳鸣
111969,B44.101+J99.8*,变态反应性支气管肺曲霉病
112560,C10.102,舌会厌褶恶性肿瘤
110280,A15.500x021,"支气管结核（复治,单耐药）涂阴培阳"
110284,A15.500x025,"支气管结核（复治,广泛耐药）涂阴培阳"
111197,A55.x00,衣原体（性病性）淋巴肉芽肿
111204,A56.100,盆腔腹膜和其他泌尿生殖器官的衣原体感染
111209,A56.103+N51.1*,衣原体性附睾炎
111293,A75.200,地方性斑疹伤寒立克次体引起的斑疹伤寒
111300,A77.100,康诺尔立克次体性斑疹热
111305,A77.300x001,昆士兰蜱传斑点热
111312,A79.800,立克次体病，其他特指的
111318,A80.000,急性麻痹性脊髓灰质炎，与接种有关
110506,A18.021+M90.0*,股骨结核
110512,A18.027+M01.1*,肩关节结核
111445,B00.200,疱疹病毒性龈口炎和咽扁桃体炎
111452,B00.300+G02.0*,疱疹病毒性脑膜炎
111457,B00.500x002+H58.8*,单纯疱疹病毒性眼病
111536,B05.800x001+H19.2*,麻疹并发角膜结膜炎
111543,B05.803,麻疹并发心肌炎
111549,B06.000,风疹伴有神经科并发症
111554,B06.801+J17.1*,风疹性肺炎
111561,B07.x00x009,咽喉疣
112093,B55.100x001,皮肤利什曼病(皮肤型黑热病)
112100,B56.100x001,布氏罗得西亚锥虫病(东非睡眠病)
113110,C49.302,膈结缔组织恶性肿瘤
113114,C49.402,下腔静脉恶性肿瘤
111002,A49.003,耐甲氧西林凝固酶阴性葡萄球菌感染
111009,A49.102,肺炎球菌感染
111014,A49.301,支原体菌属感染性菌血症
111911,B38.000,急性肺球孢子菌病
111915,B38.200,肺球孢子菌病
112000,B45.801,眼新型隐球菌病
112005,B46.100x001+G99.8*,鼻脑型毛霉菌病
112013,B46.800x001,蝇疫霉病
112019,B47.100x001,放线菌性足菌肿
112025,B48.201,霉样真菌病
121553,I15.200x003,肾上腺髓质增生性高血压
121558,I15.800x002,大动脉炎性高血压
121563,I20.000,不稳定型心绞痛
121567,I20.002,初发型劳力性心绞痛
127112,L90.900x001,糖皮质激素局部注射引起的皮肤萎缩
127121,L92.000,环状肉芽肿
127124,L92.300,皮肤和皮下组织异物性肉芽肿
128116,M51.000+G99.2*,腰和其他椎间盘疾患伴有脊髓病
121979,I40.800x001,中毒性心肌炎
121984,I42.000x001,家族性扩张性心肌病
121989,I42.200x002,肥厚型心肌病
121995,I42.500,限制型心肌病，其他的
122000,I42.701,药物性心肌病
122004,I42.800x004,心肌炎后心肌病
121604,I21.200x017,急性下壁高侧壁正后壁心肌梗死
122526,I67.100x017,颅内巨大动脉瘤
121780,I26.001,急性肺源性心脏病
121784,I26.900x003,肺血栓栓塞症
121789,I26.900x009,慢性肺动脉栓塞
122677,I70.910,全身性的动脉粥样硬化伴坏疽
122683,I71.000x004,升主动脉壁内血肿
122689,I71.000x012,主动脉夹层A1S型
122694,I71.000x017,主动脉夹层A3C型
122699,I71.000x025,主动脉夹层B1C型
126856,L68.900,多毛症
126862,L70.005,硬结性痤疮
126867,L70.203,萎缩性痤疮
126873,L70.802,人工性痤疮
126878,L71.100,肥大性酒渣鼻
126884,L72.000x010,晶形粟粒疹
121818,I27.200x017,脾切除相关性肺动脉高压
121824,I27.201,继发性肺动脉高压
122769,I72.100x007,上肢动脉瘤
122774,I72.200x003,肾动脉夹层
122032,I44.700,左束支传导阻滞
122036,I45.102,完全性右束支传导阻滞
122932,I74.300x420,胫腓干动脉栓塞
122938,I74.303,创伤性股动脉血栓形成
122944,I74.400,四肢动脉栓塞和血栓形成
112339,B83.800x003,肝毛细线虫病
112344,B83.800x008,肾膨结线虫病
112351,B85.400,混合型虱病和阴虱病
112358,B87.000x001+L99.8*,皮肤蝇蛆病
113368,C75.400,颈动脉体恶性肿瘤
113372,C75.800,累及多个腺体的恶性肿瘤
111231,A60.000x003+N77.1*,外阴疱疹
111236,A60.100,肛周皮肤和直肠的疱疹病毒感染
111242,A63.002,外阴尖锐湿疣
111247,A66.000,雅司病初发损害
111251,A66.400,雅司病的树胶样肿和溃疡
112160,B65.900x004+K77.0*,血吸虫性门静脉高压
113066,C47.600x003,腰部周围神经和自主神经恶性肿瘤
112249,B69.805,皮肤囊尾蚴病
112254,B71.000,膜壳绦虫病
112259,B72.x00x001,麦地那龙线虫病
112265,B74.100,马来（布鲁格）丝虫引起的丝虫病
112271,B74.200x002,帝汶丝虫性象皮肿
143411,N204,妊娠后期产前检查(居)
143410,N203,妊娠前期产前检查(居)
143417,83.7300x002,肌腱再接术
143430,M90800/0,良性畸胎瘤
143431,M90800/1,畸胎瘤
143432,M90800/3,恶性畸胎瘤
143433,M90800/6,转移性畸胎瘤
122950,I74.500x008,髂动脉血栓形成
122956,I74.501,髂总动脉栓塞
127916,M40.200x061,腰椎后凸
127142,L94.300,指端硬化
127147,L94.800,局限性结缔组织疾患，其他特指的
127153,L95.801,结节性血管炎
127164,L98.300,嗜酸细胞性蜂窝织炎(韦尔斯)
120826,H40.503,晶状体性青光眼
121114,H57.100,眼痛
121118,H57.800x004,眼球旁囊肿
121122,H59.001,白内障术后玻璃体综合征
121127,H59.800x004,手术后浅前房
121132,H59.800x011,睑下垂矫正术后低矫
121474,I08.301,二尖瓣狭窄关闭不全伴主动脉瓣及三尖瓣关闭不全
121479,I08.306,二尖瓣主动脉瓣狭窄关闭不全伴三尖瓣关闭不全
122395,I63.302,血栓性偏瘫
122399,I63.500,大脑动脉的闭塞或狭窄引起的脑梗死
142383,Z48.000x002,手术后更换敷料
142389,Z49.000x002,为肾透析的静脉插管
121290,H74.800,中耳和乳突其他特指的疾患
121295,H80.000x001,非闭塞性耳硬化累及前庭窗
121301,H80.800,耳硬化，其他的
121307,H81.200,前庭神经元炎
113824,C85.900x005,肠系膜淋巴瘤
113830,C85.900x012,睾丸淋巴瘤
113836,C85.900x019,脑淋巴瘤
113841,C85.900x025,眼淋巴瘤
110827,A31.000x001,肺非结核分枝杆菌病
121229,H66.900,中耳炎
121234,H68.100x003,咽鼓管受压
122153,I49.805,布鲁咯哒综合征(Brugada综合征)
122160,I50.100,左心室衰竭
128058,M48.002,颈椎椎管狭窄
128063,M48.100,强直性骨肥厚(福雷斯蒂尔)
143280,Z98.800x612,乳腺术后
143286,Z98.800x901,气管支架置入术后
143291,Z98.800x906,结肠支架置入术后
110725,A21.201+J17.0*,肺型土拉菌病
143419,L08.900,软组织感染
143420,T20.003,面部烫伤
121520,I11.001,高血压性心力衰竭
121524,I12.000,高血压肾脏病伴有肾衰竭
121529,I12.900x003,高血压性肾病
121534,I12.902,肾动脉硬化
121537,I13.000x001,高血压性心脏病和肾脏病伴心力衰竭
121336,H83.900,内耳疾病
121339,H90.100,单侧传导性听觉丧失，对侧听觉不受限制
121346,H90.600,双侧混合性传导性和感音神经性听觉丧失
121352,H91.100,老年聋
121356,H91.300x001,聋哑症
122089,I47.200x001,尖端扭转型室性心动过速
122094,I47.200x008,束支折返性室性心动过速
129050,M89.909,膝关节骨肿物
129057,M89.916,头颈部骨肿物
111680,B18.901,慢性轻度病毒性肝炎
111684,B19.000,病毒性肝炎，伴有肝昏迷
111689,B19.901,输血后肝炎
111692,B20.001,人类免疫缺陷病毒病性结核菌感染
111696,B20.005,人类免疫缺陷病毒病性肠结核
111700,B20.200,人类免疫缺陷病毒(HIV)病造成的巨细胞病毒病
142600,Z60.400,与社会排斥和拒绝有关，具有潜在健康问题
142604,Z61.000,与童年时失去所爱亲属有关，具有潜在健康问题
142609,Z61.200x001,与童年时家庭关系模式改变有关的问题
142613,Z61.400x001,与儿童据说受家族内成员的性虐待有关的问题
142617,Z61.600x001,与儿童据说身体被虐待有关的问题
142892,Z86.600x004,发声问题个人史
142897,Z86.703,脑梗死个人史
142902,Z87.200,皮肤和皮下组织疾病个人史
142906,Z87.500x001,绒毛膜上皮性疾病个人史
142912,Z87.700,先天性畸形、变形和染色体异常个人史
142918,Z88.101,链霉素过敏个人史
129095,M92.300,上肢其他的幼年型骨软骨病
130091,N76.100,亚急性和慢性阴道炎
130097,N76.300,亚急性和慢性外阴炎
124767,K12.110,口底炎性假瘤
124773,K12.117,上腭炎性肿物
124778,K12.200x017,口腔内脓肿
122196,I51.400x005,肉芽肿型心肌炎
122203,I51.500x002,心肌劳损
122208,I51.600x002,心血管意外
122215,I51.700x009,心脏扩大
123171,I82.900x003,非化脓性血栓形成
110801,A28.900,动物源性细菌性疾病
110806,A30.100x003,麻风性穿孔性足溃疡
110812,A30.400,偏瘤型界线类麻风
110817,A30.800,麻风，其他形式的
110823,A30.900x006+H19.2*,麻风性点状角膜炎
111730,B22.000x004,艾滋病性脑膜炎
142784,Z82.200,聋和听力丧失家族史
142788,Z82.500,哮喘和其他慢性下呼吸道疾病家族史
142792,Z82.800,导致劳动能力丧失的某些伤残和慢性疾病家族史，不可归类在他处者
142801,Z83.700,消化系统疾病家族史
142805,Z84.201,生殖系统疾病家族史
124821,K13.007,唇息肉
124826,K13.012,唇鳞状上皮增生
121606,I21.200x019,急性广泛前壁高侧壁心肌梗死
121611,I21.200x024,急性前壁高侧壁下壁心肌梗死
122433,I65.200x001,颈动脉狭窄
122438,I65.200x013,颈总动脉栓塞
122444,I65.204,颈外动脉狭窄
122449,I65.300,多个和双侧入脑前动脉的闭塞和狭窄
122455,I65.800x002,锁骨下动脉斑块
122242,I60.000x002,颈内动脉分叉段动脉瘤破裂伴蛛网膜下腔出血
122246,I60.000x007,颈内动脉床突段动脉瘤破裂伴蛛网膜下腔出血
122252,I60.200x002,大脑前-前交通动脉瘤破裂伴蛛网膜下腔出血
122256,I60.200x007,胼胝体动脉瘤破裂伴蛛网膜下腔出血
112625,C15.801,食管中上段恶性肿瘤
110855,A32.701,单核细胞增多性利斯特菌脓毒症
110861,A33.x00,新生儿破伤风
110867,A36.000x003,白喉性膜性咽峡炎
110874,A36.800,"白喉,其他的"
110878,A36.802+I41.0*,白喉性心肌炎
120871,H44.300,眼球的其他变性性疾患
120876,H44.302,眼铜屑沉着病
120883,H44.503,眼球痨
120886,H44.600x003,陈旧性睫状体磁性异物
121831,I28.000x002,经皮肺动静脉瘘栓塞术后再通
142431,Z51.400x001,自体外周血干细胞动员
142437,Z51.500x002,恶性肿瘤支持治疗
142442,Z51.800x092,恶性肿瘤介入治疗
142448,Z51.800x922,恶性肿瘤灌注治疗
142453,Z51.800x952,恶性肿瘤术后免疫治疗
122468,I66.101,大脑前动脉狭窄
122473,I66.201,大脑后动脉闭塞
122478,I66.300,小脑动脉闭塞和狭窄
122483,I66.300x011,小脑前下动脉闭塞
122489,I66.303,小脑后下动脉血栓形成
122493,I66.400x003,双侧大脑动脉狭窄
122498,I66.800x003,后交通动脉狭窄
111794,B30.300+H13.1*,急性流行性出血性（肠病毒性）结膜炎
122277,I60.602,垂体上动脉动脉瘤破裂伴蛛网膜下腔出血
122283,I60.800x003,脑静脉畸形伴蛛网膜下腔出血
122287,I60.800x008,硬脑膜动静脉瘘伴蛛网膜下腔出血
122292,I60.801,脑动静脉畸形破裂伴蛛网膜下腔出血
122128,I49.300x005,加速性室性自主心律
122134,I49.401,频发性期外收缩
122140,I49.800,心律失常，其他特指的
122145,I49.800x006,房性心律
123104,I80.000,下肢浅表脉管的静脉炎和血栓性静脉炎
111712,B20.700x001,艾滋病伴多发性感染
111715,B20.900,人类免疫缺陷病毒(HIV)病造成的传染病和寄生虫病
111721,B21.200,人类免疫缺陷病毒(HIV)病造成的其他类型的非霍奇金淋巴瘤
111726,B21.900,人类免疫缺陷病毒(HIV)病造成的恶性肿瘤
112735,C30.000,鼻腔恶性肿瘤
142631,Z62.400,与对儿童情感的忽视有关，具有潜在健康问题
142635,Z62.600,与父母的不适当压力和其他异常性质的养育有关，具有潜在健康问题
142641,Z63.100x001,与亲子有关的问题
143416,G40.100x001,癫痫部分性发作
142645,Z63.300x001,与家庭成员缺少有关的问题
142649,Z63.400x003,与家庭成员死亡有关的问题
123301,I89.000x024,阴囊橡皮肿
123306,I89.000x029,肺淋巴管扩张症
142948,Z88.817,麻黄素过敏个人史
142953,Z88.822,肾上腺素过敏个人史
142958,Z88.900x001,药物过敏史
130127,N80.800x007,鼻腔子宫内膜异位症
130132,N80.803,肝子宫内膜异位症
130137,N80.808,骶前子宫内膜异位症
130143,N81.102,女性膀胱脱垂
130148,N81.300,完全性子宫阴道脱垂
130154,N81.600,直肠膨出
126984,L87.001,穿入性毛囊角化过度
123191,I85.900x001,食管静脉曲张
123198,I86.300,外阴静脉曲张
123203,I86.401,胃底静脉曲张伴出血
123208,I86.800x014,食管胃底静脉曲张破裂出血
123215,I86.804,颈总静脉瘤
123221,I86.810,脾静脉曲张
142673,Z64.300,寻求和接受行为和心理上的干预措施，这些措施已知是危险和有害的
111752,B25.200+K87.1*,巨细胞病毒性胰腺炎
111758,B25.803+I41.1*,巨细胞病毒性心肌炎
111763,B26.100+G02.0*,流行性腮腺炎性脑膜炎
111768,B26.800,流行性腮腺炎伴有其他并发症
142991,Z90.000x008,后天性下颌骨缺失
142997,Z90.000x014,后天性眶壁缺失
143002,Z90.000x019,后天性面部缺损
143008,Z90.100,乳房后天性缺失
123048,I77.300x002,动脉肌纤维发育不良
123053,I77.500,动脉坏死
121635,I21.401,急性非ST段抬高型心肌梗死
121641,I22.000x001,急性前壁再发心肌梗死
121646,I22.100,下壁的随后性心肌梗死
121650,I22.800,随后性心肌梗死，其他部位的
121655,I22.800x005,急性高侧壁再发心肌梗死
123449,J09.x03+I41.1*,已确认的人畜共病或大流行性流感病毒性心肌炎
143399,M35.000,干燥综合症
123455,J10.100,流行性感冒伴有其他呼吸道表现，季节性流感病毒被标明
123461,J10.101,甲型H1N1流行性感冒
123464,J10.800x002,已知病毒的流感性胃肠炎
123468,J10.803+H67.1*,已确认的季节性流感病毒性中耳炎
112814,C40.000x006,肩关节恶性肿瘤
112821,C40.100x006,腕关节恶性肿瘤
123250,I87.118,下肢静脉狭窄
123254,I87.200,静脉功能不全（慢性）（周围性）
123262,I87.804,阴茎静脉纤维化
123090,I77.804,德戈病
123094,I77.900,动脉和小动脉的疾患
123100,I78.801,毛细血管渗漏综合征
124174,J95.004,气管造口术后气管食管瘘
124179,J95.400,门德尔松综合征
126926,L74.800,外分泌汗腺疾患，其他的
121853,I30.102,细菌性心包炎
121858,I30.900x001,急性心包积液
121864,I31.100x001,慢性化脓性缩窄性心包炎
121869,I31.300x005,甲状腺功能减低性心包积液
121877,I31.900x009,放射性心包炎
121883,I33.000,急性和亚急性感染性心内膜炎
142476,Z52.500,供角膜者
142481,Z52.800x001,供卵者
142485,Z53.100,由于信仰或群体压力而使病人决定不进行操作
142490,Z53.800x001,因病人家属原因未进行操作
142496,Z54.000,手术后恢复期
124393,K03.604,牙上沉积物
124397,K03.800x002,牙本质过敏症
124404,K04.000x008,增生性牙髓炎
123495,J15.000x002,克雷伯杆菌肺炎
123501,J15.402,肠球菌属性肺炎
126965,L82.x02,莱泽-特雷拉特病
126971,L84.x00x002,胼胝
126976,L85.300,皮肤干燥症
126981,L85.900,表皮增厚
127977,M43.602,僵颈
127981,M43.803,骶髂关节畸形
124269,J98.600,膈疾患
124274,J98.800,呼吸性疾患，其他特指的
124280,J98.800x009,气管脓肿
124286,J98.900,呼吸性疾患
124292,K00.002,牙齿缺少
124296,K00.200,牙齿大小和形状异常
142532,Z54.800x008,乙肝恢复期
112763,C32.800,喉交搭跨越恶性肿瘤的损害
112769,C34.001,肺门恶性肿瘤
112773,C34.101,肺上叶恶性肿瘤
112777,C34.300,下叶，支气管或肺的恶性肿瘤
123541,J20.000,肺炎支原体急性支气管炎
125043,K26.900x002,十二指肠球部溃疡
142817,Z85.007,直肠恶性肿瘤个人史
142676,Z64.400x002,与社会工作者不和的有关问题
142680,Z65.100x001,与监禁有关的问题
122560,I67.600x007,颅内静脉非化脓性血栓形成
122566,I67.605,乙状窦非脓性血栓形成
122570,I67.700x002,中枢神经系统原发性血管炎
122576,I67.802,急性脑血管病
122580,I67.806,可逆性缺血性神经功能缺损
127007,L89.108,多处Ⅱ期压疮
127012,L89.204,跟骨区Ⅲ期压疮
127017,L89.300,受压区Ⅳ期压疮
127023,L89.306,肩胛区Ⅳ期压疮
127028,L90.100,施韦宁格-布齐皮肤松弛
113741,C82.900,滤泡性淋巴瘤
113745,C83.001,淋巴浆细胞性淋巴瘤
113751,C83.102,恶性淋巴瘤性息肉病
124336,K00.800,牙发育的其他疾患
124342,K02.000,牙釉质龋
124348,K02.400,牙折裂
142703,Z70.900,性咨询
142707,Z71.300,饮食的咨询和监督
142711,Z71.700,人类免疫缺陷病毒(HIV)的咨询
142717,Z72.300,与缺乏身体锻炼有关的医疗咨询
142722,Z72.900,与生活方式有关的医疗咨询
142726,Z73.200,与缺乏休息和空暇时间有关的医疗咨询
122804,I72.400x132,股深动脉夹层
122810,I72.400x222,胫前动脉假性动脉瘤
122816,I72.400x320,腓动脉假性动脉瘤
122821,I72.400x520,腘动脉假性动脉瘤
122828,I72.500,其他大脑前动脉瘤伴夹层
122591,I69.100x001,脑出血后遗症
122596,I69.300,脑梗死后遗症
122600,I69.800,脑血管病后遗症，其他和未特指的
122607,I70.000x005,升主动脉粥样硬化
122612,I70.000x010,主动脉弓钙化
121237,H69.800,咽鼓管其他特指的疾患
121244,H70.003,颈部贝佐尔德脓肿
124622,K09.800x005,爱泼斯坦小结(口底皮样囊肿)
124630,K09.900,口区囊肿
113786,C84.400x001,成熟T细胞淋巴瘤
113790,C84.404,"间变大细胞T-细胞淋巴瘤,ALK阴性"
113796,C84.500x012,原发皮肤外周T细胞淋巴瘤（罕见类型）
113801,C84.700,间变性大细胞淋巴瘤，ALK阴性
124205,J96.100,慢性呼吸衰竭
124210,J98.000,支气管疾病，不可归类在他处者
124216,J98.002,支气管憩室
124222,J98.008,支气管钙化
124228,J98.102,肺中叶综合征
123692,J35.800,扁桃体和腺样体的其他慢性疾病
122844,I72.800x102,腋动脉假性动脉瘤
122849,I72.800x132,胃十二指肠假性动脉瘤
122855,I72.804,锁骨下动脉瘤
122859,I72.808,胰十二指肠动脉假性动脉瘤
124670,K10.800x011,颌骨单侧髁突发育不全
124677,K10.808,上腭穿孔
121482,I08.800x003,风湿性二尖瓣狭窄及关闭不全肺动脉瓣关闭不全
121490,I09.200,慢性风湿性心包炎
142537,Z55.000,与文盲和文化水平低有关，具有潜在健康问题
124442,K05.102,增生性牙龈炎
124448,K05.200x002,急性多发性龈脓肿
124455,K05.301,单纯性牙周炎
124460,K05.500x002,侵袭性牙周炎
121309,H81.301,莱穆瓦耶综合征
128003,M46.300x021,颈椎间盘感染
128008,M46.400,关节盘炎
128013,M46.500x091,椎体感染
128019,M46.800,炎性脊椎病，其他特指的
128025,M47.000+G99.2*,脊髓前动脉和椎动脉压迫综合征
