id,name,category
30828,深静脉长期透析导管取出术,治疗
30829,铒激光眼科手术（双眼）,治疗
30830,泪囊结膜囊吻合术,治疗
30831,腹膜透析管拔管术,治疗
30832,腹膜透析置管术,治疗
30833,睑部泪腺摘除术,治疗
30834,关节骨软骨损伤修复术,治疗
30835,复杂性泪囊瘘管切除术,治疗
30836,人工肝治疗,治疗
30837,泪小管吻合术,治疗
30838,胆道支架置入术,治疗
30839,睑缘粘连术,治疗
30840,激光虹膜囊肿切除（双眼）,治疗
30841,经内镜胰腺囊肿内引流,治疗
30842,经内镜胰管内引流术,治疗
30843,经内镜十二指肠狭窄支架置入术,治疗
30844,双行睫矫正术（单侧）,治疗
30845,经皮经肝胆道镜胆管狭窄内瘘术,治疗
30846,经内镜逆行胰胆管取石术,治疗
30847,内眦赘皮矫治术,治疗
30848,睑外翻矫正术(双侧),治疗
31810,妇科电熨治疗,治疗
31812,一次性真空采血管（儿童）,治疗
31813,舱内抢救,治疗
31814,耳部等离子治疗,治疗
31815,舱外高流量吸氧,治疗
31816,高压氧舱专用遥测监护,治疗
31817,动脉留置鞘管拔出术,治疗
31818,耳部激光治疗,治疗
31819,前牙根折根牵引,治疗
31820,皮肤瘘管切除术,治疗
31821,声带注射术,治疗
31826,手术费10%,治疗
31827,新冠疫苗接种服务费,治疗
31829,雀斑激光治疗（10光斑以上）,治疗
31830,调Q激光治疗,治疗
31831,整形缝合加收,治疗
31832,激光祛血管瘤及血管扩张,治疗
31833,牙种植导向模板设计,治疗
31838,手工分冰冻血浆,治疗
30802,全植床深板层角膜移植术（双眼）,治疗
30803,铒激光眼科手术(晶体摘除)（单眼）,治疗
30804,羊膜移植术,治疗
30805,小腿截肢术,治疗
30806,角膜肿物切除+角膜移植术,治疗
30807,铒激光眼科手术(晶体囊膜切开)（双眼）,治疗
30808,肩胛胸部间离断术,治疗
30809,翼状胬肉单纯切除术,治疗
30810,前房异物取出术,治疗
30811,马蹄内翻足外固定矫正术,治疗
30812,角膜深层异物取出术,治疗
30813,角膜拆线,治疗
30814,骨盆延长术,治疗
30815,角膜缝环固定术（单侧）,治疗
30816,肘关节叉状成形术,治疗
30817,球结膜切开眼突减压术,治疗
30818,下穹窿成形术（双侧）,治疗
30819,肘关节融合术,治疗
30820,麦粒肿搔爬术,治疗
30821,股骨颈楔形截骨术,治疗
30822,结膜淋巴管积液清除术,治疗
30823,铒激光眼科手术（治疗白内障）（单眼）,治疗
30824,结膜肿物切除术,治疗
30825,自体粘膜移植术及结膜移植术,治疗
30826,腹膜透析术,治疗
30827,泪道成形术激光加收,治疗
28940,颌骨病灶电灼术,治疗
28941,球结膜下注射（单眼）,治疗
28942,鞘内封闭,治疗
28943,血浆置换术,治疗
28944,血液病毒灭活,治疗
28945,自体血保存（200ml）（≥20天）,治疗
28946,鼻负压置换治疗,治疗
28947,人工气腹术,治疗
28948,磨牙拔除术,治疗
28949,上颌窦穿刺术,治疗
28950,血细胞分离单采每增加1000ml加收,治疗
28951,牙再植术,治疗
28952,涎腺导管扩大术,治疗
28953,阻生牙拔除术,治疗
28954,根尖搔刮术,治疗
29220,面罩吸氧,治疗
29221,氧帐吸氧,治疗
31087,颈椎骨折脱位手术复位植骨融合内固定术,治疗
31088,胸椎融合术,治疗
31089,胸椎腰椎内固定术,治疗
31090,肺减容手术,治疗
31091,肺段切除术（双侧）,治疗
31092,经胸腹联合切口胸椎间盘切除术,治疗
31093,腰椎间盘极外侧突出摘除术,治疗
31094,肺段切除术（单侧）,治疗
31095,经皮椎间盘吸引术,治疗
31096,椎管扩大减压术,治疗
31097,多节段椎管狭窄减压术,治疗
31098,肺癌根治术（双侧）,治疗
31099,肺癌根治术（单侧）,治疗
31100,经皮激光腰椎间盘摘除术使用骨科专用侧射光纤加收,治疗
31101,经皮腰椎间盘臭氧消融术,治疗
31102,后路腰椎间盘镜椎间盘髓核摘除术（MED）,治疗
31103,肺内异物摘除术（单侧）,治疗
31104,颈部气管造口再造术,治疗
31105,腰椎骶化横突切除术,治疗
31106,腰椎骶化钩棘切除术,治疗
31107,骨盆骨折髂内动脉结扎术,治疗
31108,颈段气管食管瘘修补术,治疗
31109,气管成形术,治疗
31110,结核性脊柱畸形截骨矫正术,治疗
31111,前路脊柱松解融合术,治疗
31112,前路脊柱骨骺阻滞术后路椎板凸侧融合术,治疗
31113,气管内肿瘤切除术,治疗
31114,脊柱内固定物取出术,治疗
31115,滑板椎弓根钉复位植骨内固定术,治疗
31116,经皮球囊扩张椎体后凸成形术,治疗
31117,经皮穿刺椎体成形术,治疗
31118,会厌良性肿瘤切除术,治疗
31119,会厌脓肿切开引流术,治疗
31120,环杓关节复位术,治疗
31121,臂丛神经损伤肋间神经移位术,治疗
31122,环杓关节直接拨动术,治疗
31123,神经吻合术,治疗
31124,神经移植术,治疗
31125,神经瘤切除术,治疗
31126,周围神经嵌压松解术,治疗
31127,甲状软骨成形术,治疗
31128,肩胛骨肿瘤肩胛骨全切除重建术,治疗
31129,锁骨肿瘤锁骨切除术,治疗
31130,尺、桡骨肿瘤切除及骨重建术,治疗
31131,髂骨翼肿瘤切除术,治疗
31132,喉气管狭窄支架成形术,治疗
31133,耻骨与坐骨肿瘤切除术,治疗
31134,股骨上端肿瘤切除人工股骨头置换术,治疗
31135,股骨干肿瘤段切除与重建术,治疗
29433,陈旧性脱位关节脱位手法整复术,治疗
29434,髋关节脱位手法整复术,治疗
29435,指(趾)间关节脱位手法整复术,治疗
29436,骨折外固定架固定术,治疗
29437,骨折夹板外固定,治疗
29438,气管插管护理,治疗
29439,吸痰护理,治疗
29440,门诊病人PICC置管护理,治疗
29441,一般专项护理,治疗
29442,高危压疮防范护理,治疗
29443,心肺复苏抢救,治疗
29444,危重病人抢救,治疗
29445,普通挂号费,治疗
29446,急诊挂号费,治疗
29447,双休日挂号费,治疗
29448,专家门诊挂号费（副高）,治疗
29449,国家级名老中医挂号费,治疗
29450,门诊诊查费(三级医院),治疗
29451,门诊诊查费(二级医院),治疗
29452,门诊诊查费(一级医院),治疗
29453,国家级名老中医诊查费,治疗
29454,省级名老中医诊查费,治疗
29455,门急诊留观诊查费（三级医院),治疗
29456,门急诊留观诊查费（二级医院),治疗
29457,门急诊留观诊查费（一级医院),治疗
29458,住院诊查费（三级医院),治疗
29459,住院诊查费（二级医院),治疗
29460,营养咨询,治疗
31056,腹腔妊娠取胎术,治疗
31057,选择性减胎术,治疗
31058,子宫颈裂伤修补术（陈旧性）,治疗
31059,子宫颈管环扎术          (Mc-Donald),治疗
31060,颈3—7椎体肿瘤切除术(前入路),治疗
31061,供肺修整术,治疗
31062,脊柱肿瘤切除人工椎体替换术,治疗
31063,胸椎椎板及附件肿瘤切除术,治疗
31064,前路腰椎肿瘤切除术,治疗
31065,后路腰椎椎板及附件肿瘤切除术,治疗
31066,自体肺移植术,治疗
31067,肺移植术,治疗
31068,骶尾部畸胎瘤切除术,治疗
31069,肺修补术（双侧）,治疗
31070,腰骶髂连接部肿瘤切除术,治疗
31071,半骨盆切除术,治疗
31072,胸膜肺全切除术,治疗
31073,肺大泡切除修补术（单侧）,治疗
31074,全肺切除术,治疗
31075,颈椎间盘激光消融术,治疗
31076,颈椎间盘臭氧消融术,治疗
31077,袖状肺叶切除术（单侧）,治疗
29395,肛管排气,治疗
29396,局部扩肛,治疗
29397,婴幼儿健康体检,治疗
29398,家庭巡诊,治疗
29399,围产保健访视,治疗
29400,家庭病床建床费,治疗
29401,家庭病床巡诊费,治疗
29402,建立健康档案,治疗
29403,疾病健康教育,治疗
29404,尸体料理,治疗
29405,尸体冷藏,治疗
29406,死婴处理,治疗
31261,腺样体刮除术,治疗
31262,断指再植术,治疗
31263,断趾再植术,治疗
31264,手部掌指骨骨折切开复位内固定术,治疗
31265,扁桃体挤切术,治疗
31266,扁桃体残体切除术,治疗
31267,本氏(Bennet)骨折切开复位内固定术,治疗
31268,腕骨骨折切开复位内固定术,治疗
31269,舟骨骨折不愈合切开植骨术+桡骨茎突切除术,治疗
31270,舟骨骨折不愈合植骨术,治疗
31271,上颌骨缺损带蒂骨移植术（双颌）,治疗
31272,人工月骨置换术（单侧）,治疗
31273,人工月骨置换术（双侧）,治疗
31274,上颌骨缺损网托碎骨移植术（双颌）,治疗
31275,手部掌指关节脱位切开复位内固定术,治疗
31276,手部指间关节脱位切开复位内固定术,治疗
31277,上颌骨陈旧性骨折整复术（双颌）,治疗
31278,关节松解术,治疗
31279,局限性腕骨融合术,治疗
31280,指间关节融合术,治疗
31281,手部人工关节置换术,治疗
31282,软骨瘤刮除植骨术,治疗
29432,关节脱位手法整复术,治疗
29461,营养状况评估-营养筛查,治疗
29462,一般诊疗费（站点）,治疗
29463,一般诊疗费（中心/不含输液器）,治疗
29464,一般诊疗费（站点/不含输液器）,治疗
29465,院前急救费,治疗
29466,院前急救费（一般急救病人）,治疗
31320,神经根脱髓鞘等治疗,治疗
31321,椎管内置管术,治疗
31322,麻醉恢复室监护,治疗
31283,上颌骨缺损植骨修复术（双颌）,治疗
31284,近排腕骨切除术,治疗
31285,舟骨近端切除术,治疗
31286,下颌骨陈旧性骨折整复术（双颌）,治疗
31287,腕关节三角软骨复合体重建术,治疗
31288,并指分离术,治疗
31289,下颌骨缺损钛板重建术（双颌）,治疗
31290,拇指再造术Ⅱ型,治疗
31291,拇指再造术Ⅲ型,治疗
31292,下颌骨缺损钛板重建术（单颌）,治疗
29394,留置导尿,治疗
31293,拇指再造术Ⅵ型,治疗
31294,下颌骨缺损带血管蒂游离复合瓣移植术（单颌）,治疗
31295,下颌骨缺损带蒂骨移植术（双颌）,治疗
31296,下颌骨缺损带蒂骨移植术（单颌）,治疗
31297,手部瘢痕挛缩整形术,治疗
31298,趾关节成形术,治疗
31299,复合组织游离移植,治疗
31300,手部带真皮下血管网皮肤移植术,治疗
31301,手部关节松解术,治疗
31302,跖趾关节成形术,治疗
31303,腕关节韧带修补术,治疗
31304,颌下腺移植术,治疗
31305,口腔颌面部神经肿瘤切除成形术,治疗
31306,吸刮术,治疗
31307,口腔颌面部小肿物切除术,治疗
31481,手术费20%,治疗
31482,手术费30%,治疗
31483,手术费100%,治疗
31484,麻醉费10%,治疗
31485,输血费100%,治疗
31486,输氧费10%,治疗
31487,输氧费100%,治疗
31488,监护费0%,治疗
31489,监护费100%,治疗
31490,床位费0%,治疗
31491,床位费30%,治疗
31492,床位费100%,治疗
31493,一次性真空采血管1.0[化验],治疗
31494,静电治疗(低压),治疗
31495,射频电疗(分米波),治疗
31496,间动电疗,治疗
31497,脑电生物反馈治疗,治疗
31498,悬吊治疗,治疗
31499,血管瘤切除术(中)需植皮加收,治疗
31500,口腔颌面软组织清创术(中),治疗
31501,颞下颌关节成形术（双侧）,治疗
6444d62d3c6f49590abf816a,血常规,治疗
64f52c853c6f496fc8cb8b97,测试项目,治疗
65154d513c6f49697f877f85,狂犬疫苗,治疗
65878ff93c6f494533b9f958,111,治疗
659bc12e3c6f490c27bce2b4,测试1分钱,治疗
28955,睡眠呼吸暂停综合症射频温控消融治疗术,治疗
28956,颌骨囊肿摘除术,治疗
28957,体外自动心脏变律除颤术,治疗
28958,牙龈成形术,治疗
28959,妇科臭氧治疗,治疗
28960,产后按摩,治疗
28961,牙龈切除术,治疗
28962,前房注气术（单眼）,治疗
28963,颞颌关节腔内封闭（双侧）,治疗
28964,诊疗中使用关节镜加收,治疗
28965,牙周固定,治疗
28966,牙龈再生术,治疗
28967,后鼻孔填塞,治疗
28968,洁治,治疗
28969,全牙列合垫固定术,治疗
28970,喉咽部取异物,治疗
28971,颞下颌关节下腔活检术（双侧）,治疗
28972,骨关节病（关节下腔）刨削术（双侧）,治疗
28973,腰骶丛神经丛封闭术,治疗
28974,桩冠修复,治疗
30269,红光照射治疗,治疗
30270,引导式教育训练,治疗
30271,气压治疗(肢体正负压治疗),治疗
31480,手术费0%,治疗
30272,超声药物透入治疗(≥6次),治疗
30273,磁疗,治疗
30274,射频电疗(大功率短波),治疗
30276,经皮神经电刺激治疗,治疗
30277,单纯直流电治疗（≥3部位）,治疗
30279,微波体腔治疗,治疗
30280,脊柱矫正治疗,治疗
30281,红外线光浴治疗,治疗
30282,蓝紫光照射治疗,治疗
30283,偏振光照射,治疗
30284,单纯直流电治疗,治疗
30285,紫外线治疗(光化学疗法),治疗
30286,经皮神经电刺激治疗（≥3部位）,治疗
31078,颈椎钩椎关节切除术,治疗
31079,后入路环枢椎植骨融合术,治疗
31080,椎体间植骨融合术,治疗
31081,枕颈融合术,治疗
31082,肺叶切除术（单侧）,治疗
31083,肺楔形切除术（双侧）,治疗
31084,后入路枢环枕融合植骨固定术,治疗
31085,枕骨大孔扩大及环椎后弓减压术,治疗
31086,肺楔形切除术（单侧）,治疗
29825,海绵状血管瘤环扎术(大),治疗
29826,神经纤维血管瘤切除术(大),治疗
29828,嵌顿包茎手法复位术,治疗
29829,小儿包茎扩张术,治疗
29830,经耳内镜鼓膜修补术,治疗
29831,镫骨手术,治疗
29832,镫骨撼动术,治疗
29833,激光治疗眼前节病,治疗
29834,二次镫骨底板切除术,治疗
29835,二氧化碳激光镫骨底板开窗术,治疗
29836,手烧伤扩创腹皮瓣修复术,治疗
29837,人工听骨听力重建术,治疗
29838,咽鼓管扩张术,治疗
28975,咽部激光治疗,治疗
28976,软组织内封闭术,治疗
28977,泪道探通术,治疗
28978,针刺找过敏原（≥2组）,治疗
28979,后牙纵折固定术,治疗
28980,黑光治疗(UVA/UVB治疗),治疗
28981,新生儿换血术,治疗
28982,浅表肿物切除激光手术加收,治疗
28983,鸡眼切除术,治疗
30849,激光晶状体囊膜切开（双眼）,治疗
30850,经胆道镜肝外胆道取石术,治疗
30851,睑退缩矫正术需睫毛再造和肌瓣移植加收,治疗
30852,经胆道镜肝内胆道取石术,治疗
30853,桡骨颈部骨折切开复位内固定术,治疗
30854,上睑下垂矫正术+肌瓣移植,治疗
30855,经内镜鼻胆管引流术（ENBD）,治疗
30856,激光晶状体囊膜切开（单眼）,治疗
30857,经内镜胆管内引流术＋支架置入术,治疗
30858,眼睑结膜海绵状血管瘤切除术,治疗
30859,经皮肝穿胆道引流术(PTCD),治疗
30860,肝囊肿硬化剂注射治疗,治疗
30861,腹腔胆汁引流术,治疗
30862,恶性嗜铬细胞瘤根治术（双侧）,治疗
30863,膈下脓肿穿刺引流术,治疗
30864,跟骨肿瘤病灶刮除术,治疗
30865,肾上腺嗜铬细胞瘤切除术（双侧）,治疗
30866,胫骨上段肿瘤刮除+植骨术,治疗
30867,肾上腺切除术（双侧）,治疗
30868,激光治疗青光眼（单眼）,治疗
30869,骶髂关节结核病灶清除术,治疗
30870,异位嗜铬细胞瘤根治术（双侧）,治疗
30871,微囊化牛肾上腺嗜铬细胞（BCC）移植术,治疗
30872,使用超声切割止血刀加收（内分泌系统手术）,治疗
30873,眼睑肿物切除术,治疗
30874,眼睑肿物切除术+植皮术,治疗
30875,眼睑结膜裂伤缝合术,治疗
30876,内眦韧带断裂修复术,治疗
30877,上睑下垂矫正术,治疗
30878,肾上腺切除术（单侧）,治疗
31136,股骨下段肿瘤切除术,治疗
31137,喉瘢痕切除术激光加收,治疗
31138,骨肿瘤切开活检术,治疗
31139,胫、腓骨肿瘤切除+重建术,治疗
31140,声带肿物切除术激光加收,治疗
31141,坐骨结节囊肿切除术,治疗
31142,肘、腕关节结核病灶清除术,治疗
31143,经支撑喉镜喉瘢痕切除术,治疗
31144,髋关节结核病灶清除术,治疗
29883,经鼻鼻侧鼻腔鼻窦肿瘤切除术,治疗
29884,脊柱半椎体切除术,治疗
29885,隆鼻术后继发畸形矫正术,治疗
29886,甲状腺全切术(单侧),治疗
29887,甲状腺次全切除术（双侧）,治疗
29839,皮肤扩张器或支撑物取出术,治疗
29840,单纯乳突凿开术,治疗
29841,开放式乳突根治术,治疗
29842,隆额术,治疗
29843,上鼓室鼓窦凿开术,治疗
29844,电子耳蜗植入术,治疗
29845,喉返神经探查术,治疗
29846,内耳前庭窗修补术,治疗
29847,内耳开窗术,治疗
29848,半规管嵌顿术,治疗
29849,内耳外淋巴灌流术,治疗
29850,翼管神经切断术,治疗
29851,鼓丛切除术,治疗
29852,胎儿甲状腺移植术,治疗
29853,内听道肿瘤切除术,治疗
29854,颌内动脉插管灌注术,治疗
29855,臂丛神经损伤颈丛神经移位术,治疗
29856,经迷路岩尖引流术,治疗
29857,甲状舌管瘘切除术,治疗
29858,颞骨次全切除术,治疗
29859,颞骨全切术,治疗
29860,正颌外科手术设计与面型预测（VTO技术）,治疗
29861,经乳突脑脓肿切开引流术,治疗
29862,经乳突硬膜外脓肿穿刺引流术,治疗
29863,鼻外伤清创缝合术,治疗
29864,鼻骨骨折整复术,治疗
29865,鼻部分缺损修复术,治疗
29866,臂丛神经损伤游离神经移植术,治疗
29867,臂丛神经损伤神经探查松解术,治疗
29868,蝶腭神经封闭术,治疗
29869,下鼻甲部分切除术（单侧）,治疗
29870,中鼻甲部分切除术（单侧）,治疗
29871,胸廓出口综合征手术,治疗
29872,鼻翼肿瘤切除成形术（双侧）,治疗
29873,鼻前庭囊肿切除术（单侧）,治疗
31308,牙周纤维环状切断术,治疗
31309,人工流产术,治疗
31310,牙周组织瓣移植术,治疗
31311,葡萄胎刮宫术,治疗
31312,产后刮宫术,治疗
31313,分段诊断性刮宫,治疗
31314,刮宫术,治疗
31315,皮下避孕药取出术,治疗
31316,麻醉中脑电双谱指数监测加收,治疗
31317,麻醉中监测（≥4小时）,治疗
31318,麻醉中监测（＜4小时）,治疗
31319,气管插管术,治疗
31333,气管插管全身麻醉,治疗
31334,吸静复合性全身麻醉,治疗
31335,吸入性全身麻醉,治疗
31336,静脉麻醉,治疗
31337,腰麻硬膜外联合阻滞麻醉,治疗
31338,硬膜外阻滞麻醉,治疗
31339,椎管内麻醉,治疗
31340,侧隐窝阻滞术,治疗
31341,神经阻滞麻醉（星状）,治疗
31342,神经阻滞麻醉（臂丛）,治疗
31343,神经阻滞麻醉,治疗
31344,局部浸润麻醉,治疗
31345,慢性小脑电刺激术,治疗
31346,脑瘫肢体综合训练,治疗
31347,儿童听力障碍语言训练,治疗
31348,作业疗法,治疗
31349,手功能训练,治疗
31350,电动起立床训练,治疗
31351,义齿裂纹及折裂修理,治疗
31352,取正中合关系记录,治疗
31353,取局部合关系记录,治疗
31354,调改义齿,治疗
31355,烤瓷冠崩瓷修理,治疗
31356,加焊（每2mm为一缺隙）,治疗
31357,热喷治疗（≥3部位）,治疗
31358,牵引(电动牵引),治疗
31359,牵引(颈牵引),治疗
31360,超短波(脉冲)（≥3部位）,治疗
31361,构音障碍训练,治疗
30287,认知知觉功能障碍训练,治疗
30288,干扰电治疗（≥3部位）,治疗
30289,温热电脉冲治疗,治疗
30290,紫外线治疗(导子紫外线),治疗
30291,厘米波治疗（≥3部位）,治疗
30292,单纯超声波治疗,治疗
30293,射频电疗(厘米波),治疗
30294,短波(脉冲)（≥3部位）,治疗
30295,气压治疗(肢体正负压治疗)（≥3部位）,治疗
30296,场效应治疗,治疗
30297,牵引（土法牵引）,治疗
30298,关节松动训练(大关节),治疗
30299,口吃训练,治疗
30300,截瘫肢体综合训练,治疗
30301,短波体腔治疗,治疗
30302,超短波（体腔治疗）,治疗
31363,超短波(大功率)（≥3部位）,治疗
31364,银棘状刺激疗法（SSP)（≥3部位）,治疗
31365,激光疗法（≥3照射区）,治疗
31366,近红外线照射,治疗
31367,电子生物反馈疗法(皮温),治疗
31368,电子生物反馈疗法(皮电),治疗
31369,电子生物反馈疗法,治疗
31370,全身泥疗,治疗
31371,冷疗（≥3部位）,治疗
31372,气压治疗(肢体气压治疗),治疗
31373,生物信息疗法,治疗
31374,等速肌力训练,治疗
31375,远红外线治疗,治疗
31376,红外线治疗,治疗
31377,近红外线照射（≥3照射区）,治疗
31378,远红外线治疗（≥3照射区）,治疗
31379,红光照射治疗（≥3照射区）,治疗
31380,偏振光照射（≥3照射区）,治疗
31381,紫外线治疗(高压),治疗
31362,吞咽功能障碍训练,治疗
29815,阴茎海绵体内药物注射,治疗
29816,外耳道良性肿物切除术,治疗
29817,促射精电动按摩,治疗
29818,附睾抽吸精子分离术,治疗
29819,体表血管瘤切除术(小),治疗
29820,睾丸阴茎海绵体切开术,治疗
29821,睾丸阴茎海绵体穿刺术,治疗
29822,耳道异物取出术,治疗
30303,中频脉冲电治疗（≥3部位）,治疗
30304,短波(脉冲),治疗
30305,感应电治疗（≥3部位）,治疗
30306,紫外线治疗(低压),治疗
30307,蓝光照射治疗（≥3照射区）,治疗
30308,近红外线气功治疗（≥3照射区）,治疗
29875,鼻息肉摘除术（双侧）,治疗
29876,鼻中隔粘膜划痕术,治疗
29877,全视网膜激光光凝术（双眼）,治疗
29878,甲状腺癌根治术（双侧）,治疗
29879,鼻中隔血肿切开引流术,治疗
29880,经皮穿刺颈腰椎间盘切除术,治疗
29881,筛动脉结扎术,治疗
29882,筛前神经切断术,治疗
29222,头罩吸氧,治疗
29223,静脉输氧,治疗
29224,肌肉注射,治疗
29225,皮下注射,治疗
29226,皮内注射,治疗
29227,体表瘤注射,治疗
29228,皮试,治疗
29229,静脉注射,治疗
29230,静脉采血,治疗
29231,心内注射,治疗
29232,动脉采血,治疗
29233,皮下输液,治疗
29234,静脉输液（门诊/含输液器）,治疗
29235,静脉输液（住院/含输液器）,治疗
29236,留置针输液（门诊）,治疗
29237,微量泵或输液泵加收,治疗
29238,输血（住院）,治疗
29239,静脉输液（门诊/不含输液器）,治疗
29240,静脉输液（住院/不含输液器）,治疗
29241,小儿静脉输液（门诊/含输液器）,治疗
29242,小儿静脉输液（门诊/不含输液器）,治疗
29243,小儿静脉输液（住院/不含输液器）,治疗
29244,静脉高营养治疗,治疗
29245,胃肠高营养治疗,治疗
29246,静脉切开置管术,治疗
29247,静脉置管冲洗,治疗
29248,深静脉穿刺置管术,治疗
29249,动脉穿刺置管术,治疗
29250,抗肿瘤化学药物配置,治疗
29251,大清创(不缝合),治疗
29252,中清创(缝合),治疗
29253,中清创(不缝合),治疗
29254,小清创(不缝合),治疗
29255,换药（空腔状或腔隙内创口）,治疗
29256,中换药,治疗
29257,拆线（大）,治疗
29258,拆线（中）,治疗
29259,雾化吸入,治疗
29260,高压泵雾化吸入,治疗
29261,氧气雾化吸入,治疗
29262,鼻饲管置管,治疗
29263,胃管置管,治疗
29264,置管后注药,治疗
29265,置管后十二指肠灌注,治疗
29266,胃肠置管减压(置管次日起),治疗
29267,更换胃肠减压装置,治疗
29268,关节错缝术,治疗
29269,鼻导管吸氧,治疗
29270,关节粘连传统松解术,治疗
29271,中医定向透药疗法,治疗
29272,腱鞘囊肿挤压术,治疗
29273,骨折畸形愈合手法折骨整复固定术,治疗
29874,鼻息肉摘除术（单侧）,治疗
661253483c6f490c387aab62,挂号费普通,治疗
661253ac3c6f490c387aab70,普通挂号费用,治疗
66138c783c6f490c387acfa3,挂号组合计费,治疗
6613911f3c6f490c387ad0fa,类型挂号组合,治疗
66863d73ddb9820001e1b5a0,一体化病床费用,治疗
30879,睑退缩矫正术(上睑）,治疗
30880,股骨颈骨折切开复位内固定术,治疗
30881,睑内翻矫正术(单侧),治疗
30882,睑内翻矫正术(双侧),治疗
30883,睑外翻矫正术(单侧),治疗
30884,睑外翻矫正术需植皮加收,治疗
28382,心脏电复律术,治疗
28383,诊疗中使用胸腔镜加收,治疗
28384,穴位调控疗法,治疗
28385,无创辅助通气(BIPAP),治疗
28386,体外膈肌起搏治疗（≥3次）,治疗
28387,球旁注射（单眼）,治疗
28388,烧（灼）伤换药(面积＞10%),治疗
28389,肾盂测压（单侧）,治疗
28390,烧伤后功能训练,治疗
28391,流体悬浮床治疗,治疗
28392,鼻腔冲洗,治疗
28393,灼伤清创,治疗
28394,复杂充填术(III类洞的充填),治疗
28395,经皮穿刺三叉神经半月节注射治疗术,治疗
28396,经皮穿刺肺活检术,治疗
28397,牙髓失活术,治疗
28398,经纵隔镜治疗,治疗
28399,拔甲治疗,治疗
28400,髓腔消毒术,治疗
28401,三腔管安置术,治疗
28402,行为观察和治疗,治疗
28403,经皮主动脉气囊反搏动术(IABP),治疗
28404,冠脉血管内超声检查术(IVUS),治疗
28405,鼻部微波治疗,治疗
28406,制戴固定式缺隙保持器,治疗
28407,胸部肿瘤射频治疗,治疗
28408,行为矫正治疗,治疗
28409,嵌体修复,治疗
28410,鞘内注射,治疗
28411,催眠治疗,治疗
28412,周围神经封闭术,治疗
28413,不良充填体拆除,治疗
28414,肌腱封闭术,治疗
28415,冠修复(全冠),治疗
28416,经皮冠状动脉腔内激光成形术(ELCA),治疗
28417,经内镜气管内肿瘤切除术,治疗
28418,关节腔减压术,治疗
28419,高压氧舱治疗,治疗
28420,新生儿辐射抢救治疗,治疗
28421,新生儿脐静脉穿刺和注射,治疗
28422,新生儿复苏,治疗
28423,经皮肺动脉瓣球囊成形术,治疗
28424,颞颌关节腔灌洗治疗（双侧）,治疗
28425,经皮二尖瓣球囊成形术,治疗
28426,牙龈保护剂塞治,治疗
28427,经皮静脉内滤网取出术,治疗
28428,腹腔穿刺插管盆腔滴注术,治疗
28429,腭裂术后听说语音治疗,治疗
28430,牙周骨成形术,治疗
28431,牙齿萌出囊肿袋形术,治疗
28465,腭裂术后语音训练治疗,治疗
28466,牙外科正畸术,治疗
28467,面神经功能训练,治疗
28468,肉毒杆菌素眼外肌注射（单眼）,治疗
28469,颌骨病灶冷冻术,治疗
28470,咽封闭,治疗
28471,羊膜腔注药中期引产术,治疗
28472,骨性埋藏阻生牙拔除,治疗
28473,颞下颌关节复位,治疗
28474,复杂牙拔除术,治疗
28475,前磨牙拔除术,治疗
28476,乳牙拔除术,治疗
28477,钙化桥打通术,治疗
28478,烧伤换药,治疗
28479,烧伤浸浴扩创术,治疗
28480,血管瘤硬化剂注射治疗,治疗
28481,光动力疗法（PDT）（双眼）,治疗
28482,浅表肿物切除术,治疗
28483,眶内血肿穿刺术（双侧）,治疗
28484,羊水置换,治疗
28485,皮肤溃疡清创术,治疗
28486,泪小点扩张（双眼）,治疗
28487,桩核根帽修复,治疗
28488,诊疗中使用脑室镜加收,治疗
28489,筋膜封闭术,治疗
28490,神经丛封闭术,治疗
28491,臂丛神经丛封闭术,治疗
28492,新生儿前囟门穿刺术,治疗
28493,颞下颌关节下腔活检术（单侧）,治疗
31778,医疗保健服务,治疗
31782,一次性真空采血器[黄头自费],治疗
31786,尘螨过敏原检测试剂盒（胶体金法）,治疗
31787,食物特异性抗体IgG4检测试剂盒（蛋白芯片法） 20项,治疗
31788,血管性疾患激光治疗,治疗
31789,祛除纹眉（第1次）,治疗
31843,儿童生长发育监测包,治疗
31846,省级名中医门诊中医辨证论治,治疗
31847,羊膜腔穿刺术,治疗
31848,咽部冷冻治疗,治疗
31849,口腔粘膜病频谱治疗,治疗
31850,烧（灼）伤换药(面积＞30%),治疗
31851,电解倒睫（双眼）,治疗
31852,血管内激光照射治疗,治疗
31853,甲癣封包治疗,治疗
31854,眶内血肿穿刺术（单侧）,治疗
31855,变应原皮内试验(≥2组),治疗
31856,骨关节病刨削术（单侧）,治疗
31857,颞下颌关节活检术（单侧）,治疗
31858,球后注射（双眼）,治疗
31859,妇科冷冻治疗,治疗
31860,引导性牙周组织再生术,治疗
31861,妇科微波治疗,治疗
31862,纳米碘壳聚糖宫颈治疗,治疗
31863,新生儿洗胃,治疗
31864,口腔粘膜病冷冻治疗,治疗
31865,新生儿经皮胆红素测定,治疗
31866,冠修复（半冠）,治疗
31867,针刺找过敏原（1组）,治疗
31868,喉上神经封闭术,治疗
31869,拆冠桥[每牙],治疗
31870,加人工牙[每颗],治疗
30553,腹腔镜手术治疗加收,治疗
30554,直肠脱垂悬吊术,治疗
30555,经骶尾部直肠癌切除术,治疗
30556,脑及颅内血管畸形栓塞术,治疗
30557,直肠前突开放式修补术,治疗
30558,颈内动脉海绵窦瘘栓塞术,治疗
30559,经皮穿刺脑血管腔内化疗术,治疗
30560,经皮穿刺脑血管腔内溶栓术,治疗
30561,经皮穿刺脑血管腔内支架置入术,治疗
30562,阑尾切除术,治疗
30563,经皮穿刺脑血管腔内球囊成形术,治疗
30564,单纯脑动静脉瘘栓塞术,治疗
30565,结肠造瘘(Colostomy)术,治疗
30566,乙状结肠悬吊术,治疗
30567,肠储存袋成形术,治疗
30568,冠脉内局部药物释放治疗术,治疗
30569,小肠移植术,治疗
30570,冠脉内局部放射治疗术,治疗
30571,冠状动脉内超声溶栓术,治疗
30572,肠切除术,治疗
30573,肠扭转肠套叠复位术,治疗
30574,经皮激光心肌血管重建术(PMR),治疗
30575,经皮冠状动脉瘘封堵术,治疗
30576,十二指肠成形术,治疗
30577,经皮冠状动脉内溶栓术,治疗
30578,重复十二指肠切除术,治疗
30885,睑裂缝合术,治疗
30886,开放折骨术,治疗
30887,重睑成形术（单侧）,治疗
30888,激光重睑整形术,治疗
30889,距骨骨折伴脱位切开复位内固定术,治疗
30890,眼袋整形术（双侧）,治疗
30891,眼袋整形术（单侧）,治疗
30892,泪腺悬吊术(单侧),治疗
30893,睑凹陷畸形矫正术,治疗
30894,髌骨半脱位外侧切开松解术,治疗
30895,泪小点外翻矫正术,治疗
30896,关节滑膜切除术(大),治疗
30897,泪囊摘除术,治疗
30898,复发型泪囊瘘管切除术,治疗
30899,人工肱骨头置换术,治疗
30900,泪腺部分切除术,治疗
30901,人工膝关节表面置换术,治疗
30902,泪道成形术,治疗
30903,泪小管填塞术,治疗
30904,睑球粘连分离术,治疗
30905,睑球粘连及复发性胬肉切除术,治疗
30906,距骨切除术,治疗
30907,胸腺细胞移植术,治疗
31748,计算机图文报告（化验）,治疗
31749,祛除纹眉（第3次）,治疗
31750,全牙弓修复种植术,治疗
31752,学生体检,治疗
31753,诊疗中使用其它内镜加收,治疗
31754,液氮冷冻治疗,治疗
31756,专家门诊诊查费（正高）加收（丙类）,治疗
31757,暴露疗法和半暴露疗法,治疗
31758,瘢痕激光治疗,治疗
31759,肤质调节激光治疗,治疗
31760,新型冠状病毒核酸检测（美院混管）,治疗
31761,丘疹挤粟治疗,治疗
31762,镶牙费,治疗
31767,牙槽骨烧伤清创术,治疗
31768,耳石复位治疗,治疗
31775,预防接种服务费,治疗
31777,简明心理状况测验（MMSE）,治疗
29934,牙列部分错合畸形矫治,治疗
29935,神经根封闭术,治疗
28432,腮腺导管内药物灌注治疗,治疗
28433,耳部冷冻治疗,治疗
28434,牙槽嵴增高术,治疗
28435,牙移植术（自体牙）,治疗
28436,耳部微波治疗,治疗
28437,前牙拔除术,治疗
28438,鼻窦冲洗,治疗
28439,经皮动脉斑块旋切术,治疗
28440,经皮选择性动脉置管术,治疗
28441,经皮肢体动脉旋切＋球囊扩张术,治疗
28442,耳部射频治疗,治疗
28443,鼻异物取出,治疗
29344,其他推拿治疗,治疗
29345,小儿捏脊治疗,治疗
29346,药棒穴位按摩治疗（3穴位）,治疗
29347,小儿斜颈推拿治疗,治疗
29348,三度直肠脱垂复位治疗,治疗
29349,直肠周围硬化剂注射治疗,治疗
29350,高位复杂肛瘘挂线治疗,治疗
29351,环状混合痔切除术,治疗
29352,环状混合痔脱出嵌顿切除术,治疗
29353,肛外括约肌折叠术,治疗
29354,肛瘘封堵术,治疗
29355,肛周药物注射封闭术,治疗
29356,肛门直肠周围脓腔搔刮术,治疗
29357,直肠前突出注射术,治疗
29358,白内障针拨术（单眼）,治疗
29359,白内障针拨术（双眼）,治疗
29360,白内障针拨吸出术（双眼）,治疗
29361,白内障针拨套出术（单眼）,治疗
29362,眼结膜囊穴位注射（单眼）,治疗
29363,眼结膜囊穴位注射（双眼）,治疗
29364,钩针疗法,治疗
29365,小针刀关节游离结晶剔除术,治疗
29366,红皮病清消术,治疗
29367,扁桃体烙法治疗,治疗
29368,药线引流治疗,治疗
29369,耳咽中药吹粉治疗,治疗
29370,中药直肠滴入治疗,治疗
29371,刮痧治疗,治疗
29372,体表瘘管切开搔爬术,治疗
29373,药线点灸,治疗
29374,拔罐疗法(火罐)（3罐/次）,治疗
29375,拔罐疗法(闪罐)（3罐/次）,治疗
29376,拔罐疗法(电罐)（3罐/次）,治疗
29377,拔罐疗法(磁疗罐)（3罐/次）,治疗
30579,十二指肠内翻术,治疗
30580,十二指肠憩室切除术,治疗
30581,幽门成形术,治疗
30582,胃冠状静脉结扎术,治疗
30583,胃冠状静脉栓塞术,治疗
31802,关节穿刺术,治疗
31805,中药膏方加工费,治疗
31807,新生儿后囟门穿刺术,治疗
31808,新生儿监护,治疗
28984,鸡眼激光治疗,治疗
28985,阻生智齿龈瓣整形术,治疗
28986,红光治疗,治疗
28987,骶管滴注,治疗
28989,疖肿激光照射治疗,治疗
28990,烧伤冲洗清创术(烧伤面积＞50%),治疗
28991,烧伤大型远红外线治疗机治疗,治疗
28992,肾封闭术,治疗
28993,过敏性疾患激光照射治疗,治疗
28994,烧（灼）伤换药(面积＞50%),治疗
28995,翻身床治疗,治疗
28996,术后创口二期缝合术,治疗
29378,拔罐疗法(其它罐)（3罐/次）,治疗
29379,药物罐,治疗
29380,洗胃,治疗
29381,特殊物理降温,治疗
29382,亚低温治疗,治疗
29383,坐浴,治疗
29384,冷热湿敷,治疗
29385,直肠冲洗,治疗
29386,窦道瘘管冲洗,治疗
29387,更换造瘘管,治疗
29388,更换引流装置（引流管）,治疗
29389,腔管注药,治疗
29390,腔管抽胸（腹）水,治疗
29391,保留灌肠,治疗
29392,三通氧气灌肠,治疗
29393,导尿,治疗
31443,睾丸切除术（单侧）,治疗
31444,睾丸破裂修补术,治疗
31445,鞍区颅咽管瘤切除术,治疗
31446,经尿道前列腺电切术,治疗
31447,小脑实性血网切除术,治疗
31448,经膀胱镜膀胱电切术,治疗
31449,前列腺囊肿切除术,治疗
31450,三尖瓣下移畸形矫治术(Ebstein畸形矫治术),治疗
31451,全子宫+双附件切除术,治疗
31452,胸骨牵引术,治疗
31453,股静脉带戒术,治疗
31454,肠排列术(固定术),治疗
31455,升主动脉－双腋Y型人工血管架桥－颈动脉大隐静脉架桥术,治疗
31456,腹膜后肿瘤切除术,治疗
31457,手腕部神经损伤修复术,治疗
31458,颈椎体次全切除植骨融合术,治疗
31459,气管内肿瘤切除术激光加收,治疗
31460,经颈侧杓状软骨切除声带外移术,治疗
28494,冠修复（3/4冠）,治疗
28495,纳米银宫颈抗菌治疗,治疗
28496,颞颌关节腔内封闭（单侧）,治疗
28497,经内镜结肠治疗,治疗
28498,龈瘤切除术,治疗
29407,黑白打印照片,治疗
29408,黑白一次成象(波拉)照片,治疗
29409,计算机图文报告,治疗
29410,临床医学鉴定,治疗
29411,贴敷疗法,治疗
29412,中药化腐清创术,治疗
29413,中药涂擦治疗（10%体表面积）,治疗
29414,中药涂擦治疗（>10%体表面积）,治疗
29415,中药热奄包治疗,治疗
29416,中药封包治疗,治疗
29417,中药熏洗治疗,治疗
29418,中药熏洗治疗（半身）,治疗
29419,中药熏洗治疗（全身）,治疗
29420,中药蒸汽浴治疗(30分钟),治疗
29421,中药蒸汽浴治疗（>30分钟）,治疗
29888,鼻孔闭锁修复术,治疗
29889,牙体桩钉固位修复术,治疗
29890,上颌结节成形术,治疗
29891,充填体抛光术,治疗
29892,化学微创祛龋术,治疗
29893,橡皮障隔湿法,治疗
29894,石膏固定术(特大),治疗
29895,树脂嵌体修复术,治疗
29896,石膏拆除术,治疗
29897,粘液囊肿药物灌注疗法,治疗
29898,甲床下放血引流,治疗
29899,肉毒杆菌素眼外肌注射（双眼）,治疗
29900,冲洗结膜囊（单眼）,治疗
29901,石膏固定术(小),治疗
29902,干髓术,治疗
29903,唇颊沟加深术,治疗
29904,浅表肿物切除术（痣、疣）,治疗
29905,睑结膜伪膜去除冲洗（单眼）,治疗
29906,修复前软组织成形术,治疗
29907,牙髓塑化治疗术,治疗
29908,经皮穿刺三叉神经半月节射频温控热凝术,治疗
29909,根管壁穿孔外科修补术,治疗
29910,取结膜结石（单眼）,治疗
29911,根尖诱导成形术,治疗
29912,咬合重建,治疗
29913,取结膜结石（双眼）,治疗
29914,精神分析治疗,治疗
29915,经皮冠状动脉内支架置入术(STENT),治疗
29916,室间隔缺损介入治疗,治疗
29917,单人舱治疗,治疗
29918,儿童前牙树脂冠修复,治疗
29919,定向冠脉内膜旋切术,治疗
29920,经股动脉置管腹主动脉带簿网支架置入术,治疗
29921,急救单独开舱治疗,治疗
29922,腹主动脉瘤经股动脉置管腹主动脉带簿网支架置入术,治疗
29923,经皮静脉内支架置入术,治疗
29924,森田疗法,治疗
29925,经皮动脉闭塞激光再通术,治疗
29926,眼部冷冻治疗（单眼）,治疗
29927,霰粒肿搔爬术（双眼）,治疗
29928,持续关节腔冲洗,治疗
29929,骨关节病刨削术（双侧）,治疗
29930,关节腔灌注治疗,治疗
29931,角膜异物剔除术（双眼）,治疗
29932,骨穿刺术,治疗
29933,角膜异物剔除术（单眼）,治疗
31323,麻醉中支气管镜引导,治疗
31324,麻醉中彩超引导,治疗
31325,神经阻滞电刺激定位术,治疗
31326,硬膜外连续镇痛,治疗
31327,侧脑室连续镇痛,治疗
31328,术后镇痛泵持续给药镇痛,治疗
31329,人流镇痛,治疗
31330,分娩镇痛,治疗
31331,术后镇痛,治疗
31332,支气管内麻醉,治疗
31461,股骨粗隆间骨折内固定术,治疗
31462,喉次全切除术,治疗
31463,经硬腭进路鼻咽肿瘤切除术,治疗
31471,治疗费0%,治疗
31472,治疗费10%,治疗
31473,治疗费30%,治疗
31474,治疗费100%,治疗
31475,诊疗费0%,治疗
31476,诊疗费10%,治疗
31477,诊疗费20%,治疗
31478,诊疗费100%,治疗
31479,护理费100%,治疗
31027,磨痂自体皮移植术,治疗
31028,焦痂开窗植皮术,治疗
31029,异体皮打洞嵌植自体皮术,治疗
31030,切(削)痂自体微粒皮移植术,治疗
31031,切(削)痂自体皮浆移植术,治疗
31032,阴蒂短缩成型术,治疗
31033,单纯性外阴切除术,治疗
31034,外阴局部扩大切除术,治疗
31035,外阴广泛切除+淋巴结清除术,治疗
31036,前庭大腺囊肿造口术,治疗
31037,前庭大腺囊肿切除术,治疗
31038,处女膜切开术,治疗
31039,肋骨良性肿瘤切除术,治疗
31040,幼女阴道异物诊治,治疗
31041,经宫腔镜取环术,治疗
31042,肋骨骨髓病灶清除术,治疗
31043,经宫腔镜宫腔粘连分离术,治疗
31044,经宫腔镜子宫纵隔切除术,治疗
31045,开胸探查术,治疗
31046,人工破膜术,治疗
31047,开胸肿瘤微波治疗,治疗
31048,多胎接生,治疗
31049,死胎接生,治疗
31050,开胸肿瘤激光治疗,治疗
31051,开胸肿瘤射频治疗,治疗
31052,开胸冷冻治疗,治疗
31053,内倒转术,治疗
31054,剖宫产术（两胎及以上）,治疗
31055,二次剖宫产术,治疗
29422,中药塌渍治疗（10%体表面积）,治疗
29423,中药塌渍治疗（>10%体表面积）,治疗
29424,中药熏药治疗,治疗
29425,赘生物中药腐蚀治疗（每赘生物）,治疗
29426,挑治,治疗
29427,割治,治疗
29428,骨折橇拨复位术,治疗
29429,骨折经皮钳夹复位术,治疗
29430,骨折闭合复位经皮穿刺（钉）内固定术,治疗
29431,骨折闭合复位经皮穿刺（钉）内固定术四肢长骨干、近关节加收,治疗
29936,诊疗中使用椎间盘镜加收,治疗
29937,经皮动脉激光成形+球囊扩张术,治疗
29938,泪小点扩张（单眼）,治疗
29939,霰粒肿搔爬术（单眼）,治疗
29940,经颈内静脉肝内门腔静脉分流术(TIPS),治疗
29941,变应原皮内试验(1组),治疗
29942,制戴活动式缺隙保持器,治疗
30584,胃扭转复位术,治疗
30585,枕大池穿刺术,治疗
30586,全胃切除术（食道-十二指肠吻合）,治疗
30587,全胃切除术（食道空肠吻合Roux-y型或袢式）,治疗
30588,胃癌根治术,治疗
30589,远端胃大部切除术（胃-空肠Roux-y型吻合）,治疗
30590,重复胃切除术,治疗
30591,术后腹腔出血开腹止血术,治疗
30592,胃肠局部肿瘤切除,治疗
30593,贲门癌扩大根治术,治疗
30594,外耳道疖脓肿切开引流术,治疗
30595,贲门痉挛(失弛缓症)肌层切开术,治疗
30596,游离空肠代食管术,治疗
30597,食管胃短路捷径手术,治疗
30598,胃代食管再造术,治疗
30599,外耳道胆脂瘤取出术,治疗
30600,食管胃吻合口狭窄切开成形术,治疗
30601,食管癌根治+肠代食管术,治疗
30602,颈段食管癌切除+颈部皮瓣食管再造术,治疗
30603,食管癌根治术,治疗
30604,外耳道肿物活检术,治疗
30605,食管颈段造瘘术,治疗
30606,下咽颈段食管狭窄切除及颈段食管再造术,治疗
30607,食管憩室内翻术,治疗
30608,食管憩室切除术,治疗
30609,食管瘘清创术,治疗
30610,食管破裂修补术,治疗
30611,内镜黏膜下剥离技术加收（食管、胃、肠、肛门手术）,治疗
31146,踝关节结核病灶清除+关节融合术,治疗
31147,脊椎结核病灶清除减压术,治疗
31148,脊椎结核病灶清除+植骨融合术,治疗
31149,股骨头坏死病灶刮除植骨术,治疗
31150,股骨头坏死带血管蒂植骨术,治疗
31151,经支撑喉镜声带肿物切除术,治疗
31152,桡骨远端切除腓骨移植成形术,治疗
31153,骨髓炎病灶清除术,治疗
31154,骨髓炎切开引流灌洗术,治疗
31155,骨折穿针外固定架拆除术,治疗
31156,锁骨骨折切开复位内固定术,治疗
31157,喉裂开肿瘤切除术,治疗
31158,肱骨干骨折切开复位内固定术,治疗
31159,肱骨内、外髁骨折切开复位内固定术,治疗
31160,肱骨小头骨折切开复位内固定术,治疗
31161,桡骨头切除术,治疗
31162,喉裂开声带切除术,治疗
31163,咽肿瘤切除术,治疗
31164,科雷氏骨折切开复位内固定术,治疗
31165,史密斯骨折切开复位内固定术,治疗
31166,髋臼骨折切开复位内固定术,治疗
31167,股骨颈骨折闭合复位内固定术,治疗
31168,股骨颈骨折切开复位内固定+带血管蒂或肌蒂骨移植术,治疗
31169,股骨干骨折切开复位内固定术,治疗
31170,股骨髁间骨折切开复位内固定术,治疗
31171,髌骨骨折部分切除术,治疗
31172,胫骨干骨折切开复位内固定术,治疗
31173,内外踝骨折切开复位内固定术,治疗
31174,肱骨干骨折不愈合切开植骨内固定术,治疗
31175,股骨干骨折不愈合切开植骨内固定术,治疗
31176,喉狭窄成形及“T”形管置入术,治疗
31177,肱骨髁上骨折畸形愈合截骨矫形术,治疗
31178,桡骨下端骨折畸形愈合矫正术,治疗
31179,股骨干骨折畸形愈合截骨内固定术,治疗
31180,踝部骨折畸形愈合矫形术,治疗
31181,跟骨骨折切开复位撬拨术,治疗
31182,喉瘢痕狭窄扩张术,治疗
31183,骨折内固定装置取出术（门诊手术）,治疗
31184,腓骨骨折切开复位内固定术,治疗
31185,肩锁关节脱位切开复位内固定术,治疗
31186,带蒂残喉气管瓣修复下咽术,治疗
31187,陈旧性肘关节前脱位切开复位术,治疗
31188,髋关节脱位切开复位术,治疗
31189,先天性髋关节脱位手法复位石膏固定术,治疗
31190,先天性髋关节脱位切开复位骨盆截骨内固定术,治疗
31191,先天性髋关节脱位切开复位骨盆截骨股骨上端截骨内固定术,治疗
30956,肝动脉结扎术,治疗
30957,肝门部胆管病变切除术,治疗
30958,周围神经活检术,治疗
30959,肝胆总管切开取石+空肠Roux-y吻合术,治疗
30960,胆囊造瘘术,治疗
30961,胆囊肠吻合术,治疗
30962,开腹门静脉栓塞术,治疗
30963,经食管心脏调搏术,治疗
30964,肝实质切开取石术,治疗
30965,经食管心脏起搏术,治疗
30966,移植肝切除术+再移植术,治疗
30967,口腔模型制备,治疗
29704,血浆净化治疗(血浆置换一次分离),治疗
29705,口腔局部止血,治疗
29706,神经阻滞治疗,治疗
29707,血浆净化治疗(免疫吸附),治疗
29708,肾盂测压（双侧）,治疗
29709,激光口内治疗（牙周处置）,治疗
29710,血浆净化治疗(血浆置换二次分离),治疗
29711,护架烤灯,治疗
29712,肾活检术,治疗
29713,烧伤冲洗清创术(烧伤面积＞10%),治疗
29714,烧伤冲洗清创术(烧伤面积＞30%),治疗
29715,肾造瘘术（双侧）,治疗
29716,牙开窗助萌术,治疗
29717,简单充填术(V类洞的充填),治疗
29718,简单充填术（Ⅰ类洞的充填）,治疗
29719,白内障囊外摘除联合青光眼人工晶体植入术,治疗
29720,肌腱粘连松解术,治疗
29721,球内异物取出术联合晶体玻璃体切除及人工晶体植入术(四联术),治疗
29722,非正常晶体手术,治疗
29723,肱骨肿瘤切除及骨重建术,治疗
29724,玻璃体切除术,治疗
29725,晶体切割术,治疗
29726,复杂玻璃体剥除使用眼内广角照明加收,治疗
29727,玻璃体内猪囊尾蚴取出术,治疗
29728,膜增殖、视网膜下膜取出术,治疗
29729,黄斑裂孔注气术,治疗
29730,上肢筋膜间室综合征切开减压术,治疗
29731,黄斑转位术,治疗
29732,胸腺切除术,治疗
29733,内眼病冷凝术,治疗
31192,髌韧带挛缩松解、前（后）交叉韧带紧缩术,治疗
31193,膝关节前后十字韧带破裂修补术,治疗
31194,膝关节前十字韧带重建术,治疗
31195,膝关节后十字韧带重建术,治疗
31196,膝关节单纯游离体摘除术,治疗
31197,全喉全下咽全食管切除+全胃上提修复术,治疗
31198,关节滑膜切除术(中),治疗
31199,关节滑膜切除术(小),治疗
31200,半月板切除（成形）术,治疗
29943,经皮心内膜心肌活检术,治疗
29944,皮肤活检术,治疗
29945,眼部脓肿切开引流术（双眼）,治疗
29780,甲状腺部分切除术（双侧）,治疗
29781,甲状腺部分切除术（单侧）,治疗
29782,鼻外筛窦开放手术,治疗
29783,脊柱滑脱复位内固定术,治疗
29784,经鼻内镜鼻窦手术,治疗
29785,甲状旁腺细胞移植术,治疗
29786,经皮腰椎间盘射频消融术,治疗
29787,甲状旁腺腺瘤切除术,治疗
29788,腰椎间盘突出摘除术,治疗
29789,经鼻内镜眶减压术,治疗
29790,垂体细胞移植术,治疗
29791,欧玛亚（Omaya）管置入术,治疗
29792,黄韧带增厚切除术,治疗
29793,马尾神经 吻合术,治疗
29794,胸腰椎骨折切开复位内固定术,治疗
29795,胸椎横突椎板植骨融合术,治疗
29796,腰骶部潜毛窦切除术,治疗
29797,环枢椎侧块螺钉内固定术,治疗
29798,胸腰交感神经节切断术,治疗
29799,后入路环枢减压植骨融合固定术,治疗
29800,选择性脊神经后根切断术（SPR）,治疗
29801,脊髓蛛网膜下腔输尿管分流术,治疗
29802,颈椎侧方入路枢椎齿突切除术,治疗
29803,脊髓蛛网膜下腔腹腔分流术,治疗
29804,颈椎间盘切除椎间植骨融合术,治疗
29805,脊髓外露修补术,治疗
29806,外耳道成形术,治疗
29807,前列腺活检术,治疗
29808,阴茎海绵体灌流治疗术,治疗
29809,阴茎动脉测压术,治疗
29810,阴茎赘生物冷冻术,治疗
29811,烧伤血管破裂出血血管缝合术,治疗
29812,烧伤扩创术,治疗
29813,阴茎赘生物电灼术,治疗
29814,晶体囊截开术（单眼）,治疗
31250,经颈侧进路鼻咽肿瘤切除术,治疗
31251,残端修整术（下肢）,治疗
31252,残端修整术（指）,治疗
31253,咽部脓肿切开引流术,治疗
31254,上肢截肢术,治疗
31255,髋关节离断术,治疗
31256,大腿截肢术,治疗
31257,扁桃体周围脓肿切开引流术,治疗
31258,舌扁桃体切除术,治疗
31259,截指术,治疗
31260,截趾术,治疗
30004,急性坏死性龈炎局部清创,治疗
30005,根面平整术,治疗
30006,直肠肛门微波治疗,治疗
30007,松动牙根管内固定术,治疗
30008,前房穿刺术（单眼）,治疗
30009,球周半球后注射（双眼）,治疗
30010,半牙切除术,治疗
30011,牙周植骨术,治疗
30012,腭裂术后鼻音计语音治疗,治疗
29946,每增加一根血管的介入治疗加收,治疗
29947,胸部肿瘤电凝治疗,治疗
29948,颞下颌关节盘复位术（关节下腔）（单侧）,治疗
29949,脉络膜上腔放液术（双眼）,治疗
29950,双眼单视功能训练,治疗
29951,眼部脓肿切开引流术（单眼）,治疗
29952,弱视训练,治疗
29953,劈裂牙治疗,治疗
29954,电解脱毛治疗,治疗
29955,皮赘去除术,治疗
29956,根管再治疗术,治疗
29957,睑结膜伪膜去除冲洗（双眼）,治疗
29958,显微根管治疗术,治疗
29959,刮疣治疗,治疗
29960,浅表肿物切除术（痣、疣）（≥10粒）,治疗
29961,冲洗结膜囊（双眼）,治疗
29962,诊疗中使用宫腔镜加收,治疗
29963,疱病清疮术（1个部位）,治疗
29964,各部位多头带包扎术,治疗
29965,石膏固定术(大),治疗
29966,光动力疗法（PDT）（单眼）,治疗
29967,盖髓术,治疗
29968,拔倒睫（双眼）,治疗
29969,牙体缺损粘接修复术,治疗
29970,上颌结节肥大修整术,治疗
29971,复杂充填术(大面积缺损的充填),治疗
29972,复杂充填术(II类洞的充填),治疗
29973,假性动脉瘤经股动脉置管腹主动脉带簿网支架置入术,治疗
29974,经皮脐静脉穿刺术,治疗
29975,肾周脓肿引流术,治疗
29976,牙外伤结扎固定术,治疗
29977,肾囊肿硬化治疗术（双侧）,治疗
29978,激光口内治疗各种溃疡,治疗
29979,肾穿刺术（双侧）,治疗
29980,灼伤换药,治疗
29981,激光口内治疗（根管处置）,治疗
29982,血液灌流,治疗
29983,婴儿氧舱治疗,治疗
29984,血液透析,治疗
29985,球结膜下注射（双眼）,治疗
29986,龈下洁治,治疗
29987,氟防龋治疗,治疗
29988,经皮静脉内溶栓术,治疗
29989,球后注射（单眼）,治疗
29990,调磨合垫,治疗
29991,脱瘾治疗,治疗
29992,妇科激光治疗,治疗
29993,颞颌关节腔灌洗治疗（单侧）,治疗
30013,义鼻修复,治疗
30014,后象治疗,治疗
30015,腭裂术后鼻咽纤维镜语音治疗,治疗
30016,经内镜直肠治疗,治疗
30017,麻醉分析,治疗
30018,心理治疗,治疗
30019,脑电治疗(A620),治疗
30020,偏瘫肢体综合训练,治疗
30021,康复评定,治疗
30022,职业功能训练,治疗
30023,有氧训练,治疗
30024,关节松动训练(小关节(指关节)),治疗
30025,平衡功能训练,治疗
30026,轮椅功能训练,治疗
30027,运动疗法,治疗
30028,电按摩,治疗
30029,泥疗（≥3部位）,治疗
30030,空气负离子治疗,治疗
30031,微波组织凝固治疗,治疗
30032,超短波(脉冲),治疗
30033,音频电治疗,治疗
30034,睫状体透凝治疗（双侧）,治疗
30035,髌骨肿瘤截除术,治疗
30036,胸腺原位移植术,治疗
30037,前房成形术,治疗
30038,非穿透性小梁切除＋透明质酸钠凝胶充填术,治疗
30039,青光眼硅管植入术,治疗
30040,青光眼滤过泡修补术,治疗
30041,白内障截囊吸取术,治疗
30042,白内障囊内摘除术,治疗
30043,白内障超声乳化摘除术,治疗
30044,胸腺肿瘤切除术,治疗
30045,人工晶体置换术,治疗
30046,拇囊炎手术治疗（单侧）,治疗
30047,白内障超声乳化摘除+人工晶体植入（微切口）,治疗
30048,人工晶体取出术,治疗
30049,手外伤清创反取皮植皮术,治疗
29467,救护车费(3公里以上）,治疗
29468,病房空调费,治疗
29469,急诊留观空调费,治疗
29470,普通病房床位费,治疗
29471,婴儿床,治疗
29472,传染病房加收,治疗
29473,层流床罩加收(洁净级别达到100级及以上),治疗
29474,层流洁净病房床位费（洁净级别达到100级及以上的）,治疗
29475,中心监护病房床位费,治疗
29476,特殊防护病房床位费,治疗
29477,急诊观察床位费,治疗
29478,ICU单元治疗,治疗
29479,等级护理,治疗
29480,特殊疾病护理加收,治疗
29481,新生儿护理,治疗
29482,疾患新生儿护理,治疗
29734,硅油取出术（双侧）,治疗
29735,掌、指骨折手法整复术,治疗
29736,非共同性斜视矫正术,治疗
29737,非常规眼外肌手术,治疗
29738,颅骨头环牵引术,治疗
29739,球内非磁性异物取出术,治疗
29740,眶内异物取出术,治疗
29741,甲状腺突眼矫正术,治疗
29742,眼内容摘除术,治疗
29743,乳腺癌根治术（单侧）,治疗
29744,义眼安装,治疗
29745,乳腺癌扩大根治术（双侧）,治疗
29746,眶内容摘除术,治疗
29747,上颌骨切除合并眶内容摘除术,治疗
29748,体表异物表皮切开取出术,治疗
29749,眼眶壁骨折整复固定术,治疗
29750,眶骨缺损修复术,治疗
29751,眼眶减压术（单眼）,治疗
29752,眼前段重建术（单侧）,治疗
29753,喉返神经吻合术,治疗
29754,耳廓软骨膜炎清创术,治疗
29755,耳廓脓肿切排清创术,治疗
29756,淋巴血管瘤切除术(中),治疗
29757,耳颞部血管瘤切除术,治疗
29758,耳息肉摘除术,治疗
29759,脂肪血管瘤切除术(小),治疗
29760,耳后瘘孔修补术,治疗
29761,耳前瘘管感染切开引流术,治疗
29762,头皮缺损修复术,治疗
29763,副耳切除术,治疗
29994,牙面光洁术,治疗
29995,球周半球后注射（单眼）,治疗
29996,口腔颌面部冷冻治疗（≥2个部位）,治疗
29997,周围神经毁损术,治疗
29998,口腔颌面部冷冻治疗（1个部位）,治疗
29999,去除牙周固定,治疗
30000,腭裂术后腭电图仪语音治疗,治疗
30001,腹水超滤回输治疗加收,治疗
30002,腹水直接回输治疗,治疗
30003,义颌修复,治疗
28364,盐酸氨酮戊酸光动力治疗,治疗
28365,骨髓保存（首次）,治疗
28366,腭护板导板矫治,治疗
28367,骨髓血回输,治疗
28368,直肠肛门冷冻治疗,治疗
28369,血液稀释疗法,治疗
28370,牙脱敏治疗,治疗
29483,精神病护理,治疗
29046,诊疗中使用鼻窦镜加收,治疗
29047,感觉根射频温控热凝,治疗
29048,根管内固定术,治疗
29049,连续性血液净化,治疗
29050,调合,治疗
29051,胰岛素泵持续皮下注射胰岛素,治疗
29052,机器洗涤红细胞术,治疗
29053,成份血液照射（铯137源照射）,治疗
28371,激光照射治疗,治疗
28372,经肠镜激光治疗,治疗
28373,全血血液照射（铯137源照射）,治疗
28374,术中自体血回收,治疗
28375,悬浮红细胞除滤,治疗
28376,血细胞分离单采（4000ml）,治疗
28377,混合淋巴细胞培养,治疗
28378,口咽部活检术,治疗
28379,体外反搏治疗,治疗
28380,鼻部聚焦超声治疗,治疗
28381,口腔粘膜雾化治疗,治疗
29283,普通针刺(姜针)(≤20个穴位),治疗
29284,普通针刺(姜针)（>20个穴位）,治疗
29285,普通针刺(药针)(≤20个穴位),治疗
29286,普通针刺(药针)（>20个穴位）,治疗
29287,其它普通针刺(≤20个穴位),治疗
29288,温针(≤20个穴位),治疗
29289,温针（>20个穴位）,治疗
29290,手指点穴（>20个穴位）,治疗
29291,馋针,治疗
29292,微针针刺(鼻针),治疗
29293,微针针刺(腕踝针),治疗
29294,微针针刺(面针),治疗
29295,微针针刺(口针),治疗
29296,锋钩针,治疗
29297,头皮针,治疗
29298,眼针（双眼）,治疗
29299,七星针,治疗
29300,火针(>20个穴位),治疗
29301,电火针(≤20个穴位),治疗
29302,埋针治疗(穴位埋线),治疗
29303,耳针(耳穴压豆)(单耳),治疗
29304,耳针(耳穴压豆)(双耳),治疗
29305,耳针(耳穴埋针)（双耳）,治疗
29306,耳针(磁珠压耳穴)（双耳）,治疗
29307,芒针,治疗
29308,电针(普通电针)(≤20个穴位),治疗
29309,电针(电热针灸)(≤20个穴位),治疗
29310,电针(普通电针)（＞20个穴位）,治疗
29311,电针(电热针灸)（＞20个穴位）,治疗
29312,浮针,治疗
29313,激光针（2穴位）,治疗
29314,磁热疗法（2穴位）,治疗
29315,穴位封闭,治疗
29316,麻醉下腰椎间盘突出症大手法治疗,治疗
29317,穴位贴敷治疗,治疗
29318,杵针,治疗
29319,灸法(艾柱灸),治疗
29320,灸法(艾箱灸),治疗
29321,灸法(天灸),治疗
29322,隔物灸法(隔姜灸),治疗
29323,隔物灸法(隔盐灸),治疗
29324,隔物灸法(其它灸),治疗
29325,游走罐,治疗
29326,大灸,治疗
29327,太乙神针灸,治疗
29328,颈椎病推拿治疗,治疗
29329,颈椎病正骨复位,治疗
29330,肩周疾病推拿治疗,治疗
29331,网球肘推拿治疗,治疗
29332,急性腰扭伤推拿治疗,治疗
31382,紫外线治疗(水冷式),治疗
31383,神经肌肉电刺激治疗,治疗
31384,低频脉冲电治疗（≥3部位）,治疗
31385,功能性电刺激治疗（≥3部位）,治疗
31386,中频脉冲电治疗,治疗
31387,立体动态干扰电治疗,治疗
31388,电脑中频电治疗,治疗
31389,调制中频电治疗,治疗
31390,共鸣火花治疗,治疗
31391,电脑中频电治疗（≥3部位）,治疗
31392,超短波(小功率)（≥3部位）,治疗
31393,微波治疗,治疗
31394,测血糖(治),治疗
31395,拇指再造术Ⅳ型,治疗
31396,甲状腺全切术(双侧),治疗
31397,高位隐睾下降固定术（单侧）,治疗
31398,尺、桡骨骨折不愈合切开植骨内固定术,治疗
31400,分米波治疗,治疗
31401,便盆,治疗
31402,接尿壶,治疗
31403,一次性尿壶,治疗
31404,拆桩,治疗
31405,微波组织凝固治疗（≥3部位）,治疗
31406,拆冠桥,治疗
31407,皮肤恶性肿瘤切除术,治疗
31408,烧伤焦痂切开减张术,治疗
31409,深度烧伤扩创血管神经探查术,治疗
31410,铸造可摘局部义齿,治疗
31411,经烧伤创面气管切开术,治疗
31412,头皮取皮术,治疗
31413,三叉神经干鞘膜内注射术,治疗
31414,卵巢成形术（单侧）,治疗
31415,卵巢楔形切除术（单侧）,治疗
31416,合导板制备,治疗
31417,唇弓制备,治疗
31418,带环制备,治疗
31419,模型外科设计,治疗
31420,面部模型制备,治疗
31421,记存模型制备,治疗
30968,新生儿暖箱,治疗
30973,胫骨髁间（平台）骨折切开复位内固定术,治疗
30974,脑干血管畸形切除术,治疗
30975,病历费,治疗
30976,自负床位费,治疗
30977,骨折夹板外固定复查调整,治疗
30978,埋针治疗(穴位包埋),治疗
30990,颞下颌关节盘复位术（双侧）,治疗
31006,毫米波治疗（≥3部位）,治疗
31007,直流电水浴治疗(单、双、四槽浴)（≥3部位）,治疗
31008,宫颈封闭,治疗
31009,自体血保存（200ml）,治疗
31010,视网膜脱离修复术,治疗
31011,部分断耳再植术,治疗
31012,萎缩性鼻炎鼻腔缩窄术,治疗
31013,第一掌骨基底骨折伴脱离切开复位内固定术,治疗
31014,激光治疗青光眼（双眼）,治疗
31015,鼻泪道再通术,治疗
31016,睫状体及脉络膜上腔放液术,治疗
31017,显微镜下手术加收,治疗
31018,经颈动脉插管全脑动脉造影术,治疗
29333,腰部疾病推拿治疗,治疗
29334,腰椎间盘突出正骨复位,治疗
29335,膝关节骨性关节炎推拿治疗,治疗
29336,内科慢性腹泻推拿治疗,治疗
29337,II型糖尿病推拿治疗,治疗
29338,内科便秘推拿治疗,治疗
29339,慢性胃病推拿治疗,治疗
29340,内科失眠推拿治疗,治疗
29341,胃下垂推拿治疗,治疗
29342,月经不调推拿治疗,治疗
29343,痛经推拿治疗,治疗
31201,关节清理术,治疗
31202,踝关节稳定手术,治疗
31203,腘窝囊肿切除术(单侧),治疗
31204,腘窝囊肿切除术(双侧),治疗
31205,梨状窝赘生物摘除术,治疗
31206,梨状窝癌切除术,治疗
31207,声门上水平喉切除术,治疗
31208,垂直超半喉切除术及喉功能重建术,治疗
31209,人工肘关节置换术,治疗
31210,人工全髋关节置换术,治疗
31211,人工股骨头置换术,治疗
31212,人工膝关节置换术,治疗
31213,人工踝关节置换术,治疗
31214,人工关节取出术,治疗
31215,髋关节表面置换术,治疗
31216,人工趾间关节置换术,治疗
31217,骨骺肌及软组织肿瘤切除术,治疗
31218,骨骺早闭骨桥切除脂肪移植术,治疗
31219,股骨头骨骺滑脱牵引复位内固定术,治疗
31220,尺骨头、桡骨茎突切除术,治疗
31221,髌股关节病变软骨切除软骨下钻孔术,治疗
31222,先天性锁骨假关节切除植骨内固定术,治疗
31223,先天性胫骨假关节切除带血管腓骨移植术,治疗
31224,肘关节截骨术,治疗
31225,腕关节截骨术,治疗
31226,喉全切除术后发音管安装术,治疗
31227,股骨头单纯钻孔减压术,治疗
31228,气管切开拔管缝合术,治疗
31229,跟骨截骨术,治疗
31230,气管切开,治疗
31231,环甲膜切开术,治疗
31232,三关节融合术,治疗
31233,环甲膜穿刺术,治疗
31234,近侧趾间关节融合术,治疗
31235,近节趾骨背侧契形截骨手术,治疗
31236,直接喉镜下赘生物切除术,治疗
31237,尺骨短缩术,治疗
31238,间接喉镜下赘生物切除术,治疗
31239,股骨延长术,治疗
31240,经直达喉镜喉肿物摘除术,治疗
31241,血管束移植充填植骨术,治疗
31242,股四头肌成形术,治疗
31243,髌韧带成形术,治疗
31244,马蹄内翻足松解术,治疗
31245,颈侧进路咽食管肿瘤切除术,治疗
31246,颈侧切开下咽肿瘤切除术,治疗
31247,经硬腭进路鼻咽狭窄闭锁切开成形术,治疗
31248,上肢关节松解术,治疗
31249,肩关节离断术,治疗
31425,使用超声切割止血刀加收（颅脑手术）,治疗
31427,卵巢囊肿（赘生物）烧灼术（单侧）,治疗
31428,立体定向脑深部核团毁损术（射频治疗(≥2靶点)）,治疗
31429,立体定向脑深部核团毁损术(≥2靶点),治疗
31430,立体定向颅内肿物活检术,治疗
31431,立体定向颅内肿瘤切除术,治疗
31432,阴茎囊肿切除术,治疗
31433,阴茎包皮过短整形术,治疗
31434,颅缝再造术,治疗
31435,输尿管间嵴切除术,治疗
31436,输精管角性结节切除术,治疗
31437,经口齿状突切除术,治疗
31438,环枕畸形减压术,治疗
31439,输精管附睾吻合术（双侧）,治疗
31440,前颅窝底修补术,治疗
31441,海绵窦瘘直接手术,治疗
31442,阴茎肿瘤双侧淋巴清扫术,治疗
30939,睫状体冷凝治疗（双侧）,治疗
30940,头皮肿物切除术（直径＜4cm）,治疗
30941,术中应用神经导航系统加收,治疗
30942,胰体癌根治术,治疗
30943,术中血液加温治疗,治疗
30944,经皮椎间盘臭氧注射术,治疗
30945,空肠囊肿吻合术,治疗
30946,DSA引导下神经脉冲射频术,治疗
30947,胰腺囊肿内引流术,治疗
30948,右心导管检查术,治疗
30949,胆管移植术,治疗
30950,先天胆道闭锁肝空肠Roux-y成形术,治疗
30951,开腹经胆道镜取石术,治疗
30952,经内镜奥狄氏括约肌切开取石术(ECT),治疗
30953,十二指肠乳头括约肌切开术,治疗
30954,胆总管探查T管引流术,治疗
30955,先天性胆总管囊肿切除胆道成形术,治疗
31019,脊髓硬膜外病变切除术,治疗
31020,阴道中隔成形术,治疗
31021,额窦修补术,治疗
31022,脑深部电极取出术,治疗
31023,幕上深部病变切除术（后部肿瘤）,治疗
31024,颞下颌关节盘手术（单侧）,治疗
31025,颧骨颧弓成型术（双侧）,治疗
31026,异体组织制备,治疗
29764,外耳道恶性肿瘤切除术,治疗
29765,正颌外科手术设计与面型预测（电子计算机技术）,治疗
29766,分期耳廓成形术,治疗
29767,经烧伤创面静脉切开术,治疗
29768,耳廓畸形矫正术,治疗
29769,耳廓软骨取骨术,治疗
29770,烧伤特殊备皮,治疗
29771,鼓膜置管术,治疗
29772,鼓膜切开术,治疗
29773,耳显微镜下鼓膜修补术,治疗
29774,切(削)痂网状自体皮移植术,治疗
29775,脊柱侧弯矫正术(后路),治疗
29776,甲状腺次全切除术(单侧),治疗
29777,先天性脊柱畸形截骨矫正术,治疗
29778,强直性脊柱炎多椎截骨矫正术,治疗
29779,全视网膜激光光凝术（单眼）,治疗
29035,牙龈翻瓣术,治疗
29036,根尖切除术,治疗
29037,牙冠延长术,治疗
29038,前房穿刺术（双眼）,治疗
29039,制戴活动矫正器,治疗
29040,腭隆修整术,治疗
29041,冠周炎局部治疗,治疗
29042,细胞因子活化杀伤(CIK)细胞输注治疗,治疗
29043,球旁注射（双侧）,治疗
29044,骨髓保存,治疗
29045,局灶性肌张力障碍A型肉毒毒素肌注治疗,治疗
30908,结膜囊成形术,治疗
30909,麦粒肿切开切除术,治疗
30910,先天性胫骨缺如胫骨上端膝关节融合术,治疗
30911,胫、距关节融合术,治疗
30912,球结膜放射状切开冲洗+减压术,治疗
30913,球结膜酸碱烧伤减压冲洗,治疗
30914,桡骨延长术,治疗
30915,近视性放射状角膜切开术,治疗
30916,髋臼造盖成形术,治疗
30917,角膜缝环固定术（双侧）,治疗
30918,角膜基质环植入术,治疗
30919,拇外翻矫形术（双侧）,治疗
30920,骨移植术,治疗
30921,残端修整术（上肢）,治疗
30922,残端修整术（趾）,治疗
30923,角膜干细胞移植加收,治疗
30924,足踝部截肢术,治疗
30925,角膜白斑染色术,治疗
30926,角膜移植+干细胞移植加收,治疗
30927,角膜移植联合视网膜复位术,治疗
30928,舟骨骨折切开复位内固定术,治疗
30929,髌骨肿瘤局部切除术,治疗
30930,虹膜全切除术,治疗
30931,人工桡骨头置换术（单侧）,治疗
30932,虹膜根部离断修复术,治疗
30933,手部腕掌关节脱位切开复位内固定术,治疗
30934,虹膜囊肿切除术,治疗
30935,睫状体剥离术,治疗
30936,月骨摘除术,治疗
30937,睫状体光凝治疗（双侧）,治疗
30938,拇指再造术Ⅰ型,治疗
29274,腰间盘三维牵引复位术,治疗
29275,普通针刺（体针）(≤20个穴位),治疗
29276,普通针刺（体针）（>20个穴位）,治疗
29277,普通针刺(快速针)(≤20个穴位),治疗
29278,普通针刺(快速针)（>20个穴位）,治疗
29279,普通针刺(磁针)(≤20个穴位),治疗
29280,普通针刺(磁针)（>20个穴位）,治疗
29281,普通针刺(金针)(≤20个穴位),治疗
29282,普通针刺(金针)（>20个穴位）,治疗
31145,膝关节结核病灶清除术,治疗
27308,面神经微血管减压术,治疗
27309,三叉神经微血管减压术,治疗
33357,食管蹼切除术,治疗
33358,锁骨下动脉搭桥术,治疗
33359,闭塞血管激光再通术,治疗
33360,小动脉血管移植术,治疗
33361,小隐静脉曲张结扎＋剥脱术（双侧）,治疗
33362,髓外硬脊膜下血肿切除术,治疗
33323,椎间盘镜手术治疗加收,治疗
33324,宫腔镜手术治疗加收,治疗
33325,直肠癌术后复发盆腔脏器切除术,治疗
33326,脊髓动脉造影术,治疗
33327,颅内动脉瘤栓塞术,治疗
33328,直肠前壁切除缝合术,治疗
33329,直肠狭窄扩张术,治疗
33330,直肠出血缝扎术,治疗
33331,结肠癌扩大根治术,治疗
33332,经股动脉插管全脑动脉造影术,治疗
33333,肥厚型心肌病化学消融术,治疗
33334,胃迷走神经切断术,治疗
33335,胃肠穿孔修补术,治疗
33336,胃（肠）切开置造瘘管术,治疗
33337,胃癌姑息切除术,治疗
33338,远端胃大部切除术（BillrothⅡ式）,治疗
33339,近端胃大部切除术,治疗
33340,胃肠切开取异物,治疗
33341,游离空肠移植代下咽术,治疗
33342,肠代食管再造术,治疗
33343,食管横断吻合术,治疗
33344,颈段食管癌切除+结肠代食管术,治疗
33345,食管闭锁造瘘术,治疗
33346,食管狭窄切除吻合术,治疗
33347,食管良性肿物切除术,治疗
33348,颈侧切开食道异物取出术,治疗
33349,异体脾脏移植术,治疗
33350,胰尾切除术,治疗
27310,卵巢输卵管切除术（单侧）,治疗
27429,窦汇区脑膜瘤切除+血管窦重建术,治疗
27430,横窦旁脑膜瘤切除+血管窦重建术,治疗
27431,矢状窦旁脑膜瘤切除+血管窦重建术,治疗
27432,肾盂成形肾盂输尿管再吻合术,治疗
27433,幕上浅部脑脓肿切除术,治疗
27434,移植肾肾周血肿清除术,治疗
27435,大脑半球胶质增生切除术,治疗
27436,异体供肾取肾术,治疗
27437,异体肾移植术,治疗
27438,大脑半球胶质瘤切除术,治疗
27439,肾实质切开取石术,治疗
27440,颅内蛛网膜囊肿分流术,治疗
27441,多囊肾去顶减压术（双侧）,治疗
27442,脑室钻孔伴脑室引流术,治疗
27443,脑室内注药溶血术,治疗
27444,脑室冲洗术,治疗
27445,侧脑室-腹腔分流术,治疗
27446,肾切除术,治疗
27447,侧脑室-膀胱分流术,治疗
27448,肾折叠术,治疗
27449,侧脑室分流术,治疗
27450,经腹腔镜门脉交通支结扎术,治疗
27451,淋颈转流术,治疗
27452,颅内压监护传感器置入术,治疗
27453,经胸食管胃静脉结扎术,治疗
27454,门体静脉断流术,治疗
27455,单纯硬膜下血肿清除术,治疗
27456,单纯硬膜外血肿清除,治疗
27457,门脉高压症门体静脉分流术,治疗
27458,颅内多发血肿清除术（非同一部位）,治疗
27459,门静脉切开取栓术,治疗
27460,颅内多发血肿清除术,治疗
27461,慢性硬膜下血肿钻孔术,治疗
27462,经颅内镜活检术,治疗
27463,经颅眶肿瘤切除术,治疗
27464,腹壁肿瘤切除术,治疗
27465,肌肉活检术,治疗
27466,开颅探查术,治疗
33039,食管内支架取出术,治疗
33040,食管内支架置入术,治疗
33041,子宫颈截除术,治疗
33042,胃内支架取出术,治疗
33043,胃内支架置入术,治疗
33044,面神经跨面移植术,治疗
33045,经腹腔镜输卵管高压洗注术,治疗
33046,面舌下神经吻合术,治疗
33047,单纯乳房切除术（双侧）,治疗
33048,副乳切除术（双侧）,治疗
33049,眼球裂伤缝合术,治疗
33050,臀大肌挛缩切除术,治疗
33051,黄斑新生血管激光术,治疗
33052,玻璃体切除术（微切口）,治疗
33053,手内肌麻痹功能重建术,治疗
33054,经膀胱镜输尿管支架取出术,治疗
33055,使用钬激光加收（用于内镜下碎石）,治疗
33056,多指皮肤撕脱伤修复加收（三指及以上）,治疗
33057,经膀胱镜输尿管扩张术,治疗
33058,经皮输尿管内管置入术,治疗
33059,白内障囊外摘除+人工晶体植入术,治疗
33060,白内障囊膜切除术,治疗
33061,经尿道输尿管镜取异物术（单侧）,治疗
33062,钬激光巩膜切除手术（双眼）,治疗
33063,经皮肾盂镜取异物术,治疗
33064,眼窝填充术,治疗
33065,前房积血清除术,治疗
33066,多趾切除术,治疗
33067,经皮肾盂镜取石术,治疗
33351,脾部分切除术,治疗
33352,淋巴管大隐静脉吻合术（双侧）,治疗
33353,腹股沟淋巴管-腰干淋巴管吻合术（双侧）,治疗
33354,经胸腔镜内乳淋巴链清除朮,治疗
33355,颈淋巴结清扫术（双侧）,治疗
33356,先天性食管囊肿切除术,治疗
32944,阴茎静脉结扎术,治疗
32945,先天性膈疝修补术,治疗
32946,膈肌折叠术,治疗
32947,宫颈癌根治术,治疗
32948,卵巢移位术（单侧）,治疗
32949,卵巢倒转术（双侧）,治疗
32950,纵隔气肿切开减压术,治疗
32951,输卵管修复整形术,治疗
32952,输卵管囊肿切除术,治疗
32953,纵隔肿物切除术,治疗
32954,胸膜固定术,治疗
32955,胸膜粘连烙断术,治疗
32956,宫颈残端切除术,治疗
32957,非孕期子宫内口矫正术,治疗
32958,脓性纤维膜剥脱及胸腔冲洗引流术,治疗
32959,子宫肌瘤剔除术,治疗
32960,腹式全子宫切除术,治疗
32961,广泛性子宫切除+盆腹腔淋巴结清除术,治疗
32962,开腹取环术,治疗
32963,子宫骶韧带切断术,治疗
32964,阴道残端悬吊术,治疗
32965,子宫内膜去除术,治疗
32966,根治性宫颈切除术,治疗
32967,胸内异物清除术,治疗
33501,陪客躺椅费,治疗
33502,层流洁净病房床位费,治疗
33503,留观床,治疗
33504,CCU单元治疗,治疗
33505,床位费10%,治疗
33506,动静脉置管护理,治疗
33507,医用振动排痰机排痰治疗,治疗
33508,特级护理,治疗
33509,气管切开护理,治疗
33510,护理费0%,治疗
33511,输血（门诊）,治疗
33512,输血费0%,治疗
33513,高频吸氧,治疗
33514,超声雾化吸入,治疗
33515,蒸气雾化吸入,治疗
33516,输氧费0%,治疗
33517,法定假日挂号费,治疗
33518,挂号费100%,治疗
32943,阴茎血管成形术,治疗
33519,专家门诊挂号费（正高）,治疗
33520,省级名老中医挂号费,治疗
27467,腹(盆)腔内肿物切除术,治疗
27468,颅骨修补术,治疗
27469,开腹腹腔内脓肿引流术,治疗
27470,剖腹探查术,治疗
27471,去颅骨骨瓣减压术,治疗
27472,颅骨凹陷骨折复位术,治疗
27473,腰疝修补术,治疗
27474,开放性颅脑损伤清创+静脉窦破裂手术,治疗
27475,开放性颅脑损伤清创术,治疗
27476,脐疝修补术,治疗
27477,充填式无张力疝修补术,治疗
27478,脑脓肿穿刺引流术,治疗
27479,硬膜外脓肿引流术,治疗
27480,骨髓活检术,治疗
27481,胎儿胰腺移植术,治疗
27482,骨髓穿刺术,治疗
27483,帽状腱膜下血肿切开引流术,治疗
27484,淋巴结穿刺术,治疗
27485,胰管空肠吻合术,治疗
27486,头皮肿物切除术（直径≥4cm）,治疗
27487,环状胰腺十二指肠侧侧吻合术,治疗
33363,髂腰肌脓肿切开引流术,治疗
33364,半骨盆切除人工半骨盆置换术,治疗
33365,脊髓硬脊膜外结核瘤切除术,治疗
33366,脊髓硬脊膜外肿瘤切除术,治疗
33367,髓内血肿清除术,治疗
33368,胸椎肿瘤切除术,治疗
33369,椎管内脓肿切开引流术,治疗
33370,脊髓栓系综合症手术,治疗
33371,脊髓空洞症内引流术,治疗
33372,颅内血管重建术,治疗
33373,颈总动脉结扎术,治疗
33374,双胎接生,治疗
33375,经宫腔镜子宫肌瘤切除术,治疗
33376,颈总动脉外膜剥脱术（双侧）,治疗
33377,颈总动脉外膜剥脱术（单侧）,治疗
33378,颈动脉外膜剥脱术（双侧）,治疗
33379,椎动脉减压术,治疗
33380,复杂性尿瘘修补术,治疗
33381,颈内动脉内膜剥脱+动脉成形术,治疗
32427,出诊,治疗
32428,健康咨询,治疗
32429,动脉加压注射,治疗
32430,皮下氧注射,治疗
32431,抗肿瘤化学药物配置（≥2种）,治疗
32432,彩色打印照片,治疗
32433,彩色一次成象(波拉)照片,治疗
32434,保外就医鉴定,治疗
32435,救护车起步价(3公里内）,治疗
32436,煎药,治疗
32437,离体残肢处理,治疗
32438,死胎处理,治疗
33068,掌指结核病灶清除术,治疗
33069,瞳孔再造术,治疗
33070,角膜移植术,治疗
33071,翼状胬肉切除+角膜移植术,治疗
33072,单纯角膜肿物切除,治疗
33073,拇外翻矫形术（单侧）,治疗
33074,铒激光眼科手术(晶体囊膜切开)（单眼）,治疗
33075,表层角膜镜片镶嵌术,治疗
33076,铒激光眼科手术(治疗白内障)（双眼）,治疗
33077,球结膜瓣复盖术,治疗
33078,髋臼旋转截骨术,治疗
33079,髌骨切除+股四头肌修补术,治疗
33080,全植床深板层角膜移植术（单眼）,治疗
33081,腕关节融合术,治疗
33082,跖、趾结核病灶清除术,治疗
33083,胰岛细胞瘤摘除术,治疗
33084,左心导管检查术,治疗
33085,体外循环,治疗
33086,开腹经胆道镜取蛔虫术,治疗
30409,阴道侧穹窿封闭,治疗
30410,经乳突脑脓肿穿刺引流术,治疗
30411,耳后骨膜下脓肿切开引流术,治疗
30412,宫颈注射,治疗
30413,阴道囊肿穿刺术,治疗
30414,阴道壁活检术,治疗
30415,经迷路岩部胆脂瘤切除术,治疗
30416,宫颈活检术,治疗
30417,经迷路听神经瘤切除术,治疗
30418,后穹窿穿刺术,治疗
30419,带血运骨皮瓣切取移植术,治疗
30420,阴道填塞物取出,治疗
30421,经前庭窗迷路破坏术,治疗
30423,外阴病光照射治疗,治疗
30424,足底缺损修复术,治疗
30425,内耳圆窗修补术,治疗
30426,面部外伤清创整形术,治疗
30427,内耳窗修补术,治疗
30428,外阴活检术,治疗
32295,互联网复诊,治疗
33147,下肢关节松解术,治疗
33148,扁桃体切除术,治疗
33149,月骨骨折切开复位内固定术,治疗
33150,上颌骨缺损带蒂骨移植术（单颌）,治疗
33151,人工桡骨头置换术（双侧）,治疗
33152,上颌骨缺损网托碎骨移植术（单颌）,治疗
33153,上颌骨陈旧性骨折整复术（单颌）,治疗
33154,上颌骨缺损植骨修复术（单颌）,治疗
33155,月骨摘除肌腱填塞术,治疗
33156,下颌骨陈旧性骨折整复术（单颌）,治疗
33157,拇指再造术Ⅴ型,治疗
30431,皮肤扩张器或支撑物置入术,治疗
30432,咽鼓管再造术,治疗
30433,泌尿生殖系射频治疗,治疗
30434,泌尿生殖系热疗,治疗
30435,前列腺激光治疗,治疗
32076,医学整形,治疗
32079,总IgE检测试剂盒（胶体金法）,治疗
32080,吸入性-食物性过敏原特异性抗体IgE检测试剂盒2（免疫印迹法）（15位点）,治疗
32081,食物特异性抗体IgG4检测试剂盒 （蛋白芯片法）80项,治疗
32082,食物特异性抗体IgG4检测试剂盒（蛋白芯片法） 17项,治疗
32083,肠道菌群检测,治疗
32084,雀斑激光治疗（10光斑以内）,治疗
32085,调Q激光治疗加收（2CM2以上每CM2）,治疗
32086,粟粒疹挑治,治疗
32087,激光嫩肤治疗,治疗
32088,脂溢性角化治疗,治疗
32090,色素性疾患激光治疗,治疗
32091,激光去色素治疗,治疗
32092,脉冲激光治疗,治疗
32093,激光嫩肤术,治疗
32094,超声药物透入治疗,治疗
32095,数字影像服务费,治疗
32096,常规种植牙修复（包含种植服务费＋韩国植体系统＋钴铬合金烤瓷冠）,治疗
32097,常规种植牙修复（包含种植服务费＋韩国植体系统＋威兰德全瓷冠）,治疗
30408,宫体注射,治疗
27427,幕上深部病变切除术,治疗
27428,周围神经＋肌肉活检术,治疗
27671,先天性动静脉瘘栓塞＋切除术,治疗
27672,肢体动静脉修复术,治疗
27673,胃（肠）造瘘术,治疗
27674,腋-股动脉人工血管转流术,治疗
27675,腋-双股A向远端架桥，每增一支加收,治疗
27676,肢体动脉血管旁路移植术,治疗
27677,肢体动脉瘤切除＋血管移植术,治疗
27678,胃减容术,治疗
27679,上肢血管探查术,治疗
27680,十二指肠填塞术,治疗
27681,肢体动静脉切开取栓术,治疗
27682,肠回转不良矫治术,治疗
27683,小儿原发性肠套叠手术复位,治疗
27684,股腘动脉人工自体血管移植术,治疗
27685,肠粘连松解术,治疗
27686,肠瘘切除术,治疗
27687,股－股动脉人工血管转流术,治疗
27688,先天性肠腔闭锁成形术,治疗
30436,烧（冻）伤截指术,治疗
30437,颜面切痂植皮术,治疗
30438,镫骨底板切除术,治疗
30439,前列腺按摩,治疗
30440,前列腺针吸细胞学活检术,治疗
30441,经皮肝穿刺肝静脉扩张术,治疗
30442,根管预备,治疗
30444,颌骨病灶刮除术,治疗
30445,肾囊肿硬化治疗术（单侧）,治疗
30446,开髓引流术,治疗
30447,根管充填术,治疗
30448,窝沟封闭,治疗
30449,经皮动脉内球囊扩张术,治疗
30450,经皮主动脉瓣球囊成形术,治疗
30451,耳神经阻滞,治疗
30452,动脉导管未闭介入治疗,治疗
30453,经颅磁刺激治疗（TMS）,治疗
30454,经皮三尖瓣球囊成形术,治疗
30455,厌恶治疗,治疗
30456,耳药物烧灼,治疗
30457,高速冠状动脉内膜旋磨术,治疗
30458,牙移植术（异体牙）,治疗
30459,牙槽骨修整术,治疗
30460,干槽症换药,治疗
30461,根端囊肿摘除术,治疗
30462,导管法咽鼓管吹张,治疗
30463,冠状动脉、左心室同时造影加收,治疗
30464,心理咨询,治疗
30465,漂浮治疗,治疗
30466,波氏法咽鼓管吹张,治疗
30467,暗示治疗,治疗
30468,音乐治疗,治疗
27964,乳房再造术II期（单侧）,治疗
27965,乳房再造术II期（双侧）,治疗
27966,恶性软组织肿瘤广泛切除术,治疗
27967,颧骨骨折外固定术（单颌）,治疗
27968,非表皮切开取异物,治疗
27969,胼胝病变切除修复术,治疗
27970,胼胝病变切除修复术植皮加收,治疗
27971,颌骨骨折外固定术（双颌）,治疗
32968,阴道闭锁切开术,治疗
32969,阴道囊肿切除术,治疗
32970,胸壁缺损修复术（单侧）,治疗
32971,胃空肠短路捷径手术,治疗
32972,下肢深静脉带瓣膜段置换术,治疗
32973,经血管镜股静脉瓣修复术,治疗
32974,外伤性动静脉瘘修补术＋血管移植术,治疗
32975,远端胃大部切除术（BillrothI式）,治疗
32976,肢体静脉动脉化,治疗
32977,血管危象探查修复术,治疗
32978,腋-股A向远端架桥，每增一支加收,治疗
32979,腋-双股A人工血管转流术,治疗
29703,乳腺肿物穿刺术,治疗
30612,使用超声切割止血刀加收（食管、胃、肠、肛门手术）,治疗
27689,先天性肠腔闭锁成形术(多处闭锁),治疗
27690,全结肠切除吻合术,治疗
27691,先天性巨结肠切除术,治疗
27692,下腔静脉肠系膜上静脉分流术,治疗
27693,腰椎穿刺术,治疗
27694,直肠肿物切除术,治疗
27695,腔静脉切开滤网置放术,治疗
27696,手术扩肛治疗,治疗
27697,直肠后间隙切开术,治疗
27698,肠—腔血管直接吻合术,治疗
27699,直肠肛门假性憩室切除术,治疗
27700,直肠肛门周围脓肿切开排脓术,治疗
27701,肠腔静脉“H”形架桥转流术,治疗
27702,经腹会阴直肠癌根治术,治疗
27703,经腹直肠癌根治术,治疗
27704,直肠癌扩大根治术,治疗
27705,脾肾动脉吻合术,治疗
27706,脾肺固定（分流）术,治疗
27707,经肛门直肠脱垂手术,治疗
27708,耻骨直肠肌松解术,治疗
27709,无名静脉上腔静脉人工血管转流术,治疗
27710,肛管缺损修补术,治疗
27711,肛周常见疾病手术治疗,治疗
27712,肛裂切除术,治疗
27713,上腔静脉综合症Y型人工血管转流术,治疗
27714,上腔静脉阻塞自体大隐静脉螺旋管道架桥术,治疗
27715,肥大肛乳头切除或套扎术,治疗
27716,肛周痔切除或套扎术,治疗
27717,经胸后路腔静脉人工血管转流术,治疗
27718,肛周肿物切除术,治疗
27719,肛周窦道切除术,治疗
27720,布加氏综合症腔-房人工血管转流术,治疗
27721,布加氏综合症肠-颈人工血管转流术,治疗
27722,布加氏综合症肠-房人工血管转流术,治疗
27723,使用自动痔疮套扎器套扎痔疮加收,治疗
27724,肛门内括约肌侧切术,治疗
27725,布加氏综合症经股静脉右房联合破膜术,治疗
27726,布加氏综合症膈膜切除术,治疗
27963,乳腺癌根治+乳房再造术（单侧）,治疗
31913,激光口内治疗斑、痣、小肿物,治疗
31914,新生儿气管插管术,治疗
31915,便秘及腹泻的生物反馈治疗,治疗
31916,浴衣,治疗
31917,妇科药物烧灼治疗,治疗
31918,免疫三氧血回输治疗,治疗
31919,一次性真空采血器[黄头],治疗
31920,一次性真空采血器[蓝头],治疗
31926,一次性真空采血器[绿头],治疗
31927,一次性真空采血器[紫头],治疗
31928,一次性真空采血器[黑头],治疗
31929,腹膜透析（手工）,治疗
31930,甲状腺穿刺术,治疗
30613,术中美兰示踪定位前哨淋巴结,治疗
30614,脾切除自体脾移植术,治疗
30615,脾切除术,治疗
30616,脾修补术,治疗
30617,淋巴管瘤蔓状血管瘤切除术,治疗
30618,淋巴管大隐静脉吻合术（单侧）,治疗
30619,肢体淋巴管-静脉吻合术,治疗
30620,腹股沟淋巴管-腰干淋巴管吻合术（单侧）,治疗
30621,颈静脉胸导管吻合术,治疗
30622,侧脑室穿刺术,治疗
30623,胸导管结扎术,治疗
30624,髂腹股沟淋巴结清扫术（双侧）,治疗
30625,髂腹股沟淋巴结清扫术（单侧）,治疗
30626,经内镜胸腔淋巴结切除术,治疗
30627,副脾切除术,治疗
30628,经内镜腹腔淋巴结切除术,治疗
30629,经内镜盆腔淋巴结切除术,治疗
30630,经腹腔镜盆腔淋巴结清扫术,治疗
30631,前哨淋巴结显像标记术,治疗
30632,腹股沟淋巴结清扫术（双侧）,治疗
30633,腹股沟淋巴结清扫术（单侧）,治疗
30634,腋窝淋巴结清扫术,治疗
30635,纵隔淋巴节清扫术,治疗
30636,颈淋巴结清扫术,治疗
30637,体表淋巴结摘除术,治疗
30638,夹层动脉瘤腔内隔绝术,治疗
30639,大隐静脉闭合术,治疗
30640,髂内动脉结扎术,治疗
30641,先天性食管闭锁经胸膜外吻合术,治疗
30642,大网膜游离移植术,治疗
30643,指、趾血管移植,治疗
30644,小动脉吻合术(趾),治疗
30645,小动脉吻合术（指）,治疗
30646,食管再造术,治疗
30647,小隐静脉曲张结扎＋剥脱术（单侧）,治疗
30648,颈椎间盘切除术,治疗
27489,右室双出口矫治术,治疗
27490,直肠膀胱术,治疗
27491,全腔肺动脉吻合术,治疗
27492,先天性心脏病体肺动脉分流术,治疗
27493,膀胱破裂修补术,治疗
27494,膀胱外翻成形术,治疗
27495,膀胱阴道瘘修补术,治疗
27496,动脉导管闭合术,治疗
27497,肺动脉环缩术,治疗
27498,神经性膀胱腹直肌移位术,治疗
27499,经尿道前列腺冷冻术,治疗
27500,经尿道膀胱碎石取石术,治疗
27501,肺动静脉瘘结扎术,治疗
27502,脐尿管肿瘤切除术,治疗
27503,尿道折叠术,治疗
27504,尿道会师术,治疗
27505,尿道切开取石术,治疗
27506,经胸腔镜取乳内动脉术,治疗
27507,尿道狭窄切除术,治疗
32681,其它普通针刺（>20个穴位）,治疗
32682,手指点穴(≤20个穴位),治疗
32683,微针针刺(舌针),治疗
32684,微针针刺(腹针),治疗
32685,微针针刺(手针),治疗
32686,微针针刺(项针),治疗
32687,微针针刺(粗针),治疗
32688,眼针（单眼）,治疗
32689,梅花针,治疗
32690,火针(≤20个穴位),治疗
32691,电火针(>20个穴位),治疗
32692,埋针治疗(穴位结扎),治疗
32693,耳针(耳穴埋针)（单耳）,治疗
32694,耳针(磁珠压耳穴)（单耳）,治疗
32695,针刺运动疗法,治疗
32696,电针(电冷针)(≤20个穴位),治疗
32697,电针(电冷针)（＞20个穴位）,治疗
32698,微波针（2穴位）,治疗
32699,放血疗法,治疗
32700,自血疗法,治疗
32701,内脏平滑肌痉挛性疼痛止痛敷贴,治疗
32702,圆针,治疗
32703,灸法(艾条灸),治疗
32704,灸法(其他灸),治疗
32705,隔物灸法(药饼灸),治疗
32706,灯火灸,治疗
31931,体外膈肌起搏治疗,治疗
31932,静脉穿刺置管术,治疗
31933,中心静脉穿刺置管术,治疗
31934,大清创(缝合),治疗
31935,小清创(缝合),治疗
32787,视网膜激光光凝术（双眼）,治疗
32788,脑脊液置换术,治疗
32789,经皮穿刺骶神经囊肿治疗术,治疗
32790,经胸腔镜交感神经链切除术,治疗
32791,环枢融合术,治疗
32792,视网膜激光光凝术（单眼）,治疗
32793,脊髓动静脉畸形切除术,治疗
32794,使用骨科专用侧射光纤加收(颈椎间盘消融),治疗
32795,耳廓再造术,治疗
32796,完全断耳再植术,治疗
32797,耳前瘘管切除术,治疗
32798,眼前段重建术（双侧）,治疗
32799,恶性软组织肿瘤广泛切除植皮术加收,治疗
32800,经耳内镜鼓室探查术,治疗
32801,完壁式乳突根治术,治疗
32802,经耳脑脊液耳漏修补术,治疗
32803,带血管蒂游离神经移植术,治疗
32804,岛状皮瓣形成术,治疗
32805,带毛囊皮瓣移植术(头皮),治疗
32806,鼓索神经切断术,治疗
32807,迷路后听神经瘤切除术,治疗
32808,甲状舌管囊肿切除术,治疗
32809,经中颅窝岩部胆脂瘤切除术,治疗
32810,颞骨部分切除术,治疗
32811,甲状腺细胞移植术,治疗
32812,臂丛神经损伤神经移位术,治疗
32813,甲状腺癌根治术联合胸骨劈开上纵隔清扫术,治疗
32814,甲状腺癌扩大根治术（双侧）,治疗
32815,下鼻甲部分切除术（双侧）,治疗
32816,人工椎体置换术,治疗
32817,髁状突陈旧性骨折整复术（双侧）,治疗
32818,乳腺癌根治术植皮加收（单侧）,治疗
32819,颧弓骨折外固定术（单颌）,治疗
32820,乳腺癌根治+乳房再造术（双侧）,治疗
32821,颧骨骨折外固定术（双颌）,治疗
32822,颌骨骨折外固定术（单颌）,治疗
33158,下颌骨缺损带血管蒂游离复合瓣移植术（双颌）,治疗
33159,指关节成形术,治疗
33160,下颌骨缺损网托碎骨移植术（双颌）,治疗
33161,掌指关节成形术,治疗
33162,指间或掌指关节侧副韧带修补术,治疗
33163,深度烧伤扩创关节成形术,治疗
33164,经皮激光腰椎间盘摘除术,治疗
33165,肺内异物摘除术（双侧）,治疗
33166,腰椎滑脱植骨融合术,治疗
33167,腰椎横突间融合术,治疗
33168,颈部囊状水瘤切除术,治疗
33169,骨盆骨折切开复位内固定术,治疗
27508,尿道良性肿物切除术,治疗
27509,尿道肉阜切除术,治疗
27510,尿道肉阜电灼术,治疗
27511,尿道旁腺囊肿摘除术,治疗
27512,重复尿道切除术,治疗
27513,尿道重建术,治疗
27514,尿道直肠瘘修补术,治疗
27515,尿道会阴造口术,治疗
27516,尿道瘘修补术,治疗
27517,冠脉搭桥+人工血管置换术,治疗
27518,冠脉搭桥+瓣成形术,治疗
27519,尿道悬吊延长术,治疗
27520,尿道下裂Ⅰ期成形术,治疗
27521,尿道下裂阴茎下弯矫治术,治疗
27522,冠状动脉搭桥术,治疗
27523,尿道上裂膀胱外翻矫治术,治疗
27524,耻骨上前列腺切除术,治疗
27525,耻骨后前列腺切除术,治疗
27526,冠状动脉起源异常矫治术,治疗
27527,经尿道前列腺激光术,治疗
27528,绿激光汽化前列腺手术加收,治疗
27529,冠状动静脉瘘修补术,治疗
27530,经尿道前列腺气囊扩张术,治疗
27531,经尿道前列腺支架置入术,治疗
27532,精囊肿物切除术,治疗
27488,可控性结肠膀胱术,治疗
27533,右室双腔心矫治术,治疗
27534,单心室分隔术,治疗
27535,阴囊血肿清除引流术,治疗
27536,阴囊成形术,治疗
27537,三房心矫治术,治疗
27538,高位隐睾下降固定术（双侧）,治疗
27539,睾丸鞘膜翻转术（单侧）,治疗
27540,复合性先天性心脏畸形矫治术,治疗
27541,法鲁氏三联症根治术,治疗
27542,卵园孔修补术,治疗
27543,完全型心内膜垫缺损矫治术,治疗
27544,睾丸附件扭转探查术（单侧）,治疗
27545,睾丸附件切除术（单侧）,治疗
27546,部分型心内膜垫缺损矫治术,治疗
27547,室间隔缺损直视修补术,治疗
32215,预防接种服务费,治疗
32220,低频脉冲电治疗,治疗
32234,新冠病毒感染肺炎出院者转运费,治疗
33087,经内镜奥狄氏括约肌切开取蛔虫术,治疗
33088,经十二指肠镜乳头扩张术,治疗
33089,胆管修补成形术,治疗
33090,肝胆管狭窄成型术,治疗
33091,高位胆管癌根治术,治疗
33092,肝血管瘤包膜外剥脱术,治疗
33093,肝内异物取出术,治疗
33094,膝关节内外侧副韧带重建术,治疗
33095,内生软骨瘤切除术,治疗
33096,鼻内额窦开放手术,治疗
33097,内耳淋巴囊减压术,治疗
33098,共同性斜视矫正术,治疗
33170,创伤性脊柱畸形截骨矫正术,治疗
33171,前路脊柱旋转侧弯矫正术,治疗
33172,气管瘘修复术,治疗
33173,气管支气管损伤修补术,治疗
33174,人工椎间盘植入术,治疗
33175,经颈进路会厌肿物切除术,治疗
33176,环甲间距缩短术,治疗
33177,臂丛神经损伤膈神经移位术,治疗
33178,臂丛神经损伤对侧颈7神经移位术,治疗
33179,环杓关节间接拨动术,治疗
33180,坐骨神经松解术,治疗
33181,闭孔神经内收肌切断术,治疗
33182,声带内移术,治疗
33183,髋臼肿瘤切除及髋关节融合术,治疗
33184,喉气管外伤缝合成形术,治疗
33185,喉气管裂开瘢痕切除喉模置入术,治疗
33186,股骨下段肿瘤刮除骨腔灭活植骨术,治疗
33187,骨折穿针外固定架固定术,治疗
33188,肩胛骨骨折切开复位内固定术,治疗
33189,肱骨髁上、髁间骨折切开复位内固定术,治疗
33190,尺骨鹰嘴骨折切开复位内固定术,治疗
33191,桡骨头骨折切开复位内固定术,治疗
33192,桡、尺骨干骨折切开复位内固定术,治疗
33193,巴顿骨折切开复位内固定术,治疗
33194,喉良性肿瘤切除术,治疗
33195,股骨转子间骨折内固定术,治疗
33196,髌骨骨折切开复位内固定术,治疗
33197,喉部神经肌蒂移植术,治疗
33198,三踝骨折切开复位内固定术,治疗
33199,胫、腓骨骨折不愈合切开植骨内固定术,治疗
33200,尺骨上1/3骨折畸形愈合+桡骨小头脱位矫正术,治疗
33201,胫、腓骨骨折畸形愈合截骨矫形术,治疗
33202,喉狭窄经口扩张及喉模置入术,治疗
33203,骨折内固定装置取出术,治疗
33382,脑动脉瘤动静脉畸形切除术,治疗
32980,血管移植术,治疗
32981,下肢血管探查术,治疗
32982,双侧或多部位取栓，每增加一切口加收,治疗
32983,壶腹部肿瘤局部切除术,治疗
32984,肢体动脉内膜剥脱成形术,治疗
32985,肠倒置术,治疗
32986,肠造瘘还纳术,治疗
32987,双股—下腔血管架桥转流术,治疗
32988,双髂总静脉－下腔静脉“Y”形人工血管转流术,治疗
32989,结肠癌根治术,治疗
30670,脊髓和神经根粘连松解术,治疗
30671,外倒转术,治疗
30672,难产接生（两胎及以上）,治疗
30673,难产接生,治疗
30674,颈外动脉结扎术,治疗
30675,颈内动脉结扎术,治疗
30676,颈动脉结扎术,治疗
30677,经宫腔镜子宫内膜剥离术,治疗
30678,颞肌颞浅动脉贴敷术,治疗
30679,颅外内动脉搭桥术,治疗
30680,经内镜宫腔异物取出术,治疗
30681,颞浅动脉-大脑中动脉吻合术,治疗
30682,颈总动脉大脑中动脉吻合术,治疗
30683,宫腔探查术,治疗
30684,经腹腔镜盆腔粘连分离术,治疗
30685,迷走神经剥离术（双侧）,治疗
30686,迷走神经剥离术（单侧）,治疗
30687,颈外动脉外膜剥脱术（双侧）,治疗
30688,经内镜肠道支架取出术,治疗
30689,颈外动脉外膜剥脱术（单侧）,治疗
30690,颈内动脉外膜剥脱术（双侧）,治疗
30691,经内镜肠道支架置入术,治疗
30692,颈内动脉外膜剥脱术（单侧）,治疗
30693,经内镜肠道球囊扩张术,治疗
30694,陈旧性会阴裂伤修补术,治疗
30695,阴唇粘连分离术,治疗
30696,外阴损伤缝合术,治疗
30697,阴道癌根治术,治疗
30698,颈动脉外膜剥脱术（单侧）,治疗
30699,椎动脉内膜剥脱+动脉成形术,治疗
30700,阴道直肠瘘修补术,治疗
30701,椎动脉内膜剥脱术,治疗
30702,阴道良性肿物切除术,治疗
30703,颈内动脉内膜剥脱术,治疗
30704,阴道壁肉芽切除术,治疗
30705,阴道疤痕切除术,治疗
30706,颅内动静脉畸形切除术,治疗
30707,经胃十二指肠镜胆道蛔虫取出术,治疗
27728,会阴成形直肠前庭瘘修补术,治疗
27729,布加氏综合症根治术,治疗
27730,腹主动脉消化道瘘修复术,治疗
32990,腔静脉取栓＋血管成形术,治疗
32991,肛门直肠狭窄成形术,治疗
32992,脾—肾血管架桥转流术,治疗
32993,低位肛瘘切除术,治疗
32994,布加氏综合症腔-肠-房人工血管转流术,治疗
32995,布加氏综合症脾-房人工血管转流术,治疗
32996,经直肠多普勒痔动脉结扎术,治疗
32997,布加氏综合症经右房破膜术,治疗
32998,尾路肛门成形术,治疗
32999,肛门括约肌再造术,治疗
33000,腹主A－股A人工血管转流术,治疗
33001,双髂动脉成形术,治疗
33002,经腹腔镜肝囊肿切除术,治疗
33003,腔静脉损伤修复术,治疗
33004,胸腹主动脉损伤修复术,治疗
33005,开腹肝动脉结扎门静脉置管皮下埋泵术,治疗
33006,肠系膜下动脉人工血管架桥转流术,治疗
33007,脊髓动脉人工血管架桥转流术,治疗
33008,带瓣全程主动脉人工血管置换术,治疗
33009,右肝三叶切除术,治疗
33010,颈动脉过度迂曲切除＋血管移植术,治疗
33011,各种深部组织感染清创引流术,治疗
33012,体外循环心脏不停跳心内直视手术,治疗
33013,经内镜奥狄氏括约肌切开胰管取石术,治疗
33014,骨骼肌心脏包裹成形术,治疗
33015,胰腺修补术,治疗
33016,迷宫手术(房颤矫治术),治疗
33017,胰十二指肠切除术（Whipple手术）,治疗
33018,全胰腺切除术,治疗
33019,左房血栓清除术,治疗
33020,异体供胰切除术,治疗
33021,胰腺移植术,治疗
33022,胰岛细胞移植术,治疗
33023,胰腺周围神经阻滞术,治疗
33024,嵌顿疝复位修补术,治疗
33025,腹壁切口疝修补术,治疗
33026,心脏良性肿瘤摘除术,治疗
30649,髓外硬脊膜下肿瘤切除术,治疗
30650,髂窝脓肿切开引流术,治疗
30651,髓外硬脊膜下病变切除术,治疗
30652,半盆离断术,治疗
30653,脊髓硬脊膜外转移瘤切除术,治疗
27852,肾盂输尿管成形术,治疗
27853,输尿管切开取石术,治疗
27854,输尿管狭窄段切除再吻合术,治疗
27855,输尿管囊肿切除术,治疗
27856,主动脉窦瘤破裂修补术,治疗
27857,保留瓣膜的主动脉根部替换术,治疗
27858,主动脉根部替换术,治疗
27859,左室流出道狭窄疏通术,治疗
27860,肠管代输尿管术,治疗
27861,主动脉缩窄矫治术,治疗
27862,体静脉引流入肺静脉侧心房矫治术,治疗
27863,膀胱部分切除术,治疗
27864,膀胱切开肿瘤烧灼术,治疗
27865,完全型肺静脉畸形引流矫治术,治疗
27866,根治性膀胱全切除术,治疗
27867,膀胱尿道全切除术,治疗
27868,膀胱再造术,治疗
27869,部分型肺静脉畸形引流矫治术,治疗
27870,肺动脉闭锁矫治术,治疗
27871,指间或掌指关节囊修补术,治疗
27872,下颌骨缺损网托碎骨移植术（单颌）,治疗
27873,手外伤局部转移皮瓣术,治疗
27874,手外伤腹部埋藏皮瓣术,治疗
27875,手外伤清创术后患指带蒂术,治疗
27876,手外伤胸壁交叉皮瓣术,治疗
27877,手外伤交臂皮瓣术,治疗
27878,下颌骨缺损植骨修复术（双颌）,治疗
27879,手外伤推进皮瓣(V—Y)术,治疗
27880,指固有伸肌腱移位功能重建术,治疗
27881,指固有伸肌腱移位伸拇功能重建术,治疗
27882,肩外展功能重建术,治疗
27883,肩峰下减压术,治疗
27884,骨内固定植入物取出术（双颌）,治疗
27885,伸腕功能重建术,治疗
27886,伸指功能重建术,治疗
27887,屈指功能重建术,治疗
27888,缩窄性腱鞘炎切开术,治疗
27889,腱鞘囊肿切除术（单侧）,治疗
27890,骨内固定植入物取出术（单颌）,治疗
27891,拇囊炎手术治疗（双侧）,治疗
27892,掌筋膜挛缩切除术,治疗
27893,小肌肉挛缩切断术,治疗
27727,布加氏综合症病变段切除术,治疗
27894,手掌和手指皮肤合并撕脱伤修复术,治疗
27895,颌间固定拆除术（双颌）,治疗
27896,手外伤大网膜移植植皮术,治疗
27897,食指背侧岛状皮瓣术,治疗
27898,前臂桡、尺动脉倒转皮瓣术,治疗
27899,环指岛状皮瓣术,治疗
27900,单颌牙弓夹板拆除术（双颌）,治疗
27901,屈（伸）指肌腱吻合术加收,治疗
27902,肌腱吻合术加收（二条及以上）,治疗
27903,屈（伸）指肌腱游离移植术,治疗
27904,锤状指修复术,治疗
30654,骶骨肿瘤骶骨次全切除术,治疗
30655,脊髓硬脊膜外血肿切除术,治疗
30656,经腹腰5骶1椎体肿瘤切除术,治疗
30657,经腹膜后腰2-4椎体肿瘤切除术,治疗
30658,髓内肿瘤切除术,治疗
30659,肠套叠充气造影及整复,治疗
30660,脊髓内病变切除术,治疗
30661,颈1—7椎板肿瘤切除术(后入路),治疗
30662,硬膜下脓肿切开引流术,治疗
30663,疝嵌顿手法复位,治疗
30664,脊髓前连合切断术,治疗
30665,肠套叠手法复位,治疗
30666,二次剖宫产术(两胎及以上),治疗
30667,脊髓丘脑束切断术,治疗
30668,先天性巨结肠清洁洗肠术,治疗
30669,脐带还纳术,治疗
31562,筋膜组织瓣形成术,治疗
31563,阔筋膜切取术,治疗
31564,游离皮瓣切取移植术,治疗
31565,带蒂筋膜瓣切取移植术,治疗
31566,带蒂肌皮瓣切取移植术,治疗
31567,带蒂肌瓣切取移植术,治疗
31568,带蒂轴型皮瓣切取移植术,治疗
31569,下颌根尖下截骨术,治疗
31570,下颌体部截骨术,治疗
31571,带毛囊皮瓣移植术(眉毛),治疗
31572,下颌升支截骨术（双颌）,治疗
31573,下颌升支截骨术（单颌）,治疗
31574,上颌牙骨段截骨术（双颌）,治疗
31575,上颌牙骨段截骨术（单颌）,治疗
31576,上颌雷弗特III型截骨术（双颌）,治疗
31577,上颌雷弗特III型截骨术（单颌）,治疗
31578,上颌雷弗特II型截骨术（双颌）,治疗
31579,上颌雷弗特II型截骨术（单颌）,治疗
31580,上颌雷弗特I型截骨术（单颌）,治疗
31581,颌间挛缩松解术,治疗
31582,经口茎突过长切除术,治疗
31583,腭瘘修补术,治疗
31584,皮瓣肌皮瓣延迟术,治疗
31585,口腔颌面部软组织缺损远位肌皮瓣修复术,治疗
31586,口腔颌面部软组织缺损远位皮瓣修复术,治疗
31587,口腔颌面部缺损颞肌筋膜瓣修复术,治疗
31588,颜面部软组织不对称局部组织瓣修复畸形矫正术,治疗
31589,口腔颌面部骨缺损游离骨瓣移植修复术,治疗
31590,口腔颌面部软组织缺损游离瓣移植修复术,治疗
31591,口腔颌面部软组织缺损局部组织瓣修复术,治疗
31592,面斜裂修复术,治疗
31593,口鼻腔前庭瘘修补术,治疗
31594,齿龈成形术,治疗
31595,咽后壁组织瓣成形术,治疗
31596,咽后嵴成形术,治疗
31597,腭咽肌瓣成形术,治疗
31598,组织瓣转移腭裂修复术,治疗
31599,腭咽环扎腭裂修复术(≥2侧),治疗
27905,侧腱束劈开交叉缝合术,治疗
32707,督灸,治疗
32708,雷火灸,治疗
32709,落枕推拿治疗,治疗
32710,脊柱小关节紊乱推拿治疗,治疗
32711,直肠脱出复位治疗,治疗
32712,内痔硬化剂注射治疗(枯痔治疗),治疗
32713,血栓性外痔切除术,治疗
32714,混合痔外剥内扎术,治疗
32715,直肠前突修补术,治疗
32716,肛周坏死性筋膜炎清创术,治疗
32717,直肠脱垂注射术,治疗
32718,白内障针拨吸出术（单眼）,治疗
32719,白内障针拨套出术（双眼）,治疗
32720,小针刀治疗,治疗
32721,刃针治疗,治疗
32722,小针刀狭窄性腱鞘炎松解术,治疗
32723,鼻中隔烙法治疗,治疗
32724,中药硬膏热贴敷治疗,治疗
32725,烫熨治疗,治疗
32726,足底反射治疗,治疗
32727,拔罐疗法(电火罐)（3罐/次）,治疗
32728,拔罐疗法(着罐)（3罐/次）,治疗
32729,拔罐疗法(真空拔罐)（3罐/次）,治疗
32730,水罐,治疗
32731,下颌关节脱位手法整复术,治疗
32732,骨折外固定架固定术复查调整,治疗
32733,肾周围淋巴管剥脱术,治疗
32734,矫正型大动脉转位伴发畸形矫治术,治疗
32735,融合肾分解术,治疗
32736,肾囊肿切除术,治疗
32737,肾切开取石术,治疗
32738,主动脉弓降部瘤切除人工血管置换术,治疗
32739,“象鼻子”技术,治疗
32740,移植肾探查术,治疗
32741,肾肿瘤腔静脉内瘤栓切取术,治疗
32742,主动脉弓中断矫治术,治疗
32743,升主动脉替换术,治疗
32744,输尿管残端切除术,治疗
32745,细小主动脉根部加宽补片成形术,治疗
32746,腔静脉后输尿管整形术,治疗
32747,膀胱瓣代输尿管术,治疗
32748,手外伤清创术后患指断蒂术,治疗
32749,手外伤邻指皮瓣术,治疗
32750,手外伤邻指交叉皮下组织瓣术,治疗
32751,指固有伸肌腱移位外展功能重建术,治疗
32752,下颌骨缺损植骨修复术（单颌）,治疗
32753,拇指对掌功能重建术,治疗
32754,腱鞘囊肿切除术（双侧）,治疗
32755,侧副韧带挛缩切断术,治疗
32756,手部皮肤撕脱伤修复术,治疗
32757,手掌和手背外伤同时清创反取皮植皮术,治疗
32758,掌骨间背动脉倒转皮瓣术,治疗
32759,肌腱吻合术,治疗
32760,滑车重建术,治疗
27548,睾丸固定术（单侧）,治疗
27311,卵巢癌探查术,治疗
27312,颅神经微血管减压术,治疗
27313,卵巢切除术（单侧）,治疗
27314,颞部开颅三叉神经节切断术,治疗
27315,三叉神经撕脱术,治疗
27316,三叉神经周围支切断术,治疗
27317,三叉神经感觉后根切断术,治疗
27318,卵巢修补术（单侧）,治疗
27319,卵巢囊肿（赘生物）烧灼术（双侧）,治疗
27320,立体定向脑深部核团毁损术（细胞刀治疗(≥2靶点)）,治疗
27321,立体定向脑深部核团毁损术（细胞刀治疗）,治疗
27322,阴茎海绵体分离术,治疗
27323,立体定向脑深部核团毁损术（射频治疗）,治疗
27324,尿道阴茎海绵体分流术,治疗
27325,阴茎阴囊移位整形术,治疗
27326,立体定向脑深部核团毁损术,治疗
27327,阴茎畸型整形术,治疗
27328,立体定向颅内取异物术,治疗
27329,阴茎重建成形术,治疗
27330,阴茎阴囊全切术,治疗
27331,立体定向颅内脓肿清除术,治疗
27332,立体定向颅内血肿清除术,治疗
27333,立体定向颅内肿物清除术,治疗
27334,包皮环切术,治疗
27335,大网膜颅内移植术,治疗
27336,经尿道射精管囊肿切开术,治疗
27337,骨纤维异常增殖切除整形术,治疗
27338,输精管吻合术,治疗
27339,颅缝骨化症整形术,治疗
27340,输精管粘堵术,治疗
27341,输精管结扎术,治疗
27342,食管腔内支架取出术（内镜或透视下）,治疗
27343,脑脊膜膨出修补术,治疗
27344,食管腔内支架置入术（内镜或透视下）,治疗
27345,中颅窝底修补术,治疗
27346,输精管附睾吻合术（单侧）,治疗
27347,隐睾切除术（双侧）,治疗
27348,脑脊液漏修补术,治疗
27349,自体睾丸移植术,治疗
27350,终板造瘘术,治疗
27351,经颅内镜脑室脉络丛烧灼术,治疗
27352,经颅内镜脑内异物摘除术,治疗
27353,经颅内镜脑内囊肿造口术,治疗
27354,睾丸附件切除术（双侧）,治疗
27355,经颅内镜经鼻蝶垂体肿瘤切除术,治疗
27356,脑囊虫摘除术,治疗
27357,交通性鞘膜积液修补术（双侧）,治疗
27358,经脑室镜胶样囊肿切除术,治疗
27359,睾丸鞘膜切除术（双侧）,治疗
27360,经颅内镜第三脑室底造瘘术,治疗
27361,睾丸鞘膜切除术（单侧）,治疗
27362,睾丸鞘膜翻转术（双侧）,治疗
32761,颧骨陈旧性骨折植骨矫治术（双侧）,治疗
32762,前臂正中神经探查吻合术,治疗
32763,前臂神经探查游离神经移植术,治疗
32764,前臂尺神经游离神经移植术,治疗
32765,虎口成形术,治疗
33099,纵隔淋巴节清扫术（双侧）,治疗
33100,迷路后三叉神经切断术,治疗
33101,垂体瘤切除术,治疗
33102,盆底痉挛部肌肉神经切除术,治疗
33103,肋骨切除术,治疗
33104,经宫腔镜输卵管插管术,治疗
33105,开胸止血术,治疗
33106,单胎顺产接生,治疗
33107,各种死胎分解术,治疗
33108,肺包虫病内囊摘除术（双侧）,治疗
33109,肺包虫病内囊摘除术（单侧）,治疗
33110,子宫颈裂伤修补术,治疗
33111,经口咽部环枢椎肿瘤切除术,治疗
33113,胸腰部椎板切除减压术,治疗
33114,经腹膜后胸膜外胸腰段椎体肿瘤切除术(胸11-腰2),治疗
33115,骶骨肿瘤骶骨部分切除术,治疗
33116,骶骨肿瘤骶骨全切除及骶骨重建术,治疗
33117,肺修补术（单侧）,治疗
33118,肺大泡切除修补术（双侧）,治疗
33119,颈椎间盘射频消融术,治疗
33120,袖状肺叶切除术（双侧）,治疗
33121,肺叶切除术（双侧）,治疗
33122,髌骨脱位成形术,治疗
33123,人工腕关节置换术,治疗
33124,垂直半喉切除术及喉功能重建术,治疗
33125,人工髌股关节置换术,治疗
33126,人工跖趾关节置换术,治疗
33127,3/4喉切除术及喉功能重建术,治疗
33128,骨骺固定术,治疗
33129,带血管蒂肌蒂骨骺移植术,治疗
33130,全喉切除咽气管吻合术,治疗
33131,喉功能重建术,治疗
33132,掌骨截骨矫形术,治疗
33133,喉全切除术,治疗
33134,胫骨高位截骨术,治疗
33135,成骨不全多段截骨术,治疗
33136,踝关节融合手术,治疗
33137,跟骰关节融合术,治疗
33138,颈侧切开喉部肿瘤切除术,治疗
33139,尺骨延长术,治疗
33140,桡骨短缩术,治疗
33141,胫骨延长术,治疗
33142,侧颅底切除术,治疗
33143,咽瘘皮瓣修复术,治疗
33144,胫骨结节垫高术,治疗
33145,颈外进路咽旁间隙肿物摘除术,治疗
33146,第二跖骨头修整成形术,治疗
27363,上颌外旋颅底手术,治疗
27364,颅底肿瘤切除术,治疗
27365,阴囊肿物切除术,治疗
27366,上颌入路颅底海绵窦侵入肿瘤切除术,治疗
27367,经口腔入路颅底斜坡肿瘤切除术,治疗
32256,静脉滴注床,治疗
30708,脑干周围＜4CM深部血管畸形栓塞切除术,治疗
30709,经胃十二指肠镜胆道异物取出术,治疗
30710,子宫内膜去除术（射频消融手术）,治疗
30711,颅内动脉瘤包裹术,治疗
30712,颅内动脉瘤夹闭术多夹闭一个加收,治疗
30713,阔韧带内肿瘤切除术,治疗
30714,颅内动脉瘤夹闭术,治疗
30715,阴道吊带术,治疗
30716,颅内巨大动脉瘤夹闭切除多夹闭一个加收,治疗
30717,颅内巨大动脉瘤夹闭切除术(直径≥2.5CM）,治疗
30718,大脑后动脉瘤夹闭切除术,治疗
30719,基底动脉瘤夹闭切除术,治疗
30720,次广泛子宫切除术,治疗
30721,颅内巨大动脉瘤夹闭切除术,治疗
30722,经颅脑脊液耳漏修补术,治疗
30723,经乙状窦后进路神经切断术,治疗
30724,经内镜前庭神经切断术,治疗
30725,曼氏手术,治疗
30726,迷路后前庭神经切断术,治疗
30727,经迷路前庭神经切断术,治疗
30728,面神经周围神经移植术,治疗
31621,颌下腺切除术,治疗
31622,舌下腺囊肿摘除术,治疗
31623,舌下腺切除术,治疗
31624,颌面颈部深部肿物探查术,治疗
31625,腮腺导管结石取石术,治疗
31626,颌下腺导管结石取石术,治疗
31627,涎腺导管结石取石术,治疗
31628,腮腺肿瘤摘除术,治疗
31629,鳃裂囊肿切除术,治疗
31630,颌面部血管瘤瘤腔内注射术,治疗
31631,腮腺全切除术,治疗
31632,腮腺浅叶肿物切除术,治疗
31633,颌骨骨纤维异常增殖症切除成形术,治疗
31634,颞部肿物切除术,治疗
31635,腭部肿物局部扩大切除术,治疗
31636,口咽部恶性肿物局部扩大切除术,治疗
31637,口腔颌面颈部异物取出术,治疗
31638,经阴道卵巢囊肿穿刺术（双侧）,治疗
31639,颈面部血管瘤切除术,治疗
31640,经阴道卵巢囊肿穿刺术（单侧）,治疗
31641,口腔颌面部巨大淋巴管瘤切除术,治疗
31642,早孕期经腹绒毛取材术,治疗
31643,口底恶性肿物局部扩大切除术,治疗
32577,住院诊查费（一级医院),治疗
32578,一般诊疗费（中心）,治疗
32579,使用微量泵或输液泵加收,治疗
32141,种植手术设计费,治疗
32142,种植牙冠置入费,治疗
32143,种植软组织修复术,治疗
32144,植入体修理与拆除,治疗
32158,国医大师门诊中医辨证论治,治疗
32165,穴位注射（2穴位）,治疗
32167,常规种植牙修复（包含种植服务费＋韩国植体系统＋LAVA全瓷冠）,治疗
32169,新型冠状病毒核酸检测（自费单管）,治疗
32170,单次矫治应急处理,治疗
32172,粟丘疹去除术,治疗
32173,祛除纹眉（第2次）,治疗
32174,副主任中医师门诊中医辨证论治,治疗
32176,种植体植入费,治疗
31644,颊部恶性肿物局部扩大切除术,治疗
31645,盆腔液性包块穿刺术,治疗
31646,舌恶性肿物切除术,治疗
31647,经皮盆腔脓肿穿刺引流术,治疗
31648,颌骨良性病变切除术,治疗
31649,上颌骨全切术,治疗
31650,上颌骨次全切除术,治疗
31651,抗早孕药物流产,治疗
31652,上颌骨部分切除术,治疗
31653,药物性引产处置术,治疗
31654,下颌骨扩大切除术,治疗
31655,下颌骨半侧切除术,治疗
31656,催产素滴注引产术,治疗
31657,下颌骨部分切除术,治疗
31658,子宫内水囊引产术,治疗
27906,单颌牙弓夹板拆除术（单颌）,治疗
27907,颧骨陈旧性骨折植骨矫治术（单侧）,治疗
27908,前臂桡神经探查吻合术,治疗
27909,前臂尺神经探查吻合术,治疗
27910,下肢神经探查吻合术,治疗
27911,颧骨陈旧性骨折截骨整复术（双侧）,治疗
27912,前臂桡神经游离神经移植术,治疗
27913,手腕部桡神经浅支损伤修复术,治疗
27914,手腕部指总神经损伤修复术,治疗
27915,手腕部指固有神经损伤修复术,治疗
27916,颧骨陈旧性骨折截骨整复术（单侧）,治疗
27917,眶鼻额区骨折整复术,治疗
27918,甲床修补术,治疗
27919,骨骼肌软组织肿瘤切除术,治疗
27920,浅表骨骼肌软组织肿瘤切除术,治疗
27921,肌性斜颈矫正术,治疗
27922,骨化性肌炎局部切除术,治疗
27923,脑瘫肌力肌张力调整术,治疗
27924,肱二头肌腱断裂修补术,治疗
27925,肱三头肌腱断裂修补术,治疗
27926,岗上肌腱钙化沉淀物取出术,治疗
27927,腕管综合症切开减压术,治疗
27928,肱二头肌长头腱脱位修复术,治疗
27929,肱三头肌长头腱脱位修复术,治疗
27930,颧弓骨折复位术（双侧）,治疗
27931,髂胫束松解术,治疗
27932,下肢筋膜间室综合征切开减压术,治疗
27933,腓骨肌腱脱位修复术,治疗
27934,骨折手法整复术,治疗
27935,跖、趾骨折手法整复术,治疗
27936,颧弓骨折复位术（单侧）,治疗
27937,皮肤牵引术,治疗
27938,皮肤牵引术后持续牵引（次日起）,治疗
27939,四头带牵引,治疗
27940,四头带牵引后持续牵引（次日起）,治疗
27941,骨骼牵引术,治疗
27942,骨骼牵引术后持续牵引（次日起）,治疗
27943,颅骨牵引术,治疗
27944,颧弓骨折切开复位内固定（单侧）,治疗
33027,会阴疝修补术,治疗
33028,心内异物取出术,治疗
33029,腹腔窦道扩创术,治疗
33030,经直肠盆腔脓肿切开引流术,治疗
33031,胸腹联合门奇静脉断流术,治疗
33032,腹腔—股静脉转流术,治疗
33033,复合性人工血管置换术,治疗
33034,经胃十二指肠镜胆道结石取出术,治疗
33035,颅内动脉瘤夹闭术加收(直径≥2.5CM),治疗
33036,宫颈悬吊术,治疗
33037,经内镜胃肠置管术,治疗
33038,经胃镜碎石术,治疗
31600,腭咽环扎腭裂修复术,治疗
31601,单瓣二瓣后退腭裂修复术,治疗
31602,反向双“Z”腭裂修复术(≥2侧),治疗
31603,反向双“Z”腭裂修复术,治疗
31604,III°腭裂兰氏修复术,治疗
31605,II° 腭裂兰氏修复术,治疗
31606,Ⅰ°腭裂兰氏修复术,治疗
31607,完全唇裂修复术（双侧）,治疗
31608,完全唇裂修复术（单侧）,治疗
31609,不完全唇裂修复术(双侧),治疗
31610,不完全唇裂修复术（单侧）,治疗
31611,唇缺损修复术,治疗
31612,悬雍垂腭咽成形术激光加收,治疗
31613,悬雍垂腭咽成形术(UPPP),治疗
31614,腭咽成形术,治疗
31615,咽腭弓成形术,治疗
31616,舌腭弓成形术,治疗
31617,巨舌畸形矫正术,治疗
31618,舌系带成形术,治疗
31619,颊系带成形术,治疗
31620,唇系带成形术,治疗
30368,宫内节育器取出术,治疗
30369,宫内节育器放置术,治疗
30370,经鼻内镜脑膜修补术,治疗
30371,鼻外视神经减压术,治疗
30372,经前颅窝鼻窦肿物切除术,治疗
30373,鼻内脑膜脑膨出颅底修补术,治疗
30374,全筛窦切除术,治疗
30375,鼻内蝶窦开放手术,治疗
30376,鼻外蝶窦开放手术,治疗
30377,鼻外额窦开放手术,治疗
30378,鼻窦异物取出术,治疗
30379,经上颌窦颌内动脉结扎术,治疗
30380,上颌窦鼻内开窗术,治疗
30381,鼻侧壁移位伴骨质充填术,治疗
30382,光敏疗法,治疗
30383,鼻孔狭窄修复术,治疗
30384,鼻畸形矫正术,治疗
30385,重度鞍鼻畸形矫正术,治疗
30386,经鼻鼻腔鼻窦肿瘤切除术,治疗
30387,宫腔填塞物取出,治疗
30388,鼻中隔脓肿切开引流术,治疗
27945,颅骨头环牵引术后持续牵引（次日起）,治疗
27946,颧骨骨折切开复位内固定术（双侧）,治疗
27947,颧骨骨折切开复位内固定术（单侧）,治疗
27948,上颌骨骨折切开复位内固定术（单颌）,治疗
27949,下颌骨骨折切开复位内固定术（双颌）,治疗
27950,髁状突骨折切开复位内固定术(双侧 ),治疗
27951,使用超声切割止血刀加收（乳房手术）,治疗
27952,乳腺肿物切除术（单侧）,治疗
27953,乳腺窦道切除术（单侧）,治疗
27954,副乳切除术（单侧）,治疗
27955,髁状突骨折切开复位内固定术(单侧),治疗
27956,髁状突陈旧性骨折整复术（单侧）,治疗
27957,颧弓骨折外固定术（双颌）,治疗
27958,乳腺癌根治术（双侧）,治疗
27959,乳腺癌根治术植皮加收（双侧）,治疗
27960,乳腺癌扩大根治术（单侧）,治疗
27961,乳房再造术（单侧）,治疗
27962,乳房再造术（双侧）,治疗
32767,肩袖破裂修补术,治疗
32768,颧骨上颌骨复合骨折切开复位内固定术（单侧）,治疗
32769,跟腱断裂修补术,治疗
32770,颧弓骨折切开复位内固定（双侧）,治疗
32771,上颌骨骨折切开复位内固定术（双颌）,治疗
32772,下颌骨骨折切开复位内固定术（单颌）,治疗
32773,乳腺肿物切除术（双侧）,治疗
32774,乳腺窦道切除术（双侧）,治疗
32775,耳腮裂瘘管切除术,治疗
32776,外耳道骨瘤切除术,治疗
32777,一期耳廓成形术,治疗
32778,耳垂畸形矫正术,治疗
32779,甲状腺瘤及囊肿切除术（双侧）,治疗
32780,甲状腺瘤及囊肿切除术（单侧）,治疗
32781,腰椎骶化浮棘切除术,治疗
32782,甲状旁腺癌根治术,治疗
32783,腰椎滑脱椎弓根螺钉内固定植骨融合术,治疗
32784,甲状旁腺移植术,治疗
32785,甲状旁腺大部切除术,治疗
32786,椎管扩大成形术,治疗
31871,加卡环,治疗
31872,义齿裂纹及折裂修理,治疗
31873,进口树脂充填,治疗
31874,高强度树脂充填,治疗
31875,纳米树脂充填,治疗
31876,普通树脂前牙美容修复,治疗
31877,纳米树脂前牙美容修复,治疗
31878,抛光术[全口],治疗
31879,龈下刮治术前牙[每颗],治疗
31880,龈下刮治术后牙[每颗],治疗
31881,根管长度测量[每牙],治疗
31882,充填体抛光术,治疗
31883,烤瓷冠牙备费,治疗
31884,树脂临时牙制作费,治疗
31885,大便盆,治疗
31886,尿壶,治疗
30389,宫腔填塞,治疗
30390,宫腔粘连分离术,治疗
30391,鼻中隔软骨取骨术,治疗
30392,鼻中隔矫正术,治疗
30393,宫腔吸刮,治疗
30394,子宫内翻复位术,治疗
30395,鼻前庭囊肿切除术（双侧）,治疗
30396,子宫输卵管通液术,治疗
30397,子宫直肠凹封闭术,治疗
30398,中鼻甲部分切除术（双侧）,治疗
30399,子宫内膜活检术,治疗
30400,子宫托治疗,治疗
30401,筛前神经封闭术,治疗
30402,宫颈内口探查术,治疗
30403,鼻部神经封闭术,治疗
30404,宫颈扩张术,治疗
30405,阴道侧穹窿上药,治疗
30406,宫颈上药,治疗
30407,经乳突硬膜外脓肿切开引流术,治疗
27368,阴囊脓肿引流术,治疗
27369,阴囊坏死扩创术,治疗
27370,经鼻腔垂体瘤切除术,治疗
27371,经口腔垂体瘤切除术,治疗
27372,钬激光前列腺手术加收,治疗
27373,视神经胶质瘤切除术,治疗
27374,经尿道前列腺汽化术,治疗
27375,脐血移植术（异体基因）,治疗
27376,鞍区占位病变切除术,治疗
27377,脐血移植术（自体基因）,治疗
27378,尿道下裂修复术,治疗
27379,自发脑干血肿切除术,治疗
27380,丘脑肿瘤切除术,治疗
27381,外周血干细胞移植术（异体基因）,治疗
27382,尿道粘膜脱垂切除术,治疗
27383,尿道带蒂皮瓣正道成形术,治疗
27384,尿道瓣膜切除成形术,治疗
27385,外周血干细胞移植术（自体基因）,治疗
27386,小脑半球血管网织细胞瘤切除术,治疗
27387,骨髓移植术（异体基因）,治疗
27388,尿道癌根治术,治疗
27389,小脑半球病变切除术,治疗
27390,脑深部电极置入术,治疗
27391,配型不合异基因骨髓移植T细胞去除术,治疗
27392,尿道瓣膜电切术,治疗
27393,尿道切开取异物术,治疗
27394,血细胞分化簇抗原（CD）34阳性造血干细胞移植,治疗
27395,癫痫病灶切除术,治疗
27396,多处软脑膜下横纤维切断术,治疗
27397,经尿道膀胱异物取出术,治疗
27398,胼胝体切开术,治疗
27399,选择性杏仁核海马切除术,治疗
27400,大脑半球切除术,治疗
27401,脑皮质切除术,治疗
27402,膀胱颈紧缩术,治疗
27403,桥小脑角蛛网膜囊肿切除术,治疗
27404,膀胱膨出修补术,治疗
31887,进口玻璃粘结,治疗
31888,进口玻璃粘结,治疗
31889,疫苗注射+疫苗注射器*,治疗
31890,疫苗注射费*,治疗
31891,伙食费,治疗
31892,胃管置管（注食）,治疗
32766,颧骨上颌骨复合骨折切开复位内固定术（双侧）,治疗
31900,煎药费,治疗
31906,皮肤赘生物电烧治疗,治疗
31907,白癜风皮肤移植术,治疗
31908,鸡眼刮除术,治疗
31909,石膏固定术(中),治疗
31910,血小板过滤,治疗
31911,眶上神经封闭（双眼）,治疗
31912,拆除固定装置,治疗
32270,静脉采血(化验室)(外院),治疗
32273,一次性采血器,治疗
32280,手工分红细胞悬液,治疗
32284,幼儿入园体检费,治疗
27405,桥小脑角三叉神经鞘瘤切除术,治疗
27406,桥小脑角听神经瘤切除术,治疗
27407,胃代膀胱术,治疗
27408,经颅内镜脑室肿瘤切除术,治疗
27409,回肠扩大膀胱术,治疗
27410,四室室管膜瘤切除术,治疗
27411,结肠膀胱术,治疗
27412,小脑下蚓部肿瘤切除术,治疗
27413,第四脑室肿瘤切除术,治疗
27414,膀胱切开造瘘术,治疗
27415,幕上深部脑脓肿切除术,治疗
27416,膀胱憩室切除术,治疗
27417,膀胱切开取石术,治疗
27418,三室前(突入到第三脑室）颅咽管瘤切除术,治疗
27419,幕上深部胼胝体肿瘤切除术,治疗
27420,输尿管整形术,治疗
27421,幕上深部海绵状血管瘤切除术,治疗
27422,输尿管松解术,治疗
27423,输尿管乙状结肠吻合术,治疗
27424,幕上深部脑室内肿瘤切除术,治疗
27425,输尿管皮肤造口术,治疗
27426,输尿管膀胱再植术,治疗
27259,纤维血管瘤切除术(大),治疗
27260,颌骨骨折单颌牙弓夹板固定术（单颌）,治疗
27261,口腔颌面软组织清创术(小),治疗
27263,海绵状血管瘤切除术(中),治疗
27264,血管瘤切除术(中)激光手术加收,治疗
27266,脂肪血管瘤切除术(中),治疗
27268,神经纤维血管瘤切除术(中),治疗
27269,海绵状血管瘤环扎术(中),治疗
27270,淋巴管瘤切除术(中),治疗
27271,海绵状血管瘤切除术(小),治疗
27272,血管瘤切除术(小)需植皮加收,治疗
27273,血管瘤切除术(小)激光手术加收,治疗
27274,口腔颌面软组织清创术(大),治疗
27275,淋巴血管瘤切除术(小),治疗
27276,纤维血管瘤切除术(小),治疗
27277,神经纤维血管瘤切除术(小),治疗
27278,海绵状血管瘤环扎术(小),治疗
27279,头皮撕脱清创修复术,治疗
27280,颞下颌关节成形术（单侧）,治疗
27281,腋臭切除术（双侧）,治疗
27282,颈部开放性损伤探查术,治疗
27283,皮肤恶性肿瘤切除+植皮手术,治疗
27284,负压封闭引流术,治疗
27285,髁状突高位切除术（双侧）,治疗
27286,髁状突高位切除术（单侧）,治疗
27287,颅骨烧伤凿骨扩创术,治疗
27288,深度烧伤截肢术,治疗
27289,冻伤截肢术,治疗
27290,经烧伤创面气切管拔管缝合术,治疗
27291,颞下颌关节盘手术（双侧）,治疗
27292,切痂术,治疗
27293,削痂术,治疗
27294,取皮术,治疗
27295,网状自体皮制备,治疗
27296,微粒自体皮制备,治疗
27297,自体皮皮浆制备,治疗
27298,面副神经吻合术,治疗
27299,面神经吻合术,治疗
27300,输卵管切除术,治疗
27301,面神经简单修复术,治疗
27302,迷走神经微血管减压术,治疗
27303,输卵管结扎术,治疗
27304,卵巢移植术（双侧）,治疗
27305,舌咽神经微血管减压术,治疗
27306,听神经微血管减压术,治疗
27307,卵巢移位术（双侧）,治疗
32064,普通门诊中医辨证论治,治疗
32065,主任中医师门诊中医辨证论治,治疗
32066,省国医名师门诊中医辨证论治,治疗
32067,全国名中医门诊中医辨证论治,治疗
32071,专家门诊诊查费（副高）加收,治疗
32072,专家门诊诊查费（正高）加收,治疗
30347,间动电疗（≥3部位）,治疗
30348,银棘状刺激疗法（SSP),治疗
30349,温热电脉冲治疗（≥3部位）,治疗
30350,功能性电刺激治疗,治疗
30351,立体动态干扰电治疗（≥3部位）,治疗
30352,动态干扰电治疗（≥3部位）,治疗
30353,音频电治疗（≥3部位）,治疗
30354,超短波(小功率),治疗
30355,超短波(大功率),治疗
30356,调制中频电治疗（≥3部位）,治疗
30357,短波(小功率)（≥3部位）,治疗
30358,超短波（体腔治疗）（≥3部位）,治疗
30359,短波(大功率)（≥3部位）,治疗
30360,微波治疗（≥3部位）,治疗
30361,厘米波治疗,治疗
30362,短波(大功率),治疗
30363,静电治疗(高压),治疗
30364,静电治疗(高电位),治疗
30365,射频电疗,治疗
30366,避孕药皮下埋植术,治疗
30367,嵌顿性宫内节育器取出术加收,治疗
32425,儿童龋齿预防保健,治疗
32426,传染病访视,治疗
33263,经皮血管瘤腔内药物灌注术,治疗
33264,肝动脉插管灌注术,治疗
33265,经皮房间隔穿刺术,治疗
33266,晶体囊截开术（双眼）,治疗
33267,口腔上颌窦瘘修补术,治疗
33268,冠脉血管内压力导丝测定术,治疗
33269,颌骨隆突修整术,治疗
33270,经皮静脉球囊扩张术,治疗
33271,经皮冠状动脉腔内成形术(PTCA),治疗
33272,经皮肝穿刺门静脉栓塞术,治疗
33273,诊疗中使用腹腔镜加收,治疗
33274,房角粘连分离术,治疗
33275,带蒂复合组织瓣成形术,治疗
33276,青光眼滤帘修复术,治疗
33277,巩膜缩短术,治疗
33278,手外伤鱼际皮瓣术,治疗
33279,白内障囊外摘除术,治疗
33280,人工晶体复位术,治疗
33281,二期人工晶体植入术,治疗
33282,人工晶体睫状沟固定术,治疗
33283,白内障摘除联合青光眼硅管植入术,治疗
33284,输卵管绝育术,治疗
33285,经鼻视神经减压术,治疗
33286,鼻外脑膜脑膨出颅底修补术,治疗
33287,经鼻内镜鼻窦手术超过2对加收,治疗
33288,鼻内筛窦开放手术,治疗
33289,鼻额管扩张术,治疗
33290,上颌窦根治术(柯-路氏手术),治疗
33291,后鼻孔成形术,治疗
33292,鼻再造术,治疗
33293,隆鼻术,治疗
33294,经鼻侧切口鼻腔鼻窦肿瘤切除,治疗
33295,鼻翼肿瘤切除成形术（单侧）,治疗
33296,鼻继发畸形修复术,治疗
33297,经中颅窝岩尖引流术,治疗
33298,颞浅动脉插管灌注术,治疗
33299,岩浅大神经切断术,治疗
33300,足跟缺损修复术,治疗
33301,半侧颜面萎缩整形术,治疗
31734,泪道冲洗,治疗
31735,胰岛素低血糖和休克治疗,治疗
31736,术中自体血回输(手工法),治疗
31737,体外胃肠起博治疗（≥3次）,治疗
31738,体外半自动心脏变律除颤术,治疗
31739,烧伤远红外线辐射床治疗,治疗
30492,海绵状血管瘤切除术(大),治疗
30493,鼻丘封闭及硬化剂注射,治疗
30494,鼻腔粘连分离术,治疗
30495,鼻咽部活检术,治疗
30496,术中自体血回输（机器法）,治疗
30497,前鼻孔填塞,治疗
30498,鼻部射频治疗,治疗
30499,鼻部激光治疗,治疗
30500,成份血液照射（60钴照射源）,治疗
30501,冠状动脉造影术,治疗
30502,鼻部等离子治疗,治疗
30503,骨髓或外周血干细胞采集术,治疗
30504,鼻药物烧灼治疗,治疗
30505,鼻部电灼治疗,治疗
30506,外周血干细胞冷冻保存（首次）,治疗
30507,骨髓或外周血干细胞体外净化,治疗
30508,外周血干细胞回输,治疗
30509,全血血液照射（60钴照射源）,治疗
30510,经络氧疗法,治疗
30511,体外经胸型心脏临时起搏术,治疗
30512,异体供肝修整术,治疗
30513,异体供肝切除术,治疗
30514,复杂肝癌切除术,治疗
30515,左肝三叶切除术,治疗
30516,左半肝切除术,治疗
30517,埋藏式心脏复律除颤器安置术,治疗
30518,肝部分切除术,治疗
30519,开腹肝管栓塞术,治疗
30520,开腹肝动脉栓塞术,治疗
30521,永久起搏器更换术,治疗
30522,腹腔内恶性肿瘤微波治疗,治疗
30523,腹腔内恶性肿瘤射频治疗,治疗
30524,三腔起搏器手术（CRT）加收,治疗
30525,开腹恶性肿瘤微波治疗,治疗
30526,开腹恶性肿瘤激光治疗,治疗
30527,永久起搏器安置术,治疗
30528,开腹肝动脉化疗泵取出术,治疗
27604,胸腺切除术,治疗
27605,宫外孕手术,治疗
27606,输卵管开窗术,治疗
27607,胸骨后甲状腺切除术,治疗
27608,纵隔感染清创引流术,治疗
27609,经纤支镜支气管胸膜瘘堵塞术,治疗
27610,输卵管介入治疗,治疗
27611,输卵管积水穿刺,治疗
27612,宫颈息肉或赘生物切除术,治疗
27613,胸膜活检术,治疗
27614,宫颈肌瘤剔除术,治疗
27615,宫颈锥形切除术,治疗
27616,宫颈环形电切术,治疗
27617,孕期子宫内口缝合术,治疗
27618,脓胸引流清除术,治疗
27619,子宫修补术,治疗
27620,子宫次全切除术,治疗
27621,阴式全子宫切除术,治疗
27622,胸膜剥脱术,治疗
27623,经腹阴道联合子宫切除术,治疗
27624,子宫整形术,治疗
27625,子宫动脉结扎术,治疗
27626,子宫悬吊术,治疗
27627,脓胸大网膜填充术,治疗
27628,胸（腹）腔穿刺置管术,治疗
27629,盆腔巨大肿瘤切除术,治疗
27630,胸腔开放引流术,治疗
27631,子宫内异症电凝术,治疗
27632,子宫内膜去除术（微波手术）,治疗
27633,胸腔闭式引流术,治疗
27634,粘膜下子宫肌瘤圈套术,治疗
27635,阴道异物取出术,治疗
27636,直肠异物取出术,治疗
27637,宫腔内异物取出术,治疗
27638,阴道裂伤缝合术,治疗
27639,阴道扩张术,治疗
27640,胸廓畸形矫正术,治疗
27641,阴道横纵膈切开术,治疗
27642,胸壁缺损修复术（双侧）,治疗
27643,阴道结节切除术,治疗
27644,胸壁肿瘤切除术,治疗
27645,阴道壁血肿切开术,治疗
27646,阴道修补术,治疗
27647,胸壁异物扩创术,治疗
27648,后穹窿损伤缝合术,治疗
27649,阴道后穹窿切开引流术,治疗
27650,阴道缩紧术,治疗
27651,胸壁外伤扩创术,治疗
27652,胸廓成形术,治疗
27653,胸壁结核病灶清除术,治疗
27654,陈旧性会阴Ⅲ度裂伤缝合术,治疗
27655,外阴脓肿切开引流术,治疗
27656,外阴血肿切开引流术,治疗
27657,外阴良性肿物切除术,治疗
27658,肋软骨取骨术,治疗
27659,大隐静脉高位结扎＋剥脱术（双侧）,治疗
27660,大隐静脉高位结扎＋剥脱术（单侧）,治疗
27661,大隐静脉耻骨上转流术（双侧）,治疗
27662,大隐静脉耻骨上转流术（单侧）,治疗
27663,贲门癌切除术,治疗
27664,股静脉瓣膜修补术,治疗
32883,大脑半球转移癌切除术,治疗
32884,幕上浅部病变切除术,治疗
32885,多囊肾去顶减压术（单侧）,治疗
32886,重复肾重复输尿管切除术,治疗
32887,肾部分切除术,治疗
32888,肾肿瘤剔除术,治疗
32889,侧脑室-心房分流术,治疗
32890,颅内压监护传感器取出术,治疗
32891,经颅视神经管减压术,治疗
32892,开颅颞肌下减压,治疗
32893,远端脾肾分流术,治疗
32894,颅内（脑内）血肿清除术,治疗
32895,腹壁缺损修复术,治疗
32896,脐整形术,治疗
32897,浅表腹壁肿瘤切除术,治疗
32898,颅骨钻孔探查术,治疗
32899,颅底再造术,治疗
32900,颅内硬膜外血肿引流术,治疗
32901,帽状腱膜下脓肿切开引流术,治疗
32902,颅骨骨瘤切除术,治疗
32903,可控性回肠膀胱术,治疗
32904,结肠扩大膀胱术,治疗
32905,直肠膀胱瘘修补术,治疗
32906,膀胱瘘管切除术,治疗
33441,活动性义眼眼座植入术,治疗
33442,经皮胆囊超声碎石取石术,治疗
33443,鼻腔泪囊吻合术,治疗
33444,网球肘松解术,治疗
33445,胆道内支架置入引流术,治疗
33447,剖宫产术,治疗
33448,臂丛神经损伤副神经移位术,治疗
33449,骨折内固定克氏针(三叶钉)取出术（门诊）,治疗
33450,股骨头钻孔及植骨术,治疗
33451,多指切除术,治疗
33452,减重支持系统训练,治疗
33453,烧伤后肌腱延长术,治疗
33454,烧伤瘢痕切除缝合术,治疗
33455,瘢痕畸形矫正术,治疗
33456,下颌角的三角形去骨术(双侧）,治疗
33457,隆颏术后继发畸形矫正术,治疗
33458,颊部缺损修复术,治疗
33459,下颌骨去骨皮质术,治疗
33460,任意皮瓣形成术,治疗
33461,上颌雷弗特I型截骨术（双颌）,治疗
33462,经颈部茎突过长切除术,治疗
33463,带蒂皮瓣二期断蒂术,治疗
33464,颜面部软组织不对称带血管游离组织瓣修复畸形矫正术,治疗
30469,经支气管镜高频电治疗,治疗
30470,特殊工娱治疗,治疗
30471,前房冲洗术（单眼）,治疗
33465,口腔颌面部联合缺损带血管游离肌皮骨瓣修复术,治疗
33466,面横裂修复术,治疗
33467,牙槽突裂植骨成形术,治疗
33468,组织瓣转移腭裂修复术(≥2侧),治疗
33469,单瓣二瓣后退腭裂修复术(≥2侧),治疗
33470,III°腭裂兰氏修复术(≥2侧),治疗
33471,犁骨瓣修复术,治疗
33472,悬雍垂缩短术,治疗
33473,腭帆缩短术,治疗
33474,舌再造术,治疗
33475,颌下腺肿瘤切除术,治疗
33476,舌下腺囊肿袋形术,治疗
33302,乳突改良根治术,治疗
33303,鼓室成形术,治疗
33304,经皮动脉支架置入术,治疗
33305,经皮静脉内球囊扩张+支架置入术,治疗
33306,经皮静脉内滤网置入术,治疗
33307,冠状血管内多普勒血流测量术,治疗
33308,经支气管镜冷冻治疗,治疗
33309,经支气管镜支架置入术,治疗
33310,开腹恶性肿瘤冷冻治疗,治疗
33311,开腹恶性肿瘤射频治疗,治疗
33312,肝癌切除术第一、第二肝门血管及下腔静脉受侵犯加收,治疗
33313,肝内病灶清除术,治疗
33314,开腹肝活检术,治疗
33315,开腹去蛔虫术,治疗
33316,肛管皮肤移植术,治疗
33317,腹会阴肛门成形术,治疗
33318,肛门内括约肌后正中切断术,治疗
33319,其他内镜手术治疗加收,治疗
33320,高位肛瘘切除术,治疗
33321,使用高频电容场治疗肛周疾病加收,治疗
33322,肛周息肉切除或套扎术,治疗
29664,树突状细胞治疗(DC),治疗
30472,经皮动脉内超声血栓消融术,治疗
30473,鼓膜穿刺术,治疗
30474,智能电针治疗,治疗
30475,取耵聍,治疗
30476,脑反射治疗,治疗
30477,颞下颌关节盘复位术（单侧）,治疗
30478,冲动行为干预治疗,治疗
30479,乳牙、前牙、前磨牙拨牙麻醉费,治疗
30480,口腔粘膜病微波治疗,治疗
30481,经支气管镜治疗,治疗
30482,上鼓室冲洗术,治疗
30483,听力整合及语言训练,治疗
30484,经皮穿刺胸膜活检术,治疗
30485,经内镜气管扩张术,治疗
30486,胸腔穿刺术,治疗
30487,控制性降压,治疗
30488,人工气胸术,治疗
30489,松驰治疗,治疗
30490,经支气管镜微波治疗,治疗
30491,下鼻甲封闭术,治疗
32907,主肺动脉窗修补术,治疗
32908,膀胱颈部Y—V成形术,治疗
32909,肺动脉栓塞摘除术,治疗
32910,上腔静脉肺动脉吻合术(双向Glenn),治疗
32911,冠状静脉窦无顶综合征矫治术,治疗
32912,尿道修补术,治疗
32913,前尿道吻合术,治疗
32914,冠状动脉内膜切除术,治疗
32915,尿道憩室切除术,治疗
32916,小切口冠状动脉搭桥术,治疗
32917,尿道阴道瘘修补术,治疗
32918,会阴阴囊皮瓣尿道成型术,治疗
32919,非体外循环冠状动脉搭桥术,治疗
32920,尿道外口整形术,治疗
32921,尿道下裂Ⅱ期成形术,治疗
32922,冠脉搭桥+换瓣术,治疗
32923,前列腺癌根治术,治疗
32924,前列腺脓肿切开术,治疗
32925,交通性鞘膜积液修补术（单侧）,治疗
32926,睾丸附件扭转探查术（双侧）,治疗
32927,睾丸固定术（双侧）,治疗
32928,睾丸肿瘤腹膜后淋巴结清扫术,治疗
32929,房间隔缺损修补术,治疗
32930,隐睾切除术（单侧）,治疗
32931,附睾切除术,治疗
32932,双瓣置换术,治疗
32933,精索静脉转流术,治疗
32934,精索静脉曲张高位结扎术（单侧）,治疗
32935,肺动脉瓣狭窄矫治术,治疗
32936,主动脉瓣置换术,治疗
32937,主动脉瓣上狭窄矫治术,治疗
32938,三尖瓣置换术,治疗
32939,阴茎全切术,治疗
32940,二尖瓣替换术,治疗
32941,二尖瓣直视成形术,治疗
32942,二尖瓣闭式扩张术,治疗
31541,足烧伤扩创交腿皮瓣修复术,治疗
31542,深度烧伤死骨摘除术,治疗
31543,肌腱移植术,治疗
31544,改良下颌升支矢状劈开去骨术(双侧）,治疗
31545,改良下颌升支矢状劈开去骨术（单侧）,治疗
31546,扩张器取出皮瓣移植术,治疗
31547,烧伤瘢痕切除松解植皮术,治疗
27731,腹主A-股A转流向远端架桥加收,治疗
27732,股深动脉成形术,治疗
27733,经腹腔镜肝脓肿引流术,治疗
27734,腹主A－双股A转流向远端架桥加收,治疗
27735,腹主A－双股A Y型人工血管转流术,治疗
27736,腹主动脉腔静脉瘘成形术,治疗
27737,肝癌切除术,治疗
27738,开腹肝动脉化疗泵置放术,治疗
27739,肠系膜上动脉取栓＋移植术,治疗
27740,腹主动脉 －腹腔动脉血管架桥术,治疗
27741,双肾动脉人工血管架桥转流术,治疗
27742,肠系膜上动脉人工血管架桥转流术,治疗
27743,腹腔动脉人工血管架桥转流术,治疗
27744,腹腔内恶性肿瘤激光治疗,治疗
27745,腹腔内恶性肿瘤冷冻治疗,治疗
27746,胸腹主动脉瘤切除人工血管转流术,治疗
27747,全程主动脉人工血管置换术,治疗
27748,肝左外叶切除术,治疗
27749,右半肝切除术,治疗
27750,锁骨下动脉-颈动脉血管移植术,治疗
27751,颈动脉-腋动脉血管移植术,治疗
27752,颈动脉体瘤切除＋血管移植术,治疗
27753,外伤性动—静脉瘘切除＋血管移植术,治疗
27754,肝门部肿瘤支架管外引流术,治疗
27755,颈动脉假性动脉瘤切除＋血管移植术,治疗
27756,肝内胆管U形管引流术,治疗
27757,颈动脉瘤切除＋血管移植术,治疗
27758,颈动脉海绵窦栓塞＋结扎术,治疗
27759,颈静脉移植术,治疗
27760,肝血管瘤缝扎术,治疗
27761,颈静脉瘤成形术,治疗
27762,使用超声切割止血刀加收（肝脏手术）,治疗
27763,颈总动脉起始部动脉瘤切除术,治疗
27764,胆囊切除术,治疗
27765,锁骨下动脉瘤切除术,治疗
27766,无名动脉瘤切除术,治疗
27767,结核病浆膜腔内灌注治疗,治疗
27768,恶性肿瘤浆膜腔内灌注治疗,治疗
27769,开胸心脏挤压术,治疗
27770,肋间动脉重建术,治疗
27771,胆总管囊肿外引流术,治疗
27772,心脏术后感染伤口清创引流术,治疗
27773,连续动静脉转流术,治疗
27774,经十二指肠奥狄氏括约肌切开成形术,治疗
27775,左右心室辅助泵安装术（长时间转流插管）,治疗
27776,主动脉内球囊反搏置管术,治疗
27777,左右心室辅助泵安装术（临时性插管）,治疗
27778,供体心脏修整术,治疗
27779,心脏移植术,治疗
27780,激光心肌打孔术,治疗
27781,胆囊癌根治术,治疗
27782,心内直视射频消融术,治疗
27783,胃囊肿吻合术,治疗
27784,胰腺囊肿外引流术,治疗
32823,经胸腔镜治疗,治疗
32824,房间隔缺损介入治疗,治疗
32825,先心病介入治疗,治疗
32826,经肠镜电凝治疗,治疗
32827,经皮静脉内超声血栓消融术,治疗
32828,经皮动脉栓塞术,治疗
32829,烧伤复合伤抢救,治疗
32830,颞下颌关节活检术（双侧）,治疗
32831,颞下颌关节盘复位术（关节下腔）（双侧）,治疗
32832,食管狭窄扩张术,治疗
32833,经皮肝穿刺门静脉插管术,治疗
32834,贲门狭窄扩张术,治疗
32835,经肠镜电切治疗,治疗
32836,经皮肝穿刺门静脉化疗术,治疗
32837,经皮穿刺肝肿物90钇治疗,治疗
32838,经皮穿刺肝肿物激光治疗,治疗
32839,肾周积液引流术,治疗
32840,穿透性角膜移植联合白内障囊外摘除及人工晶体植入术(三联术),治疗
32841,晶体张力环置入术,治疗
32842,前臂神经探查吻合术,治疗
32843,前臂正中神经游离神经移植术,治疗
32844,趾蹼成形术,治疗
32845,黄斑裂孔封闭术,治疗
33383,脑室周围＜4CM深部血管畸形栓塞切除术,治疗
33384,颅内巨大动静脉畸形栓塞后切除术,治疗
33385,卵巢成形术（双侧）,治疗
33386,癫痫病灶脑叶切除,治疗
33387,开颅颅内减压术,治疗
33388,帽状腱膜下血肿或积液抽取加压包扎术,治疗
33389,冠状动脉到各个心脏部位瘘的闭合手术,治疗
33390,阴道成形术,治疗
33391,股－胫前动脉转流术,治疗
33392,肺动脉内异物取出术,治疗
33393,肾盂切开取石术,治疗
33394,颌间固定拆除术（单颌）,治疗
33402,呼吸机辅助呼吸,治疗
31507,一次性真空采血管[化验],治疗
31508,一次性真空采血管[其他],治疗
31509,一次性真空采血管[抗凝][化验],治疗
31510,一次性真空采血管[门诊],治疗
31511,一次性真空采血管[住院],治疗
31512,一次性真空采血管1.2[妇保],治疗
31513,一次性真空采血管1.2[化验],治疗
31514,一次性真空采血管1.9[化验],治疗
31515,一次性真空采血器,治疗
31516,文体训练,治疗
31517,冷喷治疗,治疗
31518,电子生物反馈疗法(肌电),治疗
31519,微波体腔治疗（≥3部位）,治疗
31520,短波体腔治疗（≥3部位）,治疗
31521,电子生物反馈疗法(心率),治疗
31522,颧骨颧弓成型术（单侧）,治疗
31523,体外细胞培养皮肤细胞移植术,治疗
31524,烧伤肉芽创面扩创植皮术,治疗
31525,异体皮移植术,治疗
31526,带毛囊游离皮肤移植术,治疗
31527,带真皮血管网游离皮片切取术,治疗
31528,游离皮片移植术,治疗
31529,皮肤撕脱反取皮回植术,治疗
31530,颌骨延长骨生成术,治疗
31531,颏部截骨前徙舌骨悬吊术,治疗
31532,烧（冻）伤截趾术,治疗
31533,手部扩创延期植皮术,治疗
31534,全手切削痂植皮术,治疗
31535,手背切削痂植皮术,治疗
31536,手烧伤扩创交臂皮瓣修复术,治疗
31537,手烧伤扩创胸皮瓣修复术,治疗
31538,水平截骨颏成形术,治疗
31539,手皮肤脱套伤腹部埋藏术,治疗
31540,小腿烧伤扩创交腿皮瓣修复术,治疗
33412,分根术,治疗
33416,小儿静脉输液（住院/含输液器）,治疗
33417,微针针刺(夹髓针),治疗
33418,环枢关节半脱位推拿治疗,治疗
33204,肩锁关节成形术,治疗
33205,陈旧性桡骨小头脱位切开复位术,治疗
33206,先天性髋关节脱位切开复位石膏固定术,治疗
33207,全喉全下咽切除皮瓣修复术,治疗
33208,深静脉长期透析导管置管术,治疗
33209,人工全肩关节置换术,治疗
33210,肘关节稳定术,治疗
33211,铒激光眼科手术（单眼）,治疗
33212,胆道球囊扩张术,治疗
33213,经内镜胰胆管扩张术＋支架置入术,治疗
33214,泪腺悬吊术(双侧),治疗
33215,足部骨骨折切开复位内固定术,治疗
33216,激光虹膜囊肿切除（单眼）,治疗
33217,经皮经肝胆道镜取石术,治疗
33218,经胆道镜胆道结石取出术,治疗
33219,经胆道镜瘘管取石术,治疗
33220,孟氏骨折切开复位内固定术,治疗
33221,肾上腺移植术,治疗
33222,腹腔脓肿穿刺引流术,治疗
33223,恶性嗜铬细胞瘤根治术(单侧),治疗
33224,肾上腺嗜铬细胞瘤切除术(单侧),治疗
31548,慢性溃疡修复术,治疗
31549,隆颞术,治疗
31550,小口畸形矫正术,治疗
31551,隆颏术,治疗
31552,隆颞术后畸形矫正,治疗
31553,隆额术后畸形矫正,治疗
31554,面瘫畸形矫正术,治疗
31555,下颌角的三角形去骨术（单侧）,治疗
31556,下颌角嚼肌肥大畸形矫正术(双侧）,治疗
31557,下颌角嚼肌肥大畸形矫正术（单侧）,治疗
31558,橡皮肿整形术,治疗
31559,各种带蒂皮瓣形成术,治疗
31560,轴型组织瓣形成术,治疗
31561,下颌下缘去骨成形术,治疗
30309,短波(小功率),治疗
30310,电子生物反馈疗法(脑电),治疗
30311,气压治疗(肢体气压治疗)（≥3部位）,治疗
30312,泥疗,治疗
30313,蜡疗（≥3部位）,治疗
30314,场效应治疗（≥3部位）,治疗
30315,冷喷治疗（≥3部位）,治疗
30316,冷疗,治疗
30317,牵引(腰椎牵引),治疗
30318,蜡疗,治疗
30319,水疗,治疗
30320,热喷治疗,治疗
30321,言语训练,治疗
30322,近红外线气功治疗,治疗
30323,远红外线治疗(医疗舱治疗),治疗
30324,红外线真空拔罐治疗,治疗
30325,红外线真空拔罐治疗（≥3照射区）,治疗
30326,红外线24小时持续治疗,治疗
30327,红外线治疗（≥3照射区）,治疗
30328,蓝紫光照射治疗（≥3照射区）,治疗
30329,太阳灯照射治疗,治疗
30330,太阳灯照射治疗（≥3照射区）,治疗
30331,紫外线治疗(短波),治疗
30332,紫外线治疗(中波),治疗
30333,紫外线治疗(长波),治疗
30334,激光疗法,治疗
30335,紫外线治疗（全身）,治疗
30336,光敏疗法（≥3照射区）,治疗
30337,紫外线治疗(生物剂量测定),治疗
30338,直流电药物离子导入治疗,治疗
30339,直流电水浴治疗(单、双、四槽浴),治疗
30340,直流电药物离子导入治疗（≥3部位）,治疗
30341,电化学疗法,治疗
30342,感应电治疗,治疗
30343,低频脉冲电治疗,治疗
30344,电化学疗法（≥3部位）,治疗
30345,神经肌肉电刺激治疗（≥3部位）,治疗
30346,微机功能性电刺激治疗,治疗
27251,颌骨骨折颌间固定术（双颌）,治疗
27252,颌骨骨折颌间固定术（单颌）,治疗
27253,颌骨骨折单颌牙弓夹板固定术（双颌）,治疗
33225,灭活再植或异体半关节移植术,治疗
33226,异位嗜铬细胞瘤根治术(单侧),治疗
33227,股骨头坏死肌蒂植骨术,治疗
33228,肱骨近端骨折切开复位内固定术,治疗
33229,睑下垂矫正联合眦整形术,治疗
33230,睑退缩矫正术(下睑）,治疗
33231,游离植皮睑成形术,治疗
33232,重睑成形术（双侧）,治疗
33233,双行睫矫正术（双侧）,治疗
33234,肩关节脱位切开复位术,治疗
33235,内外眦成形术,治疗
33236,泪阜部肿瘤单纯切除术,治疗
33237,泪腺脱垂矫正术,治疗
33238,泪囊瘘管摘除术,治疗
33239,股骨干肿瘤全股骨切除人工股骨置换术,治疗
33240,泪腺肿瘤摘除术,治疗
33241,人工关节翻修术,治疗
33242,泪小管封闭术,治疗
30729,经耳面神经梳理术,治疗
30730,宫颈管息肉或赘生物切除术,治疗
30731,子宫内膜息肉或赘生物切除术,治疗
30732,面神经松解减压术,治疗
30733,输卵管宫角植入术,治疗
30734,听神经瘤手术中颅内直接吻合术,治疗
30735,输卵管选择性插管术,治疗
30736,经输卵管镜插管通水术,治疗
30737,输卵管移植术,治疗
30738,体外冲击波碎石（初诊）,治疗
30741,经尿道治疗尿失禁,治疗
30742,眼球摘除+植入术,治疗
30743,单纯乳房切除术（单侧）,治疗
30744,眼球摘除术,治疗
27665,胃出血切开缝扎止血术,治疗
27666,人工动静脉瘘切除重造术,治疗
27667,动静脉人工内瘘人工血管转流术,治疗
27668,动静脉内外瘘栓塞再通术,治疗
27669,动静脉人工内瘘成形术,治疗
27670,胃癌扩大根治术,治疗
33477,颌面颈部深部肿物切除术,治疗
33478,鳃裂瘘切除术,治疗
33479,腮腺恶性肿物扩大切除术,治疗
33480,髁状突肿物切除术,治疗
33481,颈面部淋巴瘤切除术,治疗
33482,口腔颌面部巨大血管瘤切除术,治疗
33483,口底皮样囊肿摘除术,治疗
33484,舌根部肿瘤切除术,治疗
33485,舌骨上淋巴清扫术,治疗
33486,上颌骨扩大切除术,治疗
33487,下颌骨缺损钛板即刻植入术,治疗
33488,涎腺瘘切除修复术,治疗
33489,靶控输入全身麻醉,治疗
33490,全身麻醉,治疗
33491,基础麻醉,治疗
33492,腰麻醉,治疗
33493,侧隐窝臭氧注射,治疗
33494,神经阻滞麻醉（宫旁）,治疗
33495,神经阻滞麻醉（颈丛）,治疗
33496,联合或复合麻醉加收,治疗
33497,麻醉费0%,治疗
33498,麻醉费100%,治疗
33499,走廊加床,治疗
33500,气垫床加收,治疗
32000,鞘膜积液穿刺抽液术,治疗
32001,泌尿生殖系微波治疗,治疗
32002,前列腺注射,治疗
32003,鼓膜修补术,治疗
32004,异体皮制备,治疗
32005,耳廓假性囊肿穿刺压迫治疗,治疗
30745,尿道狭窄扩张术,治疗
30746,经膀胱镜尿道镜电灼治疗,治疗
30747,经膀胱镜尿道镜激光治疗,治疗
30748,膀胱镜尿道镜取异物,治疗
30749,颅骨牵引术后持续牵引（次日起）,治疗
30750,球内磁性异物取出术,治疗
30752,膀胱穿刺造瘘术,治疗
30753,膀胱区封闭,治疗
30754,膀胱持续冲洗,治疗
30755,格林先天性高肩胛症手术,治疗
30756,巩膜后兜带术,治疗
30757,膀胱冲洗,治疗
30758,膀胱灌注,治疗
30759,膀胱穿刺,治疗
30760,腹腔灌洗,治疗
30761,指蹼成形术,治疗
30762,复杂视网膜脱离修复术,治疗
30763,膀胱注射,治疗
30764,输尿管支架管冲洗,治疗
30765,经输尿管镜支架取出术,治疗
30766,经输尿管镜支架置入术,治疗
27785,胰管切开取石术,治疗
27786,心脏异常传导束切断术,治疗
27787,壶腹周围癌根治术,治疗
27788,胰体尾切除术,治疗
27789,左室减容术,治疗
27790,左房折叠术,治疗
27791,胰腺假性囊肿内引流术,治疗
27792,胰腺假性囊肿切除术,治疗
27793,异体供胰修整术,治疗
27794,室壁瘤切除术,治疗
27795,异位异体移植胰腺切除术,治疗
27796,胰腺周围神经切除术,治疗
27797,坏死性胰腺炎清创引流术,治疗
27798,腹股沟疝修补术,治疗
27799,心脏恶性肿瘤摘除术,治疗
27800,心脏囊肿摘除术,治疗
27801,腹白线疝修补术,治疗
27802,肝移植术,治疗
27803,腹壁疝疝囊高位结扎加修补术,治疗
27804,脐瘘切除+修补术,治疗
27805,腹腔包虫摘除术,治疗
27806,心脏外伤修补术,治疗
27807,妇科晚期恶性肿瘤减瘤术,治疗
27808,开胸肿瘤取活检术,治疗
27809,心包清创引流术,治疗
27810,再次开胸止血术,治疗
27811,腹壁整形术,治疗
27812,心外开胸探查术,治疗
27813,先天性脐膨出修补术,治疗
27814,脐肠瘘修补术,治疗
27815,先天性腹壁裂修补术,治疗
27816,心包开窗引流术,治疗
27817,心包肿瘤切除术,治疗
27818,门静脉切开支架置入术,治疗
30789,其他指再造术,治疗
30790,前房角切开术,治疗
30791,钬激光巩膜切除手术（单眼）,治疗
30792,并趾分离术,治疗
30793,睫状体冷凝治疗（单侧）,治疗
30794,睫状体断离复位术,治疗
30795,铒激光眼科手术(晶体摘除)（双眼）,治疗
30796,人工虹膜隔植入术,治疗
30797,手部掌指关节切开复位内固定术,治疗
30798,虹膜贯穿术,治疗
30799,虹膜周边切除术,治疗
30800,月骨缺血坏死血管植入术,治疗
30801,月骨骨折不愈合血管植入术,治疗
27819,肝静脉切开取栓术,治疗
27820,经胸腔镜心包部分切除术,治疗
27821,门脉高压症系腔分流术,治疗
27822,门脉高压症近端脾肾分流术,治疗
27823,门体静脉搭桥分流术,治疗
27824,心包剥脱术,治疗
27825,经胸腔镜心包活检术,治疗
27826,经腹门奇静脉断流术,治疗
27827,外通道手术,治疗
27828,腹水转流术,治疗
27829,腹腔—颈内静脉转流术,治疗
27830,科诺手术,治疗
27831,肾破裂修补术,治疗
27832,肾固定术,治疗
27833,永存动脉干修复术,治疗
27834,肾包膜剥脱术,治疗
27835,肾周围粘连分解术,治疗
27836,房坦型手术,治疗
27837,内外通道矫治手术,治疗
27838,根治性肾切除术,治疗
27839,双调转手术,治疗
27840,肾实质切开造瘘术,治疗
27841,心房调转术,治疗
27842,动脉调转术,治疗
27843,肾血管重建术,治疗
27844,肾血管狭窄成形术,治疗
27845,自体肾移植术,治疗
27846,主动脉弓置换术,治疗
33423,骨折后义齿夹板固位及合板治疗（单颌）,治疗
33424,跟骨钻孔术,治疗
33425,眶膈修补术,治疗
33426,听骨链松解术,治疗
33427,经支气管镜引导支气管腔内放疗置管,治疗
33428,手部外伤皮肤缺损游离植皮术,治疗
33433,蓝光照射治疗,治疗
33434,微机功能性电刺激治疗（≥3部位）,治疗
33435,前鼻孔成形术,治疗
33436,认知心理治疗(CPT),治疗
33437,脊髓血管畸形栓塞术,治疗
33438,颈段食管切除术,治疗
33439,海绵状血管瘤激光治疗术,治疗
33440,阴蒂肥大整复术,治疗
31936,大换药,治疗
31937,小换药,治疗
31938,拆线（小）,治疗
31939,置管后注食,治疗
31940,胃肠置管减压,治疗
31941,一般物理降温,治疗
31942,引流管冲洗,治疗
29665,LAK细胞治疗,治疗
29666,自体骨髓或外周血干细胞支持治疗,治疗
29667,经内镜食管治疗,治疗
29668,经胃镜食管静脉曲张治疗1个位点,治疗
29669,经胃镜食管静脉曲张治疗≥3个位点加收,治疗
29670,经胃镜食管静脉曲张治疗2个位点加收,治疗
29671,十二指肠狭窄扩张术,治疗
29672,肠梗阻导管置入术,治疗
29673,四腔管安置术,治疗
29674,咽部射频治疗,治疗
29675,经内镜食管瘘填堵术,治疗
29676,幽门狭窄扩张术,治疗
29677,经胃镜胃肠治疗,治疗
29678,骨折后义齿夹板固位及合板治疗（双颌）,治疗
29679,咽部微波治疗,治疗
29680,食道上段异物取出,治疗
29681,软腭抬高器治疗（制作咽阻塞器）,治疗
30529,临时起搏器应用,治疗
30530,肝结核瘤切除术,治疗
30531,肝囊肿开窗切除术,治疗
30532,临时起搏器安置术,治疗
30533,肝包虫内囊摘除术,治疗
30534,射频消融术,治疗
30535,肝损伤清创修补术,治疗
30536,开腹排粪石术,治疗
30537,先天一穴肛矫治术,治疗
30538,会阴肛门成形术,治疗
30539,硬脑膜下穿刺术,治疗
30540,肛门成形术,治疗
30541,内痔环切术,治疗
30542,特殊病人手术使用一次性卫生材料加收,治疗
30543,混合痔嵌顿手法松解回纳术,治疗
30544,痔核切开回纳术,治疗
30545,复杂肛瘘切除术,治疗
30546,肾盂镜手术治疗加收,治疗
30547,脑室（颅内）镜手术治疗加收,治疗
30548,鼻窦镜手术治疗加收,治疗
30549,胸腔（纵隔）镜手术治疗加收,治疗
30550,肛周疣切除术,治疗
30551,关节镜手术治疗加收,治疗
30552,直肠粘膜环切术,治疗
31943,断指再植肝素冲洗,治疗
31944,术后引流,治疗
31945,一般灌肠,治疗
31946,清洁灌肠,治疗
31947,更换引流袋,治疗
31948,粪嵌顿手法排除,治疗
31949,大出血抢救,治疗
31950,咽部等离子治疗,治疗
31951,出诊费[自费],治疗
31952,出诊费[优惠],治疗
31953,出诊费[副高级以上],治疗
31954,出诊费[中级职称以下],治疗
31955,签约服务费,治疗
31956,软腭抬高器治疗（制作上颌腭托）,治疗
31957,直肠肛门激光治疗,治疗
31958,肝穿刺术,治疗
31959,塑料袋（中小）,治疗
31960,塑料袋（西）,治疗
31961,塑料袋（西小）,治疗
31962,脾穿刺术,治疗
31963,腹膜透析换外管,治疗
31964,首次腹透置管术期间操作培训考核,治疗
31965,不良修复体拆除,治疗
31966,肾造瘘术（单侧）,治疗
31967,口内脓肿切开引流术,治疗
31968,种植体周围翻瓣刮治术,治疗
31969,复杂充填术(IV类洞的充填),治疗
31970,体外冲击波碎石（复诊）,治疗
31971,髓腔穿孔修补术,治疗
31972,眶上神经封闭（单眼）,治疗
31973,胸部肿瘤激光治疗,治疗
31974,眼部冷冻治疗（双眼）,治疗
31975,骨膜封闭术,治疗
33243,移植取骨术,治疗
33244,结膜色素痣切除术,治疗
33245,股骨下端截骨术,治疗
33246,下穹窿成形术（单侧）,治疗
33247,膝内外翻定点闭式折骨术,治疗
33248,胸腺异位移植术,治疗
33249,翼状胬肉转位术,治疗
33250,翼状胬肉切除+干细胞移植加收,治疗
33251,断肢再植术,治疗
33252,手部关节内骨折切开复位内固定术,治疗
33253,甲状腺癌扩大根治术（单侧）,治疗
33254,鼻中隔穿孔修补术,治疗
33255,甲状腺癌根治术（单侧）,治疗
33256,脊柱椎间融合器植入植骨融合术,治疗
33257,下颌隆突修整术,治疗
33258,上颌窦开窗异物取出术,治疗
33259,经皮静脉内激光成形术,治疗
33260,经皮静脉内旋切术,治疗
33261,经皮肢体动脉旋磨＋球囊扩张术,治疗
33262,骨关节病（关节下腔）刨削术（单侧）,治疗
32006,经皮穿刺三叉神经干注射术,治疗
32007,鼓膜贴补治疗,治疗
32008,耳正负压治疗,治疗
32009,感觉统合治疗,治疗
32010,新生儿兰光治疗,治疗
32011,耳道冲洗,治疗
32012,电休克治疗,治疗
32013,工娱治疗,治疗
32014,口腔粘膜病红外线治疗,治疗
32015,心脏电除颤术,治疗
32016,内镜下定标活检术,治疗
32017,塑料袋（中）,治疗
32018,鼻腔取活检术,治疗
32019,采自体血（200ml）,治疗
32020,体外胃肠起博治疗,治疗
32021,全血红细胞除滤,治疗
32022,无创辅助通气(CPAP),治疗
32023,白细胞除滤,治疗
32024,鼻部冷冻治疗,治疗
32025,血液光量子自体血回输治疗,治疗
32026,外周血干细胞冷冻保存,治疗
32027,睫状体透凝治疗（单侧）,治疗
32028,睫状体光凝治疗（单侧）,治疗
32029,前列腺穿刺术,治疗
32030,口腔活检术,治疗
32031,起搏器程控功能检查,治疗
32032,激光去纹身,治疗
32033,切口美容缝合术,治疗
32034,痣切除术,治疗
32035,常规种植牙修复（包含种植服务费＋韩国植体系统＋爱尔创全瓷冠）,治疗
29682,软腭抬高器治疗（制作舌不良运动矫治器）,治疗
29683,诊疗中使用纵隔镜加收,治疗
29684,义眼修复（双眼）,治疗
29685,义眼修复（单眼）,治疗
29686,经肠镜微波治疗,治疗
29687,义耳修复（双侧）,治疗
29688,义耳修复（单侧）,治疗
29689,中空阻塞器修复,治疗
29690,义颌修复（颌骨一侧全切）,治疗
29691,肛门皮下组织美兰注射神经阻滞术,治疗
29692,放腹水治疗,治疗
29693,肌松弛治疗,治疗
29694,腹腔穿刺术,治疗
29695,胰腺穿刺术,治疗
29696,牙槽突骨折结扎固定术,治疗
29697,经皮穿刺肝肿物微波治疗,治疗
29698,诊疗中使用颅内镜加收,治疗
29699,口腔治疗用麻醉,治疗
29700,经支气管镜激光治疗,治疗
29701,口腔局部冲洗上药,治疗
29702,脓肿切开引流术,治疗
31503,腋臭切除术（单侧）,治疗
31504,分米波治疗（≥3部位）,治疗
31505,毫米波治疗,治疗
31506,一次性真空采血管[社区],治疗
32377,体外冲击波治疗,治疗
32379,新型冠状病毒核酸检测（自费混检）,治疗
30768,“钮孔畸形”游离肌腱固定术,治疗
30769,人工晶体悬吊术,治疗
30770,经膀胱镜输尿管支架置入术,治疗
30771,白内障摘除联合玻璃体切割术,治疗
30772,经内镜碎石取石术,治疗
30773,白内障青光眼联合手术,治疗
30774,经输尿管镜输尿管扩张术,治疗
30775,白内障超声乳化摘除术+人工晶体植入术,治疗
30776,经输尿管镜肿瘤切除术,治疗
30777,屈肘功能重建术,治疗
30778,肩峰成形术,治疗
30779,经膀胱镜输尿管插管术（双侧）,治疗
30780,经膀胱镜输尿管插管术（单侧）,治疗
30781,经尿道输尿管镜取异物术（双侧）,治疗
30782,青光眼滤过泡分离术,治疗
30783,经尿道输尿管镜检查（双侧）,治疗
30784,经尿道输尿管镜检查（单侧）,治疗
30785,青光眼滤过术,治疗
30786,经皮肾盂镜肾上腺肿瘤切除术,治疗
32040,一次性真空采血管1.3[化验],治疗
32041,膀胱冲洗（持续）,治疗
30787,严重烧伤手畸形矫正术,治疗
30788,其他趾再造术,治疗
30767,玻璃体穿刺抽液术,治疗
31704,陪客床位费,治疗
31705,牙面光洁术,治疗
27847,供体肾修复术,治疗
27848,先天性心脏病主动脉弓部血管环切断术,治疗
27849,离体肾取石术,治疗
27850,肾盂癌根治术,治疗
27851,升主动脉替换加主动脉瓣替换术,治疗
27549,单心房间隔再造术,治疗
27550,睾丸切除术（双侧）,治疗
27551,睾丸肿瘤双侧淋巴清扫术,治疗
27552,房间隔造口术(Blabock-Hanlon手术),治疗
27553,异体睾丸移植术,治疗
27554,瓣周漏修补术,治疗
27555,两性畸型剖腹探查术,治疗
27556,附睾肿物切除术,治疗
27557,小切口瓣膜置换术,治疗
27558,精索静脉瘤切除术,治疗
27559,精索静脉曲张栓塞术,治疗
27560,精索静脉曲张高位结扎术（双侧）,治疗
27561,输精管插管术,治疗
27562,多瓣膜置换术或成形术,治疗
27563,肺动脉瓣置换术,治疗
27564,自体肺动脉瓣替换主动脉瓣术(ROSS手术),治疗
27565,主动脉瓣直视成形术,治疗
27566,嵌顿包茎松解术,治疗
27567,包皮扩张分离术,治疗
27568,阴茎外伤清创术,治疗
27569,阴茎再植术,治疗
27570,阴茎硬节切除术,治疗
27571,阴茎部分切除术,治疗
27572,三尖瓣直视成形术,治疗
27573,阴茎再造术,治疗
27574,阴茎假体置放术,治疗
27575,阴茎弯曲矫正术,治疗
27576,阴茎延长术,治疗
27577,阴茎加粗术,治疗
27578,食管裂孔疝修补术,治疗
27579,阴茎血管重建术,治疗
27580,先天性食管裂孔疝修补术,治疗
27581,卵巢囊肿（赘生物）剔除术（单侧）,治疗
27582,卵巢囊肿（赘生物）剔除术（双侧）,治疗
27583,膈神经压榨或切断术,治疗
27584,膈神经麻痹术,治疗
27585,卵巢修补术（双侧）,治疗
27586,膈肌肿瘤切除术,治疗
27587,卵巢楔形切除术（双侧）,治疗
27588,卵巢切开探查术（单侧）,治疗
27589,卵巢切开探查术（双侧）,治疗
27590,贲门肌层切开膈肌瓣修补术,治疗
27591,膈肌膨出修补术,治疗
27592,多囊卵巢打孔术（单侧）,治疗
27593,多囊卵巢打孔术（双侧）,治疗
27594,卵巢切除术（双侧）,治疗
27595,卵巢癌根治术,治疗
27596,膈疝修补术,治疗
27597,膈肌修补术,治疗
27598,卵巢输卵管切除术（双侧）,治疗
27599,皮下气肿切开减压术,治疗
27600,卵巢倒转术（单侧）,治疗
27601,卵巢移植术（单侧）,治疗
27602,心包切除术,治疗
27603,显微外科输卵管吻合术,治疗
31977,皮下软组织（或肿块）穿刺术,治疗
31978,肌肉软组织封闭术,治疗
31979,乳牙预成冠修复,治疗
31980,牙髓摘除术,治疗
31981,疱病清疮术（≥2个部位）,治疗
31982,血管硬化剂注射治疗,治疗
31983,拔倒睫（单眼）,治疗
31984,电解倒睫（单眼）,治疗
31985,烧伤冲洗清创术(面积≤10%),治疗
31986,肾穿刺术（单侧）,治疗
31987,结肠透析,治疗
31988,血液滤过,治疗
31989,脉络膜上腔放液术（单眼）,治疗
31990,前房注气术（双眼）,治疗
31991,活髓切断术,治疗
31992,前房冲洗术（双眼）,治疗
31993,显微根管外科手术,治疗
31994,龋齿的特殊检查,治疗
31995,多参数监护无抽搐电休克治疗,治疗
31997,后穹窿注射,治疗
31998,阴道灌洗上药,治疗
31999,阴道填塞,治疗
32846,黄斑前膜术,治疗
32847,色素膜肿物切除术,治疗
32848,硅油取出术（单侧）,治疗
32849,眼震矫正术,治疗
32850,球壁异物取出术,治疗
32851,巩膜探查术,治疗
32852,喉返神经移植术,治疗
32853,义眼台打孔术,治疗
32854,眶内肿物摘除术,治疗
32855,眼窝再造术,治疗
32856,闭孔神经切断术,治疗
32857,眼眶减压术（双眼）,治疗
32858,视神经减压术,治疗
32859,耳廓恶性肿瘤切除术,治疗
32860,尿道上裂修复术,治疗
32861,脑干肿瘤切除术,治疗
32862,小脑半球自发性出血切除术,治疗
32863,小脑半球脑脓肿切除术,治疗
32864,小脑半球转移癌切除术,治疗
32865,小脑半球胶质瘤切除术,治疗
32866,骨髓移植术（自体基因）,治疗
31976,关节腔封闭术,治疗
32867,数字化癫痫灶精确定位系统(癫痫刀手术),治疗
32868,癫痫病灶软脑膜下烧灼术,治疗
32869,血细胞分化簇抗原（CD）34阳性造血干细胞分选,治疗
32870,经尿道膀胱血块取出术,治疗
32871,脐尿管瘘切除术,治疗
32872,膀胱颈悬吊术,治疗
32873,膀胱颈重建术,治疗
32874,桥小脑角胆脂瘤切除术,治疗
32875,肠道原位膀胱术,治疗
32876,桥小脑角肿瘤切除术,治疗
32877,四室导水管囊虫切除术,治疗
32878,回肠膀胱术,治疗
32879,输尿管损伤修补术,治疗
32880,肾下盏输尿管吻合术,治疗
32881,大静脉窦旁脑膜瘤切除+血管窦重建术,治疗
32882,大脑半球凸面脑膜瘤切除术,治疗
680606b95200ed000180e2ab,经支气管镜治疗,治疗
6762af923373d20001661b36,常规管,治疗
6762ad013373d20001661a59,采血费,治疗
68d0fd91ac24b60001fe3f9e,胶布,治疗
69b21653854395000173a0ed,流食,治疗
69b21998854395000173a47f,银针,治疗
66f8f67f14888d00018cca99,导尿管组套,治疗
691c43948d8a670001e76c3f,测试组合新增,治疗
69b2195d854395000173a461,拔假牙,治疗
31744,最大通气量检查加收（紫阳）,检查
31824,俪人健康套餐B,检查
31834,一次体检费,检查
31840,预防性健康体检,检查
31841,俪人健康套餐A,检查
29212,简易定位,检查
29213,X线机简易定位,检查
29214,B超简易定位,检查
29215,亲肿瘤局部显像（二个体位）,检查
29216,CT简易定位,检查
29217,CT简易定位（修改）,检查
29218,专用X线机模拟定位（修改）,检查
29219,专用X线机复杂模拟定位,检查
30249,平衡试验,检查
30250,水负荷试验,检查
30251,眼血流图（单眼）,检查
30252,脑电Holter(小于24小时),检查
30253,比奈智力测定(10岁以上),检查
30254,关节腔压力测定,检查
30255,菌斑微生物检测,检查
30256,心境障碍问卷,检查
30257,婴儿－初中生社会适应量表,检查
30258,心理健康测验,检查
30259,流速容量曲线(V—V曲线),检查
30260,慢性精神病标准化评定量表,检查
30261,神经性厌食评定量表,检查
30262,植物神经功能检查,检查
30263,诱发肌电图,检查
30264,耳声发射检查,检查
30265,艾森贝格行为量表,检查
30266,测色仪检查,检查
30267,响度不适与舒适阈检测,检查
30268,葡萄糖抑制（GH）试验,检查
29823,阴茎勃起神经检查,检查
29824,阴茎超声血流图检查,检查
29827,夜间阴茎胀大试验,检查
30066,腹膜平衡试验,检查
30067,短时记忆广度测定,检查
30068,神经传导速度测定,检查
30069,RATC投射测验,检查
30070,喉电图测试,检查
30071,24小时胃肠压力测定,检查
30072,标准化现状检查,检查
30073,脉冲自动注射促排卵检查,检查
30074,性交试验,检查
30075,经气管切开防污染采样刷检查,检查
30076,临界融合频率检查（单眼）,检查
30077,艾森克人格测定(少年版),检查
30078,眼科常规检查,检查
30079,牵拉试验,检查
30080,前鼻镜检查,检查
30081,低磷试验,检查
30082,咽鼓管压力测定,检查
30083,面神经肌电图检查（眼部）,检查
30084,残气容积测定,检查
30085,情感性障碍和精神分裂症检查提纲(SADS),检查
30086,感觉阈值测量,检查
30087,鼻内镜手术后检查处理,检查
30088,常识注意测验,检查
30089,结膜印痕细胞检查（双眼）,检查
30090,瞬时记忆广度测定,检查
30091,电耳镜检查,检查
30092,食管拉网术,检查
30093,云纹仪检查（斜位）,检查
30094,格式塔测验,检查
30095,中耳共振频率测定,检查
30096,钾负荷试验,检查
30097,听探子检查,检查
30098,前房深度测量,检查
30099,808神经类型测验,检查
30100,图片词汇测验,检查
30101,皮层慢反应,检查
30102,上睑下垂检查,检查
30103,皮质素水试验,检查
30104,新生儿量表检查,检查
30105,电脑视野计检查(双眼),检查
30106,TAT测验,检查
30107,禁水加压素试验,检查
30108,肌电图监测,检查
30109,裂隙灯下眼底视神经立体照相（双眼）,检查
30110,双耳交替响度平衡试验（至少2个频率）,检查
30111,心功能康复评定,检查
30112,计算定向思维推理检查,检查
30113,低视力助视器试验,检查
30114,简明心理状况测验(MMSE),检查
30115,阿成贝切(Achenbach)儿童行为量表,检查
30127,去氨加压素(DDAVP)治疗试验,检查
30128,明适应测定,检查
30129,经皮肾盂镜检查（双侧）,检查
30130,眼压压平、NCT检查,检查
30131,脑电图录像监测,检查
30132,视网膜地形图（双眼）,检查
30133,听力筛选试验,检查
30134,最大通气量检查加收,检查
30135,面神经肌电图检查（额部）,检查
30136,睡眠质量指数,检查
30137,父母养育方式测验,检查
30138,鼻分泌物细胞检测,检查
30145,结膜印痕细胞检查（单眼）,检查
30146,足底压力分析检查,检查
30147,可的松糖耐量试验,检查
28143,食管镜检查,检查
28144,胆道镜超选择造影加收,检查
28145,角膜地形图检查,检查
28146,视网膜电流图(ERG)（双眼）,检查
28147,神经功能缺损评分,检查
28148,持续呼吸功能监测,检查
28149,肛门直肠测压,检查
28150,催产素激惹试验（OCT）,检查
28151,韦氏智力测验,检查
28152,耳纤维内镜检查,检查
28153,睡眠呼吸监测,检查
28154,强度-频率曲线检查（≥3条肌肉或神经）,检查
28155,文句完成法测验,检查
28156,视网膜动脉压测定（单眼）,检查
28157,胰高血糖素试验,检查
28158,纵隔镜检查,检查
28159,正切尺检查,检查
28160,声反射鼻腔测量,检查
28161,仪器平衡功能评定,检查
28162,磷清除试验,检查
28163,光敏试验,检查
28164,C肽释放试验,检查
28165,蝶窦穿刺活检术,检查
28166,医学验光,检查
28167,特殊诱发脑电图,检查
28168,脑电视频监测(小于24小时),检查
28169,心包穿刺术,检查
28170,视网膜动脉压测定（双眼）,检查
28171,超声生物显微镜检查(UBM)（双眼）,检查
28172,脑电Holter （24小时）,检查
28173,妊高症检测,检查
28174,脑地形图,检查
28175,胆道镜检查,检查
28176,硬性鼻咽镜检查,检查
28177,有创性血流动力学测定,检查
28178,间接鼻咽镜检查,检查
28179,强度-频率曲线检查,检查
28180,感应电检查,检查
28181,纤毛功能测定试验,检查
28182,手功能评定,检查
28183,验光,检查
28184,新生儿测颅压,检查
28185,各种药物兴奋泌乳素(PRL)动态试验,检查
28186,纯音衰减试验,检查
28187,肺功能康复评定,检查
28188,中频脉冲电检查,检查
28189,时值检查,检查
28190,暗适应测定,检查
28191,眼象差检查,检查
28192,天疱疮细胞检查,检查
28193,伍德氏灯检查,检查
28194,特殊视力检查,检查
28195,地塞米松抑制试验,检查
28196,眼压日曲线检查,检查
30056,团体智力测验,检查
30057,眼前段照相（单眼）,检查
30058,脑电视频监测（24小时）,检查
30116,思维型、艺术型测定,检查
30117,泪液分泌功能测定,检查
30118,护士用住院病人观察量表,检查
30119,简明智能测查(SM能力测查 ),检查
30120,促肾上腺皮质激素(ACTH)兴奋试验,检查
30121,角膜厚度检查,检查
30122,硬性耳内镜检查,检查
65e18a033c6f491d9f0097b0,检查组套,检查
660385223c6f490c387a0a2e,11*14全片,检查
6615fcb33c6f492046df0aac,CT,检查
30059,直达喉镜检查,检查
30060,光合仪检查,检查
30061,乳管镜检查,检查
30062,卡特尔16项人格测验,检查
30063,面神经肌电图检查（下唇部）,检查
30064,眼活体组织检查（双眼）,检查
30065,组织胺激发试验,检查
30123,韦氏智力测定(学前、学龄),检查
30124,海德堡视网膜厚度检查（HRT）（单眼）,检查
30125,钙耐量试验,检查
30126,左室造影术,检查
28444,心电向量图,检查
28445,心电图二阶梯试验,检查
28446,心电监测电话传输（≥20次）,检查
28447,食管内心电图,检查
28448,24小时动态心电图,检查
28449,倾斜试验,检查
28450,心输出量测定,检查
28451,频谱心电图,检查
28452,常规心电图检查,检查
28453,心电图踏车负荷试验,检查
28454,心电图药物负荷试验,检查
28455,心电图平板运动试验,检查
28456,院外便携式心电监测,检查
28457,心室晚电位,检查
28458,心房晚电位,检查
28459,心阻抗图,检查
28460,24小时动态血压监测,检查
28461,窦性心率震荡检测,检查
28462,冠脉血管内窥镜检查术,检查
28463,经皮选择性静脉造影术,检查
28464,经皮选择性动脉造影术,检查
30139,嗅觉功能检测,检查
30140,支气管舒张试验,检查
30141,肺循环血流动力学检查,检查
30142,经纤支镜防污染采样刷检查,检查
30143,套瓦(TOVA)注意力竞量测试,检查
30144,胃幽门十二指肠压力测定,检查
31779,流速容量曲线（V-V曲线）（紫阳）,检查
31780,慢病无忧套餐C,检查
31781,慢病无忧套餐D,检查
31784,动脉脉搏波速率检测,检查
29588,胸部透视,检查
29589,腹部透视,检查
29590,盆腔透视,检查
29591,四肢透视,检查
29592,普通透视（其它部位）,检查
29593,食管钡餐透视,检查
29594,术中透视,检查
29595,C型臂术中透视,检查
29596,X线摄影,检查
29597,口腔咬合片,检查
29598,牙片,检查
29599,颌全景摄影,检查
29600,口腔X线一次成像(RVG),检查
29601,眼球异物定位摄影,检查
29602,乳腺钼靶摄片(单侧）,检查
29603,乳腺钼靶摄片（双侧）,检查
29604,高频乳腺定向摄影（单侧）,检查
29605,"""高频乳腺定向摄影（双侧）""",检查
29606,数字乳腺钼靶摄片（双侧）,检查
29607,数字化摄影(CR),检查
29608,数字化摄影(DR),检查
29609,非血管介入临床操作数字减影(DSA)引导,检查
29610,数字化X线机造影加收,检查
29611,气脑造影,检查
29612,脑室造影,检查
29613,椎间盘造影,检查
29614,泪道造影(双侧),检查
29615,副鼻窦造影（双侧）,检查
29616,窦道及瘘管造影(双侧),检查
29617,颞下颌关节造影(单侧),检查
29618,支气管造影(单侧),检查
29619,支气管造影（双侧）,检查
30148,有创性心内电生理检查术,检查
30149,海德堡视网膜厚度检查（HRT）（双眼）,检查
30150,耳显微镜检查,检查
30151,睡眠呼吸监测过筛试验,检查
30152,科赫(Kohs)立方体组合测验,检查
30153,淋巴造影术,检查
30154,瑞文智力测定,检查
30155,泪膜破裂时间测定,检查
30156,不自主运动评定量表,检查
30157,宗(Zung)氏焦虑自评量表,检查
30158,三棱镜检查,检查
30159,皮损取材检查,检查
30160,直流电检查,检查
30161,时值检查（≥3条肌肉或神经）,检查
30162,电子耳蜗编程,检查
30163,宗(Zung)氏抑郁自评量表,检查
30164,房.树.人测验,检查
30165,角膜刮片检查（单眼）,检查
30166,眼位照相（双眼）,检查
30167,赛庚啶试验,检查
30168,馒头餐糖耐量试验,检查
30169,毛雍症检查,检查
30170,葡萄糖耐量试验,检查
30171,视野检查（普通),检查
30172,高渗盐水试验,检查
30173,症状自评量表,检查
30174,经皮肾盂镜检查（单侧）,检查
30175,五分量表,检查
30176,药物副作用量表,检查
30177,食管测压,检查
30178,气质量表,检查
30179,惊恐障碍评定量表,检查
30180,比奈智力测定(10岁以下),检查
30181,结膜囊取材检查（单眼）,检查
30182,检查空间位置记忆广度测定,检查
30183,肛门指检,检查
30184,声导抗测听,检查
28197,成人记忆成套测试,检查
28198,性自我防卫能力评定量表,检查
28199,眼电图(EOG)（双眼）,检查
28200,冷加压试验,检查
29104,平衡法负荷门控心室显像（≥五个体位）,检查
29105,急性心肌梗塞灶显像（三个体位）,检查
29106,急性心肌梗塞灶显像（≥五个体位）,检查
29107,动脉显像,检查
29108,门体分流显像,检查
29109,下肢深静脉显像,检查
29110,局部淋巴显像（一个体位）,检查
29111,局部淋巴显像（二个体位）,检查
29112,局部淋巴显像（≥三个体位）,检查
29113,肺灌注显像（六个体位）,检查
29114,肺灌注显像（七个体位）,检查
29115,肺灌注显像（≥八个体位）,检查
29116,肺通气显像（六个体位）,检查
29117,肺通气显像（七个体位）,检查
29118,肺通气显像（≥八个体位）,检查
29119,唾液腺静态显像(三个体位),检查
29120,唾液腺动态显像,检查
29121,食管通过显像,检查
29122,胃食管返流显像,检查
29123,十二指肠胃返流显像,检查
29124,胃排空试验,检查
29125,异位胃粘膜显像,检查
29126,消化道出血显像（一小时内显像）,检查
29127,肝胶体显像（三个体位）,检查
29128,肝胶体显像（四个体位）,检查
29129,肝血流显像,检查
29130,肝血池显像（一个时相）,检查
29131,肝胆动态显像,检查
29132,肝胆动态显像延迟显像1小时加收,检查
29133,脾显像,检查
29134,胰腺显像,检查
29135,肠道蛋白丢失显像,检查
29136,肾上腺皮质显像延迟显像（1小时）加收,检查
29137,肾上腺皮质显像延迟显像（2小时）加收,检查
29138,肾上腺皮质显像延迟显像（≥3小时）加收,检查
29139,肾上腺皮质显像增加（2个体位）加收,检查
29140,肾上腺皮质显像增加（≥3个体位）加收,检查
29141,地塞米松抑制试验肾上腺皮质显像延迟（1小时）加收,检查
29142,地塞米松抑制试验肾上腺皮质显像延迟（2小时）加收,检查
29143,地塞米松抑制试验肾上腺皮质显像延迟（≥3小时）加收,检查
29620,乳腺导管造影（双侧),检查
31845,驾驶人员体检换证,检查
31745,肺功能吹嘴（紫阳）,检查
31746,慢病无忧套餐B,检查
31747,血栓弹力图试验,检查
31751,双能X线骨密度机骨密度测定,检查
31763,胶片(望江牙片),检查
31772,城乡居民体检[女][20岁以下],检查
29144,地塞米松抑制试验肾上腺皮质显像（2个体位）加收,检查
29145,塞米松抑制试验肾上腺皮质显像（≥3个体位）加收,检查
29146,肾动态显像＋肾血流显像,检查
29147,肾动态显像＋肾血流显像延迟（≥2小时）加收,检查
29148,肾动态显像,检查
29149,肾动态显像延迟（≥2小时）加收,检查
29150,肾动态显像＋肾有效血浆流量(ERPF)测定,检查
29151,介入肾动态显像,检查
29152,肾静态显像（三个体位）,检查
29162,炎症局部显像增加（二个体位）加收,检查
29163,炎症局部显像增加（一个时相）加收,检查
29164,炎症局部显像增加（二个时相）加收,检查
29165,亲肿瘤局部显像增加（三个及以上体位）,检查
29166,术中前哨淋巴结显像（一个体位）,检查
29167,术中前哨淋巴结显像（二个体位）,检查
29168,术中前哨淋巴结显像（三个及以上体位）,检查
29169,放射免疫显像,检查
29170,放射受体显像,检查
29171,脏器断层显像,检查
29172,全身显像,检查
29173,18氟－脱氧葡萄糖断层显像,检查
29174,肾上腺髓质断层显像,检查
29175,负荷心肌灌注断层显像(SPECT),检查
29176,肿瘤全身断层显像,检查
29177,肿瘤局部断层显像,检查
29178,脑血流断层显像,检查
29179,脑代谢断层显像,检查
29180,静息心肌灌注断层显像,检查
29181,负荷心肌灌注断层显像(PET),检查
29182,心肌代谢断层显像,检查
29183,神经受体显像,检查
29184,脑血流测定,检查
29185,甲状腺摄131碘试验（二次以上）,检查
29186,甲状腺激素抑制试验（二次以上）,检查
29187,过氯酸钾释放试验（二次）,检查
29188,心功能测定,检查
29189,血容量测定,检查
29190,肾图,检查
29191,介入肾图,检查
29192,肾图＋肾有效血浆流量测定,检查
29193,24小时尿131碘排泄试验,检查
29194,其他呼气试验,检查
29195,131碘-甲亢治疗,检查
29196,"""131碘-功能自主性甲状腺瘤治疗""",检查
29197,131碘-肿瘤抗体放免治疗,检查
29198,32磷-胶体腔内治疗,检查
29199,32磷-微球介入治疗,检查
29200,89锶-骨转移瘤治疗,检查
29201,"""188铼-HEDP骨转移瘤治疗""",检查
29202,核素组织间介入治疗,检查
31790,其他呼气试验,检查
31804,药品和检查费,检查
31806,老有所医套餐,检查
29203,核素血管内介入治疗,检查
29204,99锝(云克)治疗,检查
29205,人工制定治疗计划（简单）,检查
29206,人工制定治疗计划(复杂),检查
29207,人工制定治疗计划修改(复杂),检查
29208,计算机治疗计划系统(TPS),检查
29209,计算机治疗计划系统(TPS)修改,检查
29210,特定计算机治疗计划系统修改,检查
29211,放射治疗的实时监控,检查
31467,检查费0%,检查
31468,检查费5%,检查
31469,检查费10%,检查
31470,检查费100%,检查
29153,肾静态显像（≥四个体位）,检查
29154,阴道尿道瘘显像,检查
29155,局部骨显像（二个体位）,检查
29156,局部骨显像（三个体位）,检查
29157,骨三相显像,检查
29158,骨全身显像,检查
29159,骨密度测定,检查
29160,红细胞破坏部位测定,检查
29161,炎症局部显像增加（一个体位）加收,检查
29621,唾液腺造影（双侧）,检查
29622,腮腺造影（单侧）,检查
29623,下咽造影,检查
29624,上消化道造影,检查
29625,胃肠排空试验,检查
29626,小肠插管造影,检查
29627,钡灌肠大肠造影,检查
29628,结肠造影,检查
29629,口服法胆道造影,检查
29630,鼻胆管造影,检查
29631,静脉胆道造影,检查
29632,经皮经肝胆道造影(PTC),检查
29633,静脉泌尿系造影,检查
29634,肾盂穿刺造影（单侧）,检查
29635,膀胱造影,检查
29636,阴茎海绵体造影,检查
29637,精索血管造影（单侧）,检查
29638,子宫造影,检查
29639,子宫输卵管碘油造影（单侧）,检查
29640,输卵管碘油造影（单侧）,检查
29641,输卵管碘油造影（双侧）,检查
29642,四肢血管造影,检查
29643,磁共振扫描（永磁型）,检查
29644,磁共振扫描（超导0.5T）,检查
30186,紧张性生活事件评定量表,检查
30187,布雷德(Bleied)痴呆评定量表,检查
30050,特殊视力检查每增加一项加收,检查
30051,体感诱发电位(上肢),检查
30052,触痛仪检查,检查
30053,面神经肌电图检查（上唇部）,检查
30054,儿童听力筛查（初次）,检查
30208,间接喉镜检查,检查
30209,兴奋泌乳素(PRL)抑制试验,检查
30210,Conners父母问卷(PSQ),检查
30211,开搏通试验,检查
30212,注意分配测定,检查
30213,中潜伏期诱发电位,检查
30214,眼震电图,检查
30215,老年认知功能量表(SECC),检查
30216,支气管激发试验,检查
30217,动态呼吸监测(呼吸Holter),检查
30218,儿童孤独症诊断量表,检查
30219,大五大六人格测验,检查
30220,Y-G人格量表,检查
30221,持续有创性血压监测,检查
30222,他觉耳鸣检查,检查
30223,首诊精神科检查,检查
30224,角膜曲率+A超检查,检查
30225,角膜刮片检查（双眼）,检查
30226,呼吸肌功能测定,检查
30227,肌电图,检查
30228,超声生物显微镜检查(UBM)（单眼）,检查
30229,颅内压监测,检查
30230,安体舒通试验,检查
30231,面神经功能电脑检测,检查
30232,微移电位测定,检查
30233,禁水试验,检查
30234,二氧化碳反应曲线,检查
30235,精神科监护,检查
30236,义齿压痛定位仪检查,检查
30237,酪胺激发试验,检查
30238,失语症检查,检查
30239,哌唑嗪试验,检查
30240,失认失用评定,检查
30241,认知知觉功能检查,检查
30242,眼前段照相（双眼）,检查
30243,单纤维肌电图,检查
30245,动态脑电图(小于24小时),检查
30246,白细胞趋化功能检查,检查
30247,气囊小肠镜检查,检查
30248,等速肌力测定,检查
28105,强迫振荡肺功能检查,检查
28106,痴呆简易筛选量表(BSSD),检查
28107,一般健康问卷(CHQ-28),检查
28108,人际关系测验,检查
28109,帕金森氏病综合评分量表,检查
28110,床边简易肺功能测定,检查
28111,成人孤独症诊断量表(ADI),检查
28112,临界融合频率检查（双眼）,检查
28113,加利福尼亚人格测验,检查
28114,徒手平衡功能检查,检查
28115,支气管镜检查术,检查
28116,鼻阻力测定,检查
28117,糖精试验,检查
28118,马氏(Maddox)杆试验（双眼）,检查
28119,脑电图,检查
28120,动态胃肠电图,检查
28121,眼底血管造影（双眼）,检查
28122,成人韦氏记忆测验,检查
28123,临床记忆测验,检查
28124,胶囊肠镜检查,检查
28125,眼肌电图,检查
28126,鼻内镜检查,检查
28127,扫描激光眼底检查(SLO)（单眼）,检查
28128,特殊脑电图,检查
28129,氨苯喋啶试验,检查
28130,记忆力评定,检查
28131,常温冬眠治疗监测,检查
28132,苄胺唑啉阻滞试验,检查
28133,多普勒听胎心,检查
28134,胎儿心电图,检查
28135,自动化动脉硬化监测,检查
29484,肿瘤红外聚束全身热疗,检查
29485,肿瘤氩氦刀治疗,检查
29486,良性肿瘤氩氦刀治疗,检查
29487,高强度超声聚焦刀治疗（恶性肿瘤）,检查
29488,聚焦超声妇科疾病治疗,检查
29489,高强度超声聚焦刀治疗（良性肿瘤）,检查
29490,高强度聚焦超声热消融肿瘤治疗,检查
28136,胎儿心率电子监测,检查
28137,肺动脉压和右心房压力监测,检查
28138,血氧饱和度监测,检查
28139,心音图,检查
28140,无创心功能测定,检查
28141,无创阻抗法心搏出量测定,检查
28142,胎儿心率电子监测两胎及以上加收,检查
29054,普通二维超声心动图,检查
29055,床旁超声心动图(1小时),检查
29056,床旁超声心动图(1.5小时及以上),检查
29057,术中超声心动图(0.5小时),检查
29058,术中超声心动图（1.5小时及以上）,检查
29059,心脏彩色多普勒超声,检查
29060,介入治疗的超声心动图监视加收(0.5小时),检查
29061,介入治疗的超声心动图监视加收(1小时),检查
29062,介入治疗的超声心动图监视加收(≥2小时),检查
29063,右心声学造影,检查
29064,左心功能测定,检查
29065,声学定量(AQ),检查
29066,彩色室壁动力(CK),检查
29067,心内膜自动边缘检测,检查
29068,心肌灌注超声检测,检查
29069,脏器动态扫描（3次显象）,检查
29070,脏器动态扫描（4次显像）,检查
29071,脏器动态扫描（5次显像）,检查
29072,脏器动态扫描（6次显像）,检查
29073,脏器动态扫描（≥7次显像）,检查
29074,脏器静态扫描（一个体位）,检查
29075,脏器静态扫描（二个体位）,检查
29076,脏器静态扫描（≥三个体位）,检查
29077,脑血管显像,检查
29078,脑显像（四个体位）,检查
29079,脑显像（五个体位）,检查
29080,脑显像（≥六个体位）,检查
29081,脑池显像,检查
29082,脑室引流显像,检查
29083,泪管显像,检查
29084,甲状腺静态显像（一个体位）,检查
29085,甲状腺静态显像（二个体位）,检查
29086,甲状腺静态显像（≥三个体位）,检查
29087,甲状腺激素抑制显像,检查
29088,促甲状腺激素兴奋显像（三个时相）,检查
29089,促甲状腺激素兴奋显像（≥四个时相）,检查
29090,颈部血管彩色多普勒超声,检查
29091,静息心肌灌注显像（三个体位）,检查
29092,静息心肌灌注显像（≥五个体位）,检查
29093,负荷心肌灌注显像（三个体位）,检查
29094,负荷心肌灌注显像（≥五个体位）,检查
29095,静息门控心肌灌注显像（三个体位）,检查
29096,静息门控心肌灌注显像（四个体位）,检查
29097,负荷门控心肌灌注显像（三个体位）,检查
29098,负荷门控心肌灌注显像（四个体位）,检查
29099,首次通过法心血管显像＋心室功能测定,检查
29100,首次通过法心血管显像,检查
29101,平衡法门控心室显像（四个体位）,检查
29102,平衡法门控心室显像（≥五个体位）,检查
29103,平衡法负荷门控心室显像（四个体位）,检查
30982,泪道造影(单侧),检查
30983,输精管造影（双侧）,检查
30984,脑池X线计算机体层(CT)含气造影,检查
30985,彩超常规检查每增加一个胎儿加收,检查
30986,甲状腺有效半衰期测定,检查
30987,炎症局部显像增加（≥三个时相）加收,检查
30988,"""153钐-EDTMP骨转移瘤治疗""",检查
31001,肺通气功能检查,检查
31002,十六种人格问卷,检查
31003,血管病变部位氧分压测定,检查
31004,精神护理观察量表,检查
31005,气道阻力测定,检查
31426,企退体检,检查
30188,纽卡斯尔抑郁诊断量表(NDL),检查
30189,前联合镜检查,检查
30190,专家系统行为观察诊断量表,检查
30191,儿童发育量表(PEP),检查
30192,事件相关电位(体感刺激P300),检查
30193,鼻粘膜激发试验,检查
30194,定向条件反射测定,检查
30195,直流-感应电检查（≥3条肌肉或神经）,检查
30196,感觉障碍电生理诊断,检查
30197,光学相干断层成相(OCT)（单眼）,检查
30198,喉声图,检查
30199,中频脉冲电检查（≥3条肌肉或神经）,检查
30200,直流-感应电检查,检查
30201,精氨酸试验,检查
30202,婴幼儿视网膜病变检查（ROP）,检查
30203,视诱发电位(VEP)（单眼）,检查
30204,眼压描记,检查
30205,汉密尔顿抑郁量表,检查
30206,事件相关电位(听觉P300),检查
30207,纤维鼻咽镜检查,检查
30185,康乃尔医学指数,检查
32618,色觉检查,检查
32619,神经电图,检查
32620,线状镜检查,检查
32621,事件相关电位,检查
32622,醋酸白试验,检查
32623,输血指症动态监测,检查
32624,胃肠电图,检查
32625,言语能力评定(一般失语症检查),检查
32626,强迫症状问卷,检查
32627,蒙特利尔认知评估量表,检查
32628,喉动态镜检查,检查
32629,阳性症状评定量表(SAPS),检查
32630,角膜知觉检查,检查
32631,房水荧光测定,检查
32632,低钙试验,检查
32633,口腔常规检查,检查
32634,水利尿试验,检查
32635,云纹仪检查(侧位),检查
32636,肺阻抗血流图,检查
32637,儿童抑郁障碍自评量表,检查
32638,康奈氏(Conners)儿童行为量表,检查
32639,脑干听觉诱发电位,检查
32640,胰岛素低血糖兴奋试验,检查
32641,生长激素释放激素兴奋试验(GRH),检查
32642,B超下卵巢囊肿穿刺术,检查
32643,小学生推理能力测定,检查
32644,艾森贝格（Asberg）抗抑郁剂副反应量表,检查
32439,胸水B超检查及定位,检查
32440,大肠灌肠造影B超检查,检查
32441,浅表组织器官B超检查（≥二个部位）,检查
32442,术中B超检查(一个部位),检查
32186,眼电图(EOG)（单眼）,检查
32187,本顿视觉保持测定,检查
32188,社会功能缺陷筛选量表,检查
32189,催眠感受性测定,检查
32190,耳蜗电图,检查
32191,认知方式测定,检查
32192,日常生活能力评定量表,检查
30422,阴道镜检查,检查
30429,妇科常规检查,检查
30430,荧光检查,检查
32443,临床操作的B超引导（半小时）,检查
32444,经阴道B超检查,检查
32445,临床操作的腔内B超引导(1小时),检查
32446,胃充盈及排空功能检查,检查
32447,膀胱残余尿量测定,检查
32448,浅表器官彩超检查(一个部位),检查
32449,球后全部血管彩色多普勒超声,检查
32450,腹部大血管彩色多普勒超声,检查
32451,左肾静脉“胡桃夹”综合征检查,检查
32452,肿瘤声学造影,检查
32453,腔内彩色多普勒超声检查,检查
32454,腔内多普勒检查增加一个胎儿加收,检查
32455,临床操作的彩色多普勒超声引导（1.5小时及以上）,检查
32456,颅内多普勒血流图(TCD),检查
32457,脏器灰阶立体成像,检查
32458,能量图血流立体成像,检查
32459,床旁超声心动图(0.5小时),检查
32460,术中超声心动图(1小时),检查
32461,术中经食管超声心动图,检查
32462,介入治疗的超声心动图监视加收(1.5小时),检查
32463,负荷超声心动图,检查
32464,组织多普勒显像(TDI),检查
32465,室壁运动分析,检查
32466,持续体温监测,检查
32467,心率变异性分析,检查
32098,镫骨活动度检测(盖来试验),检查
32099,羊水泡沫振荡试验,检查
32100,鼓岬电刺激反应,检查
32101,支撑喉镜检查,检查
32102,运动激发试验,检查
32103,社会功能评定量表,检查
32104,科夫曼儿童智力测验,检查
32105,复合性国际诊断问卷(CIDI),检查
32106,溢泪试验,检查
32107,巩膜透照检查,检查
32108,日常生活能力评定,检查
32109,硬性气管镜检查,检查
32110,多功能神经肌肉功能监测,检查
32111,一氧化氮呼气测定,检查
32112,肛门镜检查,检查
32113,阴性症状评定量表(SANS),检查
32114,重复神经电刺激,检查
32115,直肠镜检查,检查
32116,肛拭子检查,检查
32117,肛直肠肌电测量,检查
32118,计算机言语疾病矫治,检查
32119,肝脏储备功能检查,检查
32120,可乐宁试验,检查
32121,特殊电极脑电图,检查
32122,骨盆内测量,检查
32123,饥饿试验,检查
32646,婚姻质量问卷,检查
32647,职业能力评定,检查
32648,艾森克个性测验,检查
32649,儿童感觉统合失调评定量表,检查
32650,眼位照相（单眼）,检查
32651,新生儿行为测定,检查
32652,视频耳内镜检查,检查
32653,胎盘成熟度检测,检查
32654,事件相关电位（视觉刺激p300）,检查
32655,皮肤生理指标系统分析,检查
32656,听性脑干反应,检查
32657,人体残伤测定,检查
32658,颞颌关节镜检查,检查
32659,智力成就责任问卷,检查
32660,结肠镜检查,检查
32661,简明精神病评定量表(BPRS),检查
32662,长谷川痴呆测验,检查
32663,唾液流量测定,检查
32664,各种个别能力测验,检查
32665,角膜内皮镜检查,检查
32666,神经心理测验,检查
32667,位置平衡试验,检查
32668,马氏(Maddox)杆试验（单眼）,检查
32669,视诱发电位(VEP)（双眼）,检查
32670,眼动检查,检查
32671,腹腔镜检查,检查
32672,蒙哥马利抑郁评定量表,检查
32673,眼活体组织检查（单眼）,检查
32674,社会支持评定量表,检查
32675,自杀态度调查,检查
32676,高钠试验,检查
32677,纤维喉镜检查,检查
32678,喉频谱仪检查,检查
32679,汉密尔顿焦虑量表,检查
32680,超声胆道镜检查,检查
32645,低钠试验,检查
32468,胎儿心电图两胎及以上加收,检查
32469,心电监护,检查
32470,周围静脉压测定,检查
32471,持续血压监测,检查
32472,心导纳图,检查
32473,心电监测远程无线电话传输,检查
32474,数字乳腺钼靶摄片(单侧）,检查
32475,经内镜下造影加收,检查
32476,脑室碘水造影,检查
32477,脊髓(椎管)造影,检查
32478,副鼻窦造影(单侧),检查
32479,窦道及瘘管造影(单侧),检查
32480,颞下颌关节造影（双侧）,检查
32481,乳腺导管造影(单侧),检查
32482,唾液腺造影（单侧）,检查
32223,丹佛小儿智能发育筛查表（DDST）,检查
32230,肺通气功能检查（紫阳）,检查
32231,计算机图文报告（紫阳）,检查
32483,腮腺造影（双侧）,检查
32484,食管造影,检查
32485,排粪造影,检查
32486,口服法小肠造影,检查
32487,腹膜后充气造影,检查
32488,T管造影,检查
32489,经内镜逆行胰胆管造影(ERCP),检查
32490,逆行泌尿系造影,检查
32491,肾盂穿刺造影(双侧),检查
32492,输精管造影（单侧）,检查
32493,精索血管造影（双侧）,检查
32494,子宫输卵管碘油造影（双侧）,检查
32495,四肢淋巴管造影,检查
32496,四肢关节造影,检查
32497,经皮超选择性动脉造影术,检查
32498,红外热象检查（≥三个部位）,检查
32499,远红外热断层检查（二个部位）,检查
32500,红外线乳腺检查（双侧）,检查
32124,超声内镜下操作加收,检查
32125,真耳分析,检查
32126,助听器选配试验,检查
32127,视网膜电流图(ERG)（单眼）,检查
32128,调节/集合测定,检查
32129,胎儿脐血流监测,检查
32130,言语能力评定(言语失用检查),检查
32131,长鼻镜检查,检查
32132,云纹仪检查（正位）,检查
32133,运动诱发电位,检查
32134,关节镜检查,检查
32135,青光眼视网膜神经纤维层计算机图像分析,检查
32558,红细胞寿命测定,检查
32559,肾图＋肾小球滤过率测定,检查
32560,消化道动力测定,检查
32561,14碳呼气试验[外送],检查
32562,"""131碘-甲状腺癌转移灶治疗""",检查
32563,32磷-血液病治疗,检查
32564,90钇-微球介入治疗,检查
32565,"""131碘-MIBG恶性肿瘤治疗""",检查
32566,骨肿瘤导向治疗,检查
32567,90锶贴敷治疗,检查
32568,人工制定治疗计划修改（简单）,检查
32569,特定计算机治疗计划系统,检查
32570,简易定位（修改）,检查
32571,X线机简易定位（修改）,检查
32572,B超简易定位（修改）,检查
32573,专用X线机模拟定位,检查
32574,专用X线机复杂模拟定位（修改）,检查
32575,CT增强扫描(≥三个部位),检查
32254,九次体检费（0-3周岁）,检查
32576,螺旋CT增强扫描（≥三个部位）,检查
32136,眼球突出度测量,检查
32137,稳态听觉诱发反应,检查
32138,食管动态压力监测加收,检查
32139,同视机检查,检查
32140,抗精神病药物治疗监测,检查
32168,静脉血栓风险评估与出血风险评估,检查
32177,快速钙滴注抑制试验,检查
32178,胎儿声音刺激试验,检查
32179,调谐曲线,检查
32180,尿MHPG测定,检查
32181,无负荷试验（NST）,检查
32182,视网膜裂孔定位检查（双眼）,检查
32183,明尼苏达多相个性测验,检查
32184,羊水中胎肺成熟度LB记数检测,检查
32185,吞咽功能障碍评定,检查
31893,单位体检费,检查
31901,儿童检查,检查
32262,14碳呼气试验,检查
32269,儿童视力检测,检查
32272,城乡居民体检[男],检查
32274,床边心电图检查,检查
32276,妈咪宝贝套餐,检查
32277,助残为乐套餐,检查
32282,慢病无忧套餐A,检查
32290,驾驶人员体检初学,检查
32600,眼底血管造影（单眼）,检查
32601,球内异物定位（双眼）,检查
32602,胰岛素释放试验,检查
32603,儿童内外控量表,检查
32604,贝瑞氏视觉运动整合发育试验,检查
32605,促性腺释放激素兴奋试验(GnRH),检查
32606,绘人智力测定,检查
32607,电脑血糖监测,检查
32608,眼血流图（双眼）,检查
32609,瞬时记忆测验,检查
32610,视频鼻内镜检查,检查
32611,24小时动态胃酸监测,检查
32612,小肠镜检查,检查
32613,醛固酮肾素测定卧立位试验,检查
32614,步态分析检查,检查
32615,牙周常规检查,检查
32616,昼夜皮质醇节律测定,检查
32617,口吃检查,检查
32412,肾静态显像（二个体位）,检查
32413,膀胱输尿管返流显像,检查
32414,阴囊显像,检查
32415,局部骨显像（≥四个体位）,检查
32416,双（多）能X线检测,检查
32417,炎症局部显像（二个体位一个时相）,检查
32418,炎症局部显像增加（≥三个体位）加收,检查
32419,亲肿瘤局部显像（一个体位）,检查
32420,心脏神经受体断层显像,检查
32421,甲状腺摄131碘试验（二次）,检查
32422,甲状腺激素抑制试验（二次）,检查
32423,过氯酸钾释放试验（二次以上）,检查
32424,体检费,检查
29645,磁共振扫描（超导1.0-1.5T）,检查
29646,磁共振扫描（超导3.0T及以上）,检查
29647,MRI扫描增加各项功能加收,检查
29648,临床操作的MRI引导(半小时 ),检查
29649,临床操作的MRI引导（1小时）,检查
29650,临床操作的MRI引导（1.5小时及以上）,检查
29651,16层及以上多排螺旋CT扫描加收,检查
29652,CT平扫(一个部位),检查
29653,CT平扫(二个部位),检查
29654,CT平扫(≥三个部位),检查
29655,螺旋CT平扫（一个部位）,检查
29656,螺旋CT平扫（二个部位）,检查
29657,螺旋CT平扫（≥三个部位）,检查
29658,螺旋CT平扫同时增强加收,检查
29659,CT增强扫描(一个部位),检查
29660,CT增强扫描(二个部位),检查
29661,螺旋CT增强扫描（一个部位）,检查
29662,螺旋CT增强扫描（二个部位）,检查
29663,X线计算机体层(CT)特殊三维成像（16层）,检查
28832,X线计算机体层(CT)特殊三维成像（64层）,检查
28833,临床操作的CT引导(半小时 ),检查
28834,临床操作的CT引导（1小时）,检查
28835,临床操作的CT引导（1.5小时及以上）,检查
28836,临床操作的螺旋CT引导加收,检查
28837,红外热象检查(一个部位),检查
28838,红外热象检查（二个部位）,检查
28839,远红外热断层检查(一个部位),检查
28840,远红外热断层检查（≥三个部位）,检查
28841,红外线乳腺检查(单侧),检查
28842,A型超声检查(一个部位),检查
28843,A型超声检查(二个部位),检查
28867,小肠充盈及排空功能检查,检查
28868,胆囊和胆道收缩功能检查,检查
28869,彩超常规检查(一个部位),检查
28870,彩超常规检查(≥二个部位),检查
28871,浅表器官彩超检查(≥二个部位),检查
28872,颅内段血管彩色多普勒超声,检查
28873,门静脉系彩色多普勒超声,检查
28874,四肢血管彩色多普勒超声,检查
28875,双肾及肾血管彩色多普勒超声,检查
28876,药物血管功能试验,检查
33398,中心静脉压测定,检查
33399,记忆广度检查,检查
33403,心电监测电话传输,检查
28878,多普勒组织声向图,检查
28879,经阴道彩色多普勒超声检查,检查
28880,经直肠彩色多普勒超声检查,检查
28881,临床操作的彩色多普勒超声引导(半小时),检查
28882,临床操作的彩色多普勒超声引导(1小时),检查
28883,其他血管彩色多普勒超声检查,检查
28884,四肢多普勒血流图,检查
28885,多普勒小儿血压检测,检查
28886,超声弹性成像,检查
28887,普通心脏M型超声检查,检查
28888,CT模拟机定位,检查
28889,CT模拟机定位（修改）,检查
28890,深部X线照射,检查
28891,60钴外照射(固定照射),检查
28892,60钴外照射（特殊照射）,检查
28893,60钴外照射(等中心（档铅）),检查
28894,60钴外照射(平移照射),检查
28895,直线加速器放疗(固定照射),检查
28896,直线加速器放疗（特殊照射）,检查
33410,胎儿系统彩色多普勒超声检查,检查
33411,肿瘤微波聚束全身热疗,检查
33414,常规经食管超声心动图,检查
33415,肝血池显像（三个时相）,检查
28845,临床操作的A超引导（半小时）,检查
28846,临床操作的A超引导（1小时）,检查
28847,临床操作的A超引导（1.5小时及以上）,检查
28848,眼部A超（单侧）,检查
28849,眼部A超（双侧）,检查
28850,单脏器B超检查,检查
28851,B超检查（孕、环情）,检查
28852,B超常规检查(一个部位),检查
28853,B超常规检查（≥二个部位）,检查
28854,B超检查每增加一个胎儿加收,检查
28855,腹水B超检查及定位,检查
28856,胃肠充盈造影B超检查,检查
28857,输卵管超声造影,检查
28858,浅表组织器官B超检查(一个部位),检查
28859,床旁B超检查(一个部位),检查
28860,床旁B超检查(≥二个部位),检查
28861,术中B超检查(≥二个部位),检查
28862,临床操作的B超引导（1小时）,检查
28863,临床操作的B超引导（≥1.5小时）,检查
28864,经直肠B超检查,检查
30739,尿流动力学检测,检查
30740,尿流率检测,检查
28034,自描听力检查,检查
28035,斑贴试验,检查
28036,体感诱发电位(下肢),检查
28037,视网膜视力检查,检查
28038,动态脑电图（24小时）,检查
28039,皮肤直接免疫荧光检查,检查
28040,电脑视野计检查(单眼）,检查
28041,直流电检查（≥3条肌肉或神经）,检查
28042,感应电检查（≥3条肌肉或神经）,检查
28043,产前检查,检查
28044,促肾上腺释放激素兴奋试验(CRF),检查
30751,膀胱镜尿道镜检查,检查
28844,A型超声检查(≥三个部位),检查
28897,直线加速器放疗(等中心（档铅）),检查
28898,直线加速器适形治疗,检查
28899,诺力刀治疗,检查
28900,X刀治疗,检查
28901,伽玛刀治疗,检查
28902,不规则野大面积照射,检查
28903,半身照射,检查
28904,全身60钴照射,检查
28905,全身X线照射,检查
28906,全身电子线照射,检查
28907,适型形调强放射治疗(IMRT),检查
28908,快中子外照射,检查
28909,浅表部位后装治疗,检查
28910,组织间插置放疗,检查
28911,组织间粒子植入,检查
28912,皮肤贴敷后装放疗,检查
28913,快中子后装治疗,检查
28914,中子刀后装治疗,检查
28915,填充模具设计及制作,检查
28916,面模设计及制作,检查
28917,体架设计及制作,检查
28918,低氧放疗耐力测定,检查
28919,太空仓全身红外热疗,检查
28877,脏器声学造影,检查
28046,促甲状腺释放激素兴奋试验(TRH),检查
28047,胎儿镜检查,检查
28048,羊膜镜检查,检查
28049,视网膜地形图（单眼）,检查
28050,鼓膜贴补试验,检查
28051,光学相干断层成相(OCT)（双眼）,检查
28052,对比敏感度检查,检查
28053,视网膜裂孔定位检查（单眼）,检查
28054,肾小管磷重吸收试验,检查
28055,合力测量检查,检查
28056,西格氏耳镜检查,检查
28057,多轨迹断层肌电图,检查
28058,儿童听力筛查（复查）,检查
28059,现状精神病症状检查(PSE),检查
28060,裂隙灯下眼底视神经立体照相（单眼）,检查
28061,胸腔镜检查,检查
33419,体表肿瘤电化学治疗,检查
33422,CT平扫同时增强加收,检查
33429,阿姆斯勒(Amsler)表检查,检查
33430,结膜囊取材检查（双眼）,检查
33431,黑氏(Hess)屏检查,检查
33432,扫描激光眼底检查(SLO)（双眼）,检查
28865,临床操作的腔内B超引导(半小时),检查
28866,临床操作的腔内B超引导（1.5小时及以上）,检查
32036,孕期营养短板,检查
32380,术中放疗,检查
32381,腔内后装放疗,检查
32382,近距离放疗施源器植入术,检查
32383,血管内后装放疗,检查
32384,合金模具设计及制作,检查
32385,补偿物设计及制作,检查
32386,头架设计及制作,检查
32387,肿瘤深部热疗,检查
32388,甲状腺血流显像,检查
32389,促甲状腺激素兴奋显像（二个时相）,检查
32390,甲状旁腺显像,检查
32391,静息心肌灌注显像（四个体位）,检查
32392,负荷心肌灌注显像（四个体位）,检查
32393,静息门控心肌灌注显像（≥五个体位）,检查
32394,负荷门控心肌灌注显像（≥五个体位）,检查
32395,平衡法门控心室显像（三个体位）,检查
32396,平衡法负荷门控心室显像（三个体位）,检查
32397,急性心肌梗塞灶显像（四个体位）,检查
32398,门脉血流测定显像,检查
32399,消化道出血显像（一小时后延迟显像）加收,检查
32400,肝胶体显像（≥五个体位）,检查
32401,肝血池显像（二个时相）,检查
32402,肝血池显像（≥四个时相）,检查
32403,肝胆动态显像延迟显像（≥2小时）加收,检查
32404,小肠功能显像,检查
32405,肾上腺皮质显像（72小时/每体位）,检查
32406,肾上腺皮质显像增加（1个体位）加收,检查
28062,罗夏测验,检查
28063,甲苯磺丁脲(D860)试验,检查
28064,注视性质检查,检查
28065,味觉试验,检查
28066,纯音短增量敏感指数试验,检查
28067,纯音听阈测定,检查
28068,心理社会应激评定量表(PSAS),检查
28069,计算机嗓音疾病评估,检查
28070,家庭亲密度和适应性量表,检查
28071,第一秒平静吸气口腔闭合压测定,检查
28072,运动心肺功能检查,检查
28073,球内异物定位（单眼）,检查
28074,老年病例全面观察量表,检查
28075,咀嚼功能检查,检查
28076,牙髓活力检查,检查
28077,面神经肌电图检查,检查
28078,腭咽闭合功能检查,检查
28079,锥体外系副作用量表,检查
28080,镫骨肌反射衰减试验,检查
28081,躁狂状态评定量表,检查
28082,言语测听,检查
28083,酒精与药物依赖量表,检查
28084,阳性和阴性精神症状评定(PANSS)量表,检查
28085,青光眼诱导试验,检查
28086,视频喉镜检查,检查
28087,自知力与治疗态度量表,检查
28088,胰高血糖素激发试验,检查
28089,过夜地塞米松抑制试验,检查
28045,言语能力评定(构音障碍检查),检查
28090,临床总体印象量表(CGI),检查
28091,迟发运动障碍评定量表,检查
28092,疲劳度测定,检查
28093,术中颅神经监测,检查
28094,儿童孤独行为检查量表,检查
28095,注意广度测定,检查
28096,再认能力测定感统量表,检查
28097,丹佛小儿智能发育筛查表,检查
28098,大体评定量表,检查
28099,迟期成分检查,检查
28100,成人智残评定量表,检查
28101,奥迪氏括约肌压力测定,检查
28102,胃十二指肠镜检查,检查
28103,肺弥散功能检查,检查
28104,角膜荧光素染色检查,检查
32038,经皮测试胆红素,检查
31699,健康体检费,检查
31700,少儿体检,检查
31701,城乡居民体检,检查
31702,个体参保体检,检查
31703,城乡居民体检[女][20岁以上],检查
32407,地塞米松抑制试验肾上腺皮质显像（72小时/每体位）,检查
32408,地塞米松抑制试验肾上腺皮质显像（1个体位）加收,检查
32409,肾动态显像＋肾血流显像延迟（1小时）加收,检查
32410,肾动态显像延迟（1小时）加收,检查
32411,肾动态显像＋肾小球滤过率(GFR)测定,检查
6927aaa524d2af000152be51,高低压氧舱治疗,检查
67d3d31deec5820001a45977,心电检查套餐,检查
693f7c88495b2c000119f77d,X线摄影成像,检查
67d3c9d2eec5820001a45580,超声检查,检查
67d3ca18eec5820001a45583,心电检查,检查
670e3829b91437000150575e,DR,检查
694106c52dd09300013ba3b7,检查1216,检查
69af89fcb12b0d0001cab0f5,附加项目费用测试,检查
67da7a0ccf8a8200019fd634,CT检查套餐,检查
68a44d133b308900016c247f,测试检查,检查
68ada69752b46700014a1eeb,测试多部位计价检查项目,检查
68e9c3f7e60f30000105ec0c,MRI检查,检查
67d29d5deec5820001a443ca,彩超常规检查,检查
670e38ffb9143700015057c9,一体化病床1,检查
678da8cbddd8d900015c848e,CT常规检查,检查
68ada96452b46700014a2030,测试多部位计价检查项目1,检查
68ae667466bc3b00017e8cb0,测是,检查
67da7354cf8a8200019fd5db,CT检查,检查
685fcee0192968000184769e,CT收费（腹部）,检查
67d3fc66eec5820001a45f7b,心电检查套餐111,检查
685f3d6019296800018475eb,多排螺旋 CT 平扫,检查
685f3d2819296800018475ea,三维重建,检查
685f3dd419296800018475ec,CT收费（胸部）,检查
31809,红细胞悬液 1u,检验
31811,粪便钙卫蛋白检测,检验
31822,梅毒螺旋体特异抗体测定*,检验
31823,衣原体检查*,检验
31825,梅毒螺旋体特异抗体测定（免费）,检验
31828,抗β2-糖蛋白1抗体-IgA,检验
31835,抗缪勒氏管激素(AMH),检验
31836,三八套餐C(AMH),检验
31837,乙型肝炎病毒脱氧核糖核酸扩增定量检测,检验
31839,支原体培养及药敏*,检验
28932,低分子肝素测定(LMWH),检验
28933,血栓弹力图试验（TEG）,检验
28934,血清白蛋白测定,检验
28935,血清蛋白电泳,检验
28936,血清转铁蛋白测定,检验
28937,血清铁蛋白测定,检验
28938,脑脊液总蛋白测定,检验
28939,脑脊液白蛋白测定,检验
63dccf8e3c6f492f8408a1b9,尿常规,检验
63dcd05d3c6f492f8408a1c7,尿常规,检验
64d36a343c6f494751f4a111,风湿三项,检验
64dcb65c3c6f492fa34d2def,乙肝两对半,检验
658791443c6f494533b9f95b,明细测试,检验
28311,甲状腺功能常规检查,检验
28312,生殖激素常规检查,检验
28570,血清淀粉酶同工酶电泳,检验
28571,血清血管紧张转化酶测定,检验
28572,血清骨钙素测定,检验
28573,25羟维生素D测定,检验
28574,叶酸测定,检验
28575,血清维生素测定（每种维生素）,检验
28576,血清药物浓度测定,检验
28577,环孢霉素—A血清药物浓度测定,检验
28578,其他器官移植排异药物浓度测定,检验
28579,血清各类氨基酸测定（每种氨基酸）,检验
28580,血清促甲状腺激素测定,检验
28581,血清泌乳素测定,检验
28582,类胰岛素样生长因子-1测定,检验
28583,瘦素测定,检验
28584,血清促卵泡刺激素测定,检验
28585,血清促肾上腺皮质激素测定,检验
28586,抗利尿激素测定,检验
28587,前降钙素测定,检验
28588,甲状旁腺激素测定,检验
28589,血清三碘甲状原氨酸(T3)测定,检验
28590,血清反T3测定,检验
28591,血清游离三碘甲状原氨酸(FT3)测定,检验
28592,促甲状腺素受体抗体测定,检验
28593,甲状腺刺激抗体（TSI）测定,检验
28594,24小时尿游离皮质醇测定,检验
28595,尿17-羟皮质类固醇测定,检验
28596,尿17-酮类固醇测定,检验
28597,血清脱氢表雄酮及硫酸酯测定,检验
28598,醛固酮测定,检验
28599,尿儿茶酚胺测定,检验
28600,尿香草苦杏仁酸(VMA)测定,检验
28601,血浆肾素活性测定,检验
28602,血管紧张素Ⅰ测定,检验
28603,血管紧张素Ⅱ测定,检验
28604,促红细胞生成素测定,检验
28605,睾酮测定,检验
28629,β－胶原降解产物测定（β－CTX）,检验
28630,T淋巴细胞转化试验,检验
28631,红细胞花环试验,检验
28632,细胞膜表面免疫球蛋白测定(SmIg),检验
28633,硝基四氮唑蓝还原试验,检验
28634,白细胞粘附抑制试验,检验
28635,白细胞吞噬功能试验,检验
28636,自然杀伤淋巴细胞功能试验,检验
28637,抗体依赖性细胞毒性试验,检验
28638,可溶性细胞间粘附因子－1测定,检验
28639,溶菌酶测定,检验
28640,血浆皮质醇测定,检验
28641,肥大细胞脱颗粒试验,检验
28642,总补体测定(CH50),检验
28643,补体C1r测定,检验
28644,补体C1s测定,检验
28645,补体C4测定,检验
28646,补体C6测定,检验
28647,补体C8测定,检验
28648,补体C9测定,检验
28649,补体1抑制因子测定,检验
28650,免疫球蛋白定量测定,检验
28651,免疫球蛋白IgA定量测定,检验
28652,免疫球蛋白IgM定量测定,检验
28653,免疫球蛋白IgE定量测定,检验
28654,冷球蛋白测定,检验
28655,铜蓝蛋白测定,检验
28656,淋巴细胞免疫分析,检验
28657,活化淋巴细胞测定,检验
28658,各类血细胞簇分化抗原(CD)检测,检验
28659,免疫球蛋白亚类定量测定(包括IgG1、IgG2、IgG3),检验
28660,免疫固定电泳,检验
28661,系统性红斑狼疮因子试验(LEF),检验
28662,抗核抗体测定(ANA),检验
28663,抗核提取物抗体测定(抗ENA抗体),检验
28664,抗SSA抗体测定,检验
28665,抗SSB抗体测定,检验
28666,抗JO-1抗体测定,检验
28205,胎儿染色体病的产前诊断加收,检验
28206,苯丙氨酸测定(PKU),检验
28207,血苯丙酮酸定量测定,检验
28322,血小板相关免疫球蛋白(PAIg）测定,检验
28313,直接抗人球蛋白试验C3,检验
28208,血酮体快速测定,检验
28209,白血病融合基因分型,检验
28210,孕早期产前筛查检测,检验
28211,绒毛染色体显带分析,检验
28212,新生儿疾病筛查2项检测,检验
28213,新生儿疾病筛查26项检测,检验
28214,卡式配血加收,检验
28215,ABO红细胞定型,检验
28216,ABO血型鉴定,检验
28217,ABO亚型鉴定,检验
28218,Rh血型鉴定,检验
28219,Rh血型其他抗原鉴定,检验
28220,Rh血型C抗原鉴定,检验
28221,Rh血型E抗原鉴定,检验
28222,Rh血型e抗原鉴定,检验
28223,P血型抗原鉴定,检验
28224,Lewis血型抗原鉴定,检验
28225,MNSs血型抗原鉴定,检验
28226,Kell血型抗原鉴定,检验
28227,Kidd血型抗原鉴定,检验
28228,Diego血型抗原鉴定,检验
28229,Yt血型抗原鉴定,检验
28230,Scianna血型抗原鉴定,检验
28231,Xg血型抗原鉴定,检验
28232,血型单特异性抗体鉴定(8种谱红细胞),检验
28233,红细胞不规则抗体测定(8种谱红细胞),检验
28234,红细胞不规则抗体测定(＞8种)加收,检验
28235,放散试验,检验
28236,盐水介质交叉配血,检验
28237,特殊介质交叉配血,检验
28238,Rh弱D血型鉴定试验,检验
28239,白细胞特异性和组织相容性(HLA)抗体检测,检验
28240,红细胞系统血型抗体致新生儿溶血病检测,检验
28241,血小板交叉配合试验,检验
28242,群体反应抗体（PRA）检测,检验
28243,HLA-I低分辩基因分型,检验
28244,HLA-I高分辩基因分型,检验
28245,人组织相容性抗原II类(HLA－II)分型,检验
28246,HLA-II低分辩基因分型,检验
28247,尸检病理诊断,检验
28248,传染病和特异性感染病尸检病理诊断加收,检验
28249,尸体化学防腐处理,检验
28250,体液细胞学检查与诊断,检验
28251,腹水细胞学检查与诊断,检验
28252,脑脊液细胞学检查与诊断,检验
28253,心包液细胞学检查与诊断,检验
28254,唾液细胞学检查与诊断,检验
66bb127ccdd2dd0001676ba2,测试测试,检验
66baeb6fcdd2dd00016760e3,指尖血糖测定,检验
28667,抗Sm抗体测定,检验
28668,抗nRNP抗体测定,检验
28669,抗ScL-70抗体测定,检验
31783,梅毒螺旋体特异抗体测定（妇保）,检验
31785,化学药物用药指导的基因检测,检验
28607,雄烯二酮测定,检验
28608,17α羟孕酮测定,检验
28609,雌酮测定,检验
28610,雌三醇测定,检验
28611,未结合雌三醇测定,检验
28612,雌二醇测定,检验
28613,孕酮测定,检验
28614,游离β-绒毛膜促性腺激素定量测定,检验
28615,血清胰高血糖测定,检验
28616,血清C肽测定,检验
28617,血清抑制素B测定,检验
28618,血清抗谷氨酸脱羧酶抗体测定,检验
28619,胃泌素测定,检验
28620,血浆前列腺素(PG)测定,检验
28621,去甲肾上腺素测定,检验
28622,胆囊收缩素测定,检验
28623,环磷酸腺苷(cAMP)测定,检验
28624,降钙素原定量检测,检验
28625,胃泌素释放肽前体测定,检验
28626,尿NTx测定,检验
28627,尿脱氧吡啶酚测定,检验
28628,骨钙素N端中分子片段测定（N-MID),检验
29523,尿三氯化铁试验,检验
29524,其他体液乳糜检查,检验
29525,尿卟啉定性试验,检验
29526,尿浓缩稀释试验,检验
29527,尿妊娠试验,检验
29528,黄体生成素(LH)排卵预测,检验
29529,尿三杯试验,检验
29530,尿沉渣白细胞分类,检验
29531,尿中病毒感染细胞检查,检验
29532,尿酸化功能测定,检验
29533,尿红细胞位相,检验
29534,粪便常规,检验
29535,其他体液标本隐血试验(OB),检验
29536,粪胆素检查,检验
29537,粪苏丹III染色检查,检验
29538,胸腹水细胞染色体检查,检验
29539,胸腹水细胞AgNOR检查,检验
29540,精液检查,检验
29541,精液酸性磷酸酶测定,检验
29542,精液α－葡萄糖苷酶测定,检验
29543,精子受精能力测定,检验
29544,精子结合抗体测定,检验
28606,血清双氢睾酮测定,检验
29545,前列腺液检查,检验
29546,阴道分泌物唾液酸苷酶检查,检验
29547,阴道分泌物白细胞酯酶检查,检验
29548,阴道分泌物过氧化氢浓度检查,检验
29549,十二指肠引流液及胆汁检查,检验
29550,痰液检查,检验
29551,各种穿刺液检查,检验
29552,精子顶体酶活性定量测定,检验
29553,精浆（全精）乳酸脱氢酶X同工酶定量检测,检验
29554,精浆中性α-葡萄糖苷酶活性测定,检验
29555,精浆锌测定,检验
29556,精子膜表面抗体免疫珠试验,检验
28670,抗着丝点抗体测定,检验
28671,抗中性粒细胞胞浆抗体ANCA抗体测定,检验
28672,抗中性粒细胞胞浆抗体cANCA抗体测定,检验
28673,抗中性粒细胞胞浆抗体pANCA抗体测定,检验
28674,抗中性粒细胞胞浆抗体MPO-ANCA抗体测定,检验
28675,抗双链DNA测定(抗dsDNA),检验
28676,抗核小体抗体测定,检验
28677,抗PM-SCI抗体测定,检验
28678,抗核骨架蛋白抗体测定(amin),检验
28679,抗核糖核蛋白抗体测定,检验
28680,抗淋巴细胞抗体测定,检验
28681,抗巨噬细胞抗体测定,检验
28682,抗红细胞抗体测定,检验
28683,抗组织细胞抗体测定,检验
28684,抗肝细胞抗体测定,检验
28685,抗胰岛细胞抗体测定,检验
28686,抗肾上腺细胞抗体测定,检验
28687,抗骨骼肌抗体测定,检验
28688,抗心磷脂抗体测定(IgA),检验
29583,不稳定血红蛋白测定,检验
29584,血红蛋白F试验,检验
29585,血红蛋白S溶解度试验,检验
29586,直接抗人球蛋白试验IgG,检验
29587,直接抗人球蛋白试验IgM,检验
29557,抗精子抗体混合凝集试验,检验
29558,骨髓涂片细胞学检验,检验
29559,骨髓有核细胞计数,检验
29560,骨髓巨核细胞计数,检验
28201,脱氧核糖核酸(DNA)倍体分析,检验
28202,各类病原体核糖核酸(RNA)检测,检验
28203,培养细胞染色体检查（显带分析）,检验
28204,培养细胞染色体检查培养少于7天（显带分析）,检验
31844,化学药物用药指导的基因检测第二次,检验
31842,新型冠状病毒IgG抗体检测,检验
31755,迪莲花套餐F(优惠）,检验
31764,自费免疫性肝病抗体7项,检验
31765,采血器(特殊真空试管)(外院),检验
31766,静脉采血器(针头)(外院),检验
31769,维生素B1,检验
31770,维生素B2,检验
31771,维生素A,检验
31773,三八套餐E(VitA+VitD2+VitD3+Vit E+ VitK),检验
31774,25(OH)维 D3,检验
31776,妇女病检测优惠套餐,检验
28255,龈沟液细胞学检查与诊断,检验
28256,细针穿刺细胞学检查与诊断,检验
28257,脱落细胞脱落细胞学检查与诊断,检验
28258,子宫内膜脱落细胞学检查与诊断,检验
28259,宫颈脱落细胞学检查与诊断,检验
28260,阴道脱落细胞学检查与诊断,检验
28261,痰脱落细胞学检查与诊断,检验
28262,乳腺溢液脱落细胞学检查与诊断,检验
28263,内窥镜刷片脱落细胞学检查与诊断,检验
31791,西罗莫司,检验
31792,丙型肝炎抗体,检验
31793,脯氨酸氨基肽酶,检验
31794,维生素K,检验
31795,维生素D,检验
31796,三八套餐B(TCT+HPV+E6E7),检验
31797,三八套餐D(HE4+CA125),检验
31798,维生素D2,检验
31799,维生素D3,检验
31800,[14C]尿素,检验
31801,14碳呼气试验,检验
31803,乙型肝炎病毒脱氧核糖核酸扩增定量检测,检验
28988,脑脊液IgG测定,检验
28997,β2微球蛋白测定,检验
28998,α1抗胰蛋白酶测定,检验
28999,α巨球蛋白测定,检验
29000,超敏C反应蛋白测定,检验
29001,超敏C反应蛋白全血快速定量测定,检验
29002,视黄醇结合蛋白测定,检验
29003,血清淀粉样蛋白测定(SAA),检验
29004,蛋白质指纹图谱,检验
29005,心脏型脂肪酸结合蛋白检测,检验
29006,葡萄糖测定,检验
29007,血清果糖胺测定,检验
29008,糖化血红蛋白测定,检验
29009,半乳糖测定,检验
29010,血清果糖测定,检验
29011,血清唾液酸测定,检验
29012,乳酸测定,检验
29013,全血丙酮酸测定,检验
29014,?-葡萄糖醛酸苷酶测定,检验
29015,血清总胆固醇测定,检验
28314,间接抗人球蛋白试验,检验
28315,红细胞电泳测定,检验
28316,红细胞膜蛋白电泳测定,检验
28317,肽链裂解试验,检验
28318,红细胞九分图分析,检验
28319,红细胞游离原卟啉测定,检验
28320,磷酸葡萄糖异构酶（GPI）测定,检验
28321,磷酸葡萄糖变位酶（PGM）测定,检验
29561,骨髓造血祖细胞培养,检验
29562,红细胞系祖细胞培养,检验
29563,造血祖细胞培养,检验
29564,骨髓特殊染色及酶组织化学染色检查,检验
29565,白血病残留病灶检测,检验
29566,红细胞包涵体检查,检验
29567,高铁血红素白蛋白过筛试验,检验
29568,红细胞自身溶血及纠正试验,检验
29569,红细胞渗透脆性试验,检验
29570,热溶血试验,检验
29571,冷溶血试验,检验
29572,血清酸化溶血试验(Ham),检验
29573,微量补体溶血敏感试验,检验
29574,高铁血红蛋白还原试验(MHB—RT),检验
29575,葡萄糖6—磷酸脱氢酶荧光斑点试验,检验
29576,变性珠蛋白小体检测(Heinz小体),检验
29577,红细胞谷胱甘肽(GSH)含量及其稳定性检测,检验
29578,还原型血红蛋白溶解度测定,检验
29579,红细胞滚动试验,检验
29580,红细胞镰变试验,检验
29581,抗碱血红蛋白测定(HbF),检验
29582,胎儿血红蛋白(HbF)酸洗脱试验,检验
28499,血清碳酸氢盐(HCO3)测定,检验
28500,血清碳酸氢盐(HCO3)测定（急诊）,检验
28501,血一氧化碳分析,检验
28502,血一氧化碳分析（急诊）,检验
28503,血一氧化氮分析,检验
28504,血一氧化氮分析（急诊）,检验
28505,微量元素测定,检验
31464,化验费0%,检验
31465,化验费10%,检验
31466,化验费100%,检验
28264,细胞学计数,检验
28265,支气管灌洗液细胞计数,检验
28266,脑脊液细胞计数,检验
28267,增加1只蜡块加收,检验
28268,穿刺组织活检检查与诊断,检验
28269,肾穿刺组织活检检查与诊断,检验
28270,乳腺穿刺组织活检检查与诊断,检验
28271,体表肿块组织活检检查与诊断,检验
28272,内镜组织活检检查与诊断,检验
28273,内镜采集的小组织活检检查与诊断,检验
28274,骨髓组织活检检查与诊断,检验
28275,手术标本检查与诊断,检验
28276,截肢标本病理检查与诊断,检验
28277,牙齿及骨骼磨片诊断(不脱钙),检验
28278,牙齿及骨骼磨片诊断(脱钙),检验
28279,全器官大切片检查与诊断,检验
28280,冰冻切片检查与诊断,检验
28281,原有蜡块重切片检查与诊断,检验
28282,特殊染色及酶组织化学染色诊断,检验
28283,病理肠化分型检测,检验
28284,病理单克隆抗体检测,检验
28285,病理癌基因蛋白检测,检验
28286,巨细胞病毒PP50基因蛋白测定,检验
28287,免疫荧光染色诊断,检验
28288,免疫电镜检查与诊断,检验
28289,原位杂交技术,检验
28290,病理原位杂交检测,检验
28291,脱氧核糖核酸(DNA)测序,检验
28292,乙肝病毒P区耐药基因测序,检验
28293,乙肝病毒基因分型测序,检验
28294,丙肝病毒基因分型测序,检验
28295,病理体视学检查与图像分析,检验
28296,膜式病变细胞采集术,检验
28297,疑难病理会诊（市内）,检验
28298,疑难病理省临床病理质控中心会诊,检验
28299,普通病理会诊（市内）,检验
28300,微波真空组织处理自动染色,检验
28301,凝血功能常规检查,检验
28302,生化筛查常规检查,检验
28303,急诊生化常规检查,检验
28304,胸(腹)水生化常规检查,检验
28305,血脂常规检查,检验
28306,肝功能常规检查,检验
28307,心肌酶谱常规检查,检验
28308,B型钠尿肽定量测定（BNP）,检验
28309,B型钠尿肽定量测定（BNP）（急诊）,检验
28310,肾功能常规检查,检验
28923,血浆纤溶酶-抗纤溶酶复合物测定(PAP),检验
28924,FDP测定稀释（一个浓度）加收,检验
28925,血浆D-二聚体测定         (D-Dimer),检验
28926,人类白细胞抗原B27测定(HLA-B27),检验
28927,红细胞流变特性检测,检验
28928,全血粘度测定（高切）,检验
28929,全血粘度测定（低切）,检验
28930,血小板ATP释放试验,检验
28931,纤维蛋白肽A检测,检验
28506,铜测定,检验
28507,硒测定,检验
28508,锌测定,检验
28509,锶测定,检验
28510,镉测定,检验
28511,汞测定,检验
28512,铝测定,检验
28513,锰测定,检验
28514,钼测定,检验
28515,锂测定,检验
28516,砷测定,检验
28517,碘测定,检验
28518,血清直接胆红素测定,检验
28519,血清间接胆红素测定,检验
28520,血清总胆汁酸测定,检验
28521,血浆氨测定(急诊),检验
28522,血清丙氨酸氨基转移酶测定,检验
28523,血清天门冬氨酸氨基转移酶测定,检验
28524,血清γ-谷氨酰基转移酶同工酶电泳,检验
28525,血清碱性磷酸酶测定,检验
28526,血清骨型碱性磷酸酶质量测定,检验
28527,血清胆碱脂酶测定,检验
28528,血清α-L-岩藻糖苷酶测定,检验
28529,血清Ⅲ型胶原测定,检验
28530,前胶原肽定量测定,检验
28531,血清纤维连接蛋白测定,检验
28532,血清透明质酸测定,检验
28533,血清亮氨酰氨基肽酶测定,检验
28534,甘氨酰脯氨酸二肽氨基肽酶测定,检验
28535,胆酸测定,检验
28536,糖缺失性转铁蛋白（CDT）检测,检验
28537,尿葡萄糖二酸测定（UGA）,检验
28538,骨源性碱性磷酸酶测定,检验
28539,血清肌酸激酶测定,检验
28540,血清肌酸激酶－MB同工酶活性测定,检验
28541,血清肌酸激酶－MB同工酶质量测定,检验
28542,血清肌酸激酶同工酶电泳分析,检验
28543,乳酸脱氢酶测定,检验
28544,血清乳酸脱氢酶同工酶电泳分析,检验
28545,血清肌钙蛋白T测定,检验
28546,血清肌钙蛋白Ⅰ测定,检验
28547,血清肌红蛋白测定,检验
28548,血同型半胱氨酸测定,检验
28549,缺血修饰白蛋白测定（IMA）,检验
28550,尿素测定,检验
28551,尿素氮测定,检验
28552,肌酐测定,检验
28553,肌酐测定（急诊）,检验
28554,指甲肌酐测定,检验
28555,血清尿酸测定,检验
28556,尿转铁蛋白测定,检验
28557,尿蛋白电泳分析,检验
28558,尿β-D-半乳糖苷酶测定,检验
28559,尿γ-谷氨酰转移酶测定,检验
28560,尿亮氨酰氨基肽酶,检验
28561,尿浓缩试验,检验
28562,酸负荷试验,检验
28563,尿氨测定,检验
28564,尿结石成份分析,检验
28565,尿草酸测定,检验
28566,血清胱抑素(Cystatin C)测定,检验
28567,血清酸性磷酸酶测定,检验
28568,血清前列腺酸性磷酸酶质量测定,检验
28569,淀粉酶测定,检验
28323,血小板相关免疫球蛋白(PAIgG)测定,检验
28324,血小板相关免疫球蛋白(PAIgA)测定,检验
28325,血小板相关补体C3测定(PAC3),检验
28326,抗血小板膜糖蛋白自身抗体测定,检验
28327,抗血小板膜糖蛋白自身抗体测定（Ⅰb/IX）,检验
28328,血小板纤维蛋白原受体检测(FIBR),检验
28329,毛细血管脆性试验,检验
28330,阿斯匹林耐量试验(ATT),检验
28331,血浆内皮素测定(ET),检验
28332,血小板粘附功能测定(PAdT),检验
28333,瑞斯托霉素诱导血小板聚集测定,检验
28334,血小板寿命测定,检验
28335,血小板钙流测定,检验
28336,血块收缩试验,检验
28337,血浆血栓烷B2测定(TXB2),检验
28338,复钙时间测定及其纠正试验,检验
28339,凝血酶原时间纠正试验,检验
28340,白陶土部分凝血活酶时间测定(KPTT),检验
28341,活化凝血时间测定(ACT),检验
28342,简易凝血活酶生成试验,检验
28343,血浆蝰蛇毒磷脂时间测定,检验
28344,血浆纤维蛋白原测定,检验
28345,血浆凝血因子Ⅱ活性测定,检验
28346,血浆凝血因子Ⅶ活性测定,检验
28347,血浆凝血因子Ⅷ活性测定,检验
28348,血浆凝血因子Ⅹ活性测定,检验
28349,血浆凝血因子Ⅻ活性测定,检验
28350,血浆凝血因子ⅩⅢ活性测定,检验
28351,血浆因子Ⅷ抑制物定量测定,检验
28352,血浆因子XIII缺乏筛选试验,检验
28353,甲苯胺蓝纠正试验,检验
28354,瑞斯托霉素辅因子测定(VWF：ROOF),检验
28355,优球蛋白溶解时间测定(ELT),检验
28356,连续血浆鱼精蛋白稀释试验,检验
28357,血浆纤溶酶原活性测定(PLGA),检验
28358,血浆纤溶酶原抗原测定(PLGAg),检验
28359,血浆α2纤溶酶抑制物抗原测定(α2—PIAg),检验
28360,血浆抗凝血酶Ⅲ活性测定(AT—ⅢA),检验
28361,血浆肝素含量测定,检验
28362,血浆蛋白C抗原测定(PCAg),检验
28363,活化蛋白C抵抗试验(APCR),检验
29491,红细胞计数(RBC),检验
29492,红细胞比积测定(HCT),检验
29493,红细胞参数平均值测定,检验
29494,网织红细胞计数(Ret),检验
29495,嗜碱性点彩红细胞计数,检验
29496,异常红细胞形态检查,检验
29497,红细胞沉降率测定(ESR),检验
29498,白细胞计数(WBC),检验
29499,白细胞分类计数(DC),检验
29500,嗜酸性粒细胞直接计数,检验
29501,嗜碱性粒细胞直接计数,检验
29502,淋巴细胞直接计数,检验
29503,单核细胞直接计数,检验
29504,异常白细胞形态检查,检验
29505,浓缩血恶性组织细胞检查,检验
29506,血小板计数,检验
29507,血常规（五分类）,检验
29508,血常规（三分类）,检验
29509,显微镜下外周血细胞计数及形态学分析,检验
29510,出血时间测定(BT),检验
29511,红斑狼疮细胞检查(LEC),检验
29513,尿酸碱度测定,检验
29514,尿比重测定,检验
29515,血浆渗透压检查,检验
29516,尿蛋白定性,检验
29517,24小时尿蛋白定量,检验
29518,尿本-周氏蛋白定性检查,检验
29519,尿血红蛋白定性检查,检验
29520,尿糖定量测定,检验
29522,尿二胆检查,检验
31399,妇保中孕筛查,检验
29521,尿三胆检查,检验
30969,血浆组织纤溶酶原活化物抑制物活性检测,检验
30970,无机磷测定,检验
30971,尿碳酸氢盐(HCO3)测定,检验
30972,丁型肝炎抗原测定(HDVAg),检验
30979,尿液渗透压检查,检验
30980,胸腹水常规检查,检验
30981,血清结合珠蛋白测定(HP),检验
30989,血清低密度脂蛋白胆固醇测定,检验
30991,超氧化物歧化酶(SOD)测定,检验
30992,肾上腺素测定,检验
30993,抗单链DNA测定,检验
30994,抗胰岛素抗体测定,检验
30995,流行性乙型脑炎病毒(IgG),检验
30996,蛋白质类肿瘤相关物质（PTM）测定,检验
30997,副溶血弧菌培养及鉴定,检验
30998,血液微丝蚴检查,检验
30999,疑难交叉配血,检验
31000,血浆抗凝血酶Ⅲ抗原测定(AT—ⅢAg),检验
31423,甲胎蛋白定量测定,检验
31424,TCT+HPV,检验
31422,甲胎蛋白定性测定,检验
29017,血清高密度脂蛋白亚类II测定,检验
29018,血清高密度脂蛋白亚类III测定,检验
29019,血清载脂蛋白AⅠ测定,检验
29020,血清载脂蛋白AⅡ测定,检验
29021,血清载脂蛋白CⅡ测定,检验
29022,血清载脂蛋白CⅢ测定,检验
29023,血清载脂蛋白α测定,检验
29024,血游离脂肪酸测定,检验
29025,血游离有机酸测定,检验
29026,载脂蛋白E基因分型,检验
29027,钾测定（急诊）,检验
29028,钠测定（急诊）,检验
29029,氯测定（急诊）,检验
29030,钙测定（急诊）,检验
29031,铁测定,检验
29032,全血铅测定,检验
29033,抗核抗体系列测定,检验
29034,肿瘤标志物检测,检验
29016,血清磷脂测定,检验
28711,抗核周因子抗体（APF）测定,检验
28712,抗DNA酶B抗体测定,检验
28713,抗Sa抗体测定,检验
28714,抗内皮细胞抗体检测(AECA),检验
28715,抗突变型瓜氨酸波型蛋白(MCV)抗体,检验
28716,甲肝抗体测定(IgG),检验
28717,甲肝抗体测定(IgM),检验
28718,甲肝抗原测定(HAVAg),检验
28719,乙肝DNA测定,检验
28720,乙肝YMDD点突变测定,检验
28721,乙肝表面抗原测定(HBsAg),检验
28722,乙肝表面抗体测定(Anti-HBs),检验
28723,乙肝e抗原测定(HBeAg),检验
28724,乙肝e抗体测定,检验
28725,乙肝核心抗体测定,检验
28726,乙肝核心IgM抗体测定,检验
33521,TBNK淋巴细胞亚群分析,检验
32062,血清Ⅳ型胶原测定,检验
32063,放免血清Ⅲ型前胶原测定,检验
32193,内生肌酐清除率试验,检验
32194,尿微量白蛋白测定,检验
32195,尿N-酰-β-D-氨基葡萄糖苷酶测定,检验
32196,尿丙氨酰氨基肽酶,检验
32197,尿碱性磷酸酶测定,检验
28748,冷凝集试验,检验
28749,外斐氏反应,检验
28750,布氏杆菌凝集试验,检验
28751,细菌抗体测定,检验
28752,破伤风杆菌抗体测定,检验
32294,抗肝细胞特异性脂蛋白抗体测定,检验
32296,抗胃壁细胞抗体测定,检验
32297,抗平滑肌抗体测定,检验
32298,抗心肌抗体测定(AHA),检验
32299,抗心磷脂抗体测定(IgG),检验
32300,甲状腺球蛋白测定,检验
32301,脂多糖结合蛋白测定,检验
32302,抗肾小球基底膜抗体测定,检验
32260,免疫球蛋白IgG定量测定,检验
32303,抗卵巢抗体测定,检验
32304,抗精子抗体测定,检验
32305,抗胰岛素受体抗体测定,检验
32306,抗磷壁酸抗体测定,检验
32307,抗鞘磷脂抗体测定（IgM）,检验
32308,抗白蛋白抗体测定（IgM）,检验
32309,抗载脂蛋白抗体测定,检验
31660,血红蛋白测定(Hb),检验
31661,凝血时间测定(CT),检验
31662,血气分析,检验
31663,渗透压检查,检验
31664,血清渗透压检查,检验
31665,尿蛋白定量,检验
31666,尿肌红蛋白定性检查,检验
31667,尿糖定性试验,检验
31668,尿酮体定性试验,检验
31669,尿含铁血黄素定性试验,检验
31670,尿乳糜检查,检验
31671,尿黑色素测定,检验
31672,尿酚红排泄试验(PSP),检验
31673,尿液爱迪氏计数(Addis),检验
31674,一小时尿沉渣计数,检验
31675,尿十二小时E/C值测定,检验
31676,尿中包涵体检查,检验
31677,尿胰蛋白酶原-2检测,检验
31678,粪便隐血试验(OB),检验
31679,粪便乳糖不耐受测定,检验
31680,胸腹水细胞学检查,检验
31681,脑脊液检查(CSF),检验
32077,血浆药物浓度测定,检验
32078,维生素B3,检验
32089,胎盘生长因子检测,检验
28753,军团菌抗体测定,检验
28754,幽门螺杆菌抗体测定,检验
28755,抗链球菌溶血素O测定(ASO),检验
28756,抗链球菌透明质酸酶试验,检验
28757,鼠疫血清学试验,检验
28758,耶尔森氏菌血清学试验,检验
28759,野兔热血清学试验,检验
28760,肺炎支原体血清学试验,检验
28761,沙眼衣原体肺炎血清学试验,检验
28762,梅毒螺旋体特异抗体测定,检验
28763,快速血浆反应素试验(RPR),检验
28764,不加热血清反应素试验,检验
28765,莱姆氏螺旋体抗体测定,检验
28766,念珠菌病血清学试验,检验
28767,新型隐球菌荚膜抗原测定,检验
28768,球孢子菌血清学试验,检验
28769,猪囊尾蚴抗原和抗体测定,检验
28770,其他各类病原体DNA测定,检验
28771,人乳头瘤病毒(HPV)核酸检测,检验
28772,唾液幽门螺旋杆菌测定,检验
28773,乙肝病毒1896点突变测定,检验
28774,乙肝病毒阿德福韦耐药突变测定,检验
28775,机会性感染病毒荧光测定,检验
28776,庚型肝炎IgG抗体测定,检验
28777,庚型肝炎IgM抗体测定,检验
28778,人免疫缺陷病毒抗体测定(Anti-HIV),检验
28779,弓形体抗体测定(IgG ),检验
28780,弓形体抗体测定(IgM),检验
28781,风疹病毒抗体测定(IgG),检验
28782,风疹病毒抗体测定(IgM),检验
28783,巨细胞病毒抗体测定(IgG ),检验
28784,巨细胞病毒抗体测定(IgM),检验
28785,单纯疱疹病毒Ⅰ型抗体测定(IgG ),检验
30443,人绒毛膜促性腺激素兴奋试验,检验
31659,乙肝三系检查,检验
27972,门诊病人一般细菌培养及鉴定+药敏,检验
27973,尿培养加菌落计数,检验
27974,血培养及鉴定,检验
27975,脑脊液培养及鉴定,检验
27976,门诊病人血培养鉴定+药敏,检验
27977,门诊病人脑脊液培养及鉴定+药敏,检验
27978,厌氧菌培养及鉴定,检验
27979,结核菌培养及鉴定,检验
27980,淋球菌培养及鉴定,检验
27981,白喉棒状杆菌培养及鉴定,检验
27982,百日咳杆菌培养及鉴定,检验
27983,嗜血杆菌培养及鉴定,检验
27984,霍乱弧菌培养及鉴定,检验
27985,L型菌培养及鉴定,检验
32075,抗β2-糖蛋白1抗体-IgG,检验
28727,乙肝病毒外膜蛋白前S1抗原测定,检验
28728,乙肝病毒外膜蛋白前S1抗体测定,检验
28729,乙肝病毒外膜蛋白前S2抗原测定,检验
28730,乙肝病毒外膜蛋白前S2抗体测定,检验
28731,丙型肝炎RNA测定,检验
28732,丙型肝炎抗体IgG测定,检验
28733,丁型肝炎抗体测定(IgG),检验
28734,戊型肝炎抗体测定(IgG),检验
28735,戊型肝炎抗体测定(IgM),检验
28736,副流感病毒抗体测定（IgG）,检验
28737,流感病毒抗体测定（IgG ）,检验
28738,流感病毒抗体测定（IgM）,检验
28739,水痘—带状疱疹病毒抗体测定,检验
28740,腺病毒抗体测定,检验
28741,流行性出血热病毒抗体测定(IgM),检验
28742,病毒血清学试验,检验
28743,脊髓灰质炎病毒(IgM),检验
28744,柯萨奇病毒(IgG),检验
28745,流行性腮腺炎病毒(IgG),检验
28746,麻疹病毒(IgG),检验
28747,嗜异性凝集试验,检验
27986,幽门螺杆菌培养及鉴定,检验
27987,军团菌培养及鉴定,检验
27988,O—157大肠埃希菌培养及鉴定,检验
27989,真菌涂片检查,检验
27990,真菌培养及鉴定,检验
27991,念珠菌镜检,检验
27992,念珠菌培养及鉴定,检验
27993,衣原体培养,检验
27994,轮状病毒检测,检验
27995,其他病毒培养与鉴定,检验
27996,分枝杆菌培养鉴定,检验
27997,结核分枝杆菌培养及鉴定,检验
27998,常规药敏定性试验,检验
27999,真菌药敏试验,检验
28000,厌氧菌药敏试验,检验
28001,血清杀菌水平测定,检验
28002,抗生素最小抑／杀菌浓度测定,检验
28003,氨基糖甙类药物浓度测定,检验
28004,肿瘤细胞化疗药物敏感试验,检验
28005,肠毒素检测,检验
28006,病原体乳胶凝集试验快速检测,检验
28007,细菌分型(包括各种细菌),检验
28008,内毒素鲎定量测定,检验
28009,β—内酰胺酶试验,检验
28010,耐万古霉素基因试验,检验
28011,耐万古霉素A基因试验,检验
28012,耐万古霉素C基因试验,检验
28013,DNA探针技术查meeA基因,检验
28014,细菌内毒素定量检测（动态浊度方法）,检验
28015,柯萨奇病毒16型核酸测定,检验
28016,粪寄生虫镜检,检验
28017,粪寄生虫卵计数,检验
28018,环卵沉淀试验,检验
28019,血液疟原虫检查,检验
28020,血液黑热病利一集氏体检查,检验
28021,血液弓形虫检查,检验
28022,染色体检查（不分带）,检验
31921,EB病毒抗体测定（VCA-IgA）,检验
31922,EB病毒抗体测定（EA-IgA）,检验
31923,ABO血型IgG抗体测定,检验
31924,甲胎蛋白测定（定性）,检验
31925,甲胎蛋白测定（定量）,检验
32198,碱负荷试验,检验
32199,尿可滴定酸测定,检验
32200,尿尿酸测定,检验
32201,尿透明质酸酶测定,检验
32202,血清酒石酸抑制酸性磷酸酶测定,检验
32203,淀粉酶测定(急诊),检验
32204,血清脂肪酶测定,检验
32205,醛缩酶测定,检验
32206,1，25双羟维生素D测定,检验
32207,红细胞叶酸含量测定,检验
32208,FK506血清药物浓度测定,检验
32209,各类滥用药物筛查（每种药物）,检验
32210,血清乙醇测定,检验
32211,血清生长激素测定,检验
32212,类胰岛素样生长因子结合蛋白-3测定,检验
32213,血清促黄体生成素测定,检验
32214,降钙素测定,检验
32216,降钙素原测定,检验
32217,血清甲状腺素(T4)测定,检验
32218,血清游离甲状腺素(FT4)测定,检验
32219,血清甲状腺结合球蛋白测定,检验
32221,妊娠特异糖蛋白A测定,检验
32222,结核分歧杆菌,检验
32224,血清人绒毛膜促性腺激素测定,检验
32225,血清胰岛素测定,检验
32226,血清抑制素A测定,检验
32227,C肽兴奋试验,检验
32228,酪氨酸磷酸酶抗体测定,检验
32229,血浆6-酮前列腺素F1α测定,检验
32232,心纳素测定,检验
32233,环磷酸鸟苷(cGMP)测定,检验
32235,尿CTx测定,检验
32236,尿吡啶酚测定,检验
32237,葡萄糖测定（免费）,检验
32238,I型胶原羧基端前肽(PICP)测定,检验
32239,迪莲花套餐B(优惠）,检验
32240,迪莲花套餐C(优惠）,检验
32241,新型冠状病毒核酸检测,检验
32242,抗酒石酸酸性磷酸酶测定,检验
32243,T淋巴细胞花环试验,检验
32244,中性粒细胞趋化功能试验,检验
32245,白细胞杀菌功能试验,检验
32246,巨噬细胞吞噬功能试验,检验
28786,单纯疱疹病毒Ⅰ型抗体测定(IgM),检验
28787,单纯疱疹病毒Ⅱ型抗体测定(IgG),检验
28788,单纯疱疹病毒Ⅱ型抗体测定(IgM),检验
28789,EB病毒抗体测定(IgG ),检验
28790,EB病毒抗体测定(IgM),检验
28791,呼吸道合胞病毒抗体测定,检验
28792,丙型肝炎病毒(HCV)核心抗原测定,检验
32310,抗内因子抗体测定,检验
32311,抗增殖细胞核抗原抗体(抗PCNA)测定,检验
32312,抗可溶性肝抗原/肝-胰抗原抗体(SLA/LP)测定,检验
32313,抗β2-糖蛋白1抗体测定,检验
32314,抗RA33抗体测定,检验
32315,抗聚角蛋白微丝蛋白抗体(AFA)测定,检验
32316,丙型肝炎抗体（IgM）测定,检验
32317,丁型肝炎抗体测定(IgM),检验
32318,呼吸道合胞病毒抗原测定,检验
32319,副流感病毒抗体测定（IgM）,检验
32320,天疱疮抗体测定,检验
32501,沙门菌和志贺菌培养及鉴定,检验
32502,快速酵母菌鉴定,检验
32503,衣原体检查,检验
32504,支原体培养及药敏,检验
32505,其它病毒的血清学诊断,检验
32506,非典型分枝杆菌培养及鉴定,检验
32507,常规药敏定量试验(MIC),检验
32508,结核菌药敏试验,检验
32509,联合药物敏感试验,检验
32510,体液抗生素浓度测定,检验
32511,结核分支杆菌快速药敏试验,检验
32512,细菌毒素测定,检验
32513,内毒素鲎定性试验,检验
32514,O—129试验,检验
32515,超广谱β－内酰胺酶试验,检验
32516,耐万古霉素B基因试验,检验
32517,梅毒荧光抗体FTA—ABS测定,检验
32518,肠道病毒71型 IgM 抗体测定,检验
32519,粪寄生虫卵集卵镜检,检验
32520,寄生虫卵孵化试验,检验
32521,血液回归热螺旋体检查,检验
32522,各种寄生虫免疫学检查,检验
32523,胸水细胞染色体检查（不分带）,检验
32524,脆性X染色体检查,检验
32525,血细胞染色体检查,检验
32526,脐血血细胞染色体检查,检验
28793,乙型肝炎 DNA 测定（低拷贝内标定量）,检验
28794,丙肝 RNA 测定（低拷贝内标定量）,检验
28795,癌胚抗原测定(CEA),检验
28796,甲胎蛋白测定,检验
28797,碱性胎儿蛋白测定(BFP),检验
28798,游离前列腺特异性抗原测定(FPSA),检验
28799,复合前列腺特异性抗原(CPSA)测定,检验
28800,神经元特异性烯醇化酶测定(NSE),检验
28801,糖类抗原测定,检验
28802,糖类抗原CA-29测定,检验
28803,糖类抗原CA15-3测定,检验
28804,糖类抗原CA-130测定,检验
28805,糖类抗原CA24-2测定,检验
28806,糖类抗原CA72-4测定,检验
32247,干扰素测定（每类干扰素）,检验
32248,各种白介素测定,检验
32527,血友病甲基因检查,检验
32528,狼疮抗凝物质检测,检验
32529,Rh血型c抗原鉴定,检验
32530,特殊血型抗原鉴定,检验
32531,Ii血型抗原鉴定,检验
32532,Lutheran血型抗原鉴定,检验
32533,Duffy血型抗原鉴定,检验
32534,Colton血型抗原鉴定,检验
32535,Dombrock血型抗原鉴定,检验
32536,Gerbich血型抗原鉴定,检验
32537,血型单特异性抗体鉴定(＞8种)加收,检验
32538,吸收试验,检验
32539,血型抗体效价测定,检验
32540,唾液ABH血型物质测定,检验
32541,血小板特异性和组织相容性(HLA)抗体检测,检验
32542,淋巴细胞毒试验,检验
32543,人类组织相容性抗原I类(HLA－I)分型,检验
32544,人类组织可容性抗原I类(HLA－I)分型,检验
32545,HLA-II高分辩基因分型,检验
32546,儿童及胎儿尸检病理诊断,检验
32547,胸水细胞学检查与诊断,检验
32548,精液细胞学检查与诊断,检验
32549,囊肿穿刺液细胞学检查与诊断,检验
32550,拉网细胞学检查与诊断,检验
32551,局部切取组织活检检查与诊断,检验
32552,肿瘤根治术清扫标本病理检查与诊断,检验
32553,颌骨样本及牙体牙周样本诊断,检验
32554,快速石蜡切片检查与诊断,检验
32555,快速细胞病理诊断,检验
32556,免疫组织化学染色诊断,检验
32557,巨细胞病毒早期即刻蛋白+早期基因蛋白测定,检验
32249,抗淋巴细胞抗体试验,检验
32250,B因子测定,检验
32251,单项补体测定,检验
32252,补体C2测定,检验
32253,补体C5测定,检验
32255,补体C7测定,检验
32257,三八套餐A(TCT+HPV),检验
32258,补体C1q测定,检验
32259,C3裂解产物测定(C3SP),检验
32580,普通透射电镜检查与诊断,检验
32581,扫描电镜检查与诊断,检验
32582,印迹杂交技术（包括Southern Northern Western等）,检验
32583,乙肝病毒C区耐药基因测序,检验
32584,荧光染色体原位杂交检查(FISH),检验
32145,尿素氮测定（急诊）,检验
32146,血清粘蛋白测定,检验
32147,血清前白蛋白测定,检验
32148,可溶性转铁蛋白受体测定,检验
32149,脑脊液寡克隆电泳分析,检验
32150,全血乳酸测定,检验
32151,糖化白蛋白,检验
32152,血清甘油三酯测定,检验
32153,血清高密度脂蛋白胆固醇测定,检验
32154,血清脂蛋白电泳分析,检验
32155,血清载脂蛋白B测定,检验
32156,血清载脂蛋白E测定,检验
32157,血清β-羟基丁酸测定,检验
32159,甘油测定,检验
32160,钾测定,检验
32161,钠测定,检验
32162,氯测定,检验
32163,钙测定,检验
32164,镁测定,检验
32166,血清总铁结合力测定,检验
32171,淋球菌DNA检测（NG-DNA）,检验
32175,抗β2-糖蛋白1抗体-IgM,检验
31894,孕期营养短板,检验
31895,ABO溶血（夫B）,检验
31896,白细胞介素2,检验
31897,白细胞介素4,检验
31898,白细胞介素6,检验
31899,肿瘤坏死因子—∝,检验
31902,抗体粒体抗体-2型,检验
31903,抗肝肾微粒体抗体-1型,检验
31904,抗可溶性肝抗原抗体,检验
31905,平滑肌抗体,检验
32261,免疫球蛋白IgD定量测定,检验
32263,C—反应蛋白测定(CRP),检验
32264,轻链KAPPA、LAMBDA定量(K-LC，λ-LC),检验
32265,抗中性粒细胞胞浆抗体PR3-ANCA抗体测定,检验
32266,抗线粒体抗体测定(AMA),检验
32267,抗组蛋白抗体测定,检验
32268,25(OH)维 D2,检验
32271,维生素E,检验
32275,密螺旋体颗粒凝集试验(TPPA),检验
32278,维生素B12,检验
32279,血型肌钙蛋白测定,检验
32281,淋球菌培养及鉴定*,检验
32283,新型冠状病毒IgM抗体检测,检验
32285,迪莲花套餐A(优惠）,检验
32286,迪莲花套餐D(优惠）,检验
32287,迪莲花套餐E(优惠）,检验
32288,图文报告（检验）,检验
32289,单基因遗传病基因突变检测,检验
32291,抗核糖体抗体测定,检验
32292,抗血液细胞抗体测定,检验
32293,抗血小板抗体抗体测定,检验
32585,液基薄层细胞制片术,检验
32586,疑难病理会诊（市外）,检验
32587,普通病理会诊（市外）,检验
32588,白血病细胞常规化学染色,检验
32589,电解质测定,检验
32590,血小板相关免疫球蛋白(PAIgM)测定,检验
32591,抗血小板膜糖蛋白自身抗体测定（Ⅱb/Ⅲa）,检验
32592,血小板膜α颗粒膜蛋白140测定(GMP－140),检验
32593,血管性假性血友病因子(VWF)抗原测定,检验
32594,血小板聚集功能测定(PAgT),检验
32595,血小板第3因子有效性测定(PF3),检验
32596,血浆β—血小板球蛋白测定,检验
32597,血浆凝血酶原时间测定(PT),检验
32598,凝血酶原消耗及纠正试验,检验
32599,活化部分凝血活酶时间测定(APTT),检验
32068,血清层粘连蛋白测定,检验
32069,腺苷脱氨酶测定,检验
32070,尿素测定（急诊）,检验
32073,解脲支原体DNA检测,检验
32074,沙眼衣原体DNA检测,检验
28689,抗心磷脂抗体测定(IgM),检验
28690,抗甲状腺球蛋白抗体测定(TGAb),检验
28691,性激素结合球蛋白测定,检验
28692,抗甲状腺过氧化物酶抗体测定,检验
28693,抗甲状腺微粒体抗体测定(TMAb),检验
28694,抗脑组织抗体测定,检验
28695,抗腮腺管抗体测定,检验
28696,抗子宫内膜抗体测定(EMAb),检验
28697,精子膜抗体测定,检验
28698,抗硬皮病抗体测定,检验
28699,抗乙酰胆碱受体抗体测定,检验
28700,抗鞘磷脂抗体测定（IgA）,检验
28701,抗鞘磷脂抗体测定（IgG）,检验
28702,抗白蛋白抗体测定（IgG）,检验
28703,抗补体抗体测定,检验
28704,抗载脂蛋白A1抗体测定,检验
28705,抗载脂蛋白B抗体测定,检验
28706,类风湿因子(RF)测定,检验
28707,分泌型免疫球蛋白A测定,检验
28708,抗角蛋白抗体(AKA)测定,检验
28709,抗肝肾微粒体抗体(LKM)测定,检验
28710,抗环瓜氨酸肽抗体(抗CCP抗体)测定,检验
31721,直接抗人球蛋白试验(Coombs'),检验
31722,直接抗人球蛋白试验IgA,检验
31723,抗染色体抗体测定,检验
31724,空肠弯曲菌培养及鉴定,检验
31725,精子运动轨迹分析,检验
31726,血清总蛋白测定,检验
31727,尿α1微量球蛋白测定,检验
31728,血清T3摄取实验,检验
31729,补体C3测定,检验
31730,乙肝核心抗原测定(HBcAg),检验
31731,同一检测体系增加病原检测（≥15种）加收,检验
31732,真菌D-葡聚糖检测,检验
31733,血小板第4因子测定(PF4),检验
31740,乙酰氨基葡萄糖苷酶,检验
31741,维生素B9,检验
31742,钙卫蛋白测试,检验
31743,肺癌七种自身抗体检测,检验
33446,血清单胺氧化酶测定,检验
32322,狂犬病毒抗体测定,检验
32323,脊髓灰质炎病毒(IgG),检验
32324,柯萨奇病毒(IgM),检验
32325,流行性腮腺炎病毒(IgM),检验
32326,麻疹病毒(IgM),检验
32327,肥达氏反应,检验
32328,斑疹伤寒抗体测定,检验
32329,结核杆菌抗体测定,检验
32330,百日咳杆菌抗体测定,检验
32331,幽门螺杆菌抗体测定+抗体分型,检验
32332,芽生菌血清学试验,检验
32333,组织胞浆菌血清学试验,检验
32334,抗神经节苷脂IgG，IgM抗体测定,检验
32335,立克次体血清学试验,检验
32336,快速血清反应素定量测定,检验
32337,钩端螺旋体病血清学试验,检验
32338,曲霉菌血清学试验,检验
32339,孢子丝菌血清学试验,检验
32340,肺吸虫抗原和抗体测定,检验
32341,同一检测体系每增加一种病原检测加收,检验
32321,流行性出血热病毒抗体测定(IgG),检验
32342,流感病毒抗原测定及分型,检验
32343,乙型肝炎表面抗原确认(HBsAg)试验,检验
32344,幽门螺杆菌现症感染蛋白抗体测定,检验
32345,结核感染T细胞检测,检验
32346,副蛋白免疫学检查,检验
32347,总前列腺特异性抗原测定(TPSA),检验
32348,前列腺酸性磷酸酶测定(PAP),检验
28807,糖类抗原CA-27测定,检验
28808,肿瘤坏死因子测定(TNF),检验
28809,其他肿瘤相关抗原测定,检验
28810,宫颈癌相关抗原（TA-4）测定,检验
28811,糖类肿瘤相关物质（CTM）测定,检验
28812,酶类肿瘤相关物质（ETM）测定,检验
28813,基因类肿瘤相关物质（GTM）测定,检验
28814,铁蛋白测定,检验
28815,恶性肿瘤特异生长因子(TSGF)测定,检验
28816,酸性糖蛋白测定,检验
28817,细菌抗原分析,检验
28818,胃蛋白酶原Ⅰ,检验
28819,异常糖链糖蛋白检测（TAP）,检验
28820,总IgE测定,检验
28821,食入物变应原筛查,检验
28822,专项变应原(单价变应原)筛查,检验
28823,嗜酸细胞阳离子蛋白(ECP)测定,检验
28824,循环免疫复合物(CIC)测定,检验
28825,结核菌涂片检查,检验
28826,浓缩集菌抗酸菌检测,检验
28827,新型隐球菌涂片检查,检验
28828,梅毒螺旋体涂片检查,检验
28829,麻风菌镜检,检验
28830,梅毒螺旋体镜检,检验
28831,耐甲氧西林葡萄球菌检测(MRSA、MRS),检验
32050,血浆鱼精蛋白副凝试验(3P),检验
32051,乙醇胶试验,检验
32052,血浆α2纤溶酶抑制物活性测定(α2—PIA),检验
32053,凝血酶抗凝血酶Ⅲ复合物测定(TAT),检验
32054,血浆蛋白C活性测定(PC),检验
32055,血清总胆红素测定,检验
32056,血清δ-胆红素测定,检验
32057,血浆氨测定,检验
32058,血清丙氨酸氨基转移酶测定(急诊）,检验
32059,血清γ-谷氨酰基转移酶测定,检验
32060,血清碱性磷酸酶同工酶电泳分析,检验
32061,血清5′核苷酸酶测定,检验
28023,腹水细胞染色体检查（不分带）,检验
28024,骨髓细胞染色体检查（不分带）,检验
28025,绒毛细胞染色体检查（不分带）,检验
28026,姐妹染色体互换检查,检验
33395,一般细菌培养及鉴定,检验
33396,肝豆状核变性基因检查,检验
33397,血浆蛋白S测定(PS),检验
33400,口腔粘液脱落细胞学检查与诊断,检验
33401,新生儿溶血症筛查,检验
33404,放免HPC测定,检验
33405,血清α羟基丁酸脱氢酶测定,检验
33406,纤维结合蛋白测定(Fn),检验
33407,抗白蛋白抗体测定（IgA）,检验
33408,流行性乙型脑炎病毒(IgM),检验
33409,人免疫缺陷病毒(HIV)抗原抗体联合检测,检验
33413,木糖测定,检验
32349,细胞角蛋白19片段测定(CYFRA21-1),检验
32350,糖类抗原CA-50测定,检验
32351,糖类抗原CA19-9测定,检验
32352,糖类抗原CA-125测定,检验
32353,鳞状细胞癌相关抗原测定(SCC),检验
32354,胃癌相关抗原（MG-Ags）测定,检验
32355,肿瘤胚胎性相关物质（CETM）测定,检验
32356,激素类肿瘤相关物质（HTM）测定,检验
32357,显形胶质蛋白(AP)测定,检验
32358,触珠蛋白测定,检验
32359,甲胎蛋白异质体（AFP-L3）,检验
32360,胃蛋白酶原Ⅱ,检验
32361,吸入物变应原筛查,检验
32362,特殊变应原(多价变应原)筛查,检验
32363,一般细菌涂片检查,检验
32364,特殊细菌涂片检查,检验
32365,淋球菌涂片检查,检验
32366,白喉棒状杆菌涂片检查,检验
32367,艰难梭菌检查,检验
32368,血浆组织纤溶酶原活化物抑制物抗原检测,检验
28027,外周血细胞染色体检查,检验
28028,进行性肌营养不良基因检查,检验
28029,脆X综合症基因诊断,检验
28030,唐氏综合症产前筛查,检验
28031,性别基因(SRY)检测,检验
28032,血浆组织纤溶酶原活化物活性检测(t-PAA),检验
28033,血浆组织纤溶酶原活化物抗原检测(t-PAAg),检验
28920,血浆凝血酶调节蛋白抗原检测(TMAg),检验
28921,血浆凝血酶调节蛋白活性检测(TMA),检验
28922,血浆纤维蛋白肽Bβ1-42和BP15-42检测(FPBβ1-42，BP15-42),检验
33420,一小时尿细胞排泄率,检验
33421,血红蛋白电泳,检验
32369,血浆凝血酶原片段1+2检测(F 1+2),检验
32370,纤维蛋白(原)降解产物测定(FDP),检验
32371,α2-巨球蛋白测定,检验
32372,体外血栓形成试验,检验
32037,ABO溶血（夫A）,检验
32373,全血粘度测定（中切）,检验
32374,血浆粘度测定,检验
32375,肝素辅因子II 活性测定,检验
32376,血浆激肽释放酶原测定,检验
32378,人附睾蛋白,检验
32039,肝细胞质抗体-I型,检验
32042,血浆蝰蛇毒时间测定,检验
32043,血浆凝血因子活性测定,检验
32044,血浆凝血因子Ⅴ活性测定,检验
32045,血浆凝血因子Ⅸ活性测定,检验
32046,血浆凝血因子Ⅺ活性测定,检验
32047,血浆因子Ⅷ抑制物定性测定,检验
32048,凝血酶时间测定(TT),检验
32049,复钙交叉时间测定,检验
31682,精液果糖测定,检验
31683,精子顶体完整率检查,检验
31684,精子畸形率测定,检验
31685,阴道分泌物检查,检验
31686,羊水结晶检查,检验
31687,胃液检查,检验
31688,精子低渗肿胀试验,检验
31689,精浆弹性硬蛋白酶定量测定,检验
31690,精液白细胞过氧化物酶染色检查,检验
31691,精浆柠檬酸定量检测定,检验
31692,精子运动轨迹分析(计算机辅助),检验
31693,造血干细胞计数,检验
31694,粒-单系祖细胞培养,检验
31695,白血病免疫分型,检验
31696,白血病抗原检测,检验
31697,血浆游离血红蛋白测定,检验
31698,ABO溶血（夫AB）,检验
31706,红细胞自身溶血过筛试验,检验
31707,抗核抗体,检验
31708,线粒体抗体,检验
31709,抗线粒体抗体-2型,检验
31710,红细胞孵育渗透脆性试验,检验
31711,蔗糖溶血试验,检验
31712,酸化甘油溶血试验,检验
31713,蛇毒因子溶血试验,检验
31714,葡萄糖6－磷酸脱氢酶活性检测,检验
31715,红细胞丙酮酸激酶测定(PK),检验
31716,热盐水试验,检验
31717,红细胞变形能力测定,检验
31718,血红蛋白A2测定(HbA2),检验
31719,血红蛋白H包涵体检测,检验
31720,血红蛋白C试验,检验
31996,妇保早孕筛查,检验
68f5fd017827a1000147886c,血常规五分类(免费),检验
67497d2c4808a700015a2710,阴道分泌物培养,检验
6909b7f1a23c2b00018aad61,测试组合,检验
